timestamp,block,token0_reserve,token1_reserve,k_last,total_supply,price
2025-06-29 00:00:07+00:00,17219890,70131508464,51376624987008825413653,0,56569041922971594,1.3650470127559675
2025-06-29 00:00:47+00:00,17219930,70131508465,51376624986278447638625,0,56569041922971594,1.3650470127948373
2025-06-29 00:00:52+00:00,17219935,70131508466,51376624985548069863618,0,56569041922971594,1.3650470128337073
2025-06-29 00:01:00+00:00,17219943,70131508398,51376624935154073687278,0,56569041867484491,1.3650470128490872
2025-06-29 00:01:51+00:00,17219994,70131508397,51376624936154073687278,0,56569041867484491,1.3650470128030538
2025-06-29 00:01:56+00:00,17219999,70131508396,51376624937154073687278,0,56569041867484491,1.3650470127570202
2025-06-29 00:02:05+00:00,17220008,70131508383,51376624927139889666698,0,56569041856458216,1.3650470127700578
2025-06-29 00:02:50+00:00,17220053,70131372289,51376724927139889666698,0,56569041856458216,1.365041706890758
2025-06-29 00:02:59+00:00,17220062,70131510098,51376624274315047076157,0,56569041856458216,1.3650470634961738
2025-06-29 00:03:07+00:00,17220070,70131510099,51376624275047622550469,0,56569041857264829,1.3650470634961738
2025-06-29 00:03:11+00:00,17220074,70131510098,51376624274139411582275,0,56569041856264829,1.3650470635008405
2025-06-29 00:03:48+00:00,17220111,70131510099,51376624273409033834399,0,56569041856264829,1.3650470635397103
2025-06-29 00:03:56+00:00,17220119,70131510165,51376624322247063334447,0,56569041909501337,1.365047063526743
2025-06-29 00:04:00+00:00,17220123,70131510097,51376624271853067796722,0,56569041854014234,1.365047063542123
2025-06-29 00:04:05+00:00,17220128,70131510098,51376624271853067796721,0,56569041854014234,1.3650470635615872
2025-06-29 00:04:57+00:00,17220180,70131510097,51376624272853067796721,0,56569041854014234,1.3650470635155536
2025-06-29 00:05:01+00:00,17220184,70131510096,51376624273853067796721,0,56569041854014234,1.3650470634695202
2025-06-29 00:05:06+00:00,17220189,70131510109,51376624283853067796721,0,56569041864500213,1.3650470634568594
2025-06-29 00:05:11+00:00,17220194,70131510096,51376624273838883902952,0,56569041853473938,1.365047063469897
2025-06-29 00:05:56+00:00,17220239,70131374002,51376724273838883902952,0,56569041853473938,1.3650417575904312
2025-06-29 00:06:01+00:00,17220244,70131237908,51376824273838883902952,0,56569041853473938,1.36503645173162
2025-06-29 00:06:06+00:00,17220249,70131375717,51376723620626545362538,0,56569041853473938,1.3650418083266778
2025-06-29 00:06:15+00:00,17220258,70131375718,51376723621359123657136,0,56569041854280553,1.3650418083266778
2025-06-29 00:06:55+00:00,17220298,70131375719,51376723620628743097432,0,56569041854280553,1.3650418083655476
2025-06-29 00:07:03+00:00,17220306,70131375785,51376723669466772597480,0,56569041907517163,1.3650418083525855
2025-06-29 00:07:11+00:00,17220314,70131375786,51376723669466772597479,0,56569041907517163,1.3650418083720495
2025-06-29 00:07:55+00:00,17220358,70131375785,51376723670466772597479,0,56569041907517163,1.365041808326016
2025-06-29 00:08:04+00:00,17220367,70131375798,51376723680466772597479,0,56569041918003162,1.3650418083133564
2025-06-29 00:08:48+00:00,17220411,70131239704,51376823680466772597479,0,56569041918003162,1.3650365024543853
2025-06-29 00:08:56+00:00,17220419,70131377513,51376723027258174178555,0,56569041918003162,1.3650418590495048
2025-06-29 00:09:04+00:00,17220427,70131377514,51376723027990752445932,0,56569041918809777,1.3650418590495048
2025-06-29 00:09:43+00:00,17220466,70131377515,51376723027260371913368,0,56569041918809777,1.3650418590883746
2025-06-29 00:09:51+00:00,17220474,70131377581,51376723076098401413416,0,56569041972046386,1.3650418590754123
2025-06-29 00:09:59+00:00,17220482,70131377582,51376723076098401413415,0,56569041972046386,1.3650418590948765
2025-06-29 00:10:44+00:00,17220527,70131377581,51376723077098401413415,0,56569041972046386,1.3650418590488431
2025-06-29 00:10:49+00:00,17220532,70131377580,51376723078098401413415,0,56569041972046386,1.3650418590028097
2025-06-29 00:10:56+00:00,17220539,70131377567,51376723068084198281994,0,56569041961020111,1.3650418590158468
2025-06-29 00:11:37+00:00,17220580,70131241473,51376823068084198281994,0,56569041961020111,1.365036553156714
2025-06-29 00:11:42+00:00,17220585,70131105380,51376923068084198281994,0,56569041961020111,1.3650312473376995
2025-06-29 00:11:50+00:00,17220593,70131243189,51376822414488104088554,0,56569041961020111,1.3650366039224568
2025-06-29 00:11:59+00:00,17220602,70131243188,51376822413579889619413,0,56569041960020111,1.3650366039271233
2025-06-29 00:12:34+00:00,17220637,70131243189,51376822412849506275027,0,56569041960020111,1.365036603965993
2025-06-29 00:12:39+00:00,17220642,70131243190,51376822412119122930662,0,56569041960020111,1.3650366040048625
2025-06-29 00:12:47+00:00,17220650,70131243122,51376822361724933136734,0,56569041904533008,1.3650366040202375
2025-06-29 00:13:36+00:00,17220699,70131243121,51376822362724933136734,0,56569041904533008,1.3650366039742043
2025-06-29 00:13:41+00:00,17220704,70131243120,51376822363724933136734,0,56569041904533008,1.3650366039281712
2025-06-29 00:13:48+00:00,17220711,70131243107,51376822353710710640893,0,56569041893506733,1.3650366039412078
2025-06-29 00:14:29+00:00,17220752,70131107014,51376922353710710640893,0,56569041893506733,1.3650312981220207
2025-06-29 00:14:33+00:00,17220756,70130970921,51377022353710710640893,0,56569041893506733,1.3650259923234882
2025-06-29 00:14:37+00:00,17220760,70131108730,51376921699727125245975,0,56569041893506733,1.365031348897894
2025-06-29 00:14:46+00:00,17220769,70131108731,51376921700459709153888,0,56569041894313351,1.365031348897894
2025-06-29 00:15:24+00:00,17220807,70131108732,51376921699729322997709,0,56569041894313351,1.3650313489367636
2025-06-29 00:15:29+00:00,17220812,70131108733,51376921698998936841551,0,56569041894313351,1.3650313489756332
2025-06-29 00:15:38+00:00,17220821,70131108665,51376921648604649601168,0,56569041838826248,1.3650313489910055
2025-06-29 00:16:28+00:00,17220871,70131108664,51376921649604649601168,0,56569041838826248,1.3650313489449726
2025-06-29 00:16:36+00:00,17220879,70131108677,51376921659604649601168,0,56569041849312287,1.365031348932315
2025-06-29 00:16:40+00:00,17220883,70131108664,51376921649590407741084,0,56569041838286012,1.365031348945351
2025-06-29 00:17:21+00:00,17220924,70130972571,51377021649590407741084,0,56569041838286012,1.3650260431466468
2025-06-29 00:17:26+00:00,17220929,70130836479,51377121649590407741084,0,56569041838286012,1.3650207373880607
2025-06-29 00:17:34+00:00,17220937,70130974288,51377020995219333970526,0,56569041838286012,1.365026093952114
2025-06-29 00:17:42+00:00,17220945,70130974287,51377020994311115989001,0,56569041837286012,1.3650260939567802
2025-06-29 00:18:14+00:00,17220977,70130974288,51377020993580727021054,0,56569041837286012,1.3650260939956498
2025-06-29 00:18:22+00:00,17220985,70130974354,51377021042418756521102,0,56569041890522927,1.3650260939827028
2025-06-29 00:18:26+00:00,17220989,70130974286,51377020992024371833964,0,56569041835035824,1.3650260939980725
2025-06-29 00:18:30+00:00,17220993,70130974287,51377020992024371833963,0,56569041835035824,1.3650260940175363
2025-06-29 00:19:17+00:00,17221040,70130974286,51377020993024371833963,0,56569041835035824,1.3650260939715035
2025-06-29 00:19:21+00:00,17221044,70130974285,51377020994024371833963,0,56569041835035824,1.3650260939254708
2025-06-29 00:19:25+00:00,17221048,70130974298,51377021004024371833963,0,56569041845521883,1.3650260939128143
2025-06-29 00:19:30+00:00,17221053,70130974285,51377020994010110609279,0,56569041834495608,1.3650260939258498
2025-06-29 00:20:11+00:00,17221094,70130838193,51377120994010110609279,0,56569041834495608,1.3650207881670973
2025-06-29 00:20:19+00:00,17221102,70130976002,51377020339642781195910,0,56569041834495608,1.3650261447312189
2025-06-29 00:20:23+00:00,17221106,70131113811,51376919685670433992854,0,56569041834495608,1.3650315013058345
2025-06-29 00:20:27+00:00,17221110,70131113812,51376919686403017818973,0,56569041835302226,1.3650315013058345
2025-06-29 00:20:32+00:00,17221115,70131113811,51376919685494801628288,0,56569041834302226,1.365031501310501
2025-06-29 00:21:05+00:00,17221148,70131113812,51376919684764415553660,0,56569041834302226,1.3650315013493706
2025-06-29 00:21:12+00:00,17221155,70131113878,51376919733602445053708,0,56569041887539035,1.3650315013364183
2025-06-29 00:21:16+00:00,17221159,70131113810,51376919683208159735097,0,56569041832051932,1.3650315013517906
2025-06-29 00:21:20+00:00,17221163,70131113811,51376919683208159735096,0,56569041832051932,1.3650315013712546
2025-06-29 00:22:05+00:00,17221208,70131113810,51376919684208159735096,0,56569041832051932,1.3650315013252217
2025-06-29 00:22:13+00:00,17221216,70131113823,51376919694208159735096,0,56569041842537970,1.365031501312564
2025-06-29 00:22:59+00:00,17221262,70130977730,51377019694208159735096,0,56569041842537970,1.3650261955133614
2025-06-29 00:23:07+00:00,17221270,70131115539,51376919040239557088552,0,56569041842537970,1.3650315520880443
2025-06-29 00:23:15+00:00,17221278,70131115540,51376919040972140887417,0,56569041843344588,1.3650315520880443
2025-06-29 00:23:51+00:00,17221314,70131115541,51376919040241754839959,0,56569041843344588,1.3650315521269138
2025-06-29 00:23:56+00:00,17221319,70131115542,51376919039511368792522,0,56569041843344588,1.3650315521657834
2025-06-29 00:24:04+00:00,17221327,70131115474,51376918989117084115356,0,56569041787857485,1.365031552181156
2025-06-29 00:24:52+00:00,17221375,70131115473,51376918990117084115356,0,56569041787857485,1.365031552135123
2025-06-29 00:25:00+00:00,17221383,70131115486,51376919000117084115356,0,56569041798343523,1.3650315521224652
2025-06-29 00:25:45+00:00,17221428,70130979393,51377019000117084115356,0,56569041798343523,1.365026246323092
2025-06-29 00:25:53+00:00,17221436,70131117202,51376918346152228059525,0,56569041798343523,1.3650316028978475
2025-06-29 00:26:01+00:00,17221444,70131117203,51376918346884811831121,0,56569041799150141,1.3650316028978475
2025-06-29 00:26:06+00:00,17221449,70131117202,51376918345976595663535,0,56569041798150141,1.3650316029025138
2025-06-29 00:26:39+00:00,17221482,70131117203,51376918345246209643266,0,56569041798150141,1.3650316029413834
2025-06-29 00:26:43+00:00,17221486,70131117204,51376918344515823623018,0,56569041798150141,1.365031602980253
2025-06-29 00:26:52+00:00,17221495,70131117136,51376918294121539587294,0,56569041742663038,1.3650316029956255
2025-06-29 00:27:40+00:00,17221543,70131117135,51376918295121539587294,0,56569041742663038,1.3650316029495926
2025-06-29 00:27:47+00:00,17221550,70131117148,51376918305121539587294,0,56569041753149075,1.3650316029369347
2025-06-29 00:27:51+00:00,17221554,70131117135,51376918295107298364033,0,56569041742122800,1.365031602949971
2025-06-29 00:28:31+00:00,17221594,70130981042,51377018295107298364033,0,56569041742122800,1.365026297150426
2025-06-29 00:28:39+00:00,17221602,70131118851,51376917641146190196691,0,56569041742122800,1.3650316537252547
2025-06-29 00:28:43+00:00,17221606,70131256660,51376816987580061841063,0,56569041742122800,1.365037010310578
2025-06-29 00:28:51+00:00,17221614,70131256659,51376816986671847464342,0,56569041741122800,1.3650370103152443
2025-06-29 00:29:25+00:00,17221648,70131256660,51376816985941464337400,0,56569041741122800,1.365037010354114
2025-06-29 00:29:33+00:00,17221656,70131256726,51376817034779493837448,0,56569041794359501,1.3650370103411564
2025-06-29 00:29:37+00:00,17221660,70131256658,51376816984385309170435,0,56569041738872398,1.3650370103565317
2025-06-29 00:29:41+00:00,17221664,70131256659,51376816984385309170434,0,56569041738872398,1.3650370103759957
2025-06-29 00:30:26+00:00,17221709,70131256658,51376816985385309170434,0,56569041738872398,1.3650370103299625
2025-06-29 00:30:33+00:00,17221716,70131256671,51376816995385309170434,0,56569041749358414,1.3650370103173037
2025-06-29 00:31:16+00:00,17221759,70131120578,51376916995385309170434,0,56569041749358414,1.3650317044967724
2025-06-29 00:31:20+00:00,17221763,70130984485,51377016995385309170434,0,56569041749358414,1.3650263986968953
2025-06-29 00:31:24+00:00,17221767,70131122294,51376916341431688800542,0,56569041749358414,1.3650317552718598
2025-06-29 00:31:29+00:00,17221772,70131260103,51376815687873048193590,0,56569041749358414,1.3650371118573186
2025-06-29 00:31:37+00:00,17221780,70131260102,51376815686964833839960,0,56569041748358414,1.365037111861985
2025-06-29 00:32:10+00:00,17221813,70131260103,51376815686234450767352,0,56569041748358414,1.3650371119008546
2025-06-29 00:32:18+00:00,17221821,70131260169,51376815735072480267400,0,56569041801595112,1.365037111887897
2025-06-29 00:32:23+00:00,17221826,70131260101,51376815684678296881682,0,56569041746108009,1.3650371119032723
2025-06-29 00:32:27+00:00,17221830,70131260102,51376815684678296881681,0,56569041746108009,1.3650371119227362
2025-06-29 00:33:10+00:00,17221873,70131260101,51376815685678296881681,0,56569041746108009,1.365037111876703
2025-06-29 00:33:18+00:00,17221881,70131260114,51376815695678296881681,0,56569041756594025,1.3650371118640443
2025-06-29 00:34:03+00:00,17221926,70131124021,51376915695678296881681,0,56569041756594025,1.365031806043181
2025-06-29 00:34:11+00:00,17221934,70131261830,51376815042123400002529,0,56569041756594025,1.365037162628707
2025-06-29 00:34:19+00:00,17221942,70131261831,51376815042855980790347,0,56569041757400641,1.365037162628707
2025-06-29 00:34:23+00:00,17221946,70131261830,51376815041947766448249,0,56569041756400641,1.3650371626333735
2025-06-29 00:34:55+00:00,17221978,70131261831,51376815041217383402807,0,56569041756400641,1.365037162672243
2025-06-29 00:34:59+00:00,17221982,70131261832,51376815040487000357386,0,56569041756400641,1.3650371627111129
2025-06-29 00:35:03+00:00,17221986,70131261898,51376815089325029857434,0,56569041809637338,1.365037162698155
2025-06-29 00:35:07+00:00,17221990,70131261830,51376815038930847112277,0,56569041754150235,1.3650371627135303
2025-06-29 00:35:11+00:00,17221994,70131261831,51376815038930847112276,0,56569041754150235,1.3650371627329945
2025-06-29 00:35:55+00:00,17222038,70131261830,51376815039930847112276,0,56569041754150235,1.3650371626869613
2025-06-29 00:36:03+00:00,17222046,70131261843,51376815049930847112276,0,56569041764636251,1.3650371626743023
2025-06-29 00:36:47+00:00,17222090,70131125750,51376915049930847112276,0,56569041764636251,1.3650318568532736
2025-06-29 00:36:55+00:00,17222098,70131263559,51376814396379696819533,0,56569041764636251,1.3650372134388669
2025-06-29 00:36:59+00:00,17222102,70131401368,51376713743223523914782,0,56569041764636251,1.3650425700349544
2025-06-29 00:37:04+00:00,17222107,70131401369,51376713743956101800594,0,56569041765442866,1.3650425700349544
2025-06-29 00:37:42+00:00,17222145,70131401370,51376713743225721648450,0,56569041765442866,1.365042570073824
2025-06-29 00:37:50+00:00,17222153,70131401436,51376713792063751148498,0,56569041818679457,1.3650425700608613
2025-06-29 00:37:57+00:00,17222160,70131401437,51376713792063751148497,0,56569041818679457,1.3650425700803253
2025-06-29 00:38:41+00:00,17222204,70131401436,51376713793063751148497,0,56569041818679457,1.365042570034292
2025-06-29 00:38:45+00:00,17222208,70131401435,51376713794063751148497,0,56569041818679457,1.3650425699882587
2025-06-29 00:38:49+00:00,17222212,70131401448,51376713804063751148497,0,56569041829165452,1.3650425699755986
2025-06-29 00:38:53+00:00,17222216,70131401435,51376713794049549799451,0,56569041818139177,1.365042569988636
2025-06-29 00:39:35+00:00,17222258,70131265341,51376813794049549799451,0,56569041818139177,1.3650372641271613
2025-06-29 00:39:43+00:00,17222266,70131403150,51376713140897114470304,0,56569041818139177,1.3650426207233117
2025-06-29 00:39:51+00:00,17222274,70131403151,51376713141629692328913,0,56569041818945792,1.3650426207233117
2025-06-29 00:40:28+00:00,17222311,70131403152,51376713140899312203890,0,56569041818945792,1.3650426207621813
2025-06-29 00:40:33+00:00,17222316,70131403153,51376713140168932078888,0,56569041818945792,1.365042620801051
2025-06-29 00:40:41+00:00,17222324,70131403085,51376713089774849341301,0,56569041763458689,1.365042620816429
2025-06-29 00:40:45+00:00,17222328,70131403086,51376713089774849341300,0,56569041763458689,1.3650426208358932
2025-06-29 00:41:31+00:00,17222374,70131403085,51376713090774849341300,0,56569041763458689,1.3650426207898598
2025-06-29 00:41:39+00:00,17222382,70131403098,51376713100774849341300,0,56569041773944684,1.3650426207772
2025-06-29 00:42:23+00:00,17222426,70131267004,51376813100774849341300,0,56569041773944684,1.3650373149155548
2025-06-29 00:42:27+00:00,17222430,70131130911,51376913100774849341300,0,56569041773944684,1.3650320090940284
2025-06-29 00:42:32+00:00,17222435,70131268720,51376812447234924831316,0,56569041773944684,1.365037365679825
2025-06-29 00:42:40+00:00,17222443,70131268721,51376812447967505510162,0,56569041774751300,1.365037365679825
2025-06-29 00:43:16+00:00,17222479,70131268722,51376812447237122573363,0,56569041774751300,1.3650373657186945
2025-06-29 00:43:20+00:00,17222483,70131268723,51376812446506739636585,0,56569041774751300,1.3650373657575643
2025-06-29 00:43:25+00:00,17222488,70131268789,51376812495344769136633,0,56569041827987992,1.3650373657446064
2025-06-29 00:43:33+00:00,17222496,70131268790,51376812495344769136632,0,56569041827987992,1.3650373657640704
2025-06-29 00:44:18+00:00,17222541,70131268789,51376812496344769136632,0,56569041827987992,1.3650373657180372
2025-06-29 00:44:26+00:00,17222549,70131268802,51376812506344769136632,0,56569041838474007,1.3650373657053783
2025-06-29 00:44:30+00:00,17222553,70131268789,51376812496330548550469,0,56569041827447732,1.3650373657184152
2025-06-29 00:45:11+00:00,17222594,70131132696,51376912496330548550469,0,56569041827447732,1.3650320598967274
2025-06-29 00:45:16+00:00,17222599,70130996603,51377012496330548550469,0,56569041827447732,1.365026754095694
2025-06-29 00:45:24+00:00,17222607,70131134412,51376911842403134441790,0,56569041827447732,1.3650321106711276
2025-06-29 00:45:29+00:00,17222612,70131134413,51376911843135717940875,0,56569041828254350,1.3650321106711276
2025-06-29 00:46:07+00:00,17222650,70131134414,51376911842405332192297,0,56569041828254350,1.3650321107099972
2025-06-29 00:46:15+00:00,17222658,70131134480,51376911891243361692345,0,56569041881491144,1.3650321106970442
2025-06-29 00:46:20+00:00,17222663,70131134412,51376911840849084060712,0,56569041826004041,1.365032110712417
2025-06-29 00:47:09+00:00,17222712,70131134411,51376911841849084060712,0,56569041826004041,1.365032110666384
2025-06-29 00:47:17+00:00,17222720,70131134424,51376911851849084060712,0,56569041836490076,1.3650321106537262
2025-06-29 00:48:00+00:00,17222763,70130998331,51377011851849084060712,0,56569041836490076,1.3650268048525276
2025-06-29 00:48:08+00:00,17222771,70131136140,51376911197925412638986,0,56569041836490076,1.3650321614280283
2025-06-29 00:48:12+00:00,17222775,70131273949,51376810544396720784695,0,56569041836490076,1.3650375180140233
2025-06-29 00:48:17+00:00,17222780,70131273950,51376810545129301381787,0,56569041837296692,1.3650375180140233
2025-06-29 00:48:54+00:00,17222817,70131273951,51376810544398918526497,0,56569041837296692,1.3650375180528929
2025-06-29 00:48:59+00:00,17222822,70131273952,51376810543668535671228,0,56569041837296692,1.3650375180917627
2025-06-29 00:49:07+00:00,17222830,70131273884,51376810493274357409427,0,56569041781809589,1.3650375181071381
2025-06-29 00:49:12+00:00,17222835,70131273885,51376810493274357409426,0,56569041781809589,1.3650375181266021
2025-06-29 00:49:56+00:00,17222879,70131273884,51376810494274357409426,0,56569041781809589,1.365037518080569
2025-06-29 00:50:04+00:00,17222887,70131273897,51376810504274357409426,0,56569041792295603,1.36503751806791
2025-06-29 00:50:48+00:00,17222931,70131137804,51376910504274357409426,0,56569041792295603,1.3650322122457201
2025-06-29 00:50:53+00:00,17222936,70131001711,51377010504274357409426,0,56569041792295603,1.3650269064441845
2025-06-29 00:51:00+00:00,17222943,70131139520,51376909850358177111763,0,56569041792295603,1.3650322630198257
2025-06-29 00:51:08+00:00,17222951,70131139519,51376909849449961094264,0,56569041791295603,1.3650322630244922
2025-06-29 00:51:42+00:00,17222985,70131139520,51376909848719575427206,0,56569041791295603,1.3650322630633618
2025-06-29 00:51:47+00:00,17222990,70131139521,51376909847989189760169,0,56569041791295603,1.3650322631022314
2025-06-29 00:51:55+00:00,17222998,70131139453,51376909797594914052361,0,56569041735808500,1.3650322631176042
2025-06-29 00:52:45+00:00,17223048,70131139452,51376909798594914052361,0,56569041735808500,1.3650322630715712
2025-06-29 00:52:49+00:00,17223052,70131139451,51376909799594914052361,0,56569041735808500,1.3650322630255383
2025-06-29 00:52:53+00:00,17223056,70131139464,51376909809594914052361,0,56569041746294534,1.3650322630128804
2025-06-29 00:52:57+00:00,17223060,70131139451,51376909799580674483810,0,56569041735268259,1.3650322630259166
2025-06-29 00:53:37+00:00,17223100,70131003358,51377009799580674483810,0,56569041735268259,1.3650269572242095
2025-06-29 00:53:45+00:00,17223108,70131141167,51376909145668238582566,0,56569041735268259,1.365032313799924
2025-06-29 00:53:52+00:00,17223115,70131141168,51376909146400821972636,0,56569041736074877,1.365032313799924
2025-06-29 00:53:56+00:00,17223119,70131141167,51376909145492605966679,0,56569041735074877,1.3650323138045906
2025-06-29 00:54:31+00:00,17223154,70131141168,51376909144762220326792,0,56569041735074877,1.3650323138434601
2025-06-29 00:54:38+00:00,17223161,70131141234,51376909193600249826840,0,56569041788311665,1.3650323138305072
2025-06-29 00:54:42+00:00,17223165,70131141166,51376909143205974758247,0,56569041732824562,1.36503231384588
2025-06-29 00:54:46+00:00,17223169,70131141167,51376909143205974758246,0,56569041732824562,1.365032313865344
2025-06-29 00:55:31+00:00,17223214,70131141166,51376909144205974758246,0,56569041732824562,1.365032313819311
2025-06-29 00:55:39+00:00,17223222,70131141179,51376909154205974758246,0,56569041743310596,1.3650323138066531
2025-06-29 00:55:43+00:00,17223226,70131141166,51376909144191735316913,0,56569041732284321,1.3650323138196894
2025-06-29 00:56:23+00:00,17223266,70131005073,51377009144191735316913,0,56569041732284321,1.3650270080178157
2025-06-29 00:56:27+00:00,17223270,70130868981,51377109144191735316913,0,56569041732284321,1.3650217022560602
2025-06-29 00:56:36+00:00,17223279,70131006790,51377008489891809174810,0,56569041732284321,1.3650270588214173
2025-06-29 00:56:44+00:00,17223287,70131006789,51377008488983591412646,0,56569041731284321,1.3650270588260836
2025-06-29 00:57:19+00:00,17223322,70131006790,51377008488253202960975,0,56569041731284321,1.3650270588649531
2025-06-29 00:57:27+00:00,17223330,70131006856,51377008537091232461023,0,56569041784521211,1.365027058852005
2025-06-29 00:57:35+00:00,17223338,70131006857,51377008537091232461022,0,56569041784521211,1.365027058871469
2025-06-29 00:58:19+00:00,17223382,70131006856,51377008538091232461022,0,56569041784521211,1.3650270588254363
2025-06-29 00:58:27+00:00,17223390,70131006869,51377008548091232461022,0,56569041795007265,1.3650270588127793
2025-06-29 00:58:32+00:00,17223395,70131006856,51377008538076973655270,0,56569041783980990,1.365027058825815
2025-06-29 00:59:11+00:00,17223434,70130870764,51377108538076973655270,0,56569041783980990,1.3650217530638982
2025-06-29 00:59:16+00:00,17223439,70130734672,51377208538076973655270,0,56569041783980990,1.3650164473226354
2025-06-29 00:59:24+00:00,17223447,70130872481,51377107883389556849175,0,56569041783980990,1.3650218038776296
2025-06-29 00:59:32+00:00,17223455,70130872480,51377107882481337330811,0,56569041782980990,1.3650218038822959
2025-06-29 01:00:09+00:00,17223492,70130872481,51377107881750946067353,0,56569041782980990,1.3650218039211655
2025-06-29 01:00:17+00:00,17223500,70130872547,51377107930588975567401,0,56569041836217982,1.3650218039082223
2025-06-29 01:00:22+00:00,17223505,70130872479,51377107880194505605538,0,56569041780730879,1.3650218039235902
2025-06-29 01:01:13+00:00,17223556,70130872478,51377107881194505605538,0,56569041780730879,1.3650218038775574
2025-06-29 01:01:21+00:00,17223564,70130872491,51377107891194505605538,0,56569041791216953,1.3650218038649018
2025-06-29 01:02:08+00:00,17223611,70130736399,51377207891194505605538,0,56569041791216953,1.3650164981234731
2025-06-29 01:02:16+00:00,17223619,70130874208,51377107236510834787741,0,56569041791216953,1.3650218546785349
2025-06-29 01:02:20+00:00,17223623,70131012017,51377006582222147994938,0,56569041791216953,1.3650272112440909
2025-06-29 01:02:25+00:00,17223628,70131012018,51377006582954734123450,0,56569041792023572,1.3650272112440909
2025-06-29 01:02:29+00:00,17223632,70131012017,51377006582046516395955,0,56569041791023572,1.3650272112487571
2025-06-29 01:03:05+00:00,17223668,70131012018,51377006581316128025841,0,56569041791023572,1.3650272112876267
2025-06-29 01:03:09+00:00,17223672,70131012019,51377006580585739655748,0,56569041791023572,1.3650272113264963
2025-06-29 01:03:14+00:00,17223677,70131012085,51377006629423769155796,0,56569041844260458,1.365027211313548
2025-06-29 01:03:22+00:00,17223685,70131012086,51377006629423769155795,0,56569041844260458,1.365027211333012
2025-06-29 01:04:09+00:00,17223732,70131012085,51377006630423769155795,0,56569041844260458,1.3650272112869792
2025-06-29 01:04:14+00:00,17223737,70131012084,51377006631423769155795,0,56569041844260458,1.3650272112409465
2025-06-29 01:04:18+00:00,17223741,70131012097,51377006641423769155795,0,56569041854746511,1.3650272112282895
2025-06-29 01:04:23+00:00,17223746,70131012084,51377006631409510732261,0,56569041843720236,1.3650272112413253
2025-06-29 01:05:02+00:00,17223785,70130875992,51377106631409510732261,0,56569041843720236,1.3650219054789148
2025-06-29 01:05:07+00:00,17223790,70130739900,51377206631409510732261,0,56569041843720236,1.3650165997371584
2025-06-29 01:05:15+00:00,17223798,70130877709,51377105976733332775654,0,56569041843720236,1.3650219562923516
2025-06-29 01:05:23+00:00,17223806,70130877708,51377105975825113291954,0,56569041842720236,1.3650219562970178
2025-06-29 01:05:56+00:00,17223839,70130877709,51377105975094722110050,0,56569041842720236,1.3650219563358872
2025-06-29 01:06:04+00:00,17223847,70130877775,51377106023932751610098,0,56569041895957224,1.365021956322944
2025-06-29 01:06:12+00:00,17223855,70130877776,51377106023932751610097,0,56569041895957224,1.365021956342408
2025-06-29 01:06:57+00:00,17223900,70130877775,51377106024932751610097,0,56569041895957224,1.3650219562963755
2025-06-29 01:07:01+00:00,17223904,70130877774,51377106025932751610097,0,56569041895957224,1.3650219562503427
2025-06-29 01:07:06+00:00,17223909,70130877787,51377106035932751610097,0,56569041906443297,1.365021956237687
2025-06-29 01:07:49+00:00,17223952,70130741695,51377206035932751610097,0,56569041906443297,1.3650166504957704
2025-06-29 01:07:53+00:00,17223956,70130605604,51377306035932751610097,0,56569041906443297,1.3650113447939716
2025-06-29 01:08:01+00:00,17223964,70130743413,51377205380869079372678,0,56569041906443297,1.3650167013388008
2025-06-29 01:08:09+00:00,17223972,70130743412,51377205379960858132767,0,56569041905443297,1.365016701343467
2025-06-29 01:08:42+00:00,17224005,70130743413,51377205379230464139050,0,56569041905443297,1.3650167013823364
2025-06-29 01:08:50+00:00,17224013,70130743479,51377205428068493639098,0,56569041958680387,1.3650167013693983
2025-06-29 01:08:58+00:00,17224021,70130743480,51377205428068493639097,0,56569041958680387,1.365016701388862
2025-06-29 01:09:44+00:00,17224067,70130743479,51377205429068493639097,0,56569041958680387,1.3650167013428298
2025-06-29 01:09:52+00:00,17224075,70130743492,51377205439068493639097,0,56569041969166480,1.365016701330175
2025-06-29 01:10:35+00:00,17224118,70130607401,51377305439068493639097,0,56569041969166480,1.3650113956282157
2025-06-29 01:10:39+00:00,17224122,70130471310,51377405439068493639097,0,56569041969166480,1.36500608994691
2025-06-29 01:10:43+00:00,17224126,70130609119,51377304783617331225624,0,56569041969166480,1.3650114464813758
2025-06-29 01:10:51+00:00,17224134,70130609120,51377304784349925814905,0,56569041969973104,1.3650114464813758
2025-06-29 01:11:27+00:00,17224170,70130609121,51377304783619529009402,0,56569041969973104,1.365011446520245
2025-06-29 01:11:35+00:00,17224178,70130609187,51377304832457558509450,0,56569042023210296,1.365011446507312
2025-06-29 01:11:39+00:00,17224182,70130609119,51377304782062895578243,0,56569041967723193,1.3650114465226746
2025-06-29 01:11:44+00:00,17224187,70130609120,51377304782062895578242,0,56569041967723193,1.3650114465421384
2025-06-29 01:12:28+00:00,17224231,70130609119,51377304783062895578242,0,56569041967723193,1.3650114464961063
2025-06-29 01:12:33+00:00,17224236,70130609118,51377304784062895578242,0,56569041967723193,1.365011446450074
2025-06-29 01:12:41+00:00,17224244,70130609105,51377304774048579061602,0,56569041956696918,1.365011446463108
2025-06-29 01:13:20+00:00,17224283,70130473014,51377404774048579061602,0,56569041956696918,1.365006140781635
2025-06-29 01:13:25+00:00,17224288,70130336924,51377504774048579061602,0,56569041956696918,1.3650008351402794
2025-06-29 01:13:33+00:00,17224296,70130474733,51377404118209926470266,0,56569041956696918,1.3650061916643885
2025-06-29 01:13:37+00:00,17224300,70130474734,51377404118942523879791,0,56569041957503543,1.3650061916643885
2025-06-29 01:13:41+00:00,17224304,70130474733,51377404118034299127505,0,56569041956503543,1.3650061916690546
2025-06-29 01:14:16+00:00,17224339,70130474734,51377404117303899510221,0,56569041956503543,1.3650061917079237
2025-06-29 01:14:24+00:00,17224347,70130474800,51377404166141929010269,0,56569042009740837,1.3650061916949956
2025-06-29 01:14:32+00:00,17224355,70130474801,51377404166141929010268,0,56569042009740837,1.3650061917144596
2025-06-29 01:15:15+00:00,17224398,70130474800,51377404167141929010268,0,56569042009740837,1.3650061916684275
2025-06-29 01:15:19+00:00,17224402,70130474799,51377404168141929010268,0,56569042009740837,1.3650061916223954
2025-06-29 01:15:24+00:00,17224407,70130474812,51377404178141929010268,0,56569042020226970,1.3650061916097427
2025-06-29 01:16:07+00:00,17224450,70130338722,51377504178141929010268,0,56569042020226970,1.3650008859682266
2025-06-29 01:16:15+00:00,17224458,70130476531,51377403522307024491783,0,56569042020226970,1.3650062424923979
2025-06-29 01:16:23+00:00,17224466,70130476532,51377403523039621874029,0,56569042021033595,1.3650062424923979
2025-06-29 01:16:28+00:00,17224471,70130476531,51377403522131397133297,0,56569042020033595,1.365006242497064
2025-06-29 01:17:02+00:00,17224505,70130476532,51377403521400997543211,0,56569042020033595,1.3650062425359333
2025-06-29 01:17:10+00:00,17224513,70130476598,51377403570239027043259,0,56569042073270888,1.3650062425230052
2025-06-29 01:17:18+00:00,17224521,70130476599,51377403570239027043258,0,56569042073270888,1.365006242542469
2025-06-29 01:18:04+00:00,17224567,70130476598,51377403571239027043258,0,56569042073270888,1.3650062424964369
2025-06-29 01:18:13+00:00,17224576,70130476611,51377403581239027043258,0,56569042083757021,1.365006242483784
2025-06-29 01:18:56+00:00,17224619,70130340521,51377503581239027043258,0,56569042083757021,1.3650009368421074
2025-06-29 01:19:00+00:00,17224623,70130204431,51377603581239027043258,0,56569042083757021,1.3649956312210842
2025-06-29 01:19:08+00:00,17224631,70130342240,51377502925016633778802,0,56569042083757021,1.3650009877348919
2025-06-29 01:19:12+00:00,17224635,70130342241,51377502925749233981282,0,56569042084563648,1.3650009877348919
2025-06-29 01:19:17+00:00,17224640,70130342240,51377502924841007484377,0,56569042083563648,1.365000987739558
2025-06-29 01:19:50+00:00,17224673,70130342241,51377502924110605082518,0,56569042083563648,1.365000987778427
2025-06-29 01:19:57+00:00,17224680,70130342307,51377502972948634582566,0,56569042136801043,1.3650009877655038
2025-06-29 01:20:02+00:00,17224685,70130342239,51377502922553777401695,0,56569042081313940,1.3650009877808613
2025-06-29 01:20:52+00:00,17224735,70130342238,51377502923553777401695,0,56569042081313940,1.3650009877348295
2025-06-29 01:20:57+00:00,17224740,70130342237,51377502924553777401695,0,56569042081313940,1.3650009876887976
2025-06-29 01:21:05+00:00,17224748,70130342224,51377502914539422284189,0,56569042070287665,1.3650009877018308
2025-06-29 01:21:44+00:00,17224787,70130206134,51377602914539422284189,0,56569042070287665,1.3649956820806397
2025-06-29 01:21:52+00:00,17224795,70130343943,51377502258320779452252,0,56569042070287665,1.3650010385945168
2025-06-29 01:22:00+00:00,17224803,70130343944,51377502259053379627435,0,56569042071094292,1.3650010385945168
2025-06-29 01:22:38+00:00,17224841,70130343945,51377502258322977252788,0,56569042071094292,1.365001038633386
2025-06-29 01:22:43+00:00,17224846,70130343946,51377502257592574878162,0,56569042071094292,1.365001038672255
2025-06-29 01:22:51+00:00,17224854,70130343878,51377502207197718340430,0,56569042015607189,1.3650010386876128
2025-06-29 01:23:39+00:00,17224902,70130343877,51377502208197718340430,0,56569042015607189,1.365001038641581
2025-06-29 01:23:47+00:00,17224910,70130343890,51377502218197718340430,0,56569042026093342,1.3650010386289293
2025-06-29 01:24:32+00:00,17224955,70130207800,51377602218197718340430,0,56569042026093342,1.364995733007567
2025-06-29 01:24:40+00:00,17224963,70130345609,51377501561982830908911,0,56569042026093342,1.365001089521517
2025-06-29 01:24:48+00:00,17224971,70130345610,51377501562715431056761,0,56569042026899969,1.365001089521517
2025-06-29 01:25:24+00:00,17225007,70130345611,51377501561985028709365,0,56569042026899969,1.3650010895603861
2025-06-29 01:25:32+00:00,17225015,70130345677,51377501610823058209413,0,56569042080137362,1.365001089547463
2025-06-29 01:25:40+00:00,17225023,70130345678,51377501610823058209412,0,56569042080137362,1.3650010895669267
2025-06-29 01:26:24+00:00,17225067,70130345677,51377501611823058209412,0,56569042080137362,1.3650010895208948
2025-06-29 01:26:29+00:00,17225072,70130345676,51377501612823058209412,0,56569042080137362,1.365001089474863
2025-06-29 01:26:37+00:00,17225080,70130345663,51377501602808703347377,0,56569042069111087,1.365001089487896
2025-06-29 01:27:18+00:00,17225121,70130209573,51377601602808703347377,0,56569042069111087,1.3649957838663713
2025-06-29 01:27:25+00:00,17225128,70130347382,51377500946597566292217,0,56569042069111087,1.3650011403803852
2025-06-29 01:27:30+00:00,17225133,70130485191,51377400290781422223255,0,56569042069111087,1.3650064969048934
2025-06-29 01:27:37+00:00,17225140,70130485190,51377400289873197540433,0,56569042068111087,1.3650064969095594
2025-06-29 01:28:10+00:00,17225173,70130485191,51377400289142798086480,0,56569042068111087,1.3650064969484288
2025-06-29 01:28:18+00:00,17225181,70130485257,51377400337980827586528,0,56569042121348374,1.3650064969355002
2025-06-29 01:28:26+00:00,17225189,70130485258,51377400337980827586527,0,56569042121348374,1.3650064969549642
2025-06-29 01:29:10+00:00,17225233,70130485257,51377400338980827586527,0,56569042121348374,1.3650064969089322
2025-06-29 01:29:15+00:00,17225238,70130485256,51377400339980827586527,0,56569042121348374,1.3650064968629
2025-06-29 01:29:23+00:00,17225246,70130485243,51377400329966492471598,0,56569042110322099,1.3650064968759337
2025-06-29 01:30:02+00:00,17225285,70130349153,51377500329966492471598,0,56569042110322099,1.3650011912334261
2025-06-29 01:30:10+00:00,17225293,70130486962,51377399674154098324290,0,56569042110322099,1.3650065477579985
2025-06-29 01:30:15+00:00,17225298,70130624771,51377299018736694812295,0,56569042110322099,1.365011904293065
2025-06-29 01:30:19+00:00,17225302,70130624772,51377299019469289155871,0,56569042111128722,1.365011904293065
2025-06-29 01:30:24+00:00,17225307,70130624771,51377299018561066263949,0,56569042110128722,1.3650119042977313
2025-06-29 01:30:57+00:00,17225340,70130624772,51377299017830669703416,0,56569042110128722,1.3650119043366005
2025-06-29 01:31:05+00:00,17225348,70130624838,51377299066668699203464,0,56569042163365903,1.365011904323667
2025-06-29 01:31:13+00:00,17225356,70130624839,51377299066668699203463,0,56569042163365903,1.3650119043431308
2025-06-29 01:31:58+00:00,17225401,70130624838,51377299067668699203463,0,56569042163365903,1.3650119042970985
2025-06-29 01:32:06+00:00,17225409,70130624851,51377299077668699203463,0,56569042173852014,1.3650119042844449
2025-06-29 01:32:51+00:00,17225454,70130488760,51377399077668699203463,0,56569042173852014,1.3650065986014923
2025-06-29 01:32:59+00:00,17225462,70130626569,51377298422255044879349,0,56569042173852014,1.365011955136621
2025-06-29 01:33:07+00:00,17225470,70130626570,51377298422987639195638,0,56569042174658637,1.365011955136621
2025-06-29 01:33:44+00:00,17225507,70130626571,51377298422257242662308,0,56569042174658637,1.3650119551754905
2025-06-29 01:33:49+00:00,17225512,70130626572,51377298421526846128999,0,56569042174658637,1.3650119552143598
2025-06-29 01:33:57+00:00,17225520,70130626504,51377298371132189621026,0,56569042119171534,1.3650119552297229
2025-06-29 01:34:44+00:00,17225567,70130626503,51377298372132189621026,0,56569042119171534,1.3650119551836906
2025-06-29 01:34:48+00:00,17225571,70130626502,51377298373132189621026,0,56569042119171534,1.3650119551376583
2025-06-29 01:34:56+00:00,17225579,70130626489,51377298363117874380797,0,56569042108145259,1.3650119551506925
2025-06-29 01:35:36+00:00,17225619,70130490398,51377398363117874380797,0,56569042108145259,1.3650066494675672
2025-06-29 01:35:44+00:00,17225627,70130628207,51377297707707970909853,0,56569042108145259,1.3650120060027704
2025-06-29 01:35:52+00:00,17225635,70130628208,51377297708440565198842,0,56569042108951882,1.3650120060027704
2025-06-29 01:36:27+00:00,17225670,70130628209,51377297707710168692730,0,56569042108951882,1.3650120060416397
2025-06-29 01:36:31+00:00,17225674,70130628210,51377297706979772186639,0,56569042108951882,1.365012006080509
2025-06-29 01:36:36+00:00,17225679,70130628276,51377297755817801686687,0,56569042162189060,1.3650120060675754
2025-06-29 01:36:43+00:00,17225686,70130628277,51377297755817801686686,0,56569042162189060,1.3650120060870392
2025-06-29 01:37:28+00:00,17225731,70130628276,51377297756817801686686,0,56569042162189060,1.3650120060410071
2025-06-29 01:37:32+00:00,17225735,70130628275,51377297757817801686686,0,56569042162189060,1.3650120059949749
2025-06-29 01:37:37+00:00,17225740,70130628288,51377297767817801686686,0,56569042172675170,1.365012005982321
2025-06-29 01:38:21+00:00,17225784,70130492197,51377397767817801686686,0,56569042172675170,1.3650067002990354
2025-06-29 01:38:29+00:00,17225792,70130630006,51377297112411646516285,0,56569042172675170,1.3650120568343007
2025-06-29 01:38:33+00:00,17225796,70130767815,51377196457400479581397,0,56569042172675170,1.3650174133800603
2025-06-29 01:38:37+00:00,17225800,70130767816,51377196458133070968289,0,56569042173481792,1.3650174133800603
2025-06-29 01:38:42+00:00,17225805,70130767815,51377196457224849890397,0,56569042172481792,1.3650174133847266
2025-06-29 01:39:15+00:00,17225838,70130767816,51377196456494456277679,0,56569042172481792,1.365017413423596
2025-06-29 01:39:20+00:00,17225843,70130767817,51377196455764062664982,0,56569042172481792,1.3650174134624653
2025-06-29 01:39:27+00:00,17225850,70130767749,51377196405369506170636,0,56569042116994689,1.365017413477831
2025-06-29 01:39:31+00:00,17225854,70130767750,51377196405369506170635,0,56569042116994689,1.365017413497295
2025-06-29 01:40:14+00:00,17225897,70130767749,51377196406369506170635,0,56569042116994689,1.3650174134512625
2025-06-29 01:40:18+00:00,17225901,70130767748,51377196407369506170635,0,56569042116994689,1.36501741340523
2025-06-29 01:40:23+00:00,17225906,70130767761,51377196417369506170635,0,56569042127480779,1.3650174133925752
2025-06-29 01:41:06+00:00,17225949,70130631670,51377296417369506170635,0,56569042127480779,1.3650121076882982
2025-06-29 01:41:14+00:00,17225957,70130769479,51377195762362089168269,0,56569042127480779,1.3650174642341302
2025-06-29 01:41:22+00:00,17225965,70130769480,51377195763094680527868,0,56569042128287401,1.3650174642341302
2025-06-29 01:41:58+00:00,17226001,70130769481,51377195762364286942358,0,56569042128287401,1.3650174642729995
2025-06-29 01:42:06+00:00,17226009,70130769547,51377195811202316442406,0,56569042181524472,1.3650174642600608
2025-06-29 01:42:10+00:00,17226013,70130769479,51377195760807760588349,0,56569042126037369,1.3650174642754265
2025-06-29 01:42:14+00:00,17226017,70130769480,51377195760807760588348,0,56569042126037369,1.3650174642948905
2025-06-29 01:42:59+00:00,17226062,70130769479,51377195761807760588348,0,56569042126037369,1.365017464248858
2025-06-29 01:43:03+00:00,17226066,70130769478,51377195762807760588348,0,56569042126037369,1.3650174642028254
2025-06-29 01:43:07+00:00,17226070,70130769491,51377195772807760588348,0,56569042136523458,1.3650174641901707
2025-06-29 01:43:12+00:00,17226075,70130769478,51377195762793465349751,0,56569042125497183,1.3650174642032054
2025-06-29 01:43:52+00:00,17226115,70130633387,51377295762793465349751,0,56569042125497183,1.3650121584987618
2025-06-29 01:44:00+00:00,17226123,70130771196,51377195107789795069330,0,56569042125497183,1.3650175150446622
2025-06-29 01:44:08+00:00,17226131,70130771197,51377195108522386401659,0,56569042126303805,1.3650175150446622
2025-06-29 01:44:44+00:00,17226167,70130771198,51377195107791992843337,0,56569042126303805,1.3650175150835315
2025-06-29 01:44:52+00:00,17226175,70130771264,51377195156630022343385,0,56569042179540875,1.3650175150705925
2025-06-29 01:45:00+00:00,17226183,70130771265,51377195156630022343384,0,56569042179540875,1.3650175150900565
2025-06-29 01:45:45+00:00,17226228,70130771264,51377195157630022343384,0,56569042179540875,1.365017515044024
2025-06-29 01:45:49+00:00,17226232,70130771263,51377195158630022343384,0,56569042179540875,1.3650175149979917
2025-06-29 01:45:57+00:00,17226240,70130771250,51377195148615727232116,0,56569042168514600,1.3650175150110264
2025-06-29 01:46:37+00:00,17226280,70130635159,51377295148615727232116,0,56569042168514600,1.3650122093064205
2025-06-29 01:46:44+00:00,17226287,70130772968,51377194493615803466373,0,56569042168514600,1.3650175658523849
2025-06-29 01:46:48+00:00,17226291,70130910777,51377093839010865536843,0,56569042168514600,1.3650229224088435
2025-06-29 01:46:52+00:00,17226295,70130910778,51377093839743453967105,0,56569042169321220,1.3650229224088435
2025-06-29 01:46:57+00:00,17226300,70130910777,51377093838835234703184,0,56569042168321220,1.3650229224135098
2025-06-29 01:47:29+00:00,17226332,70130910778,51377093838104844038226,0,56569042168321220,1.3650229224523793
2025-06-29 01:47:33+00:00,17226336,70130910779,51377093837374453373288,0,56569042168321220,1.3650229224912487
2025-06-29 01:47:38+00:00,17226341,70130910845,51377093886212482873336,0,56569042221558184,1.3650229224783046
2025-06-29 01:47:46+00:00,17226349,70130910846,51377093886212482873335,0,56569042221558184,1.3650229224977686
2025-06-29 01:48:30+00:00,17226393,70130910845,51377093887212482873335,0,56569042221558184,1.3650229224517358
2025-06-29 01:48:35+00:00,17226398,70130910844,51377093888212482873335,0,56569042221558184,1.3650229224057033
2025-06-29 01:48:43+00:00,17226406,70130910831,51377093878198207508844,0,56569042210531909,1.3650229224187385
2025-06-29 01:49:22+00:00,17226445,70130774739,51377193878198207508844,0,56569042210531909,1.3650176166736858
2025-06-29 01:49:26+00:00,17226449,70130638648,51377293878198207508844,0,56569042210531909,1.365012310968751
2025-06-29 01:49:30+00:00,17226453,70130776457,51377193223205780238470,0,56569042210531909,1.3650176675148478
2025-06-29 01:49:38+00:00,17226461,70130776458,51377193223938371488970,0,56569042211338531,1.3650176675148478
2025-06-29 01:49:43+00:00,17226466,70130776457,51377193223030150468859,0,56569042210338531,1.365017667519514
2025-06-29 01:50:14+00:00,17226497,70130776458,51377193222299756992123,0,56569042210338531,1.3650176675583834
2025-06-29 01:50:19+00:00,17226502,70130776459,51377193221569363515408,0,56569042210338531,1.3650176675972527
2025-06-29 01:50:27+00:00,17226510,70130776391,51377193171174810227124,0,56569042154851428,1.3650176676126187
2025-06-29 01:51:14+00:00,17226557,70130776390,51377193172174810227124,0,56569042154851428,1.3650176675665862
2025-06-29 01:51:22+00:00,17226565,70130776403,51377193182174810227124,0,56569042165337516,1.3650176675539314
2025-06-29 01:51:26+00:00,17226569,70130776390,51377193172160515498586,0,56569042154311241,1.365017667566966
2025-06-29 01:52:06+00:00,17226609,70130640299,51377293172160515498586,0,56569042154311241,1.3650123618618593
2025-06-29 01:52:14+00:00,17226617,70130778108,51377192517171841043372,0,56569042154311241,1.3650177184080297
2025-06-29 01:52:22+00:00,17226625,70130778109,51377192517904432266558,0,56569042155117863,1.3650177184080297
2025-06-29 01:52:27+00:00,17226630,70130778108,51377192516996211258025,0,56569042154117863,1.365017718412696
2025-06-29 01:53:01+00:00,17226664,70130778109,51377192516265817808521,0,56569042154117863,1.3650177184515653
2025-06-29 01:53:08+00:00,17226671,70130778175,51377192565103847308569,0,56569042207354927,1.365017718438626
2025-06-29 01:53:13+00:00,17226676,70130778107,51377192514709294661537,0,56569042151867824,1.365017718453992
2025-06-29 01:54:01+00:00,17226724,70130778106,51377192515709294661537,0,56569042151867824,1.3650177184079597
2025-06-29 01:54:05+00:00,17226728,70130778105,51377192516709294661537,0,56569042151867824,1.3650177183619272
2025-06-29 01:54:13+00:00,17226736,70130778092,51377192506695000060326,0,56569042140841549,1.3650177183749619
2025-06-29 01:54:54+00:00,17226777,70130642000,51377292506695000060326,0,56569042140841549,1.3650124126502237
2025-06-29 01:54:58+00:00,17226781,70130505909,51377392506695000060326,0,56569042140841549,1.3650071069656031
2025-06-29 01:55:06+00:00,17226789,70130643718,51377291851318832379161,0,56569042140841549,1.3650124635014171
2025-06-29 01:55:14+00:00,17226797,70130643717,51377291850410609614431,0,56569042139841549,1.3650124635060832
2025-06-29 01:55:49+00:00,17226832,70130643718,51377291849680213353122,0,56569042139841549,1.3650124635449525
2025-06-29 01:55:56+00:00,17226839,70130643784,51377291898518242853170,0,56569042193078715,1.3650124635320184
2025-06-29 01:56:00+00:00,17226843,70130643716,51377291848123592759856,0,56569042137591612,1.3650124635473817
2025-06-29 01:56:49+00:00,17226892,70130643715,51377291849123592759856,0,56569042137591612,1.3650124635013494
2025-06-29 01:56:53+00:00,17226896,70130643714,51377291850123592759856,0,56569042137591612,1.3650124634553173
2025-06-29 01:57:01+00:00,17226904,70130643701,51377291840109278794334,0,56569042126565337,1.3650124634683516
2025-06-29 01:57:42+00:00,17226945,70130507610,51377391840109278794334,0,56569042126565337,1.3650071577835632
2025-06-29 01:57:46+00:00,17226949,70130371520,51377491840109278794334,0,56569042126565337,1.3650018521388925
2025-06-29 01:57:50+00:00,17226953,70130509329,51377391184345620032027,0,56569042126565337,1.36500720866435
2025-06-29 01:57:58+00:00,17226961,70130509330,51377391185078216895730,0,56569042127371962,1.36500720866435
2025-06-29 01:58:35+00:00,17226998,70130509331,51377391184347817822629,0,56569042127371962,1.3650072087032192
2025-06-29 01:58:43+00:00,17227006,70130509397,51377391233185847322677,0,56569042180609230,1.3650072086902902
2025-06-29 01:58:52+00:00,17227015,70130509398,51377391233185847322676,0,56569042180609230,1.365007208709754
2025-06-29 01:59:37+00:00,17227060,70130509397,51377391234185847322676,0,56569042180609230,1.365007208663722
2025-06-29 01:59:45+00:00,17227068,70130509410,51377391244185847322676,0,56569042191095358,1.3650072086510692
2025-06-29 01:59:49+00:00,17227072,70130509397,51377391234171513993021,0,56569042180069083,1.3650072086641027
2025-06-29 02:00:31+00:00,17227114,70130373307,51377491234171513993021,0,56569042180069083,1.3650019030192704
2025-06-29 02:00:35+00:00,17227118,70130237217,51377591234171513993021,0,56569042180069083,1.3649965973950915
2025-06-29 02:00:39+00:00,17227122,70130375026,51377490578020367279732,0,56569042180069083,1.3650019539101865
2025-06-29 02:00:44+00:00,17227127,70130512835,51377389922264213161530,0,56569042180069083,1.3650073104357756
2025-06-29 02:00:52+00:00,17227135,70130512834,51377389921355988663779,0,56569042179069083,1.3650073104404419
2025-06-29 02:01:25+00:00,17227168,70130512835,51377389920625589645137,0,56569042179069083,1.365007310479311
2025-06-29 02:01:29+00:00,17227172,70130512836,51377389919895190626516,0,56569042179069083,1.3650073105181804
2025-06-29 02:01:34+00:00,17227177,70130512902,51377389968733220126564,0,56569042232306349,1.3650073105052511
2025-06-29 02:01:42+00:00,17227185,70130512903,51377389968733220126563,0,56569042232306349,1.365007310524715
2025-06-29 02:02:30+00:00,17227233,70130512902,51377389969733220126563,0,56569042232306349,1.3650073104786828
2025-06-29 02:02:39+00:00,17227242,70130512915,51377389979733220126563,0,56569042242792477,1.3650073104660299
2025-06-29 02:03:23+00:00,17227286,70130376825,51377489979733220126563,0,56569042242792477,1.36500200482087
2025-06-29 02:03:31+00:00,17227294,70130514634,51377389323980820176053,0,56569042242792477,1.3650073613465215
2025-06-29 02:03:39+00:00,17227302,70130514635,51377389324713416957812,0,56569042243599102,1.3650073613465215
2025-06-29 02:03:43+00:00,17227306,70130514634,51377389323805192471644,0,56569042242599102,1.3650073613511875
2025-06-29 02:04:16+00:00,17227339,70130514635,51377389323074793480244,0,56569042242599102,1.3650073613900569
2025-06-29 02:04:24+00:00,17227347,70130514701,51377389371912822980292,0,56569042295836366,1.3650073613771276
2025-06-29 02:04:32+00:00,17227355,70130514702,51377389371912822980291,0,56569042295836366,1.3650073613965914
2025-06-29 02:05:17+00:00,17227400,70130514701,51377389372912822980291,0,56569042295836366,1.3650073613505593
2025-06-29 02:05:21+00:00,17227404,70130514700,51377389373912822980291,0,56569042295836366,1.3650073613045273
2025-06-29 02:05:26+00:00,17227409,70130514713,51377389383912822980291,0,56569042306322493,1.3650073612918743
2025-06-29 02:06:10+00:00,17227453,70130378623,51377489383912822980291,0,56569042306322493,1.3650020556465539
2025-06-29 02:06:18+00:00,17227461,70130516432,51377388728164170929306,0,56569042306322493,1.3650074121722675
2025-06-29 02:06:23+00:00,17227466,70130654241,51377288072810509097518,0,56569042306322493,1.3650127687084754
2025-06-29 02:06:31+00:00,17227474,70130654240,51377288071902286402239,0,56569042305322493,1.3650127687131415
2025-06-29 02:07:04+00:00,17227507,70130654241,51377288071171890304241,0,56569042305322493,1.3650127687520108
2025-06-29 02:07:11+00:00,17227514,70130654307,51377288120009919804289,0,56569042358559652,1.3650127687390765
2025-06-29 02:07:15+00:00,17227518,70130654239,51377288069615273564635,0,56569042303072549,1.36501276875444
2025-06-29 02:07:19+00:00,17227522,70130654240,51377288069615273564634,0,56569042303072549,1.3650127687739038
2025-06-29 02:08:06+00:00,17227569,70130654239,51377288070615273564634,0,56569042303072549,1.3650127687278715
2025-06-29 02:08:15+00:00,17227578,70130654252,51377288080615273564634,0,56569042313558656,1.3650127687152176
2025-06-29 02:08:59+00:00,17227622,70130518161,51377388080615273564634,0,56569042313558656,1.3650074630294469
2025-06-29 02:09:04+00:00,17227627,70130382071,51377488080615273564634,0,56569042313558656,1.3650021573837938
2025-06-29 02:09:12+00:00,17227635,70130519880,51377387424874123644518,0,56569042313558656,1.3650075139096434
2025-06-29 02:09:20+00:00,17227643,70130519879,51377387423965899193058,0,56569042312558656,1.3650075139143094
2025-06-29 02:09:55+00:00,17227678,70130519880,51377387423235500283292,0,56569042312558656,1.3650075139531788
2025-06-29 02:10:04+00:00,17227687,70130519946,51377387472073529783340,0,56569042365795917,1.3650075139402493
2025-06-29 02:10:13+00:00,17227696,70130519947,51377387472073529783339,0,56569042365795917,1.365007513959713
2025-06-29 02:10:57+00:00,17227740,70130519946,51377387473073529783339,0,56569042365795917,1.365007513913681
2025-06-29 02:11:06+00:00,17227749,70130519959,51377387483073529783339,0,56569042376282044,1.365007513901028
2025-06-29 02:11:50+00:00,17227793,70130383869,51377487483073529783339,0,56569042376282044,1.3650022082552142
2025-06-29 02:11:55+00:00,17227798,70130247779,51377587483073529783339,0,56569042376282044,1.364996902630054
2025-06-29 02:12:03+00:00,17227806,70130385588,51377486826944891352607,0,56569042376282044,1.36500225914554
2025-06-29 02:12:11+00:00,17227814,70130385587,51377486826036665144973,0,56569042375282044,1.365002259150206
2025-06-29 02:12:43+00:00,17227846,70130385588,51377486825306263423436,0,56569042375282044,1.3650022591890754
2025-06-29 02:12:51+00:00,17227854,70130385654,51377486874144292923484,0,56569042428519407,1.3650022591761508
2025-06-29 02:12:59+00:00,17227862,70130385655,51377486874144292923483,0,56569042428519407,1.3650022591956148
2025-06-29 02:13:43+00:00,17227906,70130385654,51377486875144292923483,0,56569042428519407,1.3650022591495827
2025-06-29 02:13:50+00:00,17227913,70130385667,51377486885144292923483,0,56569042439005554,1.3650022591369309
2025-06-29 02:14:34+00:00,17227957,70130249577,51377586885144292923483,0,56569042439005554,1.3649969535116098
2025-06-29 02:14:42+00:00,17227965,70130387386,51377486229019406540340,0,56569042439005554,1.3650023100271582
2025-06-29 02:14:50+00:00,17227973,70130387387,51377486229752006033142,0,56569042439812180,1.3650023100271582
2025-06-29 02:15:28+00:00,17228011,70130387388,51377486229021604338829,0,56569042439812180,1.3650023100660273
2025-06-29 02:15:35+00:00,17228018,70130387454,51377486277859633838877,0,56569042493049541,1.365002310053103
2025-06-29 02:15:39+00:00,17228022,70130387386,51377486227464793351150,0,56569042437562438,1.3650023100684614
2025-06-29 02:16:26+00:00,17228069,70130387385,51377486228464793351150,0,56569042437562438,1.3650023100224296
2025-06-29 02:16:30+00:00,17228073,70130387384,51377486229464793351150,0,56569042437562438,1.3650023099763975
2025-06-29 02:16:35+00:00,17228078,70130387397,51377486239464793351150,0,56569042448048585,1.3650023099637456
2025-06-29 02:17:18+00:00,17228121,70130251307,51377586239464793351150,0,56569042448048585,1.364997004338259
2025-06-29 02:17:26+00:00,17228129,70130389116,51377485583343654966639,0,56569042448048585,1.3650023608538746
2025-06-29 02:17:33+00:00,17228136,70130389117,51377485584076254432162,0,56569042448855211,1.3650023608538746
2025-06-29 02:17:38+00:00,17228141,70130389116,51377485583168028247664,0,56569042447855211,1.3650023608585407
2025-06-29 02:18:10+00:00,17228173,70130389117,51377485582437626580550,0,56569042447855211,1.36500236089741
2025-06-29 02:18:14+00:00,17228177,70130389118,51377485581707224913457,0,56569042447855211,1.3650023609362791
2025-06-29 02:18:18+00:00,17228181,70130389184,51377485630545254413505,0,56569042501092571,1.3650023609233546
2025-06-29 02:18:22+00:00,17228185,70130389116,51377485580150414567877,0,56569042445605468,1.365002360938713
2025-06-29 02:18:26+00:00,17228189,70130389117,51377485580150414567876,0,56569042445605468,1.3650023609581767
2025-06-29 02:19:11+00:00,17228234,70130389116,51377485581150414567876,0,56569042445605468,1.3650023609121449
2025-06-29 02:19:19+00:00,17228242,70130389129,51377485591150414567876,0,56569042456091614,1.365002360899493
2025-06-29 02:20:02+00:00,17228285,70130253039,51377585591150414567876,0,56569042456091614,1.3649970552738402
2025-06-29 02:20:11+00:00,17228294,70130390848,51377484935033032214463,0,56569042456091614,1.3650024117895234
2025-06-29 02:20:20+00:00,17228303,70130390849,51377484935765631652649,0,56569042456898240,1.3650024117895234
2025-06-29 02:20:57+00:00,17228340,70130390850,51377484935035230012788,0,56569042456898240,1.3650024118283928
2025-06-29 02:21:05+00:00,17228348,70130390916,51377484983873259512836,0,56569042510135599,1.3650024118154682
2025-06-29 02:21:13+00:00,17228356,70130390917,51377484983873259512835,0,56569042510135599,1.365002411834932
2025-06-29 02:21:58+00:00,17228401,70130390916,51377484984873259512835,0,56569042510135599,1.3650024117889001
2025-06-29 02:22:06+00:00,17228409,70130390929,51377484994873259512835,0,56569042520621745,1.3650024117762483
2025-06-29 02:22:50+00:00,17228453,70130254839,51377584994873259512835,0,56569042520621745,1.3649971061504347
2025-06-29 02:22:58+00:00,17228461,70130392648,51377484338759628840316,0,56569042520621745,1.3650024626661803
2025-06-29 02:23:06+00:00,17228469,70130392649,51377484339492228251196,0,56569042521428371,1.3650024626661803
2025-06-29 02:23:43+00:00,17228506,70130392650,51377484338761826638559,0,56569042521428371,1.3650024627050494
2025-06-29 02:23:48+00:00,17228511,70130392651,51377484338031425025943,0,56569042521428371,1.3650024627439186
2025-06-29 02:23:55+00:00,17228518,70130392583,51377484287636586466225,0,56569042465941268,1.365002462759277
2025-06-29 02:23:59+00:00,17228522,70130392584,51377484287636586466224,0,56569042465941268,1.3650024627787407
2025-06-29 02:24:45+00:00,17228568,70130392583,51377484288636586466224,0,56569042465941268,1.3650024627327089
2025-06-29 02:24:53+00:00,17228576,70130392596,51377484298636586466224,0,56569042476427414,1.365002462720057
2025-06-29 02:25:38+00:00,17228621,70130256506,51377584298636586466224,0,56569042476427414,1.3649971570940727
2025-06-29 02:25:46+00:00,17228629,70130394315,51377483642526712418521,0,56569042476427414,1.3650025136098907
2025-06-29 02:25:54+00:00,17228637,70130394316,51377483643259311802060,0,56569042477234040,1.3650025136098907
2025-06-29 02:26:31+00:00,17228674,70130394317,51377483642528910216682,0,56569042477234040,1.3650025136487598
2025-06-29 02:26:39+00:00,17228682,70130394383,51377483691366939716730,0,56569042530471396,1.3650025136358352
2025-06-29 02:26:47+00:00,17228690,70130394384,51377483691366939716729,0,56569042530471396,1.365002513655299
2025-06-29 02:27:33+00:00,17228736,70130394383,51377483692366939716729,0,56569042530471396,1.3650025136092672
2025-06-29 02:27:40+00:00,17228743,70130394396,51377483702366939716729,0,56569042540957541,1.365002513596615
2025-06-29 02:27:44+00:00,17228747,70130394383,51377483692352588427327,0,56569042529931266,1.3650025136096484
2025-06-29 02:28:25+00:00,17228788,70130258293,51377583692352588427327,0,56569042529931266,1.3649972079835022
2025-06-29 02:28:30+00:00,17228793,70130122204,51377683692352588427327,0,56569042529931266,1.3649919023974733
2025-06-29 02:28:38+00:00,17228801,70130260013,51377583035855227243740,0,56569042529931266,1.364997258902929
2025-06-29 02:28:46+00:00,17228809,70130260012,51377583034946999337838,0,56569042528931266,1.3649972589075947
2025-06-29 02:29:19+00:00,17228842,70130260013,51377583034216594940702,0,56569042528931266,1.3649972589464638
2025-06-29 02:29:23+00:00,17228846,70130260014,51377583033486190543586,0,56569042528931266,1.364997258985333
2025-06-29 02:29:28+00:00,17228851,70130260080,51377583082324220043634,0,56569042582168724,1.3649972589724135
2025-06-29 02:29:37+00:00,17228860,70130260081,51377583082324220043633,0,56569042582168724,1.364997258991877
2025-06-29 02:30:23+00:00,17228906,70130260080,51377583083324220043633,0,56569042582168724,1.3649972589458454
2025-06-29 02:30:27+00:00,17228910,70130260079,51377583084324220043633,0,56569042582168724,1.3649972588998138
2025-06-29 02:30:32+00:00,17228915,70130260092,51377583094324220043633,0,56569042592654890,1.3649972588871628
2025-06-29 02:31:16+00:00,17228959,70130124003,51377683094324220043633,0,56569042592654890,1.3649919533009731
2025-06-29 02:31:24+00:00,17228967,70130261812,51377582437830612553300,0,56569042592654890,1.364997309806491
2025-06-29 02:31:28+00:00,17228971,70130399621,51377481781731999639583,0,56569042592654890,1.365002666322503
2025-06-29 02:31:36+00:00,17228979,70130399620,51377481780823773524609,0,56569042591654890,1.365002666327169
2025-06-29 02:32:09+00:00,17229012,70130399621,51377481780093372020949,0,56569042591654890,1.3650026663660382
2025-06-29 02:32:17+00:00,17229020,70130399687,51377481828931401520997,0,56569042644892242,1.3650026663531134
2025-06-29 02:32:25+00:00,17229028,70130399688,51377481828931401520996,0,56569042644892242,1.3650026663725772
2025-06-29 02:33:08+00:00,17229071,70130399687,51377481829931401520996,0,56569042644892242,1.3650026663265453
2025-06-29 02:33:16+00:00,17229079,70130399700,51377481839931401520996,0,56569042655378387,1.3650026663138934
2025-06-29 02:33:20+00:00,17229083,70130399687,51377481829917050614870,0,56569042644352112,1.3650026663269266
2025-06-29 02:33:58+00:00,17229121,70130263597,51377581829917050614870,0,56569042644352112,1.364997360700291
2025-06-29 02:34:06+00:00,17229129,70130401406,51377481173822190649439,0,56569042644352112,1.3650027172163663
2025-06-29 02:34:10+00:00,17229133,70130539215,51377380518122322909637,0,56569042644352112,1.365008073742936
2025-06-29 02:34:14+00:00,17229137,70130539216,51377380518854919309054,0,56569042645158736,1.365008073742936
2025-06-29 02:34:18+00:00,17229141,70130539215,51377380517946694984999,0,56569042644158736,1.3650080737476022
2025-06-29 02:34:50+00:00,17229173,70130539216,51377380517216296374793,0,56569042644158736,1.3650080737864714
2025-06-29 02:34:58+00:00,17229181,70130539282,51377380566054325874841,0,56569042697395982,1.3650080737735415
2025-06-29 02:35:06+00:00,17229189,70130539283,51377380566054325874840,0,56569042697395982,1.3650080737930053
2025-06-29 02:35:51+00:00,17229234,70130539282,51377380567054325874840,0,56569042697395982,1.3650080737469732
2025-06-29 02:35:59+00:00,17229242,70130539295,51377380577054325874840,0,56569042707882106,1.3650080737343202
2025-06-29 02:36:42+00:00,17229285,70130403204,51377480577054325874840,0,56569042707882106,1.3650027680672396
2025-06-29 02:36:50+00:00,17229293,70130541013,51377379921358207888125,0,56569042707882106,1.3650081245938717
2025-06-29 02:36:58+00:00,17229301,70130541014,51377379922090804260251,0,56569042708688730,1.3650081245938717
2025-06-29 02:37:35+00:00,17229338,70130541015,51377379921360405677252,0,56569042708688730,1.3650081246327408
2025-06-29 02:37:43+00:00,17229346,70130541081,51377379970198435177300,0,56569042761925975,1.365008124619811
2025-06-29 02:37:51+00:00,17229354,70130541082,51377379970198435177299,0,56569042761925975,1.3650081246392747
2025-06-29 02:38:37+00:00,17229400,70130541081,51377379971198435177299,0,56569042761925975,1.3650081245932426
2025-06-29 02:38:45+00:00,17229408,70130541094,51377379981198435177299,0,56569042772412099,1.3650081245805896
2025-06-29 02:39:28+00:00,17229451,70130405003,51377479981198435177299,0,56569042772412099,1.3650028189133485
2025-06-29 02:39:33+00:00,17229456,70130268913,51377579981198435177299,0,56569042772412099,1.364997513286225
2025-06-29 02:39:41+00:00,17229464,70130406722,51377479325114827015405,0,56569042772412099,1.3650028698024932
2025-06-29 02:39:49+00:00,17229472,70130406721,51377479324206600946744,0,56569042771412099,1.3650028698071592
2025-06-29 02:40:23+00:00,17229506,70130406722,51377479323476199551965,0,56569042771412099,1.3650028698460284
2025-06-29 02:40:31+00:00,17229514,70130406788,51377479372314229052013,0,56569042824649446,1.3650028698331036
2025-06-29 02:40:39+00:00,17229522,70130406789,51377479372314229052012,0,56569042824649446,1.3650028698525674
2025-06-29 02:41:24+00:00,17229567,70130406788,51377479373314229052012,0,56569042824649446,1.3650028698065353
2025-06-29 02:41:32+00:00,17229575,70130406801,51377479383314229052012,0,56569042835135590,1.3650028697938834
2025-06-29 02:42:16+00:00,17229619,70130270711,51377579383314229052012,0,56569042835135590,1.364997564166599
2025-06-29 02:42:20+00:00,17229623,70130134622,51377679383314229052012,0,56569042835135590,1.3649922585794318
2025-06-29 02:42:24+00:00,17229627,70130272431,51377578726843133204716,0,56569042835135590,1.3649976150853367
2025-06-29 02:42:28+00:00,17229631,70130410240,51377478070767031785887,0,56569042835135590,1.3650029716017356
2025-06-29 02:42:33+00:00,17229636,70130410241,51377478071499630923621,0,56569042835942216,1.3650029716017356
2025-06-29 02:43:10+00:00,17229673,70130410242,51377478070769229583311,0,56569042835942216,1.3650029716406047
2025-06-29 02:43:14+00:00,17229677,70130410243,51377478070038828243022,0,56569042835942216,1.3650029716794738
2025-06-29 02:43:18+00:00,17229681,70130410309,51377478118876857743070,0,56569042889179560,1.3650029716665488
2025-06-29 02:43:22+00:00,17229685,70130410241,51377478068482025611172,0,56569042833692457,1.3650029716819077
2025-06-29 02:43:26+00:00,17229689,70130410242,51377478068482025611171,0,56569042833692457,1.3650029717013714
2025-06-29 02:44:10+00:00,17229733,70130410241,51377478069482025611171,0,56569042833692457,1.3650029716553396
2025-06-29 02:44:18+00:00,17229741,70130410254,51377478079482025611171,0,56569042844178600,1.3650029716426875
2025-06-29 02:45:01+00:00,17229784,70130274164,51377578079482025611171,0,56569042844178600,1.3649976660150702
2025-06-29 02:45:06+00:00,17229789,70130138074,51377678079482025611171,0,56569042844178600,1.3649923604081065
2025-06-29 02:45:14+00:00,17229797,70130275883,51377577423018438744945,0,56569042844178600,1.3649977169141472
2025-06-29 02:45:18+00:00,17229801,70130275884,51377577423751040702888,0,56569042844985227,1.3649977169141472
2025-06-29 02:45:22+00:00,17229805,70130275883,51377577422842812901253,0,56569042843985227,1.3649977169188132
2025-06-29 02:45:56+00:00,17229839,70130275884,51377577422112408749197,0,56569042843985227,1.3649977169576823
2025-06-29 02:46:04+00:00,17229847,70130275950,51377577470950438249245,0,56569042897222673,1.3649977169447622
2025-06-29 02:46:12+00:00,17229855,70130275951,51377577470950438249244,0,56569042897222673,1.364997716964226
2025-06-29 02:46:56+00:00,17229899,70130275950,51377577471950438249244,0,56569042897222673,1.3649977169181944
2025-06-29 02:47:04+00:00,17229907,70130275963,51377577481950438249244,0,56569042907708836,1.3649977169055434
2025-06-29 02:47:47+00:00,17229950,70130139873,51377677481950438249244,0,56569042907708836,1.3649924112984186
2025-06-29 02:47:55+00:00,17229958,70130277682,51377576825490604101288,0,56569042907708836,1.3649977678045218
2025-06-29 02:48:03+00:00,17229966,70130277683,51377576826223206031918,0,56569042908515463,1.3649977678045218
2025-06-29 02:48:41+00:00,17230004,70130277684,51377576825492801907090,0,56569042908515463,1.3649977678433909
2025-06-29 02:48:49+00:00,17230012,70130277750,51377576874330831407138,0,56569042961752908,1.3649977678304708
2025-06-29 02:48:57+00:00,17230020,70130277751,51377576874330831407137,0,56569042961752908,1.3649977678499345
2025-06-29 02:49:42+00:00,17230065,70130277750,51377576875330831407137,0,56569042961752908,1.3649977678039027
2025-06-29 02:49:50+00:00,17230073,70130277763,51377576885330831407137,0,56569042972239071,1.3649977677912517
2025-06-29 02:49:55+00:00,17230078,70130277750,51377576875316462031129,0,56569042961212796,1.3649977678042846
2025-06-29 02:50:35+00:00,17230118,70130141660,51377676875316462031129,0,56569042961212796,1.3649924621969982
2025-06-29 02:50:43+00:00,17230126,70130279469,51377576218860381210838,0,56569042961212796,1.3649978187031646
2025-06-29 02:50:48+00:00,17230131,70130417278,51377475562799294720452,0,56569042961212796,1.3650031752198248
2025-06-29 02:50:56+00:00,17230139,70130417277,51377475561891068721331,0,56569042960212796,1.365003175224491
2025-06-29 02:51:29+00:00,17230172,70130417278,51377475561160667489978,0,56569042960212796,1.3650031752633602
2025-06-29 02:51:37+00:00,17230180,70130417344,51377475609998696990026,0,56569043013450135,1.365003175250435
2025-06-29 02:51:45+00:00,17230188,70130417345,51377475609998696990025,0,56569043013450135,1.3650031752698988
2025-06-29 02:52:31+00:00,17230234,70130417344,51377475610998696990025,0,56569043013450135,1.365003175223867
2025-06-29 02:52:36+00:00,17230239,70130417343,51377475611998696990025,0,56569043013450135,1.3650031751778349
2025-06-29 02:52:44+00:00,17230247,70130417330,51377475601984347361219,0,56569043002423860,1.3650031751908682
2025-06-29 02:53:25+00:00,17230288,70130281240,51377575601984347361219,0,56569043002423860,1.364997869562599
2025-06-29 02:53:30+00:00,17230293,70130145150,51377675601984347361219,0,56569043002423860,1.3649925639549831
2025-06-29 02:53:38+00:00,17230301,70130282959,51377574945535770306892,0,56569043002423860,1.364997920461282
2025-06-29 02:53:42+00:00,17230305,70130282960,51377574946268372155590,0,56569043003230487,1.364997920461282
2025-06-29 02:53:46+00:00,17230309,70130282959,51377574945360144400291,0,56569043002230487,1.3649979204659481
2025-06-29 02:54:21+00:00,17230344,70130282960,51377574944629740357152,0,56569043002230487,1.3649979205048173
2025-06-29 02:54:29+00:00,17230352,70130283026,51377574993467769857200,0,56569043055467928,1.3649979204918972
2025-06-29 02:54:33+00:00,17230356,70130282958,51377574943072842851674,0,56569042999980825,1.3649979205072533
2025-06-29 02:54:37+00:00,17230360,70130282959,51377574943072842851673,0,56569042999980825,1.364997920526717
2025-06-29 02:55:24+00:00,17230407,70130282958,51377574944072842851673,0,56569042999980825,1.3649979204806855
2025-06-29 02:55:28+00:00,17230411,70130282957,51377574945072842851673,0,56569042999980825,1.3649979204346538
2025-06-29 02:55:33+00:00,17230416,70130282970,51377574955072842851673,0,56569043010466987,1.3649979204220026
2025-06-29 02:56:17+00:00,17230460,70130146880,51377674955072842851673,0,56569043010466987,1.364992614814221
2025-06-29 02:56:21+00:00,17230464,70130010791,51377774955072842851673,0,56569043010466987,1.3649873092465565
2025-06-29 02:56:25+00:00,17230468,70130148600,51377674298236775181680,0,56569043010466987,1.3649926657424971
2025-06-29 02:56:29+00:00,17230472,70130286409,51377573641795704069826,0,56569043010466987,1.3649980222489322
2025-06-29 02:56:37+00:00,17230480,70130286408,51377573640887476337703,0,56569043009466987,1.3649980222535982
2025-06-29 02:57:11+00:00,17230514,70130286409,51377573640157072349030,0,56569043009466987,1.3649980222924671
2025-06-29 02:57:16+00:00,17230519,70130286410,51377573639426668360378,0,56569043009466987,1.3649980223313363
2025-06-29 02:57:24+00:00,17230527,70130286342,51377573589031742642016,0,56569042953979884,1.3649980223466927
2025-06-29 02:58:13+00:00,17230576,70130286341,51377573590031742642016,0,56569042953979884,1.364998022300661
2025-06-29 02:58:18+00:00,17230581,70130286340,51377573591031742642016,0,56569042953979884,1.3649980222546292
2025-06-29 02:58:26+00:00,17230589,70130286327,51377573581017373904891,0,56569042942953609,1.364998022267662
2025-06-29 02:59:07+00:00,17230630,70130150237,51377673581017373904891,0,56569042942953609,1.3649927166595404
2025-06-29 02:59:14+00:00,17230637,70130288046,51377572924580057481254,0,56569042942953609,1.36499807316605
2025-06-29 02:59:18+00:00,17230641,70130425855,51377472268537735265580,0,56569042942953609,1.365003429683054
2025-06-29 02:59:23+00:00,17230646,70130425856,51377472269270334157461,0,56569042943760235,1.365003429683054
2025-06-29 03:00:00+00:00,17230683,70130425857,51377472268539933062266,0,56569042943760235,1.3650034297219231
2025-06-29 03:00:05+00:00,17230688,70130425858,51377472267809531967092,0,56569042943760235,1.3650034297607923
2025-06-29 03:00:10+00:00,17230693,70130425924,51377472316647561467140,0,56569042996997567,1.3650034297478668
2025-06-29 03:00:15+00:00,17230698,70130425856,51377472266252735122548,0,56569042941510464,1.3650034297632259
2025-06-29 03:00:20+00:00,17230703,70130425857,51377472266252735122547,0,56569042941510464,1.3650034297826896
2025-06-29 03:01:07+00:00,17230750,70130425856,51377472267252735122547,0,56569042941510464,1.3650034297366578
2025-06-29 03:01:15+00:00,17230758,70130425869,51377472277252735122547,0,56569042951996605,1.3650034297240057
2025-06-29 03:01:19+00:00,17230762,70130425856,51377472267238386132861,0,56569042940970330,1.365003429737039
2025-06-29 03:01:59+00:00,17230802,70130289766,51377572267238386132861,0,56569042940970330,1.3649981241079299
2025-06-29 03:02:04+00:00,17230807,70130153676,51377672267238386132861,0,56569042940970330,1.3649928184994742
2025-06-29 03:02:12+00:00,17230815,70130291485,51377571610808579515568,0,56569042940970330,1.3649981750061209
2025-06-29 03:02:20+00:00,17230823,70130291484,51377571609900351818232,0,56569042939970330,1.364998175010787
2025-06-29 03:02:53+00:00,17230856,70130291485,51377571609169947911298,0,56569042939970330,1.364998175049656
2025-06-29 03:02:57+00:00,17230860,70130291486,51377571608439544004385,0,56569042939970330,1.3649981750885252
2025-06-29 03:03:05+00:00,17230868,70130291418,51377571558044620216254,0,56569042884483227,1.3649981751038816
2025-06-29 03:03:09+00:00,17230872,70130291419,51377571558044620216253,0,56569042884483227,1.3649981751233453
2025-06-29 03:03:54+00:00,17230917,70130291418,51377571559044620216253,0,56569042884483227,1.3649981750773137
2025-06-29 03:04:02+00:00,17230925,70130291431,51377571569044620216253,0,56569042894969388,1.3649981750646627
2025-06-29 03:04:47+00:00,17230970,70130155341,51377671569044620216253,0,56569042894969388,1.3649928694560356
2025-06-29 03:04:52+00:00,17230975,70130019252,51377771569044620216253,0,56569042894969388,1.3649875638875257
2025-06-29 03:04:59+00:00,17230982,70130157061,51377670912227330242487,0,56569042894969388,1.3649929203838196
2025-06-29 03:05:07+00:00,17230990,70130157060,51377670911319100789010,0,56569042893969388,1.3649929203884854
2025-06-29 03:05:40+00:00,17231023,70130157061,51377670910588694070343,0,56569042893969388,1.3649929204273545
2025-06-29 03:05:45+00:00,17231028,70130157062,51377670909858287351696,0,56569042893969388,1.3649929204662234
2025-06-29 03:05:53+00:00,17231036,70130156994,51377670859463266120405,0,56569042838482285,1.3649929204815774
2025-06-29 03:06:40+00:00,17231083,70130156993,51377670860463266120405,0,56569042838482285,1.364992920435546
2025-06-29 03:06:44+00:00,17231087,70130156992,51377670861463266120405,0,56569042838482285,1.3649929203895144
2025-06-29 03:06:48+00:00,17231091,70130157005,51377670871463266120405,0,56569042848968466,1.3649929203768643
2025-06-29 03:06:53+00:00,17231096,70130156992,51377670861448878403068,0,56569042837942191,1.3649929203898967
2025-06-29 03:07:32+00:00,17231135,70130020903,51377770861448878403068,0,56569042837942191,1.3649876148212146
2025-06-29 03:07:40+00:00,17231143,70130158712,51377670204635344373023,0,56569042837942191,1.364992971317582
2025-06-29 03:07:44+00:00,17231147,70130296521,51377569548216806755736,0,56569042837942191,1.3649983278244437
2025-06-29 03:07:52+00:00,17231155,70130296520,51377569547308579093207,0,56569042836942191,1.3649983278291098
2025-06-29 03:08:25+00:00,17231188,70130296521,51377569546578175268046,0,56569042836942191,1.364998327867979
2025-06-29 03:08:33+00:00,17231196,70130296587,51377569595416204768094,0,56569042890179622,1.3649983278550581
2025-06-29 03:08:41+00:00,17231204,70130296588,51377569595416204768093,0,56569042890179622,1.364998327874522
2025-06-29 03:09:26+00:00,17231249,70130296587,51377569596416204768093,0,56569042890179622,1.3649983278284903
2025-06-29 03:09:35+00:00,17231258,70130296600,51377569606416204768093,0,56569042900665782,1.364998327815839
2025-06-29 03:10:18+00:00,17231301,70130160510,51377669606416204768093,0,56569042900665782,1.3649930222067121
2025-06-29 03:10:26+00:00,17231309,70130298319,51377568950001419778556,0,56569042900665782,1.3649983787136364
2025-06-29 03:10:34+00:00,17231317,70130298320,51377568950734021381308,0,56569042901472409,1.3649983787136364
2025-06-29 03:11:10+00:00,17231353,70130298321,51377568950003617583375,0,56569042901472409,1.3649983787525055
2025-06-29 03:11:18+00:00,17231361,70130298387,51377568998841647083423,0,56569042954709838,1.3649983787395847
2025-06-29 03:11:22+00:00,17231365,70130298319,51377568948446725868109,0,56569042899222735,1.3649983787549413
2025-06-29 03:11:26+00:00,17231369,70130298320,51377568948446725868108,0,56569042899222735,1.364998378774405
2025-06-29 03:12:11+00:00,17231414,70130298319,51377568949446725868108,0,56569042899222735,1.3649983787283735
2025-06-29 03:12:19+00:00,17231422,70130298332,51377568959446725868108,0,56569042909708895,1.3649983787157223
2025-06-29 03:12:23+00:00,17231426,70130298319,51377568949432358025921,0,56569042898682620,1.3649983787287552
2025-06-29 03:13:03+00:00,17231466,70130162229,51377668949432358025921,0,56569042898682620,1.3649930731194613
2025-06-29 03:13:07+00:00,17231470,70130026140,51377768949432358025921,0,56569042898682620,1.3649877675502844
2025-06-29 03:13:12+00:00,17231475,70130163949,51377668292630086515426,0,56569042898682620,1.3649931240468514
2025-06-29 03:13:20+00:00,17231483,70130163950,51377668293362690938395,0,56569042899489249,1.3649931240468514
2025-06-29 03:13:24+00:00,17231487,70130163949,51377668292454461531286,0,56569042898489249,1.3649931240515174
2025-06-29 03:13:58+00:00,17231521,70130163950,51377668291724054921599,0,56569042898489249,1.3649931240903863
2025-06-29 03:14:05+00:00,17231528,70130164016,51377668340562084421647,0,56569042951726780,1.3649931240774706
2025-06-29 03:14:09+00:00,17231532,70130163948,51377668290167065761966,0,56569042896239677,1.3649931240928248
2025-06-29 03:14:14+00:00,17231537,70130163949,51377668290167065761965,0,56569042896239677,1.3649931241122883
2025-06-29 03:14:58+00:00,17231581,70130163948,51377668291167065761965,0,56569042896239677,1.364993124066257
2025-06-29 03:15:03+00:00,17231586,70130163947,51377668292167065761965,0,56569042896239677,1.3649931240202253
2025-06-29 03:15:12+00:00,17231595,70130163934,51377668282152678555745,0,56569042885213402,1.3649931240332576
2025-06-29 03:15:53+00:00,17231636,70130027845,51377768282152678555745,0,56569042885213402,1.3649878184639128
2025-06-29 03:16:01+00:00,17231644,70130165654,51377667625354161508410,0,56569042885213402,1.3649931749605493
2025-06-29 03:16:10+00:00,17231653,70130165655,51377667626086765904053,0,56569042886020031,1.3649931749605493
2025-06-29 03:16:50+00:00,17231693,70130165656,51377667625356359321607,0,56569042886020031,1.3649931749994182
2025-06-29 03:16:58+00:00,17231701,70130165722,51377667674194388821655,0,56569042939257561,1.3649931749865025
2025-06-29 03:17:02+00:00,17231705,70130165654,51377667623799370804488,0,56569042883770458,1.3649931750018567
2025-06-29 03:17:06+00:00,17231709,70130165655,51377667623799370804487,0,56569042883770458,1.3649931750213204
2025-06-29 03:17:54+00:00,17231757,70130165654,51377667624799370804487,0,56569042883770458,1.3649931749752888
2025-06-29 03:18:02+00:00,17231765,70130165667,51377667634799370804487,0,56569042894256638,1.3649931749626387
2025-06-29 03:18:46+00:00,17231809,70130029578,51377767634799370804487,0,56569042894256638,1.3649878693931279
2025-06-29 03:18:51+00:00,17231814,70129893489,51377867634799370804487,0,56569042894256638,1.3649825638442703
2025-06-29 03:18:59+00:00,17231822,70130031298,51377766977613366994347,0,56569042894256638,1.3649879203305484
2025-06-29 03:19:06+00:00,17231829,70130031297,51377766976705135842662,0,56569042893256638,1.3649879203352144
2025-06-29 03:19:41+00:00,17231864,70130031298,51377766975974726448460,0,56569042893256638,1.3649879203740833
2025-06-29 03:19:48+00:00,17231871,70130031364,51377767024812755948508,0,56569042946494270,1.3649879203611728
2025-06-29 03:19:52+00:00,17231875,70130031296,51377766974417640487350,0,56569042891007167,1.3649879203765243
2025-06-29 03:19:57+00:00,17231880,70130031297,51377766974417640487349,0,56569042891007167,1.3649879203959878
2025-06-29 03:20:43+00:00,17231926,70130031296,51377766975417640487349,0,56569042891007167,1.3649879203499564
2025-06-29 03:20:51+00:00,17231934,70130031309,51377766985417640487349,0,56569042901493367,1.3649879203373074
2025-06-29 03:21:36+00:00,17231979,70129895220,51377866985417640487349,0,56569042901493367,1.3649826147882835
2025-06-29 03:21:44+00:00,17231987,70130033029,51377766328235393409582,0,56569042901493367,1.3649879712746296
2025-06-29 03:21:52+00:00,17231995,70130033030,51377766328968000598102,0,56569042902299997,1.3649879712746296
2025-06-29 03:21:57+00:00,17232000,70130033029,51377766328059769458012,0,56569042901299997,1.3649879712792954
2025-06-29 03:22:30+00:00,17232033,70130033030,51377766327329360091070,0,56569042901299997,1.3649879713181643
2025-06-29 03:22:34+00:00,17232037,70130033031,51377766326598950724149,0,56569042901299997,1.3649879713570334
2025-06-29 03:22:38+00:00,17232041,70130033097,51377766375436980224197,0,56569042954537628,1.3649879713441226
2025-06-29 03:22:42+00:00,17232045,70130033029,51377766325041865407161,0,56569042899050525,1.3649879713594741
2025-06-29 03:22:46+00:00,17232049,70130033030,51377766325041865407160,0,56569042899050525,1.364987971378938
2025-06-29 03:23:33+00:00,17232096,70130033029,51377766326041865407160,0,56569042899050525,1.3649879713329065
2025-06-29 03:23:41+00:00,17232104,70130033042,51377766336041865407160,0,56569042909536725,1.3649879713202575
2025-06-29 03:24:25+00:00,17232148,70129896953,51377866336041865407160,0,56569042909536725,1.3649826657710673
2025-06-29 03:24:33+00:00,17232156,70130034762,51377765678863377920501,0,56569042909536725,1.3649880222574808
2025-06-29 03:24:41+00:00,17232164,70130034763,51377765679595985081658,0,56569042910343355,1.3649880222574808
2025-06-29 03:24:45+00:00,17232168,70130034762,51377765678687753953177,0,56569042909343355,1.3649880222621467
2025-06-29 03:25:19+00:00,17232202,70130034763,51377765677957344613516,0,56569042909343355,1.3649880223010158
2025-06-29 03:25:24+00:00,17232207,70130034764,51377765677226935273876,0,56569042909343355,1.3649880223398847
2025-06-29 03:25:33+00:00,17232216,70130034696,51377765626831821101434,0,56569042853856252,1.3649880223552362
2025-06-29 03:26:22+00:00,17232265,70130034695,51377765627831821101434,0,56569042853856252,1.3649880223092048
2025-06-29 03:26:26+00:00,17232269,70130034694,51377765628831821101434,0,56569042853856252,1.3649880222631734
2025-06-29 03:26:30+00:00,17232273,70130034707,51377765638831821101434,0,56569042864342451,1.3649880222505244
2025-06-29 03:26:35+00:00,17232278,70130034694,51377765628817414915036,0,56569042853316176,1.3649880222635562
2025-06-29 03:27:14+00:00,17232317,70129898605,51377865628817414915036,0,56569042853316176,1.364982716714194
2025-06-29 03:27:23+00:00,17232326,70130036414,51377764971642684095028,0,56569042853316176,1.3649880732006812
2025-06-29 03:27:31+00:00,17232334,70130036415,51377764972375291228843,0,56569042854122806,1.3649880732006812
2025-06-29 03:28:07+00:00,17232370,70130036416,51377764971644881916440,0,56569042854122806,1.3649880732395503
2025-06-29 03:28:15+00:00,17232378,70130036482,51377765020482911416488,0,56569042907360434,1.3649880732266393
2025-06-29 03:28:23+00:00,17232386,70130036483,51377765020482911416487,0,56569042907360434,1.364988073246103
2025-06-29 03:29:07+00:00,17232430,70130036482,51377765021482911416487,0,56569042907360434,1.3649880732000716
2025-06-29 03:29:11+00:00,17232434,70130036481,51377765022482911416487,0,56569042907360434,1.3649880731540402
2025-06-29 03:29:19+00:00,17232442,70130036468,51377765012468505357841,0,56569042896334159,1.364988073167072
2025-06-29 03:30:00+00:00,17232483,70129900379,51377865012468505357841,0,56569042896334159,1.364982767617547
2025-06-29 03:30:08+00:00,17232491,70130038188,51377764355297528270869,0,56569042896334159,1.3649881241040986
2025-06-29 03:30:16+00:00,17232499,70130038189,51377764356030135377364,0,56569042897140789,1.3649881241040986
2025-06-29 03:30:20+00:00,17232503,70130038188,51377764355121904272068,0,56569042896140789,1.3649881241087647
2025-06-29 03:30:54+00:00,17232537,70130038189,51377764354391494986906,0,56569042896140789,1.3649881241476336
2025-06-29 03:31:02+00:00,17232545,70130038255,51377764403229524486954,0,56569042949378416,1.3649881241347228
2025-06-29 03:31:10+00:00,17232553,70130038256,51377764403229524486953,0,56569042949378416,1.3649881241541864
2025-06-29 03:31:55+00:00,17232598,70130038255,51377764404229524486953,0,56569042949378416,1.364988124108155
2025-06-29 03:31:59+00:00,17232602,70130038254,51377764405229524486953,0,56569042949378416,1.3649881240621238
2025-06-29 03:32:07+00:00,17232610,70130038241,51377764395215118556059,0,56569042938352141,1.3649881240751556
2025-06-29 03:32:47+00:00,17232650,70129902152,51377864395215118556059,0,56569042938352141,1.3649828185254675
2025-06-29 03:32:51+00:00,17232654,70129766064,51377964395215118556059,0,56569042938352141,1.3649775130158963
2025-06-29 03:32:59+00:00,17232662,70129903873,51377863737656653165290,0,56569042938352141,1.3649828694920867
2025-06-29 03:33:03+00:00,17232666,70129903874,51377863738389263092015,0,56569042939158773,1.3649828694920867
2025-06-29 03:33:41+00:00,17232704,70129903875,51377863737658850995081,0,56569042939158773,1.3649828695309554
2025-06-29 03:33:49+00:00,17232712,70129903941,51377863786496880495129,0,56569042992396502,1.3649828695180497
2025-06-29 03:33:57+00:00,17232720,70129903942,51377863786496880495128,0,56569042992396502,1.3649828695375132
2025-06-29 03:34:40+00:00,17232763,70129903941,51377863787496880495128,0,56569042992396502,1.364982869491482
2025-06-29 03:34:48+00:00,17232771,70129903954,51377863797496880495128,0,56569043002882721,1.3649828694788342
2025-06-29 03:35:31+00:00,17232814,70129767866,51377963797496880495128,0,56569043002882721,1.364977563969102
2025-06-29 03:35:39+00:00,17232822,70129905675,51377863139942172542205,0,56569043002882721,1.3649829204453545
2025-06-29 03:35:46+00:00,17232829,70129905676,51377863140674782441582,0,56569043003689353,1.3649829204453545
2025-06-29 03:35:51+00:00,17232834,70129905675,51377863139766549591730,0,56569043002689353,1.3649829204500203
2025-06-29 03:36:24+00:00,17232867,70129905676,51377863139036137522064,0,56569043002689353,1.3649829204888893
2025-06-29 03:36:32+00:00,17232875,70129905742,51377863187874167022112,0,56569043055927080,1.3649829204759834
2025-06-29 03:36:36+00:00,17232879,70129905674,51377863137478957334598,0,56569043000439977,1.3649829204913324
2025-06-29 03:36:41+00:00,17232884,70129905675,51377863137478957334597,0,56569043000439977,1.3649829205107962
2025-06-29 03:37:25+00:00,17232928,70129905674,51377863138478957334597,0,56569043000439977,1.364982920464765
2025-06-29 03:37:33+00:00,17232936,70129905687,51377863148478957334597,0,56569043010926196,1.3649829204521169
2025-06-29 03:38:16+00:00,17232979,70129769599,51377963148478957334597,0,56569043010926196,1.3649776149422184
2025-06-29 03:38:20+00:00,17232983,70129633511,51378063148478957334597,0,56569043010926196,1.3649723094529729
2025-06-29 03:38:25+00:00,17232988,70129771320,51377962490536764430246,0,56569043010926196,1.3649776659188675
2025-06-29 03:38:33+00:00,17232996,70129771321,51377962491269377149829,0,56569043011732829,1.3649776659188675
2025-06-29 03:39:10+00:00,17233033,70129771322,51377962490538962268415,0,56569043011732829,1.3649776659577364
2025-06-29 03:39:18+00:00,17233041,70129771388,51377962539376991768463,0,56569043064970658,1.3649776659448356
2025-06-29 03:39:26+00:00,17233049,70129771389,51377962539376991768462,0,56569043064970658,1.3649776659642991
2025-06-29 03:40:11+00:00,17233094,70129771388,51377962540376991768462,0,56569043064970658,1.3649776659182682
2025-06-29 03:40:20+00:00,17233103,70129771401,51377962550376991768462,0,56569043075456897,1.3649776659056212
2025-06-29 03:41:03+00:00,17233146,70129635313,51378062550376991768462,0,56569043075456897,1.3649723604162145
2025-06-29 03:41:11+00:00,17233154,70129773122,51377961892438557070703,0,56569043075456897,1.3649777168821717
2025-06-29 03:41:20+00:00,17233163,70129773123,51377961893171169762933,0,56569043076263530,1.3649777168821717
2025-06-29 03:41:56+00:00,17233199,70129773124,51377961892440754908790,0,56569043076263530,1.3649777169210404
2025-06-29 03:42:05+00:00,17233207,70129773190,51377961941278784408838,0,56569043129501358,1.3649777169081396
2025-06-29 03:42:13+00:00,17233215,70129773191,51377961941278784408837,0,56569043129501358,1.3649777169276032
2025-06-29 03:42:57+00:00,17233259,70129773190,51377961942278784408837,0,56569043129501358,1.3649777168815722
2025-06-29 03:43:05+00:00,17233267,70129773203,51377961952278784408837,0,56569043139987596,1.3649777168689252
2025-06-29 03:43:48+00:00,17233310,70129637115,51378061952278784408837,0,56569043139987596,1.3649724113793575
2025-06-29 03:43:56+00:00,17233318,70129774924,51377961294344107910114,0,56569043139987596,1.3649777678453772
2025-06-29 03:44:05+00:00,17233327,70129774925,51377961295076720574991,0,56569043140794229,1.3649777678453772
2025-06-29 03:44:43+00:00,17233365,70129774926,51377961294346305748119,0,56569043140794229,1.3649777678842459
2025-06-29 03:44:47+00:00,17233369,70129774927,51377961293615890921268,0,56569043140794229,1.3649777679231148
2025-06-29 03:44:52+00:00,17233374,70129774993,51377961342453920421316,0,56569043194032056,1.3649777679102137
2025-06-29 03:45:00+00:00,17233382,70129774994,51377961342453920421315,0,56569043194032056,1.3649777679296773
2025-06-29 03:45:46+00:00,17233428,70129774993,51377961343453920421315,0,56569043194032056,1.3649777678836463
2025-06-29 03:45:53+00:00,17233435,70129775006,51377961353453920421315,0,56569043204518294,1.3649777678709993
2025-06-29 03:45:57+00:00,17233439,70129774993,51377961343439476147008,0,56569043193492019,1.36497776788403
2025-06-29 03:46:38+00:00,17233480,70129638905,51378061343439476147008,0,56569043193492019,1.3649724623943005
2025-06-29 03:46:46+00:00,17233488,70129776714,51377960685508561666969,0,56569043193492019,1.3649778188603834
2025-06-29 03:46:54+00:00,17233496,70129776715,51377960686241174304465,0,56569043194298652,1.3649778188603834
2025-06-29 03:47:32+00:00,17233534,70129776716,51377960685510759504892,0,56569043194298652,1.364977818899252
2025-06-29 03:47:39+00:00,17233541,70129776782,51377960734348789004940,0,56569043247536478,1.364977818886351
2025-06-29 03:47:47+00:00,17233549,70129776783,51377960734348789004939,0,56569043247536478,1.3649778189058146
2025-06-29 03:48:35+00:00,17233597,70129776782,51377960735348789004939,0,56569043247536478,1.3649778188597836
2025-06-29 03:48:43+00:00,17233605,70129776795,51377960745348789004939,0,56569043258022716,1.3649778188471366
2025-06-29 03:49:30+00:00,17233652,70129640707,51378060745348789004939,0,56569043258022716,1.3649725133572461
2025-06-29 03:49:34+00:00,17233656,70129504620,51378160745348789004939,0,56569043258022716,1.3649672079074717
2025-06-29 03:49:39+00:00,17233661,70129642429,51378060087030388837547,0,56569043258022716,1.3649725643631914
2025-06-29 03:49:47+00:00,17233669,70129642430,51378060087763004295255,0,56569043258829351,1.3649725643631914
2025-06-29 03:49:52+00:00,17233674,70129642429,51378060086854767967965,0,56569043257829351,1.3649725643678572
2025-06-29 03:50:25+00:00,17233707,70129642430,51378060086124350356643,0,56569043257829351,1.3649725644067259
2025-06-29 03:50:33+00:00,17233715,70129642496,51378060134962379856691,0,56569043311067279,1.36497256439383
2025-06-29 03:50:37+00:00,17233719,70129642428,51378060084566977216196,0,56569043255580176,1.3649725644091737
2025-06-29 03:51:27+00:00,17233769,70129642427,51378060085566977216196,0,56569043255580176,1.364972564363143
2025-06-29 03:51:34+00:00,17233776,70129642440,51378060095566977216196,0,56569043266066434,1.364972564350497
2025-06-29 03:51:38+00:00,17233780,70129642427,51378060085552513706256,0,56569043255040159,1.3649725643635273
2025-06-29 03:52:17+00:00,17233819,70129506340,51378160085552513706256,0,56569043255040159,1.3649672589135855
2025-06-29 03:52:25+00:00,17233827,70129644149,51378059427237874935342,0,56569043255040159,1.364972615369374
2025-06-29 03:52:33+00:00,17233835,70129644150,51378059427970490365673,0,56569043255846794,1.364972615369374
2025-06-29 03:53:09+00:00,17233871,70129644151,51378059427240072781643,0,56569043255846794,1.3649726154082427
2025-06-29 03:53:17+00:00,17233879,70129644217,51378059476078102281691,0,56569043309084720,1.3649726153953465
2025-06-29 03:53:25+00:00,17233887,70129644218,51378059476078102281690,0,56569043309084720,1.3649726154148103
2025-06-29 03:54:09+00:00,17233931,70129644217,51378059477078102281690,0,56569043309084720,1.3649726153687793
2025-06-29 03:54:17+00:00,17233939,70129644230,51378059487078102281690,0,56569043319570978,1.3649726153561335
2025-06-29 03:55:02+00:00,17233984,70129508143,51378159487078102281690,0,56569043319570978,1.3649673099060307
2025-06-29 03:55:10+00:00,17233992,70129645952,51378058828767223898754,0,56569043319570978,1.3649726663618815
2025-06-29 03:55:18+00:00,17234000,70129645953,51378058829499839301716,0,56569043320377613,1.3649726663618815
2025-06-29 03:55:55+00:00,17234037,70129645954,51378058828769421744973,0,56569043320377613,1.3649726664007502
2025-06-29 03:56:03+00:00,17234045,70129646020,51378058877607451245021,0,56569043373615538,1.364972666387854
2025-06-29 03:56:11+00:00,17234053,70129646021,51378058877607451245020,0,56569043373615538,1.3649726664073176
2025-06-29 03:56:56+00:00,17234098,70129646020,51378058878607451245020,0,56569043373615538,1.364972666361287
2025-06-29 03:57:03+00:00,17234105,70129646033,51378058888607451245020,0,56569043384101796,1.3649726663486408
2025-06-29 03:57:07+00:00,17234109,70129646020,51378058878592987991233,0,56569043373075521,1.364972666361671
2025-06-29 03:57:47+00:00,17234149,70129509933,51378158878592987991233,0,56569043373075521,1.3649673609114061
2025-06-29 03:57:51+00:00,17234153,70129373847,51378258878592987991233,0,56569043373075521,1.3649620555012572
2025-06-29 03:57:59+00:00,17234161,70129511656,51378158219894627046744,0,56569043373075521,1.3649674119467459
2025-06-29 03:58:07+00:00,17234169,70129511655,51378158218986388986556,0,56569043372075521,1.3649674119514117
2025-06-29 03:58:40+00:00,17234202,70129511656,51378158218255968618087,0,56569043372075521,1.3649674119902804
2025-06-29 03:58:45+00:00,17234207,70129511657,51378158217525548249639,0,56569043372075521,1.3649674120291488
2025-06-29 03:58:52+00:00,17234214,70129511589,51378158167130049456860,0,56569043316588418,1.3649674120444903
2025-06-29 03:59:41+00:00,17234263,70129511588,51378158168130049456860,0,56569043316588418,1.3649674119984598
2025-06-29 03:59:49+00:00,17234271,70129511601,51378158178130049456860,0,56569043327074696,1.3649674119858148
2025-06-29 03:59:53+00:00,17234275,70129511588,51378158168115566839750,0,56569043316048421,1.3649674119988444
2025-06-29 04:00:36+00:00,17234318,70129375502,51378258168115566839750,0,56569043316048421,1.3649621065885227
2025-06-29 04:00:44+00:00,17234326,70129513311,51378157509420973304833,0,56569043316048421,1.3649674630340856
2025-06-29 04:00:52+00:00,17234334,70129513312,51378157510153591500564,0,56569043316855057,1.3649674630340856
2025-06-29 04:01:28+00:00,17234370,70129513313,51378157509423171159431,0,56569043316855057,1.3649674630729542
2025-06-29 04:01:36+00:00,17234378,70129513379,51378157558261200659479,0,56569043370093083,1.3649674630600632
2025-06-29 04:01:44+00:00,17234386,70129513380,51378157558261200659478,0,56569043370093083,1.3649674630795268
2025-06-29 04:02:29+00:00,17234431,70129513379,51378157559261200659478,0,56569043370093083,1.364967463033496
2025-06-29 04:02:36+00:00,17234438,70129513392,51378157569261200659478,0,56569043380579360,1.364967463020851
2025-06-29 04:03:18+00:00,17234480,70129377306,51378257569261200659478,0,56569043380579360,1.364962157610368
2025-06-29 04:03:26+00:00,17234488,70129515115,51378156910570369709044,0,56569043380579360,1.3649675140559936
2025-06-29 04:03:34+00:00,17234496,70129515116,51378156911302987877390,0,56569043381385996,1.3649675140559936
2025-06-29 04:03:38+00:00,17234500,70129515115,51378156910394749840468,0,56569043380385996,1.3649675140606592
2025-06-29 04:04:11+00:00,17234533,70129515116,51378156909664329526640,0,56569043380385996,1.3649675140995279
2025-06-29 04:04:15+00:00,17234537,70129515117,51378156908933909212833,0,56569043380385996,1.3649675141383966
2025-06-29 04:04:19+00:00,17234541,70129515183,51378156957771938712881,0,56569043433624020,1.3649675141255053
2025-06-29 04:04:23+00:00,17234545,70129515115,51378156907376441210593,0,56569043378136917,1.3649675141408468
2025-06-29 04:04:28+00:00,17234550,70129515116,51378156907376441210592,0,56569043378136917,1.3649675141603104
2025-06-29 04:05:13+00:00,17234595,70129515115,51378156908376441210592,0,56569043378136917,1.3649675141142799
2025-06-29 04:05:21+00:00,17234603,70129515128,51378156918376441210592,0,56569043388623194,1.3649675141016349
2025-06-29 04:05:25+00:00,17234607,70129515115,51378156908361958849926,0,56569043377596919,1.3649675141146644
2025-06-29 04:06:05+00:00,17234647,70129379029,51378256908361958849926,0,56569043377596919,1.3649622087040139
2025-06-29 04:06:14+00:00,17234656,70129516838,51378156249674895778807,0,56569043377596919,1.3649675651497082
2025-06-29 04:06:22+00:00,17234664,70129516839,51378156250407513919729,0,56569043378403555,1.3649675651497082
2025-06-29 04:06:27+00:00,17234669,70129516838,51378156249499275894442,0,56569043377403555,1.3649675651543738
2025-06-29 04:07:02+00:00,17234704,70129516839,51378156248768855607955,0,56569043377403555,1.3649675651932425
2025-06-29 04:07:10+00:00,17234712,70129516905,51378156297606885108003,0,56569043430641578,1.3649675651803512
2025-06-29 04:07:15+00:00,17234717,70129516837,51378156247211388250597,0,56569043375154475,1.3649675651956927
2025-06-29 04:08:05+00:00,17234767,70129516836,51378156248211388250597,0,56569043375154475,1.3649675651496622
2025-06-29 04:08:10+00:00,17234772,70129516835,51378156249211388250597,0,56569043375154475,1.3649675651036315
2025-06-29 04:08:18+00:00,17234780,70129516822,51378156239196906017978,0,56569043364128200,1.3649675651166613
2025-06-29 04:08:58+00:00,17234820,70129380735,51378256239196906017978,0,56569043364128200,1.3649622596863789
2025-06-29 04:09:06+00:00,17234828,70129518544,51378155580513602619576,0,56569043364128200,1.3649676161321427
2025-06-29 04:09:14+00:00,17234836,70129518545,51378155581246220733135,0,56569043364934836,1.3649676161321427
2025-06-29 04:09:52+00:00,17234874,70129518546,51378155580515800473927,0,56569043364934836,1.3649676161710114
2025-06-29 04:10:00+00:00,17234882,70129518612,51378155629353829973975,0,56569043418172858,1.3649676161581201
2025-06-29 04:10:08+00:00,17234890,70129518613,51378155629353829973974,0,56569043418172858,1.3649676161775837
2025-06-29 04:10:52+00:00,17234934,70129518612,51378155630353829973974,0,56569043418172858,1.3649676161315532
2025-06-29 04:11:00+00:00,17234942,70129518625,51378155640353829973974,0,56569043428659135,1.3649676161189082
2025-06-29 04:11:44+00:00,17234986,70129382538,51378255640353829973974,0,56569043428659135,1.3649623106884645
2025-06-29 04:11:51+00:00,17234993,70129520347,51378154981674287702040,0,56569043428659135,1.364967667134291
2025-06-29 04:11:55+00:00,17234997,70129658156,51378054323389752761011,0,56569043428659135,1.3649730235906115
2025-06-29 04:12:37+00:00,17235037,70129658157,51378054322659335395426,0,56569043428659135,1.3649730236294801
2025-06-29 04:12:45+00:00,17235045,70129658223,51378054371497364895474,0,56569043481897051,1.3649730236165838
2025-06-29 04:12:49+00:00,17235049,70129658155,51378054321101968060398,0,56569043426409948,1.364973023631928
2025-06-29 04:13:37+00:00,17235097,70129658154,51378054322101968060398,0,56569043426409948,1.3649730235858972
2025-06-29 04:13:41+00:00,17235101,70129658153,51378054323101968060398,0,56569043426409948,1.3649730235398665
2025-06-29 04:13:45+00:00,17235105,70129658166,51378054333101968060398,0,56569043436896204,1.3649730235272204
2025-06-29 04:13:49+00:00,17235109,70129658153,51378054323087505703904,0,56569043425869929,1.3649730235402506
2025-06-29 04:14:28+00:00,17235148,70129522066,51378154323087505703904,0,56569043425869929,1.36496771808882
2025-06-29 04:14:36+00:00,17235156,70129659875,51378053664806728352765,0,56569043425869929,1.3649730745452093
2025-06-29 04:14:41+00:00,17235161,70129797684,51377953006920955981797,0,56569043425869929,1.3649784310120927
2025-06-29 04:14:49+00:00,17235169,70129797683,51377953006012721550111,0,56569043424869929,1.3649784310167585
2025-06-29 04:15:23+00:00,17235203,70129797684,51377953005282307078109,0,56569043424869929,1.3649784310556274
2025-06-29 04:15:31+00:00,17235211,70129797750,51377953054120336578157,0,56569043478107739,1.3649784310427258
2025-06-29 04:15:39+00:00,17235219,70129797751,51377953054120336578156,0,56569043478107739,1.3649784310621895
2025-06-29 04:16:23+00:00,17235263,70129797750,51377953055120336578156,0,56569043478107739,1.3649784310161583
2025-06-29 04:16:30+00:00,17235270,70129797763,51377953065120336578156,0,56569043488593974,1.3649784310035113
2025-06-29 04:16:34+00:00,17235274,70129797750,51377953055105893969677,0,56569043477567699,1.364978431016542
2025-06-29 04:17:14+00:00,17235314,70129661662,51378053055105893969677,0,56569043477567699,1.3649731255246658
2025-06-29 04:17:22+00:00,17235322,70129799471,51377952397223880996866,0,56569043477567699,1.3649784819916129
2025-06-29 04:17:30+00:00,17235330,70129799472,51377952397956493278446,0,56569043478374332,1.3649784819916129
2025-06-29 04:18:06+00:00,17235366,70129799473,51377952397226078833721,0,56569043478374332,1.3649784820304818
2025-06-29 04:18:10+00:00,17235370,70129799474,51377952396495664389017,0,56569043478374332,1.3649784820693505
2025-06-29 04:18:14+00:00,17235374,70129799540,51377952445333693889065,0,56569043531612140,1.3649784820564488
2025-06-29 04:18:22+00:00,17235382,70129799541,51377952445333693889064,0,56569043531612140,1.3649784820759125
2025-06-29 04:19:05+00:00,17235425,70129799540,51377952446333693889064,0,56569043531612140,1.3649784820298814
2025-06-29 04:19:09+00:00,17235429,70129799539,51377952447333693889064,0,56569043531612140,1.3649784819838504
2025-06-29 04:19:13+00:00,17235433,70129799552,51377952457333693889064,0,56569043542098375,1.3649784819712032
2025-06-29 04:19:17+00:00,17235437,70129799539,51377952447319251408525,0,56569043531072100,1.364978481984234
2025-06-29 04:19:57+00:00,17235477,70129663451,51378052447319251408525,0,56569043531072100,1.364973176492196
2025-06-29 04:20:05+00:00,17235485,70129801260,51377951789440996954087,0,56569043531072100,1.3649785329592063
2025-06-29 04:20:14+00:00,17235494,70129801261,51377951790173609208312,0,56569043531878733,1.3649785329592063
2025-06-29 04:20:50+00:00,17235530,70129801262,51377951789443194790861,0,56569043531878733,1.364978532998075
2025-06-29 04:20:58+00:00,17235538,70129801328,51377951838281224290909,0,56569043585116540,1.3649785329851734
2025-06-29 04:21:05+00:00,17235545,70129801329,51377951838281224290908,0,56569043585116540,1.3649785330046371
2025-06-29 04:21:50+00:00,17235590,70129801328,51377951839281224290908,0,56569043585116540,1.364978532958606
2025-06-29 04:21:54+00:00,17235594,70129801327,51377951840281224290908,0,56569043585116540,1.364978532912575
2025-06-29 04:21:58+00:00,17235598,70129801340,51377951850281224290908,0,56569043595602774,1.3649785328999278
2025-06-29 04:22:43+00:00,17235643,70129665252,51378051850281224290908,0,56569043595602774,1.3649732274077289
2025-06-29 04:22:51+00:00,17235651,70129803061,51377951192406724520080,0,56569043595602774,1.3649785838748014
2025-06-29 04:22:58+00:00,17235658,70129803062,51377951193139336746977,0,56569043596409407,1.3649785838748014
2025-06-29 04:23:02+00:00,17235662,70129803061,51377951192231102350093,0,56569043595409407,1.3649785838794672
2025-06-29 04:23:36+00:00,17235696,70129803062,51377951191500687959890,0,56569043595409407,1.3649785839183362
2025-06-29 04:23:44+00:00,17235704,70129803128,51377951240338717459938,0,56569043648647213,1.3649785839054345
2025-06-29 04:23:52+00:00,17235712,70129803129,51377951240338717459937,0,56569043648647213,1.364978583924898
2025-06-29 04:24:35+00:00,17235755,70129803128,51377951241338717459937,0,56569043648647213,1.364978583878867
2025-06-29 04:24:39+00:00,17235759,70129803127,51377951242338717459937,0,56569043648647213,1.364978583832836
2025-06-29 04:24:44+00:00,17235764,70129803140,51377951252338717459937,0,56569043659133447,1.3649785838201889
2025-06-29 04:25:27+00:00,17235807,70129667052,51378051252338717459937,0,56569043659133447,1.364973278327829
2025-06-29 04:25:35+00:00,17235815,70129804861,51377950594467972709239,0,56569043659133447,1.364978634794964
2025-06-29 04:25:39+00:00,17235819,70129942670,51377849936992230513029,0,56569043659133447,1.3649839912725932
2025-06-29 04:25:47+00:00,17235827,70129942669,51377849936083997907109,0,56569043658133447,1.364983991277259
2025-06-29 04:26:20+00:00,17235860,70129942670,51377849935353586410449,0,56569043658133447,1.364983991316128
2025-06-29 04:26:25+00:00,17235865,70129942671,51377849934623174913810,0,56569043658133447,1.3649839913549968
2025-06-29 04:26:33+00:00,17235873,70129942603,51377849884227978762548,0,56569043602646344,1.3649839913703465
2025-06-29 04:27:21+00:00,17235921,70129942602,51377849885227978762548,0,56569043602646344,1.3649839913243154
2025-06-29 04:27:25+00:00,17235925,70129942601,51377849886227978762548,0,56569043602646344,1.3649839912782842
2025-06-29 04:27:29+00:00,17235929,70129942614,51377849896227978762548,0,56569043613132557,1.3649839912656359
2025-06-29 04:28:14+00:00,17235974,70129806526,51377949896227978762548,0,56569043613132557,1.3649786857522848
2025-06-29 04:28:22+00:00,17235982,70129944335,51377849238755994301856,0,56569043613132557,1.3649840422299866
2025-06-29 04:28:30+00:00,17235990,70129944336,51377849239488603599153,0,56569043613939188,1.3649840422299866
2025-06-29 04:28:35+00:00,17235995,70129944335,51377849238580371004837,0,56569043612939188,1.3649840422346526
2025-06-29 04:29:08+00:00,17236028,70129944336,51377849237849959535445,0,56569043612939188,1.3649840422735213
2025-06-29 04:29:16+00:00,17236036,70129944402,51377849286687989035493,0,56569043666176887,1.3649840422606145
2025-06-29 04:29:24+00:00,17236044,70129944403,51377849286687989035492,0,56569043666176887,1.364984042280078
2025-06-29 04:30:09+00:00,17236089,70129944402,51377849287687989035492,0,56569043666176887,1.364984042234047
2025-06-29 04:30:17+00:00,17236097,70129944415,51377849297687989035492,0,56569043676663100,1.3649840422213986
2025-06-29 04:30:22+00:00,17236102,70129944402,51377849287673566686356,0,56569043665636825,1.3649840422344302
2025-06-29 04:31:02+00:00,17236142,70129808314,51377949287673566686356,0,56569043665636825,1.364978736720917
2025-06-29 04:31:10+00:00,17236150,70129946123,51377848630205340794695,0,56569043665636825,1.3649840931986823
2025-06-29 04:31:18+00:00,17236158,70129946124,51377848630937950064636,0,56569043666443456,1.3649840931986823
2025-06-29 04:31:56+00:00,17236196,70129946125,51377848630207538622515,0,56569043666443456,1.3649840932375512
2025-06-29 04:32:04+00:00,17236204,70129946191,51377848679045568122563,0,56569043719681153,1.3649840932246442
2025-06-29 04:32:09+00:00,17236209,70129946123,51377848628650373257695,0,56569043664194050,1.364984093239994
2025-06-29 04:32:58+00:00,17236258,70129946122,51377848629650373257695,0,56569043664194050,1.3649840931939627
2025-06-29 04:33:02+00:00,17236262,70129946121,51377848630650373257695,0,56569043664194050,1.3649840931479316
2025-06-29 04:33:07+00:00,17236267,70129946134,51377848640650373257695,0,56569043674680263,1.3649840931352832
2025-06-29 04:33:11+00:00,17236271,70129946121,51377848630635951036276,0,56569043663653988,1.3649840931483148
2025-06-29 04:33:51+00:00,17236311,70129810033,51377948630635951036276,0,56569043663653988,1.3649787876346346
2025-06-29 04:33:55+00:00,17236315,70129673945,51378048630635951036276,0,56569043663653988,1.3649734821416075
2025-06-29 04:33:59+00:00,17236319,70129811754,51377947972780236199915,0,56569043663653988,1.3649788386090158
2025-06-29 04:34:03+00:00,17236323,70129949563,51377847315319523820236,0,56569043663653988,1.3649841950869182
2025-06-29 04:34:07+00:00,17236327,70129949564,51377847316052133035492,0,56569043664460619,1.3649841950869182
2025-06-29 04:34:12+00:00,17236332,70129949563,51377847315143900475989,0,56569043663460619,1.364984195091584
2025-06-29 04:34:46+00:00,17236366,70129949564,51377847314413489088392,0,56569043663460619,1.3649841951304529
2025-06-29 04:34:54+00:00,17236374,70129949630,51377847363251518588440,0,56569043716698314,1.3649841951175459
2025-06-29 04:35:02+00:00,17236382,70129949631,51377847363251518588439,0,56569043716698314,1.3649841951370094
2025-06-29 04:35:48+00:00,17236428,70129949630,51377847364251518588439,0,56569043716698314,1.3649841950909782
2025-06-29 04:35:52+00:00,17236432,70129949629,51377847365251518588439,0,56569043716698314,1.364984195044947
2025-06-29 04:35:56+00:00,17236436,70129949642,51377847375251518588439,0,56569043727184526,1.3649841950322987
2025-06-29 04:36:00+00:00,17236440,70129949629,51377847365237096622962,0,56569043716158251,1.3649841950453303
2025-06-29 04:36:43+00:00,17236483,70129813541,51377947365237096622962,0,56569043716158251,1.364978889531321
2025-06-29 04:36:51+00:00,17236491,70129951350,51377846707780139395206,0,56569043716158251,1.364984246009287
2025-06-29 04:36:56+00:00,17236496,70130089159,51377746050718182273063,0,56569043716158251,1.364989602497747
2025-06-29 04:37:04+00:00,17236504,70130089158,51377746049809951504509,0,56569043715158251,1.3649896025024129
2025-06-29 04:37:38+00:00,17236538,70130089159,51377746049079543010439,0,56569043715158251,1.3649896025412818
2025-06-29 04:37:46+00:00,17236546,70130089225,51377746097917572510487,0,56569043768395840,1.3649896025283696
2025-06-29 04:37:50+00:00,17236550,70130089157,51377746047522478308176,0,56569043712908737,1.3649896025437223
2025-06-29 04:37:55+00:00,17236555,70130089158,51377746047522478308175,0,56569043712908737,1.3649896025631858
2025-06-29 04:38:41+00:00,17236601,70130089157,51377746048522478308175,0,56569043712908737,1.3649896025171544
2025-06-29 04:38:50+00:00,17236610,70130089170,51377746058522478308175,0,56569043723394928,1.3649896025045052
2025-06-29 04:39:36+00:00,17236656,70129953081,51377846058522478308175,0,56569043723394928,1.364984296950046
2025-06-29 04:39:44+00:00,17236664,70130090890,51377745401464277669174,0,56569043723394928,1.3649896534385737
2025-06-29 04:39:48+00:00,17236668,70130228699,51377644744801074785046,0,56569043723394928,1.3649950099375956
2025-06-29 04:39:52+00:00,17236672,70130228700,51377644745533678195842,0,56569043724201556,1.3649950099375956
2025-06-29 04:39:56+00:00,17236676,70130228699,51377644744625449218241,0,56569043723201556,1.3649950099422616
2025-06-29 04:40:32+00:00,17236712,70130228700,51377644743895043617691,0,56569043723201556,1.3649950099811305
2025-06-29 04:40:40+00:00,17236720,70130228766,51377644792733073117739,0,56569043776439039,1.3649950099682133
2025-06-29 04:40:45+00:00,17236725,70130228698,51377644742338078290213,0,56569043720951936,1.3649950099835684
2025-06-29 04:41:34+00:00,17236774,70130228697,51377644743338078290213,0,56569043720951936,1.364995009937537
2025-06-29 04:41:38+00:00,17236778,70130228696,51377644744338078290213,0,56569043720951936,1.3649950098915054
2025-06-29 04:41:43+00:00,17236783,70130228709,51377644754338078290213,0,56569043731438106,1.3649950098788548
2025-06-29 04:42:30+00:00,17236830,70130092620,51377744754338078290213,0,56569043731438106,1.3649897043034098
2025-06-29 04:42:38+00:00,17236838,70130230429,51377644097678626260777,0,56569043731438106,1.3649950608024992
2025-06-29 04:42:46+00:00,17236846,70130230430,51377644098411229644273,0,56569043732244734,1.3649950608024992
2025-06-29 04:42:50+00:00,17236850,70130230429,51377644097503000678241,0,56569043731244734,1.3649950608071653
2025-06-29 04:43:25+00:00,17236885,70130230430,51377644096772595104908,0,56569043731244734,1.3649950608460342
2025-06-29 04:43:34+00:00,17236894,70130230496,51377644145610624604956,0,56569043784482216,1.3649950608331167
2025-06-29 04:43:42+00:00,17236902,70130230497,51377644145610624604955,0,56569043784482216,1.3649950608525805
2025-06-29 04:44:29+00:00,17236949,70130230496,51377644146610624604955,0,56569043784482216,1.3649950608065489
2025-06-29 04:44:38+00:00,17236958,70130230509,51377644156610624604955,0,56569043794968386,1.3649950607938985
2025-06-29 04:45:24+00:00,17237004,70130094420,51377744156610624604955,0,56569043794968386,1.3649897552182926
2025-06-29 04:45:29+00:00,17237009,70129958331,51377844156610624604955,0,56569043794968386,1.3649844496633399
2025-06-29 04:45:37+00:00,17237017,70130096140,51377743499563685376855,0,56569043794968386,1.364989806152066
2025-06-29 04:45:42+00:00,17237022,70130096141,51377743500296291580573,0,56569043795775016,1.364989806152066
2025-06-29 04:45:46+00:00,17237026,70130096140,51377743499388060858382,0,56569043794775016,1.3649898061567318
2025-06-29 04:46:21+00:00,17237061,70130096141,51377743498657652473288,0,56569043794775016,1.3649898061956007
2025-06-29 04:46:29+00:00,17237069,70130096207,51377743547495681973336,0,56569043848012600,1.3649898061826884
2025-06-29 04:46:33+00:00,17237073,70130096139,51377743497100590343595,0,56569043792525497,1.364989806198041
2025-06-29 04:46:37+00:00,17237077,70130096140,51377743497100590343594,0,56569043792525497,1.3649898062175048
2025-06-29 04:47:25+00:00,17237125,70130096139,51377743498100590343594,0,56569043792525497,1.3649898061714734
2025-06-29 04:47:33+00:00,17237133,70130096152,51377743508100590343594,0,56569043803011687,1.364989806158824
2025-06-29 04:47:37+00:00,17237137,70130096139,51377743498086188637027,0,56569043791985412,1.364989806171856
2025-06-29 04:48:18+00:00,17237178,70129960050,51377843498086188637027,0,56569043791985412,1.364984500616736
2025-06-29 04:48:23+00:00,17237183,70129823962,51377943498086188637027,0,56569043791985412,1.364979195101733
2025-06-29 04:48:31+00:00,17237191,70129961771,51377842840651765013214,0,56569043791985412,1.364984551580102
2025-06-29 04:48:39+00:00,17237199,70129961770,51377842839743532534872,0,56569043790985412,1.3649845515847678
2025-06-29 04:49:14+00:00,17237234,70129961771,51377842839013121338036,0,56569043790985412,1.3649845516236367
2025-06-29 04:49:22+00:00,17237242,70129961837,51377842887851150838084,0,56569043844223098,1.3649845516107293
2025-06-29 04:49:31+00:00,17237251,70129961838,51377842887851150838083,0,56569043844223098,1.3649845516301928
2025-06-29 04:50:18+00:00,17237298,70129961837,51377842888851150838083,0,56569043844223098,1.3649845515841617
2025-06-29 04:50:26+00:00,17237306,70129961850,51377842898851150838083,0,56569043854709308,1.3649845515715133
2025-06-29 04:50:30+00:00,17237310,70129961837,51377842888836729767709,0,56569043843683033,1.364984551584545
2025-06-29 04:51:12+00:00,17237352,70129825749,51377942888836729767709,0,56569043843683033,1.3649792460693795
2025-06-29 04:51:17+00:00,17237357,70129689661,51378042888836729767709,0,56569043843683033,1.364973940574867
2025-06-29 04:51:25+00:00,17237365,70129827470,51377942231014821326629,0,56569043843683033,1.364979297042874
2025-06-29 04:51:34+00:00,17237374,70129827469,51377942230106587092143,0,56569043842683033,1.3649792970475398
2025-06-29 04:52:08+00:00,17237408,70129827470,51377942229376173083563,0,56569043842683033,1.3649792970864087
2025-06-29 04:52:13+00:00,17237413,70129827471,51377942228645759075004,0,56569043842683033,1.3649792971252774
2025-06-29 04:52:21+00:00,17237421,70129827403,51377942178250472559345,0,56569043787195930,1.364979297140625
2025-06-29 04:52:26+00:00,17237426,70129827404,51377942178250472559344,0,56569043787195930,1.3649792971600885
2025-06-29 04:53:12+00:00,17237472,70129827403,51377942179250472559344,0,56569043787195930,1.3649792971140575
2025-06-29 04:53:17+00:00,17237477,70129827402,51377942180250472559344,0,56569043787195930,1.3649792970680266
2025-06-29 04:53:25+00:00,17237485,70129827389,51377942170236032125374,0,56569043776169655,1.3649792970810575
2025-06-29 04:54:06+00:00,17237526,70129691301,51378042170236032125374,0,56569043776169655,1.3649739915863714
2025-06-29 04:54:11+00:00,17237531,70129555214,51378142170236032125374,0,56569043776169655,1.3649686861318018
2025-06-29 04:54:19+00:00,17237539,70129693023,51378041512026642063937,0,56569043776169655,1.364974042589458
2025-06-29 04:54:27+00:00,17237547,70129693022,51378041511118406073325,0,56569043775169655,1.364974042594124
2025-06-29 04:55:01+00:00,17237581,70129693023,51378041510387989253024,0,56569043775169655,1.3649740426329926
2025-06-29 04:55:09+00:00,17237589,70129693089,51378041559226018753072,0,56569043828407545,1.3649740426200951
2025-06-29 04:55:13+00:00,17237593,70129693021,51378041508830634793914,0,56569043772920442,1.3649740426354402
2025-06-29 04:55:18+00:00,17237598,70129693022,51378041508830634793913,0,56569043772920442,1.3649740426549037
2025-06-29 04:56:03+00:00,17237643,70129693021,51378041509830634793913,0,56569043772920442,1.3649740426088728
2025-06-29 04:56:11+00:00,17237651,70129693034,51378041519830634793913,0,56569043783406693,1.3649740425962267
2025-06-29 04:56:15+00:00,17237655,70129693021,51378041509816174996288,0,56569043772380418,1.364974042609257
2025-06-29 04:56:56+00:00,17237696,70129556934,51378141509816174996288,0,56569043772380418,1.3649687371545198
2025-06-29 04:57:04+00:00,17237704,70129694743,51378040851610547547640,0,56569043772380418,1.364974093612245
2025-06-29 04:57:12+00:00,17237712,70129694744,51378040852343162184562,0,56569043773187052,1.364974093612245
2025-06-29 04:57:49+00:00,17237749,70129694745,51378040851612745391561,0,56569043773187052,1.3649740936511137
2025-06-29 04:57:54+00:00,17237754,70129694746,51378040850882328598581,0,56569043773187052,1.3649740936899823
2025-06-29 04:58:02+00:00,17237762,70129694678,51378040800486945285025,0,56569043717699949,1.3649740937053274
2025-06-29 04:58:53+00:00,17237813,70129694677,51378040801486945285025,0,56569043717699949,1.3649740936592965
2025-06-29 04:58:58+00:00,17237818,70129694676,51378040802486945285025,0,56569043717699949,1.3649740936132657
2025-06-29 04:59:06+00:00,17237826,70129694663,51378040792472485615590,0,56569043706673674,1.3649740936262962
2025-06-29 04:59:47+00:00,17237867,70129558576,51378140792472485615590,0,56569043706673674,1.3649687881713857
2025-06-29 04:59:55+00:00,17237875,70129696385,51378040134270620348102,0,56569043706673674,1.3649741446291854
2025-06-29 04:59:59+00:00,17237879,70129834194,51377939476463759545475,0,56569043706673674,1.3649795010974795
2025-06-29 05:00:04+00:00,17237884,70129834195,51377939477196371280080,0,56569043707480307,1.3649795010974795
2025-06-29 05:00:09+00:00,17237889,70129834194,51377939476288137092088,0,56569043706480307,1.3649795011021453
2025-06-29 05:00:45+00:00,17237925,70129834195,51377939475557723192700,0,56569043706480307,1.3649795011410142
2025-06-29 05:00:54+00:00,17237934,70129834261,51377939524395752692748,0,56569043759718089,1.3649795011281116
2025-06-29 05:01:02+00:00,17237942,70129834262,51377939524395752692747,0,56569043759718089,1.3649795011475752
2025-06-29 05:01:48+00:00,17237988,70129834261,51377939525395752692747,0,56569043759718089,1.3649795011015442
2025-06-29 05:01:57+00:00,17237997,70129834274,51377939535395752692747,0,56569043770204318,1.3649795010888968
2025-06-29 05:02:01+00:00,17238001,70129834261,51377939525381312771296,0,56569043759178043,1.3649795011019277
2025-06-29 05:02:42+00:00,17238042,70129698173,51378039525381312771296,0,56569043759178043,1.3649741956065715
2025-06-29 05:02:46+00:00,17238046,70129562086,51378139525381312771296,0,56569043759178043,1.3649688901513317
2025-06-29 05:02:51+00:00,17238051,70129699895,51378038867186967898308,0,56569043759178043,1.3649742466092638
2025-06-29 05:02:55+00:00,17238055,70129837704,51377938209387627440899,0,56569043759178043,1.36497960307769
2025-06-29 05:02:59+00:00,17238059,70129837705,51377938210120239120769,0,56569043759984676,1.36497960307769
2025-06-29 05:03:04+00:00,17238064,70129837704,51377938209212004956018,0,56569043758984676,1.3649796030823558
2025-06-29 05:03:38+00:00,17238098,70129837705,51377938208481591111200,0,56569043758984676,1.3649796031212245
2025-06-29 05:03:42+00:00,17238102,70129837706,51377938207751177266403,0,56569043758984676,1.3649796031600934
2025-06-29 05:03:46+00:00,17238106,70129837772,51377938256589206766451,0,56569043812222456,1.3649796031471906
2025-06-29 05:03:54+00:00,17238114,70129837773,51377938256589206766450,0,56569043812222456,1.3649796031666543
2025-06-29 05:04:39+00:00,17238159,70129837772,51377938257589206766450,0,56569043812222456,1.3649796031206232
2025-06-29 05:04:47+00:00,17238167,70129837785,51377938267589206766450,0,56569043822708685,1.364979603107976
2025-06-29 05:05:31+00:00,17238211,70129701697,51378038267589206766450,0,56569043822708685,1.3649742976122912
2025-06-29 05:05:36+00:00,17238216,70129565610,51378138267589206766450,0,56569043822708685,1.364968992156723
2025-06-29 05:05:40+00:00,17238220,70129703419,51378037609402384163219,0,56569043822708685,1.364974348614786
2025-06-29 05:05:44+00:00,17238224,70129841228,51377936951610565926199,0,56569043822708685,1.3649797050833434
2025-06-29 05:05:48+00:00,17238228,70129841229,51377936952343177551321,0,56569043823515317,1.3649797050833434
2025-06-29 05:05:52+00:00,17238232,70129841228,51377936951434943409825,0,56569043822515317,1.3649797050880093
2025-06-29 05:06:24+00:00,17238264,70129841229,51377936950704529619591,0,56569043822515317,1.364979705126878
2025-06-29 05:06:29+00:00,17238269,70129841230,51377936949974115829378,0,56569043822515317,1.3649797051657468
2025-06-29 05:06:33+00:00,17238273,70129841296,51377936998812145329426,0,56569043875753094,1.364979705152844
2025-06-29 05:06:38+00:00,17238278,70129841228,51377936948416863973036,0,56569043820265991,1.3649797051681918
2025-06-29 05:07:28+00:00,17238328,70129841227,51377936949416863973036,0,56569043820265991,1.3649797051221608
2025-06-29 05:07:35+00:00,17238335,70129841240,51377936959416863973036,0,56569043830752219,1.3649797051095134
2025-06-29 05:07:39+00:00,17238339,70129841227,51377936949402424564407,0,56569043819725944,1.3649797051225443
2025-06-29 05:08:20+00:00,17238380,70129705139,51378036949402424564407,0,56569043819725944,1.3649743996265251
2025-06-29 05:08:24+00:00,17238384,70129569052,51378136949402424564407,0,56569043819725944,1.364969094170622
2025-06-29 05:08:29+00:00,17238389,70129706861,51378036291223124857450,0,56569043819725944,1.3649744506288226
2025-06-29 05:08:33+00:00,17238393,70129844670,51377935633438829467796,0,56569043819725944,1.3649798070975174
2025-06-29 05:08:38+00:00,17238398,70129844671,51377935634171441038165,0,56569043820532576,1.3649798070975174
2025-06-29 05:09:16+00:00,17238436,70129844672,51377935633441027302518,0,56569043820532576,1.3649798071363863
2025-06-29 05:09:24+00:00,17238444,70129844738,51377935682279056802566,0,56569043873770351,1.3649798071234833
2025-06-29 05:09:32+00:00,17238452,70129844739,51377935682279056802565,0,56569043873770351,1.3649798071429469
2025-06-29 05:10:17+00:00,17238497,70129844738,51377935683279056802565,0,56569043873770351,1.364979807096916
2025-06-29 05:10:25+00:00,17238505,70129844751,51377935693279056802565,0,56569043884256579,1.3649798070842685
2025-06-29 05:11:08+00:00,17238548,70129708663,51378035693279056802565,0,56569043884256579,1.364974501587921
2025-06-29 05:11:13+00:00,17238553,70129572576,51378135693279056802565,0,56569043884256579,1.3649691961316899
2025-06-29 05:11:22+00:00,17238562,70129710385,51378035035107276094530,0,56569043884256579,1.3649745525900214
2025-06-29 05:11:29+00:00,17238569,70129710384,51378035034199040220150,0,56569043883256579,1.3649745525946873
2025-06-29 05:12:02+00:00,17238602,70129710385,51378035033468623672757,0,56569043883256579,1.364974552633556
2025-06-29 05:12:06+00:00,17238606,70129710386,51378035032738207125385,0,56569043883256579,1.3649745526724246
2025-06-29 05:12:11+00:00,17238611,70129710452,51378035081576236625433,0,56569043936494456,1.364974552659527
2025-06-29 05:12:19+00:00,17238619,70129710453,51378035081576236625432,0,56569043936494456,1.3649745526789905
2025-06-29 05:13:03+00:00,17238663,70129710452,51378035082576236625432,0,56569043936494456,1.3649745526329595
2025-06-29 05:13:12+00:00,17238672,70129710465,51378035092576236625432,0,56569043946980704,1.3649745526203132
2025-06-29 05:13:56+00:00,17238716,70129574378,51378135092576236625432,0,56569043946980704,1.3649692471639208
2025-06-29 05:14:04+00:00,17238724,70129712187,51378034434408219228654,0,56569043946980704,1.3649746036223147
2025-06-29 05:14:12+00:00,17238732,70129712188,51378034435140833591841,0,56569043947787338,1.3649746036223147
2025-06-29 05:14:50+00:00,17238770,70129712189,51378034434410417071754,0,56569043947787338,1.3649746036611836
2025-06-29 05:14:58+00:00,17238778,70129712255,51378034483248446571802,0,56569044001025213,1.3649746036482857
2025-06-29 05:15:02+00:00,17238782,70129712187,51378034432853069707065,0,56569043945538110,1.364974603663631
2025-06-29 05:15:07+00:00,17238787,70129712188,51378034432853069707064,0,56569043945538110,1.3649746036830945
2025-06-29 05:15:53+00:00,17238833,70129712187,51378034433853069707064,0,56569043945538110,1.3649746036370636
2025-06-29 05:16:01+00:00,17238841,70129712200,51378034443853069707064,0,56569043956024358,1.3649746036244172
2025-06-29 05:16:47+00:00,17238887,70129576113,51378134443853069707064,0,56569043956024358,1.3649692981678585
2025-06-29 05:16:51+00:00,17238891,70129440026,51378234443853069707064,0,56569043956024358,1.3649639927319523
2025-06-29 05:16:56+00:00,17238896,70129577835,51378133785297568843290,0,56569043956024358,1.3649693491799886
2025-06-29 05:17:05+00:00,17238905,70129577836,51378133786030186026672,0,56569043956830994,1.3649693491799886
2025-06-29 05:17:43+00:00,17238943,70129577837,51378133785299766694850,0,56569043956830994,1.364969349218857
2025-06-29 05:17:51+00:00,17238951,70129577903,51378133834137796194898,0,56569044010068971,1.3649693492059642
2025-06-29 05:17:59+00:00,17238959,70129577904,51378133834137796194897,0,56569044010068971,1.3649693492254278
2025-06-29 05:18:46+00:00,17239006,70129577903,51378133835137796194897,0,56569044010068971,1.364969349179397
2025-06-29 05:18:54+00:00,17239014,70129577916,51378133845137796194897,0,56569044020555239,1.3649693491667518
2025-06-29 05:19:41+00:00,17239061,70129441829,51378233845137796194897,0,56569044020555239,1.3649640437306845
2025-06-29 05:19:49+00:00,17239069,70129579638,51378133186586056200739,0,56569044020555239,1.364969400178783
2025-06-29 05:19:57+00:00,17239077,70129579639,51378133187318673356749,0,56569044021361875,1.364969400178783
2025-06-29 05:20:01+00:00,17239081,70129579638,51378133186410435749483,0,56569044020361875,1.364969400183449
2025-06-29 05:20:36+00:00,17239116,70129579639,51378133185680016444954,0,56569044020361875,1.3649694002223176
2025-06-29 05:20:44+00:00,17239124,70129579705,51378133234518045945002,0,56569044073599851,1.3649694002094246
2025-06-29 05:20:48+00:00,17239128,70129579637,51378133184122572282370,0,56569044018112748,1.3649694002247672
2025-06-29 05:20:52+00:00,17239132,70129579638,51378133184122572282369,0,56569044018112748,1.3649694002442307
2025-06-29 05:21:38+00:00,17239178,70129579637,51378133185122572282369,0,56569044018112748,1.3649694001982002
2025-06-29 05:21:46+00:00,17239186,70129579650,51378133195122572282369,0,56569044028599016,1.3649694001855548
2025-06-29 05:21:50+00:00,17239190,70129579637,51378133185108094659066,0,56569044017572741,1.3649694001985848
2025-06-29 05:22:31+00:00,17239231,70129443550,51378233185108094659066,0,56569044017572741,1.36496409476235
2025-06-29 05:22:39+00:00,17239239,70129581359,51378132526560117963120,0,56569044017572741,1.3649694512105175
2025-06-29 05:22:47+00:00,17239247,70129581360,51378132527292735091740,0,56569044018379376,1.3649694512105175
2025-06-29 05:23:23+00:00,17239283,70129581361,51378132526562315814517,0,56569044018379376,1.3649694512493862
2025-06-29 05:23:27+00:00,17239287,70129581362,51378132525831896537314,0,56569044018379376,1.3649694512882549
2025-06-29 05:23:31+00:00,17239291,70129581428,51378132574669926037362,0,56569044071617351,1.3649694512753618
2025-06-29 05:23:35+00:00,17239295,70129581360,51378132524274453020191,0,56569044016130248,1.3649694512907045
2025-06-29 05:23:40+00:00,17239300,70129581361,51378132524274453020190,0,56569044016130248,1.364969451310168
2025-06-29 05:24:24+00:00,17239344,70129581360,51378132525274453020190,0,56569044016130248,1.3649694512641375
2025-06-29 05:24:32+00:00,17239352,70129581373,51378132535274453020190,0,56569044026616515,1.364969451251492
2025-06-29 05:25:17+00:00,17239397,70129445286,51378232535274453020190,0,56569044026616515,1.3649641458150907
2025-06-29 05:25:21+00:00,17239401,70129309200,51378332535274453020190,0,56569044026616515,1.3649588404188053
2025-06-29 05:25:26+00:00,17239406,70129447009,51378231876338996452745,0,56569044026616515,1.364964196856615
2025-06-29 05:25:34+00:00,17239414,70129447010,51378231877071616401534,0,56569044027423152,1.364964196856615
2025-06-29 05:25:38+00:00,17239418,70129447009,51378231876163377049776,0,56569044026423152,1.364964196861281
2025-06-29 05:26:11+00:00,17239451,70129447010,51378231875432954960847,0,56569044026423152,1.3649641969001494
2025-06-29 05:26:15+00:00,17239455,70129447011,51378231874702532871938,0,56569044026423152,1.364964196939018
2025-06-29 05:26:20+00:00,17239460,70129447077,51378231923540562371986,0,56569044079661229,1.36496419692613
2025-06-29 05:26:28+00:00,17239468,70129447078,51378231923540562371985,0,56569044079661229,1.3649641969455935
2025-06-29 05:27:12+00:00,17239512,70129447077,51378231924540562371985,0,56569044079661229,1.364964196899563
2025-06-29 05:27:16+00:00,17239516,70129447076,51378231925540562371985,0,56569044079661229,1.3649641968535327
2025-06-29 05:27:20+00:00,17239520,70129447089,51378231935540562371985,0,56569044090147516,1.3649641968408883
2025-06-29 05:27:25+00:00,17239525,70129447076,51378231925526065513381,0,56569044079121241,1.3649641968539177
2025-06-29 05:28:04+00:00,17239564,70129310990,51378331925526065513381,0,56569044079121241,1.36495889145747
2025-06-29 05:28:08+00:00,17239568,70129174904,51378431925526065513381,0,56569044079121241,1.3649535860816746
2025-06-29 05:28:13+00:00,17239573,70129312713,51378331266203126564091,0,56569044079121241,1.3649589425091224
2025-06-29 05:28:21+00:00,17239581,70129312714,51378331266935749333067,0,56569044079927880,1.3649589425091224
2025-06-29 05:28:59+00:00,17239619,70129312715,51378331266205324432409,0,56569044079927880,1.3649589425479909
2025-06-29 05:29:07+00:00,17239627,70129312781,51378331315043353932457,0,56569044133166059,1.364958942535108
2025-06-29 05:29:11+00:00,17239631,70129312713,51378331264647686030858,0,56569044077678956,1.3649589425504456
2025-06-29 05:30:00+00:00,17239680,70129312712,51378331265647686030858,0,56569044077678956,1.3649589425044153
2025-06-29 05:30:09+00:00,17239689,70129312725,51378331275647686030858,0,56569044088165264,1.364958942491772
2025-06-29 05:30:55+00:00,17239735,70129176639,51378431275647686030858,0,56569044088165264,1.3649536371158102
2025-06-29 05:31:03+00:00,17239743,70129314448,51378330616328510619559,0,56569044088165264,1.3649589935433257
2025-06-29 05:31:11+00:00,17239751,70129314449,51378330617061133361143,0,56569044088971903,1.3649589935433257
2025-06-29 05:31:15+00:00,17239755,70129314448,51378330616152892264896,0,56569044087971903,1.3649589935479913
2025-06-29 05:31:50+00:00,17239790,70129314449,51378330615422467391550,0,56569044087971903,1.3649589935868598
2025-06-29 05:31:58+00:00,17239798,70129314515,51378330664260496891598,0,56569044141210080,1.3649589935739768
2025-06-29 05:32:06+00:00,17239806,70129314516,51378330664260496891597,0,56569044141210080,1.3649589935934403
2025-06-29 05:32:52+00:00,17239852,70129314515,51378330665260496891597,0,56569044141210080,1.36495899354741
2025-06-29 05:33:00+00:00,17239860,70129314528,51378330675260496891597,0,56569044151696387,1.3649589935347668
2025-06-29 05:33:45+00:00,17239905,70129178442,51378430675260496891597,0,56569044151696387,1.3649536881586435
2025-06-29 05:33:53+00:00,17239913,70129316251,51378330015945085659246,0,56569044151696387,1.3649590445862216
2025-06-29 05:34:01+00:00,17239921,70129316252,51378330016677708373433,0,56569044152503026,1.3649590445862216
2025-06-29 05:34:39+00:00,17239959,70129316253,51378330015947283527399,0,56569044152503026,1.36495904462509
2025-06-29 05:34:43+00:00,17239963,70129316254,51378330015216858681385,0,56569044152503026,1.3649590446639588
2025-06-29 05:34:47+00:00,17239967,70129316320,51378330064054888181433,0,56569044205741202,1.3649590446510758
2025-06-29 05:34:51+00:00,17239971,70129316252,51378330013659221571552,0,56569044150254099,1.3649590446664133
2025-06-29 05:34:55+00:00,17239975,70129316253,51378330013659221571551,0,56569044150254099,1.3649590446858768
2025-06-29 05:35:41+00:00,17240021,70129316252,51378330014659221571551,0,56569044150254099,1.3649590446398465
2025-06-29 05:35:48+00:00,17240028,70129316265,51378330024659221571551,0,56569044160740406,1.3649590446272033
2025-06-29 05:35:52+00:00,17240032,70129316252,51378330014644705606196,0,56569044149714131,1.3649590446402322
2025-06-29 05:36:33+00:00,17240073,70129180166,51378430014644705606196,0,56569044149714131,1.3649537392639413
2025-06-29 05:36:37+00:00,17240077,70129044081,51378530014644705606196,0,56569044149714131,1.3649484339277658
2025-06-29 05:36:42+00:00,17240082,70129181890,51378429354941816902689,0,56569044149714131,1.3649537903449873
2025-06-29 05:36:50+00:00,17240090,70129181891,51378429355674442437028,0,56569044150520771,1.3649537903449873
2025-06-29 05:37:27+00:00,17240127,70129181892,51378429354944014779303,0,56569044150520771,1.3649537903838558
2025-06-29 05:37:35+00:00,17240135,70129181958,51378429403782044279351,0,56569044203759049,1.3649537903709779
2025-06-29 05:37:43+00:00,17240143,70129181959,51378429403782044279350,0,56569044203759049,1.3649537903904412
2025-06-29 05:38:28+00:00,17240188,70129181958,51378429404782044279350,0,56569044203759049,1.364953790344411
2025-06-29 05:38:35+00:00,17240195,70129181971,51378429414782044279350,0,56569044214245376,1.364953790331769
2025-06-29 05:39:22+00:00,17240242,70129045886,51378529414782044279350,0,56569044214245376,1.364948484995432
2025-06-29 05:39:30+00:00,17240250,70129183695,51378428755082921614822,0,56569044214245376,1.3649538414127163
2025-06-29 05:39:38+00:00,17240258,70129183696,51378428755815547121751,0,56569044215052016,1.3649538414127163
2025-06-29 05:39:42+00:00,17240262,70129183695,51378428754907304292679,0,56569044214052016,1.3649538414173819
2025-06-29 05:40:16+00:00,17240296,70129183696,51378428754176876662284,0,56569044214052016,1.3649538414562503
2025-06-29 05:40:24+00:00,17240304,70129183762,51378428803014906162332,0,56569044267290293,1.3649538414433724
2025-06-29 05:40:32+00:00,17240312,70129183763,51378428803014906162331,0,56569044267290293,1.3649538414628357
2025-06-29 05:41:17+00:00,17240357,70129183762,51378428804014906162331,0,56569044267290293,1.3649538414168056
2025-06-29 05:41:25+00:00,17240365,70129183775,51378428814014906162331,0,56569044277776620,1.3649538414041633
2025-06-29 05:41:29+00:00,17240369,70129183762,51378428804000370961959,0,56569044266750345,1.3649538414171918
2025-06-29 05:42:09+00:00,17240409,70129047677,51378528804000370961959,0,56569044266750345,1.3649485360806926
2025-06-29 05:42:13+00:00,17240413,70128911592,51378628804000370961959,0,56569044266750345,1.3649432307648453
2025-06-29 05:42:17+00:00,17240417,70129049401,51378528143913767893400,0,56569044266750345,1.3649485871717677
2025-06-29 05:42:22+00:00,17240422,70129187210,51378427484222180330041,0,56569044266750345,1.3649539435891844
2025-06-29 05:42:30+00:00,17240430,70129187209,51378427483313937524277,0,56569044265750345,1.3649539435938498
2025-06-29 05:43:02+00:00,17240462,70129187210,51378427482583509948560,0,56569044265750345,1.3649539436327183
2025-06-29 05:43:06+00:00,17240466,70129187211,51378427481853082372863,0,56569044265750345,1.3649539436715867
2025-06-29 05:43:10+00:00,17240470,70129187277,51378427530691111872911,0,56569044318988619,1.3649539436587086
2025-06-29 05:43:14+00:00,17240474,70129187209,51378427480295349761432,0,56569044263501516,1.3649539436740437
2025-06-29 05:43:19+00:00,17240479,70129187210,51378427480295349761431,0,56569044263501516,1.3649539436935072
2025-06-29 05:44:05+00:00,17240525,70129187209,51378427481295349761431,0,56569044263501516,1.3649539436474771
2025-06-29 05:44:13+00:00,17240533,70129187222,51378427491295349761431,0,56569044273987842,1.3649539436348348
2025-06-29 05:44:57+00:00,17240577,70129051137,51378527491295349761431,0,56569044273987842,1.364948638298001
2025-06-29 05:45:05+00:00,17240585,70129188946,51378426831607532555489,0,56569044273987842,1.3649539947154858
2025-06-29 05:45:09+00:00,17240589,70129326755,51378326172314728503803,0,56569044273987842,1.3649593511434646
2025-06-29 05:45:13+00:00,17240593,70129326756,51378326173047351053450,0,56569044274794480,1.3649593511434646
2025-06-29 05:45:18+00:00,17240598,70129326755,51378326172139110038745,0,56569044273794480,1.3649593511481304
2025-06-29 05:45:52+00:00,17240632,70129326756,51378326171408685356760,0,56569044273794480,1.3649593511869988
2025-06-29 05:46:00+00:00,17240640,70129326822,51378326220246714856808,0,56569044327032648,1.3649593511741154
2025-06-29 05:46:04+00:00,17240644,70129326754,51378326169851052125273,0,56569044271545545,1.3649593511894533
2025-06-29 05:46:08+00:00,17240648,70129326755,51378326169851052125272,0,56569044271545545,1.3649593512089166
2025-06-29 05:46:53+00:00,17240693,70129326754,51378326170851052125272,0,56569044271545545,1.3649593511628864
2025-06-29 05:46:58+00:00,17240698,70129326753,51378326171851052125272,0,56569044271545545,1.364959351116856
2025-06-29 05:47:06+00:00,17240706,70129326740,51378326161836536930511,0,56569044260519270,1.3649593511298852
2025-06-29 05:47:46+00:00,17240746,70129190654,51378426161836536930511,0,56569044260519270,1.3649540457525997
2025-06-29 05:47:54+00:00,17240754,70129328463,51378325502547496634292,0,56569044260519270,1.3649594021806486
2025-06-29 05:48:02+00:00,17240762,70129328464,51378325503280119156546,0,56569044261325908,1.3649594021806486
2025-06-29 05:48:39+00:00,17240799,70129328465,51378325502549694501870,0,56569044261325908,1.364959402219517
2025-06-29 05:48:48+00:00,17240808,70129328531,51378325551387724001918,0,56569044314564075,1.3649594022066336
2025-06-29 05:48:56+00:00,17240816,70129328532,51378325551387724001917,0,56569044314564075,1.3649594022260971
2025-06-29 05:49:41+00:00,17240861,70129328531,51378325552387724001917,0,56569044314564075,1.3649594021800668
2025-06-29 05:49:46+00:00,17240866,70129328530,51378325553387724001917,0,56569044314564075,1.3649594021340365
2025-06-29 05:49:54+00:00,17240874,70129328517,51378325543373208935321,0,56569044303537800,1.3649594021470655
2025-06-29 05:50:35+00:00,17240915,70129192431,51378425543373208935321,0,56569044303537800,1.364954096769617
2025-06-29 05:50:43+00:00,17240923,70129330240,51378324884087930912043,0,56569044303537800,1.3649594531977303
2025-06-29 05:50:51+00:00,17240931,70129330241,51378324884820553406914,0,56569044304344438,1.3649594531977303
2025-06-29 05:50:55+00:00,17240935,70129330240,51378324883912312415456,0,56569044303344438,1.3649594532023959
2025-06-29 05:51:28+00:00,17240968,70129330241,51378324883181887788083,0,56569044303344438,1.3649594532412643
2025-06-29 05:51:36+00:00,17240976,70129330307,51378324932019917288131,0,56569044356582603,1.3649594532283809
2025-06-29 05:51:44+00:00,17240984,70129330308,51378324932019917288130,0,56569044356582603,1.3649594532478444
2025-06-29 05:52:29+00:00,17241029,70129330307,51378324933019917288130,0,56569044356582603,1.364959453201814
2025-06-29 05:52:37+00:00,17241037,70129330320,51378324943019917288130,0,56569044367068908,1.3649594531891707
2025-06-29 05:53:20+00:00,17241080,70129194234,51378424943019917288130,0,56569044367068908,1.364954147811561
2025-06-29 05:53:24+00:00,17241084,70129058149,51378524943019917288130,0,56569044367068908,1.3649488424740668
2025-06-29 05:53:32+00:00,17241092,70129195958,51378424283347157256108,0,56569044367068908,1.364954198891817
2025-06-29 05:53:40+00:00,17241100,70129195957,51378424282438914508539,0,56569044366068908,1.3649541988964826
2025-06-29 05:54:14+00:00,17241134,70129195958,51378424281708487069442,0,56569044366068908,1.364954198935351
2025-06-29 05:54:22+00:00,17241142,70129196024,51378424330546516569490,0,56569044419307175,1.3649541989224727
2025-06-29 05:54:30+00:00,17241150,70129196025,51378424330546516569489,0,56569044419307175,1.364954198941936
2025-06-29 05:55:16+00:00,17241196,70129196024,51378424331546516569489,0,56569044419307175,1.364954198895906
2025-06-29 05:55:24+00:00,17241204,70129196037,51378424341546516569489,0,56569044429793500,1.3649541988832636
2025-06-29 05:55:28+00:00,17241208,70129196024,51378424331531982267789,0,56569044418767225,1.364954198896292
2025-06-29 05:56:08+00:00,17241248,70129059939,51378524331531982267789,0,56569044418767225,1.3649488935586354
2025-06-29 05:56:12+00:00,17241252,70128923854,51378624331531982267789,0,56569044418767225,1.3649435882416303
2025-06-29 05:56:17+00:00,17241257,70129061663,51378523671471741898316,0,56569044418767225,1.364948944649019
2025-06-29 05:56:25+00:00,17241265,70129061664,51378523672204370033544,0,56569044419573866,1.364948944649019
2025-06-29 05:57:02+00:00,17241302,70129061665,51378523671473939782732,0,56569044419573866,1.3649489446878875
2025-06-29 05:57:11+00:00,17241311,70129061731,51378523720311969282780,0,56569044472812235,1.364948944675014
2025-06-29 05:57:19+00:00,17241319,70129061732,51378523720311969282779,0,56569044472812235,1.3649489446944774
2025-06-29 05:58:03+00:00,17241363,70129061731,51378523721311969282779,0,56569044472812235,1.3649489446484475
2025-06-29 05:58:11+00:00,17241371,70129061744,51378523731311969282779,0,56569044483298580,1.3649489446358063
2025-06-29 05:58:54+00:00,17241414,70128925659,51378623731311969282779,0,56569044483298580,1.36494363931864
2025-06-29 05:58:59+00:00,17241419,70128789575,51378723731311969282779,0,56569044483298580,1.3649383340415888
2025-06-29 05:59:07+00:00,17241427,70128927384,51378623070864247981681,0,56569044483298580,1.3649436904386147
2025-06-29 05:59:15+00:00,17241435,70128927383,51378623069956001721909,0,56569044482298580,1.3649436904432801
2025-06-29 05:59:48+00:00,17241468,70128927384,51378623069225568659384,0,56569044482298580,1.3649436904821486
2025-06-29 05:59:55+00:00,17241475,70128927450,51378623118063598159432,0,56569044535537051,1.3649436904692802
2025-06-29 06:00:00+00:00,17241480,70128927382,51378623067667644394308,0,56569044480049948,1.3649436904846102
2025-06-29 06:00:51+00:00,17241531,70128927381,51378623068667644394308,0,56569044480049948,1.3649436904385805
2025-06-29 06:00:59+00:00,17241539,70128927394,51378623078667644394308,0,56569044490536313,1.3649436904259402
2025-06-29 06:01:44+00:00,17241584,70128791310,51378723078667644394308,0,56569044490536313,1.3649383851487222
2025-06-29 06:01:48+00:00,17241588,70128655226,51378823078667644394308,0,56569044490536313,1.3649330798921557
2025-06-29 06:01:52+00:00,17241592,70128793035,51378722417832442910904,0,56569044490536313,1.3649384362788246
2025-06-29 06:02:00+00:00,17241600,70128793036,51378722418565076686480,0,56569044491342958,1.3649384362788246
2025-06-29 06:02:05+00:00,17241605,70128793035,51378722417656828670617,0,56569044490342958,1.36493843628349
2025-06-29 06:02:39+00:00,17241639,70128793036,51378722416926392796381,0,56569044490342958,1.3649384363223582
2025-06-29 06:02:47+00:00,17241647,70128793102,51378722465764422296429,0,56569044543581531,1.3649384363094947
2025-06-29 06:02:55+00:00,17241655,70128793103,51378722465764422296428,0,56569044543581531,1.364938436328958
2025-06-29 06:03:41+00:00,17241701,70128793102,51378722466764422296428,0,56569044543581531,1.3649384362829287
2025-06-29 06:03:48+00:00,17241708,70128793115,51378722476764422296428,0,56569044554067916,1.3649384362702894
2025-06-29 06:03:53+00:00,17241713,70128793102,51378722466749829905072,0,56569044543041641,1.3649384362833161
2025-06-29 06:04:33+00:00,17241753,70128657018,51378822466749829905072,0,56569044543041641,1.364933131026587
2025-06-29 06:04:38+00:00,17241758,70128520935,51378922466749829905072,0,56569044543041641,1.3649278258099726
2025-06-29 06:04:46+00:00,17241766,70128658744,51378821805527150215637,0,56569044543041641,1.3649331821862798
2025-06-29 06:04:54+00:00,17241774,70128658743,51378821804618900443690,0,56569044542041641,1.3649331821909452
2025-06-29 06:05:28+00:00,17241808,70128658744,51378821803888461757758,0,56569044542041641,1.3649331822298134
2025-06-29 06:05:33+00:00,17241813,70128658745,51378821803158023071846,0,56569044542041641,1.3649331822686817
2025-06-29 06:05:41+00:00,17241821,70128658677,51378821752761874427481,0,56569044486554538,1.3649331822840065
2025-06-29 06:06:31+00:00,17241871,70128658676,51378821753761874427481,0,56569044486554538,1.364933182237977
2025-06-29 06:06:39+00:00,17241879,70128658689,51378821763761874427481,0,56569044497040943,1.364933182225339
2025-06-29 06:07:24+00:00,17241924,70128522606,51378921763761874427481,0,56569044497040943,1.3649278770085522
2025-06-29 06:07:31+00:00,17241931,70128660415,51378821102542970545769,0,56569044497040943,1.3649332333849329
2025-06-29 06:07:35+00:00,17241935,70128798224,51378720441719088803763,0,56569044497040943,1.3649385897718076
2025-06-29 06:07:39+00:00,17241939,70128798225,51378720442451722496951,0,56569044497847588,1.3649385897718076
2025-06-29 06:07:43+00:00,17241943,70128798224,51378720441543474516125,0,56569044496847588,1.364938589776473
2025-06-29 06:08:17+00:00,17241977,70128798225,51378720440813038724029,0,56569044496847588,1.3649385898153412
2025-06-29 06:08:21+00:00,17241981,70128798226,51378720440082602931954,0,56569044496847588,1.3649385898542095
2025-06-29 06:08:25+00:00,17241985,70128798292,51378720488920632432002,0,56569044550086158,1.364938589841346
2025-06-29 06:08:30+00:00,17241990,70128798224,51378720438524583171301,0,56569044494599055,1.3649385898566737
2025-06-29 06:09:18+00:00,17242038,70128798223,51378720439524583171301,0,56569044494599055,1.364938589810644
2025-06-29 06:09:23+00:00,17242043,70128798222,51378720440524583171301,0,56569044494599055,1.3649385897646145
2025-06-29 06:09:31+00:00,17242051,70128798209,51378720430509991166315,0,56569044483572780,1.3649385897776414
2025-06-29 06:10:11+00:00,17242091,70128662125,51378820430509991166315,0,56569044483572780,1.3649332845204032
2025-06-29 06:10:15+00:00,17242095,70128526042,51378920430509991166315,0,56569044483572780,1.3649279793032798
2025-06-29 06:10:19+00:00,17242099,70128663851,51378819769298631344745,0,56569044483572780,1.3649333356797995
2025-06-29 06:10:23+00:00,17242103,70128801660,51378719108482293613921,0,56569044483572780,1.3649386920668132
2025-06-29 06:10:27+00:00,17242107,70128801661,51378719109214927252202,0,56569044484379424,1.3649386920668132
2025-06-29 06:10:32+00:00,17242112,70128801660,51378719108306679294728,0,56569044483379424,1.3649386920714786
2025-06-29 06:11:05+00:00,17242145,70128801661,51378719107576243557375,0,56569044483379424,1.3649386921103468
2025-06-29 06:11:13+00:00,17242153,70128801727,51378719156414273057423,0,56569044536617991,1.364938692097483
2025-06-29 06:11:22+00:00,17242162,70128801728,51378719156414273057422,0,56569044536617991,1.3649386921169464
2025-06-29 06:12:07+00:00,17242207,70128801727,51378719157414273057422,0,56569044536617991,1.364938692070917
2025-06-29 06:12:15+00:00,17242215,70128801740,51378719167414273057422,0,56569044547104375,1.3649386920582778
2025-06-29 06:12:20+00:00,17242220,70128801727,51378719157399681309882,0,56569044536078100,1.3649386920713045
2025-06-29 06:13:00+00:00,17242260,70128665643,51378819157399681309882,0,56569044536078100,1.3649333868137359
2025-06-29 06:13:08+00:00,17242268,70128803452,51378718496587114588661,0,56569044536078100,1.3649387432008133
2025-06-29 06:13:13+00:00,17242273,70128941261,51378617836169567606872,0,56569044536078100,1.364944099598385
2025-06-29 06:13:21+00:00,17242281,70128941260,51378617835261321440484,0,56569044535078100,1.3649440996030506
2025-06-29 06:13:55+00:00,17242315,70128941261,51378617834530888596915,0,56569044535078100,1.3649440996419189
2025-06-29 06:14:03+00:00,17242323,70128941327,51378617883368918096963,0,56569044588316561,1.36494409962905
2025-06-29 06:14:11+00:00,17242331,70128941328,51378617883368918096962,0,56569044588316561,1.3649440996485134
2025-06-29 06:14:56+00:00,17242376,70128941327,51378617884368918096962,0,56569044588316561,1.3649440996024838
2025-06-29 06:15:01+00:00,17242381,70128941326,51378617885368918096962,0,56569044588316561,1.364944099556454
2025-06-29 06:15:09+00:00,17242389,70128941313,51378617875354346098322,0,56569044577290286,1.3649440995694815
2025-06-29 06:15:51+00:00,17242431,70128805229,51378717875354346098322,0,56569044577290286,1.3649387942909297
2025-06-29 06:15:59+00:00,17242439,70128943038,51378617214940566864688,0,56569044577290286,1.3649441506885662
2025-06-29 06:16:04+00:00,17242444,70129080847,51378516554921805019288,0,56569044577290286,1.3649495070966968
2025-06-29 06:16:12+00:00,17242452,70129080846,51378516554013560643962,0,56569044576290286,1.3649495071013624
2025-06-29 06:16:47+00:00,17242487,70129080847,51378516553283130694137,0,56569044576290286,1.3649495071402309
2025-06-29 06:16:54+00:00,17242494,70129080913,51378516602121160194185,0,56569044629528641,1.364949507127357
2025-06-29 06:16:59+00:00,17242499,70129080845,51378516551725310991511,0,56569044574041538,1.36494950714269
2025-06-29 06:17:48+00:00,17242548,70129080844,51378516552725310991511,0,56569044574041538,1.36494950709666
2025-06-29 06:17:56+00:00,17242556,70129080857,51378516562725310991511,0,56569044584527880,1.3649495070840185
2025-06-29 06:18:00+00:00,17242560,70129080844,51378516552710758741718,0,56569044573501605,1.3649495070970465
2025-06-29 06:18:42+00:00,17242602,70128944759,51378616552710758741718,0,56569044573501605,1.3649442017780442
2025-06-29 06:18:46+00:00,17242606,70128808675,51378716552710758741718,0,56569044573501605,1.3649388964991571
2025-06-29 06:18:51+00:00,17242611,70128946484,51378615892304517068379,0,56569044573501605,1.3649442528969316
2025-06-29 06:18:55+00:00,17242615,70129084293,51378515232293292734285,0,56569044573501605,1.3649496093052
2025-06-29 06:19:04+00:00,17242624,70129084292,51378515231385048382279,0,56569044572501605,1.3649496093098656
2025-06-29 06:19:39+00:00,17242659,70129084293,51378515230654618487150,0,56569044572501605,1.3649496093487339
2025-06-29 06:19:44+00:00,17242664,70129084294,51378515229924188592041,0,56569044572501605,1.3649496093876023
2025-06-29 06:19:52+00:00,17242672,70129084226,51378515179528340684515,0,56569044517014502,1.3649496094029354
2025-06-29 06:20:41+00:00,17242721,70129084225,51378515180528340684515,0,56569044517014502,1.3649496093569056
2025-06-29 06:20:45+00:00,17242725,70129084224,51378515181528340684515,0,56569044517014502,1.3649496093108757
2025-06-29 06:20:49+00:00,17242729,70129084237,51378515191528340684515,0,56569044527500844,1.3649496092982343
2025-06-29 06:20:53+00:00,17242733,70129084224,51378515181513788691896,0,56569044516474569,1.3649496093112623
2025-06-29 06:21:34+00:00,17242774,70128948139,51378615181513788691896,0,56569044516474569,1.3649443039919193
2025-06-29 06:21:43+00:00,17242783,70129085948,51378514521506332435140,0,56569044516474569,1.364949660400262
2025-06-29 06:21:51+00:00,17242791,70129085949,51378514522238960186193,0,56569044517281210,1.364949660400262
2025-06-29 06:22:30+00:00,17242830,70129085950,51378514521508530318404,0,56569044517281210,1.3649496604391305
2025-06-29 06:22:38+00:00,17242838,70129086016,51378514570346559818452,0,56569044570519561,1.3649496604262563
2025-06-29 06:22:43+00:00,17242843,70129085948,51378514519950712556123,0,56569044515032458,1.3649496604415894
2025-06-29 06:23:32+00:00,17242892,70129085947,51378514520950712556123,0,56569044515032458,1.3649496603955595
2025-06-29 06:23:37+00:00,17242897,70129085946,51378514521950712556123,0,56569044515032458,1.3649496603495297
2025-06-29 06:23:45+00:00,17242905,70129085933,51378514511936160691809,0,56569044504006183,1.3649496603625577
2025-06-29 06:24:26+00:00,17242946,70128949848,51378614511936160691809,0,56569044504006183,1.3649443550430462
2025-06-29 06:24:34+00:00,17242954,70129087657,51378513851932469277360,0,56569044504006183,1.3649497114514588
2025-06-29 06:24:39+00:00,17242959,70129225466,51378413192323792827262,0,56569044504006183,1.3649550678703655
2025-06-29 06:24:47+00:00,17242967,70129225465,51378413191415550277953,0,56569044503006183,1.364955067875031
2025-06-29 06:25:23+00:00,17243003,70129225466,51378413190685123303872,0,56569044503006183,1.3649550679138995
2025-06-29 06:25:31+00:00,17243011,70129225532,51378413239523152803920,0,56569044556244428,1.3649550679010203
2025-06-29 06:25:38+00:00,17243018,70129225533,51378413239523152803919,0,56569044556244428,1.3649550679204836
2025-06-29 06:26:24+00:00,17243064,70129225532,51378413240523152803919,0,56569044556244428,1.3649550678744535
2025-06-29 06:26:32+00:00,17243072,70129225545,51378413250523152803919,0,56569044566730749,1.364955067861811
2025-06-29 06:26:36+00:00,17243076,70129225532,51378413240508620688292,0,56569044555704474,1.3649550678748397
2025-06-29 06:27:17+00:00,17243117,70129089447,51378513240508620688292,0,56569044555704474,1.364949762534346
2025-06-29 06:27:26+00:00,17243126,70129227256,51378412580903711392652,0,56569044555704474,1.3649551189533164
2025-06-29 06:27:34+00:00,17243134,70129227257,51378412581636336213874,0,56569044556511114,1.3649551189533164
2025-06-29 06:28:11+00:00,17243171,70129227258,51378412580905909267126,0,56569044556511114,1.364955118992185
2025-06-29 06:28:15+00:00,17243175,70129227259,51378412580175482320399,0,56569044556511114,1.3649551190310534
2025-06-29 06:28:19+00:00,17243179,70129227325,51378412629013511820447,0,56569044609749358,1.3649551190181741
2025-06-29 06:28:23+00:00,17243183,70129227257,51378412578617764584666,0,56569044554262255,1.36495511903351
2025-06-29 06:28:28+00:00,17243188,70129227258,51378412578617764584665,0,56569044554262255,1.3649551190529734
2025-06-29 06:29:13+00:00,17243233,70129227257,51378412579617764584665,0,56569044554262255,1.3649551190069433
2025-06-29 06:29:21+00:00,17243241,70129227270,51378412589617764584665,0,56569044564748575,1.3649551189943008
2025-06-29 06:29:26+00:00,17243246,70129227257,51378412579603232597508,0,56569044553722300,1.3649551190073295
2025-06-29 06:30:06+00:00,17243286,70129091172,51378512579603232597508,0,56569044553722300,1.3649498136666682
2025-06-29 06:30:10+00:00,17243290,70128955087,51378612579603232597508,0,56569044553722300,1.364944508346659
2025-06-29 06:30:15+00:00,17243295,70129092896,51378511919610846787070,0,56569044553722300,1.364949864755273
2025-06-29 06:30:24+00:00,17243304,70129092897,51378511920343474428437,0,56569044554528941,1.364949864755273
2025-06-29 06:31:01+00:00,17243341,70129092898,51378511919613044670005,0,56569044554528941,1.3649498647941412
2025-06-29 06:31:09+00:00,17243349,70129092964,51378511968451074170053,0,56569044607767287,1.364949864781267
2025-06-29 06:31:18+00:00,17243358,70129092965,51378511968451074170052,0,56569044607767287,1.3649498648007303
2025-06-29 06:32:03+00:00,17243403,70129092964,51378511969451074170052,0,56569044607767287,1.3649498647547005
2025-06-29 06:32:11+00:00,17243411,70129092977,51378511979451074170052,0,56569044618253627,1.364949864742059
2025-06-29 06:32:16+00:00,17243416,70129092964,51378511969436522819588,0,56569044607227352,1.364949864755087
2025-06-29 06:32:56+00:00,17243456,70128956879,51378611969436522819588,0,56569044607227352,1.3649445594349152
2025-06-29 06:33:00+00:00,17243460,70128820795,51378711969436522819588,0,56569044607227352,1.3649392541548586
2025-06-29 06:33:04+00:00,17243464,70128958604,51378611309056657207740,0,56569044607227352,1.364944610553111
2025-06-29 06:33:09+00:00,17243469,70129096413,51378510649071808763361,0,56569044607227352,1.3649499669618572
2025-06-29 06:33:17+00:00,17243477,70129096412,51378510648163564492916,0,56569044606227352,1.3649499669665228
2025-06-29 06:33:51+00:00,17243511,70129096413,51378510647433134789180,0,56569044606227352,1.3649499670053913
2025-06-29 06:34:00+00:00,17243520,70129096479,51378510696271164289228,0,56569044659465695,1.364949966992517
2025-06-29 06:34:07+00:00,17243527,70129096480,51378510696271164289227,0,56569044659465695,1.3649499670119802
2025-06-29 06:34:54+00:00,17243574,70129096479,51378510697271164289227,0,56569044659465695,1.3649499669659504
2025-06-29 06:35:02+00:00,17243582,70129096492,51378510707271164289227,0,56569044669952035,1.364949966953309
2025-06-29 06:35:48+00:00,17243628,70128960407,51378610707271164289227,0,56569044669952035,1.3649446616328078
2025-06-29 06:35:52+00:00,17243632,70128824323,51378710707271164289227,0,56569044669952035,1.3649393563524221
2025-06-29 06:35:57+00:00,17243637,70128962132,51378610046898835445925,0,56569044669952035,1.3649447127508059
2025-06-29 06:36:05+00:00,17243645,70128962133,51378610047631465852606,0,56569044670758678,1.3649447127508059
2025-06-29 06:36:43+00:00,17243683,70128962134,51378610046901033337156,0,56569044670758678,1.364944712789674
2025-06-29 06:36:47+00:00,17243687,70128962135,51378610046170600821727,0,56569044670758678,1.3649447128285426
2025-06-29 06:36:52+00:00,17243692,70128962201,51378610095008630321775,0,56569044723997123,1.364944712815673
2025-06-29 06:37:00+00:00,17243700,70128962202,51378610095008630321774,0,56569044723997123,1.3649447128351364
2025-06-29 06:37:46+00:00,17243746,70128962201,51378610096008630321774,0,56569044723997123,1.3649447127891068
2025-06-29 06:37:50+00:00,17243750,70128962200,51378610097008630321774,0,56569044723997123,1.364944712743077
2025-06-29 06:37:54+00:00,17243754,70128962213,51378610107008630321774,0,56569044734483483,1.3649447127304366
2025-06-29 06:37:58+00:00,17243758,70128962200,51378610096994059865146,0,56569044723457208,1.3649447127434642
2025-06-29 06:38:39+00:00,17243799,70128826116,51378710096994059865146,0,56569044723457208,1.3649394074629158
2025-06-29 06:38:47+00:00,17243807,70128963925,51378609436625500269339,0,56569044723457208,1.3649447638613632
2025-06-29 06:38:55+00:00,17243815,70128963926,51378609437358130648586,0,56569044724263851,1.3649447638613632
2025-06-29 06:39:35+00:00,17243855,70128963927,51378609436627698160487,0,56569044724263851,1.3649447639002315
2025-06-29 06:39:43+00:00,17243863,70128963993,51378609485465727660535,0,56569044777502295,1.3649447638873622
2025-06-29 06:39:48+00:00,17243868,70128963925,51378609435069787482832,0,56569044722015192,1.3649447639026928
2025-06-29 06:40:37+00:00,17243917,70128963924,51378609436069787482832,0,56569044722015192,1.3649447638566632
2025-06-29 06:40:42+00:00,17243922,70128963923,51378609437069787482832,0,56569044722015192,1.3649447638106333
2025-06-29 06:40:50+00:00,17243930,70128963910,51378609427055217154579,0,56569044710988917,1.364944763823661
2025-06-29 06:41:31+00:00,17243971,70128827826,51378709427055217154579,0,56569044710988917,1.364939458542944
2025-06-29 06:41:36+00:00,17243976,70128691742,51378809427055217154579,0,56569044710988917,1.3649341532828787
2025-06-29 06:41:44+00:00,17243984,70128829551,51378708766299175729004,0,56569044710988917,1.3649395096709707
2025-06-29 06:41:49+00:00,17243989,70128829552,51378708767031808928434,0,56569044711795561,1.3649395096709707
2025-06-29 06:42:26+00:00,17244026,70128829553,51378708766301373628612,0,56569044711795561,1.364939509709839
2025-06-29 06:42:34+00:00,17244034,70128829619,51378708815139403128660,0,56569044765034107,1.3649395096969745
2025-06-29 06:42:38+00:00,17244038,70128829551,51378708764743365509959,0,56569044709547004,1.3649395097123027
2025-06-29 06:43:27+00:00,17244087,70128829550,51378708765743365509959,0,56569044709547004,1.364939509666273
2025-06-29 06:43:31+00:00,17244091,70128829549,51378708766743365509959,0,56569044709547004,1.3649395096202437
2025-06-29 06:43:35+00:00,17244095,70128829562,51378708776743365509959,0,56569044720033384,1.3649395096076042
2025-06-29 06:43:39+00:00,17244099,70128829549,51378708766728775818353,0,56569044709007109,1.3649395096206312
2025-06-29 06:44:20+00:00,17244140,70128693465,51378808766728775818353,0,56569044709007109,1.3649342043603983
2025-06-29 06:44:28+00:00,17244148,70128831274,51378708105976501237444,0,56569044709007109,1.364939560748559
2025-06-29 06:44:36+00:00,17244156,70128831275,51378708106709134409459,0,56569044709813753,1.364939560748559
2025-06-29 06:45:14+00:00,17244194,70128831276,51378708105978699136971,0,56569044709813753,1.3649395607874273
2025-06-29 06:45:22+00:00,17244202,70128831342,51378708154816728637019,0,56569044763052298,1.364939560774563
2025-06-29 06:45:31+00:00,17244211,70128831343,51378708154816728637018,0,56569044763052298,1.3649395607940262
2025-06-29 06:46:15+00:00,17244255,70128831342,51378708155816728637018,0,56569044763052298,1.3649395607479966
2025-06-29 06:46:24+00:00,17244264,70128831355,51378708165816728637018,0,56569044773538678,1.3649395607353574
2025-06-29 06:47:09+00:00,17244309,70128695271,51378808165816728637018,0,56569044773538678,1.3649342554749628
2025-06-29 06:47:17+00:00,17244317,70128833080,51378707505068223632239,0,56569044773538678,1.3649396118631862
2025-06-29 06:47:25+00:00,17244325,70128833081,51378707505800856776818,0,56569044774345322,1.3649396118631862
2025-06-29 06:48:03+00:00,17244363,70128833082,51378707505070421531683,0,56569044774345322,1.3649396119020545
2025-06-29 06:48:07+00:00,17244367,70128833083,51378707504339986286569,0,56569044774345322,1.3649396119409227
2025-06-29 06:48:11+00:00,17244371,70128833149,51378707553178015786617,0,56569044827583865,1.3649396119280583
2025-06-29 06:48:15+00:00,17244375,70128833081,51378707502781979461466,0,56569044772096762,1.3649396119433865
2025-06-29 06:48:20+00:00,17244380,70128833082,51378707502781979461465,0,56569044772096762,1.3649396119628499
2025-06-29 06:49:04+00:00,17244424,70128833081,51378707503781979461465,0,56569044772096762,1.3649396119168202
2025-06-29 06:49:08+00:00,17244428,70128833080,51378707504781979461465,0,56569044772096762,1.3649396118707908
2025-06-29 06:49:13+00:00,17244433,70128833093,51378707514781979461465,0,56569044782583141,1.3649396118581514
2025-06-29 06:49:57+00:00,17244477,70128697009,51378807514781979461465,0,56569044782583141,1.3649343065975903
2025-06-29 06:50:05+00:00,17244485,70128834818,51378706854037244627338,0,56569044782583141,1.3649396629858817
2025-06-29 06:50:09+00:00,17244489,70128972627,51378606193687529089776,0,56569044782583141,1.364945019384667
2025-06-29 06:50:14+00:00,17244494,70128972628,51378606194420159331872,0,56569044783389783,1.364945019384667
2025-06-29 06:50:52+00:00,17244532,70128972629,51378606193689726980513,0,56569044783389783,1.3649450194235353
2025-06-29 06:51:00+00:00,17244540,70128972695,51378606242527756480561,0,56569044836628220,1.3649450194106658
2025-06-29 06:51:04+00:00,17244544,70128972627,51378606192131819536446,0,56569044781141117,1.3649450194259967
2025-06-29 06:51:08+00:00,17244548,70128972628,51378606192131819536445,0,56569044781141117,1.36494501944546
2025-06-29 06:51:53+00:00,17244593,70128972627,51378606193131819536445,0,56569044781141117,1.3649450193994304
2025-06-29 06:52:01+00:00,17244601,70128972640,51378606203131819536445,0,56569044791627475,1.3649450193867898
2025-06-29 06:52:46+00:00,17244646,70128836556,51378706203131819536445,0,56569044791627475,1.3649397141052426
2025-06-29 06:52:54+00:00,17244654,70128974365,51378605542785873898779,0,56569044791627475,1.364945070504096
2025-06-29 06:52:58+00:00,17244658,70129112174,51378504882834945206695,0,56569044791627475,1.3649504269134436
2025-06-29 06:53:02+00:00,17244662,70129112175,51378504883567572546327,0,56569044792434116,1.3649504269134436
2025-06-29 06:53:07+00:00,17244667,70129112174,51378504882659328380776,0,56569044791434116,1.364950426918109
2025-06-29 06:53:40+00:00,17244700,70129112175,51378504881928898923176,0,56569044791434116,1.3649504269569774
2025-06-29 06:53:44+00:00,17244704,70129112176,51378504881198469465596,0,56569044791434116,1.364950426995846
2025-06-29 06:53:48+00:00,17244708,70129112242,51378504930036498965644,0,56569044844672447,1.364950426982971
2025-06-29 06:53:56+00:00,17244716,70129112243,51378504930036498965643,0,56569044844672447,1.3649504270024344
2025-06-29 06:54:42+00:00,17244762,70129112242,51378504931036498965643,0,56569044844672447,1.3649504269564043
2025-06-29 06:54:46+00:00,17244766,70129112241,51378504932036498965643,0,56569044844672447,1.3649504269103745
2025-06-29 06:54:54+00:00,17244774,70129112228,51378504922021949028924,0,56569044833646172,1.3649504269234025
2025-06-29 06:55:34+00:00,17244814,70128976143,51378604922021949028924,0,56569044833646172,1.364945121601409
2025-06-29 06:55:42+00:00,17244822,70129113952,51378504262074788580791,0,56569044833646172,1.3649504780108213
2025-06-29 06:55:46+00:00,17244826,70129251761,51378403602522642727056,0,56569044833646172,1.3649558344307278
2025-06-29 06:55:50+00:00,17244830,70129251762,51378403603255267164254,0,56569044834452811,1.3649558344307278
2025-06-29 06:55:54+00:00,17244834,70129251761,51378403602347024789761,0,56569044833452811,1.3649558344353934
2025-06-29 06:56:28+00:00,17244868,70129251762,51378403601616598225888,0,56569044833452811,1.3649558344742618
2025-06-29 06:56:36+00:00,17244876,70129251828,51378403650454627725936,0,56569044886691037,1.3649558344613817
2025-06-29 06:56:44+00:00,17244884,70129251829,51378403650454627725935,0,56569044886691037,1.3649558344808452
2025-06-29 06:57:30+00:00,17244930,70129251828,51378403651454627725935,0,56569044886691037,1.3649558344348152
2025-06-29 06:57:38+00:00,17244938,70129251841,51378403661454627725935,0,56569044897177354,1.3649558344221724
2025-06-29 06:58:22+00:00,17244982,70129115756,51378503661454627725935,0,56569044897177354,1.364950529079198
2025-06-29 06:58:31+00:00,17244991,70129253565,51378403001906247952279,0,56569044897177354,1.364955885499167
2025-06-29 06:58:39+00:00,17244999,70129253566,51378403002638872362066,0,56569044897983993,1.364955885499167
2025-06-29 06:58:44+00:00,17245004,70129253565,51378403001730629999211,0,56569044896983993,1.3649558855038326
2025-06-29 06:59:18+00:00,17245038,70129253566,51378403001000203462666,0,56569044896983993,1.364955885542701
2025-06-29 06:59:22+00:00,17245042,70129253567,51378403000269776926142,0,56569044896983993,1.3649558855815696
2025-06-29 06:59:26+00:00,17245046,70129253633,51378403049107806426190,0,56569044950222217,1.3649558855686894
2025-06-29 06:59:30+00:00,17245050,70129253565,51378402998712068890407,0,56569044894735114,1.3649558855840258
2025-06-29 06:59:35+00:00,17245055,70129253566,51378402998712068890406,0,56569044894735114,1.3649558856034893
2025-06-29 07:00:22+00:00,17245102,70129253565,51378402999712068890406,0,56569044894735114,1.364955885557459
2025-06-29 07:00:26+00:00,17245106,70129253564,51378403000712068890406,0,56569044894735114,1.364955885511429
2025-06-29 07:00:31+00:00,17245111,70129253577,51378403010712068890406,0,56569044905221430,1.3649558854987862
2025-06-29 07:00:36+00:00,17245116,70129253564,51378403000697538830617,0,56569044894195155,1.364955885511815
2025-06-29 07:01:15+00:00,17245155,70129117479,51378503000697538830617,0,56569044894195155,1.3649505801686728
2025-06-29 07:01:19+00:00,17245159,70128981394,51378603000697538830617,0,56569044894195155,1.3649452748461826
2025-06-29 07:01:23+00:00,17245163,70129119203,51378502340761679634581,0,56569044894195155,1.364950631255795
2025-06-29 07:01:27+00:00,17245167,70129257012,51378401681220834959017,0,56569044894195155,1.3649559876759019
2025-06-29 07:01:31+00:00,17245171,70129257013,51378401681953459313962,0,56569044895001794,1.3649559876759019
2025-06-29 07:01:36+00:00,17245176,70129257012,51378401681045216974405,0,56569044894001794,1.3649559876805675
2025-06-29 07:02:09+00:00,17245209,70129257013,51378401680314790492538,0,56569044894001794,1.364955987719436
2025-06-29 07:02:17+00:00,17245217,70129257079,51378401729152819992586,0,56569044947240016,1.3649559877065558
2025-06-29 07:02:25+00:00,17245225,70129257080,51378401729152819992585,0,56569044947240016,1.3649559877260191
2025-06-29 07:03:09+00:00,17245269,70129257079,51378401730152819992585,0,56569044947240016,1.364955987679989
2025-06-29 07:03:14+00:00,17245274,70129257078,51378401731152819992585,0,56569044947240016,1.364955987633959
2025-06-29 07:03:22+00:00,17245282,70129257065,51378401721138290189642,0,56569044936213741,1.3649559876469874
2025-06-29 07:04:02+00:00,17245322,70129120980,51378501721138290189642,0,56569044936213741,1.3649506823035145
2025-06-29 07:04:10+00:00,17245330,70129258789,51378401061601210069997,0,56569044936213741,1.3649560387236859
2025-06-29 07:04:14+00:00,17245334,70129396598,51378300402459142119680,0,56569044936213741,1.3649613951543513
2025-06-29 07:04:22+00:00,17245342,70129396597,51378300401550901571154,0,56569044935213741,1.364961395159017
2025-06-29 07:04:56+00:00,17245376,70129396598,51378300400820477982970,0,56569044935213741,1.3649613951978856
2025-06-29 07:05:04+00:00,17245384,70129396664,51378300449658507483018,0,56569044988451857,1.3649613951850001
2025-06-29 07:05:08+00:00,17245388,70129396596,51378300399262870618420,0,56569044932964754,1.3649613952003394
2025-06-29 07:05:13+00:00,17245393,70129396597,51378300399262870618419,0,56569044932964754,1.3649613952198028
2025-06-29 07:05:59+00:00,17245439,70129396596,51378300400262870618419,0,56569044932964754,1.3649613951737725
2025-06-29 07:06:07+00:00,17245447,70129396609,51378300410262870618419,0,56569044943451049,1.3649613951611288
2025-06-29 07:06:52+00:00,17245492,70129260523,51378400410262870618419,0,56569044943451049,1.364956089777206
2025-06-29 07:07:00+00:00,17245500,70129398332,51378299751124567622095,0,56569044943451049,1.3649614462079394
2025-06-29 07:07:09+00:00,17245509,70129398333,51378299751857189047248,0,56569044944257687,1.3649614462079394
2025-06-29 07:07:47+00:00,17245547,70129398334,51378299751126765486381,0,56569044944257687,1.3649614462468078
2025-06-29 07:07:52+00:00,17245552,70129398335,51378299750396341925535,0,56569044944257687,1.3649614462856765
2025-06-29 07:08:00+00:00,17245560,70129398267,51378299700000705707454,0,56569044888770584,1.3649614463010156
2025-06-29 07:08:48+00:00,17245608,70129398266,51378299701000705707454,0,56569044888770584,1.3649614462549853
2025-06-29 07:08:52+00:00,17245612,70129398265,51378299702000705707454,0,56569044888770584,1.364961446208955
2025-06-29 07:08:56+00:00,17245616,70129398278,51378299712000705707454,0,56569044899256879,1.364961446196311
2025-06-29 07:09:41+00:00,17245661,70129262192,51378399712000705707454,0,56569044899256879,1.3649561408122168
2025-06-29 07:09:49+00:00,17245669,70129400001,51378299052866166300062,0,56569044899256879,1.364961497243023
2025-06-29 07:09:53+00:00,17245673,70129537810,51378198394126636686942,0,56569044899256879,1.3649668536843236
2025-06-29 07:10:01+00:00,17245681,70129537809,51378198393218397941077,0,56569044898256879,1.3649668536889892
2025-06-29 07:10:34+00:00,17245714,70129537810,51378198392487977273871,0,56569044898256879,1.3649668537278579
2025-06-29 07:10:38+00:00,17245718,70129537811,51378198391757556606686,0,56569044898256879,1.3649668537667266
2025-06-29 07:10:42+00:00,17245722,70129537877,51378198440595586106734,0,56569044951494887,1.364966853753836
2025-06-29 07:10:46+00:00,17245726,70129537809,51378198390200049267246,0,56569044896007784,1.364966853769178
2025-06-29 07:10:51+00:00,17245731,70129537810,51378198390200049267245,0,56569044896007784,1.3649668537886415
2025-06-29 07:11:38+00:00,17245778,70129537809,51378198391200049267245,0,56569044896007784,1.3649668537426107
2025-06-29 07:11:46+00:00,17245786,70129537822,51378198401200049267245,0,56569044906494058,1.364966853729966
2025-06-29 07:11:51+00:00,17245791,70129537809,51378198391185559089577,0,56569044895467783,1.3649668537429958
2025-06-29 07:12:31+00:00,17245831,70129401723,51378298391185559089577,0,56569044895467783,1.364961548337914
2025-06-29 07:12:39+00:00,17245839,70129539532,51378197732449797451250,0,56569044895467783,1.3649669047792834
2025-06-29 07:12:47+00:00,17245847,70129539533,51378197733182415946613,0,56569044896274419,1.3649669047792834
2025-06-29 07:13:25+00:00,17245885,70129539534,51378197732451995306747,0,56569044896274419,1.364966904818152
2025-06-29 07:13:33+00:00,17245893,70129539600,51378197781290024806795,0,56569044949512426,1.3649669048052615
2025-06-29 07:13:40+00:00,17245900,70129539601,51378197781290024806794,0,56569044949512426,1.364966904824725
2025-06-29 07:14:26+00:00,17245946,70129539600,51378197782290024806794,0,56569044949512426,1.3649669047786945
2025-06-29 07:14:30+00:00,17245950,70129539599,51378197783290024806794,0,56569044949512426,1.364966904732664
2025-06-29 07:14:34+00:00,17245954,70129539612,51378197793290024806794,0,56569044959998700,1.364966904720019
2025-06-29 07:14:38+00:00,17245958,70129539599,51378197783275534757090,0,56569044948972425,1.3649669047330488
2025-06-29 07:15:19+00:00,17245999,70129403513,51378297783275534757090,0,56569044948972425,1.3649615993278053
2025-06-29 07:15:24+00:00,17246004,70129267427,51378397783275534757090,0,56569044948972425,1.3649562939432136
2025-06-29 07:15:32+00:00,17246012,70129405236,51378297124152288028872,0,56569044948972425,1.364961650374221
2025-06-29 07:15:36+00:00,17246016,70129405237,51378297124884909344442,0,56569044949779063,1.364961650374221
2025-06-29 07:15:41+00:00,17246021,70129405236,51378297123976668854074,0,56569044948779063,1.3649616503788866
2025-06-29 07:16:14+00:00,17246054,70129405237,51378297123246245402464,0,56569044948779063,1.3649616504177553
2025-06-29 07:16:18+00:00,17246058,70129405238,51378297122515821950875,0,56569044948779063,1.3649616504566238
2025-06-29 07:16:22+00:00,17246062,70129405304,51378297171353851450923,0,56569045002017172,1.3649616504437383
2025-06-29 07:16:27+00:00,17246067,70129405236,51378297120958217814014,0,56569044946530069,1.3649616504590776
2025-06-29 07:16:32+00:00,17246072,70129405237,51378297120958217814013,0,56569044946530069,1.364961650478541
2025-06-29 07:17:17+00:00,17246117,70129405236,51378297121958217814013,0,56569044946530069,1.3649616504325106
2025-06-29 07:17:25+00:00,17246125,70129405249,51378297131958217814013,0,56569044957016363,1.364961650419867
2025-06-29 07:18:09+00:00,17246169,70129269163,51378397131958217814013,0,56569044957016363,1.3649563450351088
2025-06-29 07:18:18+00:00,17246178,70129406972,51378296472838738868340,0,56569044957016363,1.364961701466184
2025-06-29 07:18:27+00:00,17246187,70129406973,51378296473571360156487,0,56569044957823001,1.364961701466184
2025-06-29 07:19:03+00:00,17246223,70129406974,51378296472840936732215,0,56569044957823001,1.3649617015050524
2025-06-29 07:19:07+00:00,17246227,70129406975,51378296472110513307964,0,56569044957823001,1.364961701543921
2025-06-29 07:19:11+00:00,17246231,70129407041,51378296520948542808012,0,56569045011061109,1.3649617015310354
2025-06-29 07:19:16+00:00,17246236,70129406973,51378296470552909817125,0,56569044955574006,1.3649617015463746
2025-06-29 07:20:06+00:00,17246286,70129406972,51378296471552909817125,0,56569044955574006,1.3649617015003443
2025-06-29 07:20:14+00:00,17246294,70129406985,51378296481552909817125,0,56569044966060300,1.3649617014877007
2025-06-29 07:20:19+00:00,17246299,70129406972,51378296471538400532462,0,56569044955034025,1.3649617015007298
2025-06-29 07:20:59+00:00,17246339,70129270886,51378396471538400532462,0,56569044955034025,1.364956396115804
2025-06-29 07:21:03+00:00,17246343,70129134801,51378496471538400532462,0,56569044955034025,1.3649510907709939
2025-06-29 07:21:07+00:00,17246347,70129272610,51378395812031443172981,0,56569044955034025,1.3649564471917126
2025-06-29 07:21:11+00:00,17246351,70129410419,51378295152919497786771,0,56569044955034025,1.3649618036229254
2025-06-29 07:21:16+00:00,17246356,70129410420,51378295153652119020087,0,56569044955840662,1.3649618036229254
2025-06-29 07:21:53+00:00,17246393,70129410421,51378295152921695650481,0,56569044955840662,1.3649618036617939
2025-06-29 07:22:01+00:00,17246401,70129410487,51378295201759725150529,0,56569045009078767,1.3649618036489082
2025-06-29 07:22:05+00:00,17246405,70129410419,51378295151364093451834,0,56569044953591664,1.3649618036642477
2025-06-29 07:22:55+00:00,17246455,70129410418,51378295152364093451834,0,56569044953591664,1.3649618036182172
2025-06-29 07:23:03+00:00,17246463,70129410431,51378295162364093451834,0,56569044964077957,1.3649618036055735
2025-06-29 07:23:46+00:00,17246506,70129274345,51378395162364093451834,0,56569044964077957,1.3649564982203137
2025-06-29 07:23:51+00:00,17246511,70129138260,51378495162364093451834,0,56569044964077957,1.3649511928751696
2025-06-29 07:23:58+00:00,17246518,70129276069,51378394502864665843427,0,56569044964077957,1.3649565492960247
2025-06-29 07:24:06+00:00,17246526,70129276068,51378394501956423631888,0,56569044963077957,1.3649565493006903
2025-06-29 07:24:39+00:00,17246559,70129276069,51378394501225997450559,0,56569044963077957,1.3649565493395588
2025-06-29 07:24:47+00:00,17246567,70129276135,51378394550064026950607,0,56569045016316164,1.3649565493266782
2025-06-29 07:24:55+00:00,17246575,70129276136,51378394550064026950606,0,56569045016316164,1.3649565493461415
2025-06-29 07:25:39+00:00,17246619,70129276135,51378394551064026950606,0,56569045016316164,1.3649565493001115
2025-06-29 07:25:44+00:00,17246624,70129276134,51378394552064026950606,0,56569045016316164,1.3649565492540812
2025-06-29 07:25:52+00:00,17246632,70129276121,51378394542049498559219,0,56569045005289889,1.3649565492671099
2025-06-29 07:26:32+00:00,17246672,70129140036,51378494542049498559219,0,56569045005289889,1.3649512439218023
2025-06-29 07:26:40+00:00,17246680,70129277845,51378393882553835423509,0,56569045005289889,1.3649566003427223
2025-06-29 07:26:44+00:00,17246684,70129415654,51378293223453184187261,0,56569045005289889,1.3649619567741362
2025-06-29 07:26:52+00:00,17246692,70129415653,51378293222544943766752,0,56569045004289889,1.3649619567788018
2025-06-29 07:27:26+00:00,17246726,70129415654,51378293221814520479104,0,56569045004289889,1.3649619568176705
2025-06-29 07:27:34+00:00,17246734,70129415720,51378293270652549979152,0,56569045057527990,1.3649619568047846
2025-06-29 07:27:42+00:00,17246742,70129415721,51378293270652549979151,0,56569045057527990,1.3649619568242481
2025-06-29 07:28:26+00:00,17246786,70129415720,51378293271652549979151,0,56569045057527990,1.3649619567782176
2025-06-29 07:28:34+00:00,17246794,70129415733,51378293281652549979151,0,56569045068014282,1.3649619567655737
2025-06-29 07:29:18+00:00,17246838,70129279647,51378393281652549979151,0,56569045068014282,1.364956651379822
2025-06-29 07:29:22+00:00,17246842,70129143562,51378493281652549979151,0,56569045068014282,1.3649513460341853
2025-06-29 07:29:27+00:00,17246847,70129281371,51378392622164417197887,0,56569045068014282,1.3649567024552367
2025-06-29 07:29:34+00:00,17246854,70129281372,51378392622897041169183,0,56569045068820921,1.3649567024552367
2025-06-29 07:29:38+00:00,17246858,70129281371,51378392621988798992559,0,56569045067820921,1.3649567024599023
2025-06-29 07:30:12+00:00,17246892,70129281372,51378392621258372893190,0,56569045067820921,1.3649567024987708
2025-06-29 07:30:21+00:00,17246901,70129281438,51378392670096402393238,0,56569045121059124,1.36495670248589
2025-06-29 07:30:29+00:00,17246909,70129281439,51378392670096402393237,0,56569045121059124,1.3649567025053533
2025-06-29 07:31:12+00:00,17246952,70129281438,51378392671096402393237,0,56569045121059124,1.3649567024593232
2025-06-29 07:31:20+00:00,17246960,70129281451,51378392681096402393237,0,56569045131545436,1.3649567024466802
2025-06-29 07:31:24+00:00,17246964,70129281438,51378392671081874386933,0,56569045120519161,1.3649567024597091
2025-06-29 07:32:04+00:00,17247004,70129145353,51378492671081874386933,0,56569045120519161,1.3649513971139102
2025-06-29 07:32:12+00:00,17247012,70129283162,51378392011597508517874,0,56569045120519161,1.364956753535025
2025-06-29 07:32:16+00:00,17247016,70129420971,51378291352508154473995,0,56569045120519161,1.364962109966634
2025-06-29 07:32:20+00:00,17247020,70129420972,51378291353240775542886,0,56569045121325798,1.364962109966634
2025-06-29 07:32:25+00:00,17247025,70129420971,51378291352332535157300,0,56569045120325798,1.3649621099712996
2025-06-29 07:32:57+00:00,17247057,70129420972,51378291351602111951629,0,56569045120325798,1.3649621100101683
2025-06-29 07:33:05+00:00,17247065,70129421038,51378291400440141451677,0,56569045173563895,1.3649621099972824
2025-06-29 07:33:13+00:00,17247073,70129421039,51378291400440141451676,0,56569045173563895,1.3649621100167457
2025-06-29 07:33:58+00:00,17247118,70129421038,51378291401440141451676,0,56569045173563895,1.3649621099707154
2025-06-29 07:34:02+00:00,17247122,70129421037,51378291402440141451676,0,56569045173563895,1.364962109924685
2025-06-29 07:34:10+00:00,17247130,70129421024,51378291392425633193754,0,56569045162537620,1.3649621099377143
2025-06-29 07:34:49+00:00,17247169,70129284938,51378391392425633193754,0,56569045162537620,1.364956804551469
2025-06-29 07:34:57+00:00,17247177,70129422747,51378290733340041365626,0,56569045162537620,1.3649621609831428
2025-06-29 07:35:01+00:00,17247181,70129560556,51378190074649459011571,0,56569045162537620,1.3649675174253104
2025-06-29 07:35:05+00:00,17247185,70129560557,51378190075382077178108,0,56569045163344256,1.3649675174253104
2025-06-29 07:35:44+00:00,17247224,70129560558,51378190074651656866081,0,56569045163344256,1.364967517464179
2025-06-29 07:35:48+00:00,17247228,70129560559,51378190073921236554074,0,56569045163344256,1.3649675175030478
2025-06-29 07:35:53+00:00,17247233,70129560625,51378190122759266054122,0,56569045216582247,1.3649675174901565
2025-06-29 07:36:00+00:00,17247240,70129560626,51378190122759266054121,0,56569045216582247,1.36496751750962
2025-06-29 07:36:43+00:00,17247283,70129560625,51378190123759266054121,0,56569045216582247,1.3649675174635896
2025-06-29 07:36:47+00:00,17247287,70129560624,51378190124759266054121,0,56569045216582247,1.364967517417559
2025-06-29 07:36:51+00:00,17247291,70129560637,51378190134759266054121,0,56569045227068518,1.364967517404914
2025-06-29 07:37:36+00:00,17247336,70129424551,51378290134759266054121,0,56569045227068518,1.364962211997688
2025-06-29 07:37:44+00:00,17247344,70129562360,51378189476072445745901,0,56569045227068518,1.3649675684399183
2025-06-29 07:37:51+00:00,17247351,70129562361,51378189476805063885057,0,56569045227875154,1.3649675684399183
2025-06-29 07:37:55+00:00,17247355,70129562360,51378189475896825302104,0,56569045226875154,1.364967568444584
2025-06-29 07:38:29+00:00,17247389,70129562361,51378189475166405017378,0,56569045226875154,1.3649675684834526
2025-06-29 07:38:37+00:00,17247397,70129562427,51378189524004434517426,0,56569045280113144,1.3649675684705613
2025-06-29 07:38:41+00:00,17247401,70129562359,51378189473608906716745,0,56569045224626041,1.3649675684859037
2025-06-29 07:39:31+00:00,17247451,70129562358,51378189474608906716745,0,56569045224626041,1.364967568439873
2025-06-29 07:39:40+00:00,17247460,70129562371,51378189484608906716745,0,56569045235112311,1.3649675684272282
2025-06-29 07:40:24+00:00,17247504,70129426284,51378289484608906716745,0,56569045235112311,1.3649622630003722
2025-06-29 07:40:32+00:00,17247512,70129564093,51378188825925847579585,0,56569045235112311,1.36496761944267
2025-06-29 07:40:40+00:00,17247520,70129564094,51378188826658465691367,0,56569045235918947,1.36496761944267
2025-06-29 07:40:45+00:00,17247525,70129564093,51378188825750227120036,0,56569045234918947,1.364967619447336
2025-06-29 07:41:18+00:00,17247558,70129564094,51378188825019806862602,0,56569045234918947,1.3649676194862046
2025-06-29 07:41:22+00:00,17247562,70129564095,51378188824289386605189,0,56569045234918947,1.364967619525073
2025-06-29 07:41:26+00:00,17247566,70129564161,51378188873127416105237,0,56569045288156936,1.3649676195121818
2025-06-29 07:41:30+00:00,17247570,70129564093,51378188822731888950150,0,56569045232669833,1.3649676195275242
2025-06-29 07:41:34+00:00,17247574,70129564094,51378188822731888950149,0,56569045232669833,1.3649676195469878
2025-06-29 07:42:19+00:00,17247619,70129564093,51378188823731888950149,0,56569045232669833,1.3649676195009572
2025-06-29 07:42:27+00:00,17247627,70129564106,51378188833731888950149,0,56569045243156103,1.3649676194883122
2025-06-29 07:42:31+00:00,17247631,70129564093,51378188823717400696944,0,56569045232129828,1.364967619501342
2025-06-29 07:43:10+00:00,17247670,70129428006,51378288823717400696944,0,56569045232129828,1.3649623140743186
2025-06-29 07:43:17+00:00,17247677,70129565815,51378188165038107985797,0,56569045232129828,1.3649676705166853
2025-06-29 07:43:21+00:00,17247681,70129703624,51378087506753822348476,0,56569045232129828,1.3649730269695464
2025-06-29 07:43:26+00:00,17247686,70129703625,51378087507486437557891,0,56569045232936462,1.3649730269695464
2025-06-29 07:43:30+00:00,17247690,70129703624,51378087506578200777583,0,56569045231936462,1.3649730269742122
2025-06-29 07:44:04+00:00,17247724,70129703625,51378087505847783413809,0,56569045231936462,1.3649730270130809
2025-06-29 07:44:09+00:00,17247729,70129703626,51378087505117366050056,0,56569045231936462,1.3649730270519496
2025-06-29 07:44:17+00:00,17247737,70129703558,51378087454721938274125,0,56569045176449359,1.3649730270672946
2025-06-29 07:45:04+00:00,17247784,70129703557,51378087455721938274125,0,56569045176449359,1.3649730270212639
2025-06-29 07:45:12+00:00,17247792,70129703570,51378087465721938274125,0,56569045186935608,1.3649730270086178
2025-06-29 07:45:16+00:00,17247796,70129703557,51378087455707469769327,0,56569045175909333,1.3649730270216482
2025-06-29 07:45:56+00:00,17247836,70129567470,51378187455707469769327,0,56569045175909333,1.3649677215736322
2025-06-29 07:46:01+00:00,17247841,70129431383,51378287455707469769327,0,56569045175909333,1.3649624161462688
2025-06-29 07:46:09+00:00,17247849,70129569192,51378186797035704309203,0,56569045175909333,1.3649677725887783
2025-06-29 07:46:17+00:00,17247857,70129569191,51378186796127465772787,0,56569045174909333,1.364967772593444
2025-06-29 07:46:50+00:00,17247890,70129569192,51378186795397045597305,0,56569045174909333,1.3649677726323126
2025-06-29 07:46:55+00:00,17247895,70129569193,51378186794666625421844,0,56569045174909333,1.3649677726711813
2025-06-29 07:47:03+00:00,17247903,70129569125,51378186744271100204577,0,56569045119422230,1.3649677726865237
2025-06-29 07:47:52+00:00,17247952,70129569124,51378186745271100204577,0,56569045119422230,1.3649677726404932
2025-06-29 07:47:56+00:00,17247956,70129569123,51378186746271100204577,0,56569045119422230,1.3649677725944624
2025-06-29 07:48:04+00:00,17247964,70129569110,51378186736256612336349,0,56569045108395955,1.3649677726074925
2025-06-29 07:48:45+00:00,17248005,70129433023,51378286736256612336349,0,56569045108395955,1.3649624671799554
2025-06-29 07:48:53+00:00,17248013,70129570832,51378186077588610332680,0,56569045108395955,1.3649678236225398
2025-06-29 07:49:01+00:00,17248021,70129570833,51378186078321228334872,0,56569045109202591,1.3649678236225398
2025-06-29 07:49:38+00:00,17248058,70129570834,51378186077590808186697,0,56569045109202591,1.3649678236614085
2025-06-29 07:49:46+00:00,17248066,70129570900,51378186126428837686745,0,56569045162440575,1.364967823648517
2025-06-29 07:49:54+00:00,17248074,70129570901,51378186126428837686744,0,56569045162440575,1.3649678236679805
2025-06-29 07:50:39+00:00,17248119,70129570900,51378186127428837686744,0,56569045162440575,1.36496782362195
2025-06-29 07:50:44+00:00,17248124,70129570899,51378186128428837686744,0,56569045162440575,1.3649678235759193
2025-06-29 07:50:51+00:00,17248131,70129570886,51378186118414349946559,0,56569045151414300,1.3649678235889493
2025-06-29 07:51:31+00:00,17248171,70129434799,51378286118414349946559,0,56569045151414300,1.364962518161249
2025-06-29 07:51:39+00:00,17248179,70129572608,51378185459750107534996,0,56569045151414300,1.364967874603898
2025-06-29 07:51:47+00:00,17248187,70129572609,51378185460482725509825,0,56569045152220936,1.364967874603898
2025-06-29 07:52:23+00:00,17248223,70129572610,51378185459752305388931,0,56569045152220936,1.3649678746427667
2025-06-29 07:52:28+00:00,17248228,70129572611,51378185459021885268057,0,56569045152220936,1.3649678746816352
2025-06-29 07:52:36+00:00,17248236,70129572543,51378185408626361340676,0,56569045096733833,1.3649678746969778
2025-06-29 07:52:40+00:00,17248240,70129572544,51378185408626361340675,0,56569045096733833,1.3649678747164413
2025-06-29 07:53:25+00:00,17248285,70129572543,51378185409626361340675,0,56569045096733833,1.3649678746704108
2025-06-29 07:53:33+00:00,17248293,70129572556,51378185419626361340675,0,56569045107220102,1.3649678746577656
2025-06-29 07:54:17+00:00,17248337,70129436469,51378285419626361340675,0,56569045107220102,1.364962569229894
2025-06-29 07:54:26+00:00,17248346,70129574278,51378184760965884962910,0,56569045107220102,1.3649679256726157
2025-06-29 07:54:34+00:00,17248354,70129574279,51378184761698502910329,0,56569045108026738,1.3649679256726157
2025-06-29 07:55:11+00:00,17248391,70129574280,51378184760968082816762,0,56569045108026738,1.3649679257114844
2025-06-29 07:55:16+00:00,17248396,70129574281,51378184760237662723216,0,56569045108026738,1.364967925750353
2025-06-29 07:55:23+00:00,17248403,70129574213,51378184709842139441884,0,56569045052539635,1.3649679257656955
2025-06-29 07:55:27+00:00,17248407,70129574214,51378184709842139441883,0,56569045052539635,1.364967925785159
2025-06-29 07:56:12+00:00,17248452,70129574213,51378184710842139441883,0,56569045052539635,1.3649679257391285
2025-06-29 07:56:20+00:00,17248460,70129574226,51378184720842139441883,0,56569045063025904,1.3649679257264835
2025-06-29 07:57:06+00:00,17248506,70129438139,51378284720842139441883,0,56569045063025904,1.3649626202984402
2025-06-29 07:57:14+00:00,17248514,70129575948,51378184062185429090356,0,56569045063025904,1.3649679767412348
2025-06-29 07:57:21+00:00,17248521,70129575949,51378184062918047010365,0,56569045063832540,1.3649679767412348
2025-06-29 07:57:26+00:00,17248526,70129575948,51378184062009808520482,0,56569045062832540,1.3649679767459004
2025-06-29 07:58:00+00:00,17248560,70129575949,51378184061279388454246,0,56569045062832540,1.364967976784769
2025-06-29 07:58:08+00:00,17248568,70129576015,51378184110117417954294,0,56569045116070520,1.3649679767718776
2025-06-29 07:58:17+00:00,17248577,70129576016,51378184110117417954293,0,56569045116070520,1.364967976791341
2025-06-29 07:59:00+00:00,17248620,70129576015,51378184111117417954293,0,56569045116070520,1.3649679767453105
2025-06-29 07:59:04+00:00,17248624,70129576014,51378184112117417954293,0,56569045116070520,1.36496797669928
2025-06-29 07:59:08+00:00,17248628,70129576027,51378184122117417954293,0,56569045126556788,1.364967976686635
2025-06-29 07:59:13+00:00,17248633,70129576014,51378184112102930598820,0,56569045115530513,1.3649679766996647
2025-06-29 07:59:54+00:00,17248674,70129439927,51378284112102930598820,0,56569045115530513,1.3649626712714595
2025-06-29 08:00:01+00:00,17248681,70129577736,51378183453449979228321,0,56569045115530513,1.3649680277143175
2025-06-29 08:00:06+00:00,17248686,70129715545,51378082795192034761133,0,56569045115530513,1.3649733841676697
2025-06-29 08:00:14+00:00,17248694,70129715544,51378082794283798062242,0,56569045114530513,1.3649733841723355
2025-06-29 08:00:47+00:00,17248727,70129715545,51378082793553380889610,0,56569045114530513,1.3649733842112042
2025-06-29 08:00:54+00:00,17248734,70129715611,51378082842391410389658,0,56569045167768387,1.3649733841983074
2025-06-29 08:00:58+00:00,17248738,70129715543,51378082791995987130108,0,56569045112281284,1.3649733842136527
2025-06-29 08:01:02+00:00,17248742,70129715544,51378082791995987130107,0,56569045112281284,1.3649733842331162
2025-06-29 08:01:46+00:00,17248786,70129715543,51378082792995987130107,0,56569045112281284,1.3649733841870855
2025-06-29 08:01:53+00:00,17248793,70129715556,51378082802995987130107,0,56569045122767531,1.3649733841744394
2025-06-29 08:01:58+00:00,17248798,70129715543,51378082792981519522794,0,56569045111741256,1.3649733841874698
2025-06-29 08:02:37+00:00,17248837,70129579456,51378182792981519522794,0,56569045111741256,1.3649680787382772
2025-06-29 08:02:45+00:00,17248845,70129717265,51378082134727337763599,0,56569045111741256,1.3649734351916984
2025-06-29 08:02:49+00:00,17248849,70129855074,51377981476868160556960,0,56569045111741256,1.3649787916556135
2025-06-29 08:02:58+00:00,17248858,70129855073,51377981475959925649064,0,56569045110741256,1.3649787916602794
2025-06-29 08:03:32+00:00,17248892,70129855074,51377981475229511370046,0,56569045110741256,1.3649787916991483
2025-06-29 08:03:39+00:00,17248899,70129855140,51377981524067540870094,0,56569045163979024,1.3649787916862464
2025-06-29 08:03:44+00:00,17248904,70129855072,51377981473672216987673,0,56569045108491921,1.3649787917015943
2025-06-29 08:04:32+00:00,17248952,70129855071,51377981474672216987673,0,56569045108491921,1.3649787916555634
2025-06-29 08:04:36+00:00,17248956,70129855070,51377981475672216987673,0,56569045108491921,1.3649787916095324
2025-06-29 08:04:40+00:00,17248960,70129855083,51377981485672216987673,0,56569045118978148,1.3649787915968852
2025-06-29 08:04:44+00:00,17248964,70129855070,51377981475657769128170,0,56569045107951873,1.364978791609916
2025-06-29 08:05:24+00:00,17249004,70129718982,51378081475657769128170,0,56569045107951873,1.364973486120273
2025-06-29 08:05:32+00:00,17249012,70129856791,51377980817802347565687,0,56569045107951873,1.3649788425842568
2025-06-29 08:05:36+00:00,17249016,70129994600,51377880160341928205067,0,56569045107951873,1.364984199058735
2025-06-29 08:05:41+00:00,17249021,70129994601,51377880161074537418191,0,56569045108758504,1.364984199058735
2025-06-29 08:06:18+00:00,17249058,70129994602,51377880160344126032717,0,56569045108758504,1.364984199097604
2025-06-29 08:06:22+00:00,17249062,70129994603,51377880159613714647263,0,56569045108758504,1.3649841991364728
2025-06-29 08:06:26+00:00,17249066,70129994669,51377880208451744147311,0,56569045161996166,1.3649841991235656
2025-06-29 08:06:31+00:00,17249071,70129994601,51377880158056519640973,0,56569045106509063,1.3649841991389164
2025-06-29 08:07:19+00:00,17249119,70129994600,51377880159056519640973,0,56569045106509063,1.3649841990928853
2025-06-29 08:07:23+00:00,17249123,70129994599,51377880160056519640973,0,56569045106509063,1.364984199046854
2025-06-29 08:07:27+00:00,17249127,70129994612,51377880170056519640973,0,56569045116995269,1.3649841990342058
2025-06-29 08:07:31+00:00,17249131,70129994599,51377880160042091529266,0,56569045105968994,1.3649841990472373
2025-06-29 08:08:11+00:00,17249171,70129858511,51377980160042091529266,0,56569045105968994,1.364978893536607
2025-06-29 08:08:15+00:00,17249175,70129722423,51378080160042091529266,0,56569045105968994,1.3649735880466294
2025-06-29 08:08:19+00:00,17249179,70129860232,51377979502194186357828,0,56569045105968994,1.3649789445107505
2025-06-29 08:08:23+00:00,17249183,70129998041,51377878844741283339377,0,56569045105968994,1.364984300985366
2025-06-29 08:08:27+00:00,17249187,70129998042,51377878845473892497795,0,56569045106775625,1.364984300985366
2025-06-29 08:08:31+00:00,17249191,70129998041,51377878844565659404087,0,56569045105775625,1.3649843009900318
2025-06-29 08:09:04+00:00,17249224,70129998042,51377878843835248073157,0,56569045105775625,1.3649843010289007
2025-06-29 08:09:08+00:00,17249228,70129998043,51377878843104836742247,0,56569045105775625,1.3649843010677696
2025-06-29 08:09:12+00:00,17249232,70129998109,51377878891942866242295,0,56569045159013284,1.3649843010548623
2025-06-29 08:09:17+00:00,17249237,70129998041,51377878841547643024628,0,56569045103526181,1.3649843010702132
2025-06-29 08:10:04+00:00,17249284,70129998040,51377878842547643024628,0,56569045103526181,1.364984301024182
2025-06-29 08:10:08+00:00,17249288,70129998039,51377878843547643024628,0,56569045103526181,1.3649843009781508
2025-06-29 08:10:17+00:00,17249297,70129998026,51377878833533215169096,0,56569045092499906,1.3649843009911824
2025-06-29 08:10:56+00:00,17249336,70129861938,51377978833533215169096,0,56569045092499906,1.3649789954802167
2025-06-29 08:11:04+00:00,17249344,70129999747,51377878176084070779968,0,56569045092499906,1.3649843519549016
2025-06-29 08:11:09+00:00,17249349,70130137556,51377777519029926193204,0,56569045092499906,1.3649897084400808
2025-06-29 08:11:17+00:00,17249357,70130137555,51377777518121694890466,0,56569045091499906,1.3649897084447469
2025-06-29 08:11:51+00:00,17249391,70130137556,51377777517391286453086,0,56569045091499906,1.3649897084836158
2025-06-29 08:11:59+00:00,17249399,70130137622,51377777566229315953134,0,56569045144737459,1.3649897084707034
2025-06-29 08:12:07+00:00,17249404,70130137623,51377777566229315953133,0,56569045144737459,1.364989708490167
2025-06-29 08:12:51+00:00,17249448,70130137622,51377777567229315953133,0,56569045144737459,1.3649897084441358
2025-06-29 08:12:55+00:00,17249452,70130137621,51377777568229315953133,0,56569045144737459,1.3649897083981044
2025-06-29 08:13:00+00:00,17249457,70130137634,51377777578229315953133,0,56569045155223643,1.364989708385455
2025-06-29 08:13:44+00:00,17249501,70130001545,51377877578229315953133,0,56569045155223643,1.3649844028340448
2025-06-29 08:13:48+00:00,17249505,70129865457,51377977578229315953133,0,56569045155223643,1.3649790973227511
2025-06-29 08:13:56+00:00,17249513,70130003266,51377876920787681712881,0,56569045155223643,1.364984453797567
2025-06-29 08:14:01+00:00,17249518,70130003267,51377876921520290789283,0,56569045156030274,1.364984453797567
2025-06-29 08:14:37+00:00,17249554,70130003268,51377876920789879540121,0,56569045156030274,1.364984453836436
2025-06-29 08:14:45+00:00,17249562,70130003334,51377876969627909040169,0,56569045209267929,1.3649844538235285
2025-06-29 08:14:53+00:00,17249570,70130003335,51377876969627909040168,0,56569045209267929,1.3649844538429923
2025-06-29 08:15:37+00:00,17249614,70130003334,51377876970627909040168,0,56569045209267929,1.364984453796961
2025-06-29 08:15:42+00:00,17249619,70130003333,51377876971627909040168,0,56569045209267929,1.36498445375093
2025-06-29 08:15:50+00:00,17249627,70130003320,51377876961613481568224,0,56569045198241654,1.3649844537639615
2025-06-29 08:16:31+00:00,17249668,70129867232,51377976961613481568224,0,56569045198241654,1.364979148252505
2025-06-29 08:16:38+00:00,17249675,70130005041,51377876304175603027778,0,56569045198241654,1.3649845047273852
2025-06-29 08:16:42+00:00,17249679,70130142850,51377775647132724215668,0,56569045198241654,1.3649898612127596
2025-06-29 08:16:50+00:00,17249687,70130142849,51377775646224492947718,0,56569045197241654,1.3649898612174256
2025-06-29 08:17:25+00:00,17249722,70130142850,51377775645494084592087,0,56569045197241654,1.3649898612562945
2025-06-29 08:17:33+00:00,17249730,70130142916,51377775694332114092135,0,56569045250479203,1.3649898612433822
2025-06-29 08:17:41+00:00,17249738,70130142917,51377775694332114092134,0,56569045250479203,1.3649898612628457
2025-06-29 08:18:25+00:00,17249782,70130142916,51377775695332114092134,0,56569045250479203,1.3649898612168143
2025-06-29 08:18:33+00:00,17249790,70130142929,51377775705332114092134,0,56569045260965387,1.3649898612041649
2025-06-29 08:19:17+00:00,17249834,70130006840,51377875705332114092134,0,56569045260965387,1.364984555652264
2025-06-29 08:19:25+00:00,17249842,70130144649,51377775048292990590487,0,56569045260965387,1.3649899121377007
2025-06-29 08:19:30+00:00,17249847,70130282458,51377674391648864466062,0,56569045260965387,1.3649952686336317
2025-06-29 08:19:34+00:00,17249851,70130282459,51377674392381467738014,0,56569045261772014,1.3649952686336317
2025-06-29 08:20:12+00:00,17249889,70130282460,51377674391651062275889,0,56569045261772014,1.3649952686725007
2025-06-29 08:20:20+00:00,17249897,70130282526,51377674440489091775937,0,56569045315009458,1.364995268659583
2025-06-29 08:20:25+00:00,17249902,70130282458,51377674390094069238347,0,56569045259522355,1.3649952686749394
2025-06-29 08:21:14+00:00,17249951,70130282457,51377674391094069238347,0,56569045259522355,1.3649952686289077
2025-06-29 08:21:22+00:00,17249959,70130282470,51377674401094069238347,0,56569045270008518,1.3649952686162572
2025-06-29 08:22:07+00:00,17250004,70130146381,51377774401094069238347,0,56569045270008518,1.3649899630433702
2025-06-29 08:22:12+00:00,17250009,70130010292,51377874401094069238347,0,56569045270008518,1.3649846574911362
2025-06-29 08:22:20+00:00,17250017,70130148101,51377773744062455554517,0,56569045270008518,1.3649900139767088
2025-06-29 08:22:28+00:00,17250025,70130148100,51377773743154224321361,0,56569045269008518,1.3649900139813749
2025-06-29 08:23:01+00:00,17250058,70130148101,51377773742423816047474,0,56569045269008518,1.3649900140202438
2025-06-29 08:23:06+00:00,17250063,70130148102,51377773741693407773608,0,56569045269008518,1.3649900140591127
2025-06-29 08:23:14+00:00,17250071,70130148034,51377773691298287793073,0,56569045213521415,1.3649900140744664
2025-06-29 08:23:18+00:00,17250075,70130148035,51377773691298287793072,0,56569045213521415,1.3649900140939302
2025-06-29 08:24:02+00:00,17250119,70130148034,51377773692298287793072,0,56569045213521415,1.3649900140478988
2025-06-29 08:24:10+00:00,17250127,70130148047,51377773702298287793072,0,56569045224007598,1.3649900140352493
2025-06-29 08:24:54+00:00,17250171,70130011958,51377873702298287793072,0,56569045224007598,1.364984708482844
2025-06-29 08:25:02+00:00,17250179,70130149767,51377773045270434347369,0,56569045224007598,1.3649900649684896
2025-06-29 08:25:09+00:00,17250186,70130149768,51377773046003040412178,0,56569045224814227,1.3649900649684896
2025-06-29 08:25:14+00:00,17250191,70130149767,51377773045094809190636,0,56569045223814227,1.3649900649731554
2025-06-29 08:25:46+00:00,17250223,70130149768,51377773044364400944035,0,56569045223814227,1.3649900650120244
2025-06-29 08:25:50+00:00,17250227,70130149769,51377773043633992697455,0,56569045223814227,1.3649900650508935
2025-06-29 08:25:54+00:00,17250231,70130149835,51377773092472022197503,0,56569045277051771,1.3649900650379807
2025-06-29 08:25:58+00:00,17250235,70130149767,51377773042076902860938,0,56569045221564668,1.3649900650533344
2025-06-29 08:26:02+00:00,17250239,70130149768,51377773042076902860937,0,56569045221564668,1.364990065072798
2025-06-29 08:26:47+00:00,17250284,70130149767,51377773043076902860937,0,56569045221564668,1.3649900650267666
2025-06-29 08:26:52+00:00,17250289,70130149766,51377773044076902860937,0,56569045221564668,1.3649900649807352
2025-06-29 08:26:59+00:00,17250296,70130149753,51377773034062495648429,0,56569045210538393,1.3649900649937674
2025-06-29 08:27:40+00:00,17250337,70130013664,51377873034062495648429,0,56569045210538393,1.364984759441194
2025-06-29 08:27:48+00:00,17250345,70130151473,51377772377038399980587,0,56569045210538393,1.3649901159269093
2025-06-29 08:27:56+00:00,17250353,70130151474,51377772377771006018046,0,56569045211345022,1.3649901159269093
2025-06-29 08:28:33+00:00,17250390,70130151475,51377772377040597798710,0,56569045211345022,1.3649901159657782
2025-06-29 08:28:37+00:00,17250394,70130151476,51377772376310189579395,0,56569045211345022,1.3649901160046471
2025-06-29 08:28:41+00:00,17250398,70130151542,51377772425148219079443,0,56569045264582565,1.3649901159917344
2025-06-29 08:28:49+00:00,17250406,70130151543,51377772425148219079442,0,56569045264582565,1.3649901160111981
2025-06-29 08:29:33+00:00,17250450,70130151542,51377772426148219079442,0,56569045264582565,1.3649901159651667
2025-06-29 08:29:38+00:00,17250455,70130151541,51377772427148219079442,0,56569045264582565,1.3649901159191353
2025-06-29 08:29:46+00:00,17250463,70130151528,51377772417133811994799,0,56569045253556290,1.3649901159321676
2025-06-29 08:30:27+00:00,17250504,70130015439,51377872417133811994799,0,56569045253556290,1.364984810379431
2025-06-29 08:30:32+00:00,17250509,70129879351,51377972417133811994799,0,56569045253556290,1.3649795048668114
2025-06-29 08:30:41+00:00,17250518,70130017160,51377871759722231164854,0,56569045253556290,1.3649848613421653
2025-06-29 08:30:49+00:00,17250526,70130017159,51377871758813998198761,0,56569045252556290,1.3649848613468312
2025-06-29 08:31:23+00:00,17250560,70130017160,51377871758083587167681,0,56569045252556290,1.3649848613857
2025-06-29 08:31:28+00:00,17250565,70130017161,51377871757353176136622,0,56569045252556290,1.364984861424569
2025-06-29 08:31:36+00:00,17250573,70130017093,51377871706957960000423,0,56569045197069187,1.36498486143992
2025-06-29 08:31:40+00:00,17250577,70130017094,51377871706957960000422,0,56569045197069187,1.3649848614593836
2025-06-29 08:32:26+00:00,17250623,70130017093,51377871707957960000422,0,56569045197069187,1.3649848614133524
2025-06-29 08:32:31+00:00,17250628,70130017092,51377871708957960000422,0,56569045197069187,1.3649848613673212
2025-06-29 08:32:39+00:00,17250636,70130017079,51377871698943533552103,0,56569045186042912,1.364984861380353
2025-06-29 08:33:20+00:00,17250677,70129880991,51377971698943533552103,0,56569045186042912,1.3649795558675597
2025-06-29 08:33:24+00:00,17250681,70129744903,51378071698943533552103,0,56569045186042912,1.3649742503754194
2025-06-29 08:33:28+00:00,17250685,70129882712,51377971041144470697139,0,56569045186042912,1.3649796068404227
2025-06-29 08:33:32+00:00,17250689,70130020521,51377870383740409676877,0,56569045186042912,1.3649849633159201
2025-06-29 08:33:37+00:00,17250694,70130020522,51377870384473018479812,0,56569045186849542,1.3649849633159201
2025-06-29 08:33:41+00:00,17250698,70130020521,51377870383564785536959,0,56569045185849542,1.364984963320586
2025-06-29 08:34:15+00:00,17250732,70130020522,51377870382834374560446,0,56569045185849542,1.3649849633594549
2025-06-29 08:34:20+00:00,17250737,70130020523,51377870382103963583953,0,56569045185849542,1.3649849633983238
2025-06-29 08:34:28+00:00,17250745,70130020455,51377870331708748737273,0,56569045130362439,1.3649849634136748
2025-06-29 08:34:32+00:00,17250749,70130020456,51377870331708748737272,0,56569045130362439,1.3649849634331386
2025-06-29 08:35:20+00:00,17250797,70130020455,51377870332708748737272,0,56569045130362439,1.3649849633871074
2025-06-29 08:35:28+00:00,17250805,70130020468,51377870342708748737272,0,56569045140848641,1.3649849633744588
2025-06-29 08:36:14+00:00,17250851,70129884380,51377970342708748737272,0,56569045140848641,1.3649796578613271
2025-06-29 08:36:18+00:00,17250855,70129748292,51378070342708748737272,0,56569045140848641,1.3649743523688482
2025-06-29 08:36:23+00:00,17250860,70129886101,51377969684917207211214,0,56569045140848641,1.3649797088339928
2025-06-29 08:36:31+00:00,17250868,70129886102,51377969685649818834323,0,56569045141655273,1.3649797088339928
2025-06-29 08:36:36+00:00,17250873,70129886101,51377969684741584135346,0,56569045140655273,1.3649797088386586
2025-06-29 08:37:10+00:00,17250907,70129886102,51377969684011170347120,0,56569045140655273,1.3649797088775275
2025-06-29 08:37:15+00:00,17250912,70129886103,51377969683280756558914,0,56569045140655273,1.3649797089163962
2025-06-29 08:37:24+00:00,17250921,70129886035,51377969632885444270034,0,56569045085168170,1.3649797089317448
2025-06-29 08:38:15+00:00,17250972,70129886034,51377969633885444270034,0,56569045085168170,1.3649797088857138
2025-06-29 08:38:20+00:00,17250977,70129886033,51377969634885444270034,0,56569045085168170,1.364979708839683
2025-06-29 08:38:28+00:00,17250985,70129886020,51377969624870998714466,0,56569045074141895,1.364979708852714
2025-06-29 08:39:09+00:00,17251026,70129749932,51378069624870998714466,0,56569045074141895,1.3649744033600617
2025-06-29 08:39:14+00:00,17251031,70129613845,51378169624870998714466,0,56569045074141895,1.3649690979075255
2025-06-29 08:39:22+00:00,17251039,70129751654,51378068966691974455478,0,56569045074141895,1.3649744543623195
2025-06-29 08:39:26+00:00,17251043,70129751655,51378068967424588898776,0,56569045074948529,1.3649744543623195
2025-06-29 08:39:31+00:00,17251048,70129751654,51378068966516352443674,0,56569045073948529,1.3649744543669853
2025-06-29 08:40:05+00:00,17251082,70129751655,51378068965785935843718,0,56569045073948529,1.364974454405854
2025-06-29 08:40:14+00:00,17251091,70129751721,51378069014623965343766,0,56569045127186375,1.3649744543929563
2025-06-29 08:40:22+00:00,17251099,70129751722,51378069014623965343765,0,56569045127186375,1.3649744544124198
2025-06-29 08:41:08+00:00,17251145,70129751721,51378069015623965343765,0,56569045127186375,1.364974454366389
2025-06-29 08:41:16+00:00,17251153,70129751734,51378069025623965343765,0,56569045137672617,1.3649744543537428
2025-06-29 08:42:01+00:00,17251198,70129615647,51378169025623965343765,0,56569045137672617,1.3649691489010454
2025-06-29 08:42:10+00:00,17251207,70129753456,51378068367448701541882,0,56569045137672617,1.364974505355902
2025-06-29 08:42:19+00:00,17251216,70129753457,51378068368181315957811,0,56569045138479251,1.364974505355902
2025-06-29 08:42:24+00:00,17251221,70129753456,51378068367273079514322,0,56569045137479251,1.3649745053605677
2025-06-29 08:42:58+00:00,17251255,70129753457,51378068366542662941654,0,56569045137479251,1.3649745053994364
2025-06-29 08:43:06+00:00,17251263,70129753523,51378068415380692441702,0,56569045190717096,1.3649745053865385
2025-06-29 08:43:11+00:00,17251268,70129753455,51378068364985283353675,0,56569045135229993,1.3649745054018845
2025-06-29 08:44:01+00:00,17251318,70129753454,51378068365985283353675,0,56569045135229993,1.3649745053558537
2025-06-29 08:44:05+00:00,17251322,70129753453,51378068366985283353675,0,56569045135229993,1.364974505309823
2025-06-29 08:44:10+00:00,17251327,70129753466,51378068376985283353675,0,56569045145716235,1.3649745052971767
2025-06-29 08:44:55+00:00,17251372,70129617379,51378168376985283353675,0,56569045145716235,1.3649691998443132
2025-06-29 08:45:03+00:00,17251380,70129755188,51378067718813776303028,0,56569045145716235,1.3649745562992373
2025-06-29 08:45:08+00:00,17251385,70129892997,51377967061037273266904,0,56569045145716235,1.3649799127646556
2025-06-29 08:45:16+00:00,17251393,70129892996,51377967060129038614389,0,56569045144716235,1.3649799127693214
2025-06-29 08:45:51+00:00,17251428,70129892997,51377967059398624935288,0,56569045144716235,1.36497991280819
2025-06-29 08:45:59+00:00,17251436,70129893063,51377967108236654435336,0,56569045197953974,1.364979912795287
2025-06-29 08:46:03+00:00,17251440,70129892995,51377967057841344723295,0,56569045142466871,1.364979912810636
2025-06-29 08:46:08+00:00,17251445,70129892996,51377967057841344723294,0,56569045142466871,1.3649799128300995
2025-06-29 08:46:52+00:00,17251489,70129892995,51377967058841344723294,0,56569045142466871,1.3649799127840685
2025-06-29 08:46:56+00:00,17251493,70129892994,51377967059841344723294,0,56569045142466871,1.3649799127380373
2025-06-29 08:47:00+00:00,17251497,70129893007,51377967069841344723294,0,56569045152953092,1.36497991272539
2025-06-29 08:47:04+00:00,17251501,70129892994,51377967059826899679697,0,56569045141926817,1.3649799127384212
2025-06-29 08:47:45+00:00,17251542,70129756906,51378067059826899679697,0,56569045141926817,1.3649746072451072
2025-06-29 08:47:53+00:00,17251550,70129894715,51377966402054153556972,0,56569045141926817,1.3649799637105942
2025-06-29 08:48:01+00:00,17251558,70129894716,51377966402786765043283,0,56569045142733449,1.3649799637105942
2025-06-29 08:48:39+00:00,17251596,70129894717,51377966402056351391441,0,56569045142733449,1.3649799637494628
2025-06-29 08:48:47+00:00,17251604,70129894783,51377966450894380891489,0,56569045195971187,1.3649799637365598
2025-06-29 08:48:55+00:00,17251612,70129894784,51377966450894380891488,0,56569045195971187,1.3649799637560234
2025-06-29 08:49:39+00:00,17251656,70129894783,51377966451894380891488,0,56569045195971187,1.3649799637099924
2025-06-29 08:49:46+00:00,17251663,70129894796,51377966461894380891488,0,56569045206457408,1.364979963697345
2025-06-29 08:50:31+00:00,17251708,70129758708,51378066461894380891488,0,56569045206457408,1.36497465820387
2025-06-29 08:50:39+00:00,17251716,70129896517,51377965804125392632415,0,56569045206457408,1.3649800146694193
2025-06-29 08:50:43+00:00,17251720,70130034326,51377865146751406012270,0,56569045206457408,1.3649853711454627
2025-06-29 08:50:52+00:00,17251729,70130034325,51377865145843173162322,0,56569045205457408,1.3649853711501285
2025-06-29 08:51:25+00:00,17251762,70130034326,51377865145112762404040,0,56569045205457408,1.3649853711889974
2025-06-29 08:51:29+00:00,17251766,70130034327,51377865144382351645779,0,56569045205457408,1.3649853712278663
2025-06-29 08:51:33+00:00,17251770,70130034393,51377865193220381145827,0,56569045258695040,1.3649853712149582
2025-06-29 08:51:37+00:00,17251774,70130034325,51377865142825171453683,0,56569045203207937,1.3649853712303095
2025-06-29 08:51:41+00:00,17251778,70130034326,51377865142825171453682,0,56569045203207937,1.3649853712497733
2025-06-29 08:52:26+00:00,17251823,70130034325,51377865143825171453682,0,56569045203207937,1.364985371203742
2025-06-29 08:52:30+00:00,17251827,70130034324,51377865144825171453682,0,56569045203207937,1.364985371157711
2025-06-29 08:52:34+00:00,17251831,70130034337,51377865154825171453682,0,56569045213694137,1.3649853711450624
2025-06-29 08:52:39+00:00,17251836,70130034324,51377865144810746285819,0,56569045202667862,1.3649853711580942
2025-06-29 08:53:21+00:00,17251878,70129898236,51377965144810746285819,0,56569045202667862,1.3649800656436317
2025-06-29 08:53:29+00:00,17251886,70130036045,51377864487440518639089,0,56569045202667862,1.364985422119744
2025-06-29 08:53:38+00:00,17251895,70130036046,51377864488173127195777,0,56569045203474492,1.364985422119744
2025-06-29 08:54:16+00:00,17251933,70130036047,51377864487442716464769,0,56569045203474492,1.3649854221586128
2025-06-29 08:54:24+00:00,17251941,70130036113,51377864536280745964817,0,56569045256712123,1.3649854221457045
2025-06-29 08:54:29+00:00,17251946,70130036045,51377864485885536915282,0,56569045201225020,1.364985422161056
2025-06-29 08:55:19+00:00,17251996,70130036044,51377864486885536915282,0,56569045201225020,1.3649854221150248
2025-06-29 08:55:23+00:00,17252000,70130036043,51377864487885536915282,0,56569045201225020,1.3649854220689936
2025-06-29 08:55:27+00:00,17252004,70130036056,51377864497885536915282,0,56569045211711220,1.364985422056345
2025-06-29 08:55:32+00:00,17252009,70130036043,51377864487871111875117,0,56569045200684945,1.364985422069377
2025-06-29 08:56:13+00:00,17252050,70129899955,51377964487871111875117,0,56569045200684945,1.3649801165547477
2025-06-29 08:56:17+00:00,17252054,70129763867,51378064487871111875117,0,56569045200684945,1.3649748110607713
2025-06-29 08:56:25+00:00,17252062,70129901676,51377963830113395776337,0,56569045200684945,1.3649801675265265
2025-06-29 08:56:30+00:00,17252067,70129901677,51377963830846007153256,0,56569045201491577,1.3649801675265265
2025-06-29 08:57:09+00:00,17252106,70129901678,51377963830115593610478,0,56569045201491577,1.3649801675653952
2025-06-29 08:57:17+00:00,17252114,70129901744,51377963878953623110526,0,56569045254729310,1.364980167552492
2025-06-29 08:57:22+00:00,17252119,70129901676,51377963828558316616584,0,56569045199242207,1.364980167567841
2025-06-29 08:57:26+00:00,17252123,70129901677,51377963828558316616583,0,56569045199242207,1.3649801675873046
2025-06-29 08:58:11+00:00,17252168,70129901676,51377963829558316616583,0,56569045199242207,1.3649801675412734
2025-06-29 08:58:19+00:00,17252176,70129901689,51377963839558316616583,0,56569045209728427,1.364980167528626
2025-06-29 08:59:05+00:00,17252222,70129765601,51378063839558316616583,0,56569045209728427,1.3649748620344835
2025-06-29 08:59:13+00:00,17252230,70129903410,51377963181804359482933,0,56569045209728427,1.3649802185003062
2025-06-29 08:59:21+00:00,17252238,70129903411,51377963182536970832494,0,56569045210535059,1.3649802185003062
2025-06-29 08:59:58+00:00,17252275,70129903412,51377963181806557316992,0,56569045210535059,1.364980218539175
2025-06-29 09:00:07+00:00,17252284,70129903478,51377963230644586817040,0,56569045263772790,1.3649802185262716
2025-06-29 09:00:12+00:00,17252289,70129903410,51377963180249280967064,0,56569045208285687,1.3649802185416207
2025-06-29 09:01:03+00:00,17252340,70129903409,51377963181249280967064,0,56569045208285687,1.3649802184955895
2025-06-29 09:01:11+00:00,17252348,70129903422,51377963191249280967064,0,56569045218771906,1.364980218482942
2025-06-29 09:01:15+00:00,17252352,70129903409,51377963181234836691123,0,56569045207745631,1.3649802184959734
2025-06-29 09:01:56+00:00,17252393,70129767321,51378063181234836691123,0,56569045207745631,1.3649749130016637
2025-06-29 09:02:00+00:00,17252397,70129631234,51378163181234836691123,0,56569045207745631,1.3649696075474702
2025-06-29 09:02:04+00:00,17252401,70129769043,51378062523093395219149,0,56569045207745631,1.364974964002936
2025-06-29 09:02:09+00:00,17252406,70129906852,51377961865346957565676,0,56569045207745631,1.364980320468896
2025-06-29 09:02:17+00:00,17252414,70129906851,51377961864438723006004,0,56569045206745631,1.3649803204735618
2025-06-29 09:02:52+00:00,17252449,70129906852,51377961863708309545069,0,56569045206745631,1.3649803205124305
2025-06-29 09:03:00+00:00,17252457,70129906918,51377961912546339045117,0,56569045259983360,1.3649803204995272
2025-06-29 09:03:08+00:00,17252465,70129906919,51377961912546339045116,0,56569045259983360,1.3649803205189908
2025-06-29 09:03:55+00:00,17252512,70129906918,51377961913546339045116,0,56569045259983360,1.3649803204729598
2025-06-29 09:03:59+00:00,17252516,70129906917,51377961914546339045116,0,56569045259983360,1.3649803204269286
2025-06-29 09:04:03+00:00,17252520,70129906930,51377961924546339045116,0,56569045270469579,1.3649803204142812
2025-06-29 09:04:07+00:00,17252524,70129906917,51377961914531895025229,0,56569045259443304,1.3649803204273123
2025-06-29 09:04:48+00:00,17252565,70129770829,51378061914531895025229,0,56569045259443304,1.3649750149326736
2025-06-29 09:04:56+00:00,17252573,70129908638,51377961256789213093072,0,56569045259443304,1.364980371398697
2025-06-29 09:05:00+00:00,17252577,70130046447,51377860599441532628341,0,56569045259443304,1.3649857278752144
2025-06-29 09:05:05+00:00,17252582,70130046448,51377860600174141020925,0,56569045260249934,1.3649857278752144
2025-06-29 09:05:44+00:00,17252621,70130046449,51377860599443730453529,0,56569045260249934,1.3649857279140833
2025-06-29 09:05:52+00:00,17252629,70130046515,51377860648281759953577,0,56569045313487557,1.3649857279011748
2025-06-29 09:06:00+00:00,17252637,70130046516,51377860648281759953576,0,56569045313487557,1.3649857279206383
2025-06-29 09:06:48+00:00,17252685,70130046515,51377860649281759953576,0,56569045313487557,1.3649857278746071
2025-06-29 09:06:52+00:00,17252689,70130046514,51377860650281759953576,0,56569045313487557,1.364985727828576
2025-06-29 09:06:57+00:00,17252694,70130046527,51377860660281759953576,0,56569045323973755,1.3649857278159274
2025-06-29 09:07:44+00:00,17252741,70129910439,51377960660281759953576,0,56569045323973755,1.364980422300308
2025-06-29 09:07:52+00:00,17252749,70130048248,51377860002937833106226,0,56569045323973755,1.3649857787768875
2025-06-29 09:08:00+00:00,17252757,70130048249,51377860003670441471491,0,56569045324780385,1.3649857787768875
2025-06-29 09:08:04+00:00,17252761,70130048248,51377860002762208714359,0,56569045323780385,1.3649857787815534
2025-06-29 09:08:39+00:00,17252796,70130048249,51377860002031798174203,0,56569045323780385,1.3649857788204223
2025-06-29 09:08:47+00:00,17252804,70130048315,51377860050869827674251,0,56569045377018006,1.3649857788075137
2025-06-29 09:08:51+00:00,17252808,70130048247,51377860000474623131514,0,56569045321530903,1.3649857788228654
2025-06-29 09:08:56+00:00,17252813,70130048248,51377860000474623131513,0,56569045321530903,1.3649857788423292
2025-06-29 09:09:42+00:00,17252859,70130048247,51377860001474623131513,0,56569045321530903,1.3649857787962978
2025-06-29 09:09:46+00:00,17252863,70130048246,51377860002474623131513,0,56569045321530903,1.3649857787502666
2025-06-29 09:09:51+00:00,17252868,70130048259,51377860012474623131513,0,56569045332017101,1.364985778737618
2025-06-29 09:10:37+00:00,17252914,70129912171,51377960012474623131513,0,56569045332017101,1.3649804732218325
2025-06-29 09:10:41+00:00,17252918,70129776083,51378060012474623131513,0,56569045332017101,1.3649751677267
2025-06-29 09:10:46+00:00,17252923,70129913892,51377959354743208716876,0,56569045332017101,1.3649805241929216
2025-06-29 09:10:54+00:00,17252931,70129913893,51377959355475819902366,0,56569045332823733,1.3649805241929216
2025-06-29 09:10:59+00:00,17252936,70129913892,51377959354567585389071,0,56569045331823733,1.3649805241975874
2025-06-29 09:11:34+00:00,17252971,70129913893,51377959353837172037151,0,56569045331823733,1.364980524236456
2025-06-29 09:11:42+00:00,17252979,70129913959,51377959402675201537199,0,56569045385061456,1.3649805242235526
2025-06-29 09:11:50+00:00,17252987,70129913960,51377959402675201537198,0,56569045385061456,1.3649805242430162
2025-06-29 09:12:36+00:00,17253033,70129913959,51377959403675201537198,0,56569045385061456,1.3649805241969852
2025-06-29 09:12:40+00:00,17253037,70129913958,51377959404675201537198,0,56569045385061456,1.364980524150954
2025-06-29 09:12:45+00:00,17253042,70129913971,51377959414675201537198,0,56569045395547674,1.3649805241383066
2025-06-29 09:13:33+00:00,17253090,70129777883,51378059414675201537198,0,56569045395547674,1.364975218643013
2025-06-29 09:13:38+00:00,17253095,70129641796,51378159414675201537198,0,56569045395547674,1.364969913187836
2025-06-29 09:13:46+00:00,17253103,70129779605,51378058756556299133897,0,56569045395547674,1.3649752696436943
2025-06-29 09:13:54+00:00,17253111,70129779604,51378058755648062864445,0,56569045394547674,1.3649752696483601
2025-06-29 09:14:29+00:00,17253146,70129779605,51378058754917646700757,0,56569045394547674,1.3649752696872288
2025-06-29 09:14:36+00:00,17253153,70129779671,51378058803755676200805,0,56569045447785499,1.3649752696743302
2025-06-29 09:14:41+00:00,17253158,70129779603,51378058753360276769584,0,56569045392298396,1.3649752696896766
2025-06-29 09:15:33+00:00,17253210,70129779602,51378058754360276769584,0,56569045392298396,1.364975269643646
2025-06-29 09:15:41+00:00,17253218,70129779615,51378058764360276769584,0,56569045402784634,1.3649752696309994
2025-06-29 09:16:27+00:00,17253264,70129643528,51378158764360276769584,0,56569045402784634,1.3649699641756556
2025-06-29 09:16:31+00:00,17253268,70129507441,51378258764360276769584,0,56569045402784634,1.3649646587409647
2025-06-29 09:16:36+00:00,17253273,70129645250,51378158105853890178437,0,56569045402784634,1.3649700151864652
2025-06-29 09:16:44+00:00,17253281,70129645251,51378158106586507004355,0,56569045403591269,1.3649700151864652
2025-06-29 09:16:49+00:00,17253286,70129645250,51378158105678268978770,0,56569045402591269,1.364970015191131
2025-06-29 09:17:24+00:00,17253321,70129645251,51378158104947850003343,0,56569045402591269,1.3649700152299997
2025-06-29 09:17:32+00:00,17253329,70129645317,51378158153785879503391,0,56569045455829196,1.3649700152171063
2025-06-29 09:17:40+00:00,17253337,70129645318,51378158153785879503390,0,56569045455829196,1.3649700152365698
2025-06-29 09:18:27+00:00,17253384,70129645317,51378158154785879503390,0,56569045455829196,1.364970015190539
2025-06-29 09:18:35+00:00,17253392,70129645330,51378158164785879503390,0,56569045466315454,1.3649700151778936
2025-06-29 09:18:39+00:00,17253396,70129645317,51378158154771397267593,0,56569045455289179,1.3649700151909239
2025-06-29 09:19:20+00:00,17253437,70129509230,51378258154771397267593,0,56569045455289179,1.3649647097560704
2025-06-29 09:19:28+00:00,17253445,70129647039,51378157496268772749892,0,56569045455289179,1.3649700662016346
2025-06-29 09:19:33+00:00,17253450,70129784848,51378056838161154155237,0,56569045455289179,1.3649754226576931
2025-06-29 09:19:41+00:00,17253458,70129784847,51378056837252917920656,0,56569045454289179,1.364975422662359
2025-06-29 09:20:15+00:00,17253492,70129784848,51378056836522501838848,0,56569045454289179,1.3649754227012276
2025-06-29 09:20:23+00:00,17253500,70129784914,51378056885360531338896,0,56569045507527000,1.3649754226883288
2025-06-29 09:20:32+00:00,17253509,70129784915,51378056885360531338895,0,56569045507527000,1.3649754227077926
2025-06-29 09:21:18+00:00,17253555,70129784914,51378056886360531338895,0,56569045507527000,1.3649754226617616
2025-06-29 09:21:23+00:00,17253560,70129784913,51378056887360531338895,0,56569045507527000,1.364975422615731
2025-06-29 09:21:31+00:00,17253568,70129784900,51378056877346068851097,0,56569045496500725,1.3649754226287616
2025-06-29 09:22:12+00:00,17253609,70129648813,51378156877346068851097,0,56569045496500725,1.3649701171729254
2025-06-29 09:22:20+00:00,17253617,70129786622,51378056219242209069019,0,56569045496500725,1.3649754736290483
2025-06-29 09:22:25+00:00,17253622,70129924431,51377955561533352858951,0,56569045496500725,1.3649808300956654
2025-06-29 09:22:30+00:00,17253627,70129924432,51377955562265963880257,0,56569045497307357,1.3649808300956654
2025-06-29 09:23:08+00:00,17253665,70129924433,51377955561535550692025,0,56569045497307357,1.364980830134534
2025-06-29 09:23:13+00:00,17253670,70129924434,51377955560805137503814,0,56569045497307357,1.364980830173403
2025-06-29 09:23:22+00:00,17253679,70129924366,51377955510409839385031,0,56569045441820254,1.3649808301887523
2025-06-29 09:24:14+00:00,17253731,70129924365,51377955511409839385031,0,56569045441820254,1.364980830142721
2025-06-29 09:24:22+00:00,17253739,70129924378,51377955521409839385031,0,56569045452306470,1.3649808301300737
2025-06-29 09:24:26+00:00,17253743,70129924365,51377955511395396645416,0,56569045441280195,1.364980830143105
2025-06-29 09:25:08+00:00,17253785,70129788277,51378055511395396645416,0,56569045441280195,1.3649755246468127
2025-06-29 09:25:12+00:00,17253789,70129652190,51378155511395396645416,0,56569045441280195,1.3649702191906368
2025-06-29 09:25:17+00:00,17253794,70129789999,51378054853299060028532,0,56569045441280195,1.3649755756469022
2025-06-29 09:25:25+00:00,17253802,70129790000,51378054854031673870011,0,56569045442086828,1.3649755756469022
2025-06-29 09:25:30+00:00,17253807,70129789999,51378054853123437670293,0,56569045441086828,1.364975575651568
2025-06-29 09:26:05+00:00,17253842,70129790000,51378054852393021670352,0,56569045441086828,1.3649755756904367
2025-06-29 09:26:09+00:00,17253846,70129790001,51378054851662605670431,0,56569045441086828,1.3649755757293054
2025-06-29 09:26:13+00:00,17253850,70129790067,51378054900500635170479,0,56569045494324646,1.3649755757164066
2025-06-29 09:26:17+00:00,17253854,70129789999,51378054850105239609320,0,56569045438837543,1.3649755757317532
2025-06-29 09:26:22+00:00,17253859,70129790000,51378054850105239609319,0,56569045438837543,1.364975575751217
2025-06-29 09:27:09+00:00,17253906,70129789999,51378054851105239609319,0,56569045438837543,1.364975575705186
2025-06-29 09:27:17+00:00,17253914,70129790012,51378054861105239609319,0,56569045449323779,1.3649755756925395
2025-06-29 09:28:03+00:00,17253960,70129653925,51378154861105239609319,0,56569045449323779,1.364970270236197
2025-06-29 09:28:11+00:00,17253968,70129791734,51378054203012667281204,0,56569045449323779,1.3649756266925301
2025-06-29 09:28:15+00:00,17253972,70129929543,51377953545315098452012,0,56569045449323779,1.3649809831593576
2025-06-29 09:28:20+00:00,17253977,70129929544,51377953546047709391166,0,56569045450130411,1.3649809831593576
2025-06-29 09:28:58+00:00,17254015,70129929545,51377953545317296284840,0,56569045450130411,1.3649809831982262
2025-06-29 09:29:03+00:00,17254020,70129929546,51377953544586883178535,0,56569045450130411,1.3649809832370952
2025-06-29 09:29:11+00:00,17254028,70129929478,51377953494191586995380,0,56569045394643308,1.3649809832524444
2025-06-29 09:29:16+00:00,17254033,70129929479,51377953494191586995379,0,56569045394643308,1.3649809832719082
2025-06-29 09:30:02+00:00,17254079,70129929478,51377953495191586995379,0,56569045394643308,1.364980983225877
2025-06-29 09:30:07+00:00,17254084,70129929477,51377953496191586995379,0,56569045394643308,1.364980983179846
2025-06-29 09:30:15+00:00,17254092,70129929464,51377953486177144640305,0,56569045383617033,1.3649809831928774
2025-06-29 09:30:57+00:00,17254134,70129793376,51378053486177144640305,0,56569045383617033,1.3649756776960782
2025-06-29 09:31:02+00:00,17254139,70129657289,51378153486177144640305,0,56569045383617033,1.3649703722393953
2025-06-29 09:31:10+00:00,17254147,70129795098,51378052828092094405464,0,56569045383617033,1.3649757286958717
2025-06-29 09:31:19+00:00,17254156,70129795097,51378052827183858240621,0,56569045382617033,1.3649757287005375
2025-06-29 09:31:55+00:00,17254192,70129795098,51378052826453442322578,0,56569045382617033,1.3649757287394062
2025-06-29 09:31:59+00:00,17254196,70129795099,51378052825723026404556,0,56569045382617033,1.364975728778275
2025-06-29 09:32:04+00:00,17254201,70129795165,51378052874561055904604,0,56569045435854847,1.364975728765376
2025-06-29 09:32:09+00:00,17254206,70129795097,51378052824165662278547,0,56569045380367744,1.364975728780723
2025-06-29 09:32:14+00:00,17254211,70129795098,51378052824165662278546,0,56569045380367744,1.3649757288001865
2025-06-29 09:33:01+00:00,17254258,70129795097,51378052825165662278546,0,56569045380367744,1.3649757287541555
2025-06-29 09:33:06+00:00,17254263,70129795096,51378052826165662278546,0,56569045380367744,1.3649757287081248
2025-06-29 09:33:14+00:00,17254271,70129795083,51378052816151200559834,0,56569045369341469,1.3649757287211555
2025-06-29 09:33:56+00:00,17254313,70129658996,51378152816151200559834,0,56569045369341469,1.364970423264304
2025-06-29 09:34:04+00:00,17254321,70129796805,51378052158069913090084,0,56569045369341469,1.3649757797208504
2025-06-29 09:34:09+00:00,17254326,70129934614,51377951500383629046410,0,56569045369341469,1.364981136187891
2025-06-29 09:34:17+00:00,17254334,70129934613,51377951499475394672559,0,56569045368341469,1.3649811361925568
2025-06-29 09:34:51+00:00,17254368,70129934614,51377951498744981648123,0,56569045368341469,1.3649811362314255
2025-06-29 09:34:59+00:00,17254376,70129934680,51377951547583011148171,0,56569045421579177,1.3649811362185214
2025-06-29 09:35:04+00:00,17254381,70129934612,51377951497187716898390,0,56569045366092074,1.3649811362338709
2025-06-29 09:35:55+00:00,17254432,70129934611,51377951498187716898390,0,56569045366092074,1.36498113618784
2025-06-29 09:36:00+00:00,17254437,70129934610,51377951499187716898390,0,56569045366092074,1.364981136141809
2025-06-29 09:36:08+00:00,17254445,70129934597,51377951489173274927512,0,56569045355065799,1.3649811361548403
2025-06-29 09:36:49+00:00,17254486,70129798509,51378051489173274927512,0,56569045355065799,1.364975830657537
2025-06-29 09:36:54+00:00,17254491,70129662422,51378151489173274927512,0,56569045355065799,1.3649705252003501
2025-06-29 09:37:02+00:00,17254499,70129800231,51378050831099504597128,0,56569045355065799,1.364975881657035
2025-06-29 09:37:07+00:00,17254504,70129800232,51378050831832118274364,0,56569045355872432,1.364975881657035
2025-06-29 09:37:45+00:00,17254542,70129800233,51378050831101702438170,0,56569045355872432,1.3649758816959037
2025-06-29 09:37:49+00:00,17254546,70129800234,51378050830371286601997,0,56569045355872432,1.3649758817347724
2025-06-29 09:37:53+00:00,17254550,70129800300,51378050879209316102045,0,56569045409110242,1.3649758817218731
2025-06-29 09:37:57+00:00,17254554,70129800232,51378050828813924409351,0,56569045353623139,1.3649758817372202
2025-06-29 09:38:02+00:00,17254559,70129800233,51378050828813924409350,0,56569045353623139,1.3649758817566837
2025-06-29 09:38:48+00:00,17254605,70129800232,51378050829813924409350,0,56569045353623139,1.3649758817106528
2025-06-29 09:38:53+00:00,17254610,70129800231,51378050830813924409350,0,56569045353623139,1.364975881664622
2025-06-29 09:38:58+00:00,17254615,70129800244,51378050840813924409350,0,56569045364109374,1.3649758816519753
2025-06-29 09:39:44+00:00,17254661,70129664157,51378150840813924409350,0,56569045364109374,1.3649705761946223
2025-06-29 09:39:49+00:00,17254666,70129528070,51378250840813924409350,0,56569045364109374,1.3649652707579218
2025-06-29 09:39:57+00:00,17254674,70129665879,51378150182352670566214,0,56569045364109374,1.3649706272042486
2025-06-29 09:40:06+00:00,17254683,70129665878,51378150181444432680076,0,56569045363109374,1.3649706272089144
2025-06-29 09:40:41+00:00,17254718,70129665879,51378150180714014032150,0,56569045363109374,1.3649706272477828
2025-06-29 09:40:46+00:00,17254723,70129665880,51378150179983595384244,0,56569045363109374,1.3649706272866515
2025-06-29 09:40:55+00:00,17254732,70129665812,51378150129588106249027,0,56569045307622271,1.364970627301996
2025-06-29 09:41:46+00:00,17254783,70129665811,51378150130588106249027,0,56569045307622271,1.3649706272559652
2025-06-29 09:41:54+00:00,17254791,70129665824,51378150140588106249027,0,56569045318108526,1.3649706272433197
2025-06-29 09:42:39+00:00,17254836,70129529737,51378250140588106249027,0,56569045318108526,1.3649653218064475
2025-06-29 09:42:43+00:00,17254840,70129393651,51378350140588106249027,0,56569045318108526,1.3649600164096911
2025-06-29 09:42:47+00:00,17254844,70129531460,51378249481739372856687,0,56569045318108526,1.3649653728456654
2025-06-29 09:42:51+00:00,17254848,70129669269,51378148823285647396602,0,56569045318108526,1.3649707292921338
2025-06-29 09:42:56+00:00,17254853,70129669270,51378148824018263839240,0,56569045318915160,1.3649707292921338
2025-06-29 09:43:34+00:00,17254891,70129669271,51378148823287845245940,0,56569045318915160,1.3649707293310025
2025-06-29 09:43:38+00:00,17254895,70129669272,51378148822557426652661,0,56569045318915160,1.3649707293698712
2025-06-29 09:43:42+00:00,17254899,70129669338,51378148871395456152709,0,56569045372153069,1.364970729356977
2025-06-29 09:43:47+00:00,17254904,70129669270,51378148820999968309108,0,56569045316665966,1.3649707293723214
2025-06-29 09:43:52+00:00,17254909,70129669271,51378148820999968309107,0,56569045316665966,1.364970729391785
2025-06-29 09:44:38+00:00,17254955,70129669270,51378148821999968309107,0,56569045316665966,1.3649707293457543
2025-06-29 09:44:46+00:00,17254963,70129669283,51378148831999968309107,0,56569045327152220,1.3649707293331086
2025-06-29 09:45:33+00:00,17255010,70129533196,51378248831999968309107,0,56569045327152220,1.3649654238959026
2025-06-29 09:45:41+00:00,17255018,70129671005,51378148173550007509418,0,56569045327152220,1.3649707803424387
2025-06-29 09:45:49+00:00,17255026,70129671006,51378148174282623924656,0,56569045327958854,1.3649707803424387
2025-06-29 09:46:27+00:00,17255064,70129671007,51378148173552205358674,0,56569045327958854,1.3649707803813074
2025-06-29 09:46:31+00:00,17255068,70129671008,51378148172821786792713,0,56569045327958854,1.364970780420176
2025-06-29 09:46:35+00:00,17255072,70129671074,51378148221659816292761,0,56569045381196762,1.364970780407282
2025-06-29 09:46:39+00:00,17255076,70129671006,51378148171264329094526,0,56569045325709659,1.3649707804226263
2025-06-29 09:46:43+00:00,17255080,70129671007,51378148171264329094525,0,56569045325709659,1.3649707804420899
2025-06-29 09:47:29+00:00,17255126,70129671006,51378148172264329094525,0,56569045325709659,1.3649707803960591
2025-06-29 09:47:37+00:00,17255134,70129671019,51378148182264329094525,0,56569045336195913,1.3649707803834135
2025-06-29 09:47:42+00:00,17255139,70129671006,51378148172249848781457,0,56569045325169638,1.364970780396444
2025-06-29 09:48:25+00:00,17255182,70129534919,51378248172249848781457,0,56569045325169638,1.3649654749590703
2025-06-29 09:48:33+00:00,17255190,70129672728,51378147513803653595470,0,56569045325169638,1.3649708314056752
2025-06-29 09:48:38+00:00,17255195,70129810537,51378046855752463966395,0,56569045325169638,1.3649761878627744
2025-06-29 09:48:46+00:00,17255203,70129810536,51378046854844227906189,0,56569045324169638,1.3649761878674402
2025-06-29 09:49:20+00:00,17255237,70129810537,51378046854113812233852,0,56569045324169638,1.364976187906309
2025-06-29 09:49:24+00:00,17255241,70129810538,51378046853383396561536,0,56569045324169638,1.3649761879451776
2025-06-29 09:49:29+00:00,17255246,70129810604,51378046902221426061584,0,56569045377407440,1.3649761879322782
2025-06-29 09:49:38+00:00,17255255,70129810605,51378046902221426061583,0,56569045377407440,1.364976187951742
2025-06-29 09:50:26+00:00,17255303,70129810604,51378046903221426061583,0,56569045377407440,1.364976187905711
2025-06-29 09:50:34+00:00,17255311,70129810617,51378046913221426061583,0,56569045387893673,1.3649761878930642
2025-06-29 09:50:38+00:00,17255315,70129810604,51378046903206965496737,0,56569045376867398,1.364976187906095
2025-06-29 09:51:20+00:00,17255357,70129674517,51378146903206965496737,0,56569045376867398,1.3649708824477393
2025-06-29 09:51:24+00:00,17255361,70129538430,51378246903206965496737,0,56569045376867398,1.3649655770100362
2025-06-29 09:51:28+00:00,17255365,70129676239,51378146244768295979057,0,56569045376867398,1.3649709334567734
2025-06-29 09:51:33+00:00,17255370,70129814048,51378045586724631968980,0,56569045376867398,1.3649762899140048
2025-06-29 09:51:41+00:00,17255378,70129814047,51378045585816395932038,0,56569045375867398,1.3649762899186706
2025-06-29 09:52:16+00:00,17255413,70129814048,51378045585085980314310,0,56569045375867398,1.3649762899575395
2025-06-29 09:52:24+00:00,17255421,70129814114,51378045633924009814358,0,56569045429105197,1.3649762899446398
2025-06-29 09:52:28+00:00,17255425,70129814046,51378045583528623284441,0,56569045373618094,1.364976289959987
2025-06-29 09:52:32+00:00,17255429,70129814047,51378045583528623284440,0,56569045373618094,1.3649762899794506
2025-06-29 09:53:17+00:00,17255474,70129814046,51378045584528623284440,0,56569045373618094,1.3649762899334197
2025-06-29 09:53:22+00:00,17255479,70129814045,51378045585528623284440,0,56569045373618094,1.364976289887389
2025-06-29 09:53:26+00:00,17255483,70129814058,51378045595528623284440,0,56569045384104327,1.3649762898747422
2025-06-29 09:53:30+00:00,17255487,70129814045,51378045585514162975764,0,56569045373078052,1.364976289887773
2025-06-29 09:54:11+00:00,17255528,70129677958,51378145585514162975764,0,56569045373078052,1.3649709844290827
2025-06-29 09:54:19+00:00,17255536,70129815767,51378044927474257848769,0,56569045373078052,1.3649763408863829
2025-06-29 09:54:24+00:00,17255541,70129953576,51377944269829355878654,0,56569045373078052,1.3649816973541773
2025-06-29 09:54:32+00:00,17255549,70129953575,51377944268921121632682,0,56569045372078052,1.3649816973588431
2025-06-29 09:55:06+00:00,17255583,70129953576,51377944268190708908530,0,56569045372078052,1.364981697397712
2025-06-29 09:55:14+00:00,17255591,70129953642,51377944317028738408578,0,56569045425315745,1.3649816973848072
2025-06-29 09:55:22+00:00,17255599,70129953643,51377944317028738408577,0,56569045425315745,1.3649816974042708
2025-06-29 09:56:06+00:00,17255643,70129953642,51377944318028738408577,0,56569045425315745,1.3649816973582398
2025-06-29 09:56:11+00:00,17255648,70129953641,51377944319028738408577,0,56569045425315745,1.3649816973122086
2025-06-29 09:56:20+00:00,17255657,70129953628,51377944309014297847720,0,56569045414289470,1.3649816973252402
2025-06-29 09:57:00+00:00,17255697,70129817540,51378044309014297847720,0,56569045414289470,1.3649763918261033
2025-06-29 09:57:08+00:00,17255705,70129955349,51377943651373152327545,0,56569045414289470,1.3649817482939621
2025-06-29 09:57:13+00:00,17255710,70130093158,51377842994127007613251,0,56569045414289470,1.3649871047723152
2025-06-29 09:57:21+00:00,17255718,70130093157,51377842993218775158243,0,56569045413289470,1.364987104776981
2025-06-29 09:57:55+00:00,17255752,70130093158,51377842992488365327633,0,56569045413289470,1.36498710481585
2025-06-29 09:57:59+00:00,17255756,70130093159,51377842991757955497044,0,56569045413289470,1.3649871048547189
2025-06-29 09:58:04+00:00,17255761,70130093225,51377843040595984997092,0,56569045466527057,1.364987104841809
2025-06-29 09:58:12+00:00,17255769,70130093226,51377843040595984997091,0,56569045466527057,1.3649871048612727
2025-06-29 09:58:58+00:00,17255815,70130093225,51377843041595984997091,0,56569045466527057,1.3649871048152413
2025-06-29 09:59:03+00:00,17255820,70130093224,51377843042595984997091,0,56569045466527057,1.3649871047692101
2025-06-29 09:59:11+00:00,17255828,70130093211,51377843032581564184039,0,56569045455500782,1.3649871047822422
2025-06-29 09:59:53+00:00,17255870,70129957123,51377943032581564184039,0,56569045455500782,1.3649817992621223
2025-06-29 10:00:01+00:00,17255878,70130094932,51377842375339177987131,0,56569045455500782,1.3649871557405397
2025-06-29 10:00:06+00:00,17255883,70130232741,51377741718491790245109,0,56569045455500782,1.3649925122294513
2025-06-29 10:00:11+00:00,17255888,70130232742,51377741719224394996446,0,56569045456307410,1.3649925122294513
2025-06-29 10:00:15+00:00,17255892,70130232741,51377741718316164332401,0,56569045455307410,1.3649925122341173
2025-06-29 10:00:51+00:00,17255928,70130232742,51377741717585757395330,0,56569045455307410,1.3649925122729865
2025-06-29 10:00:55+00:00,17255932,70130232743,51377741716855350458280,0,56569045455307410,1.3649925123118554
2025-06-29 10:01:00+00:00,17255937,70130232809,51377741765693379958328,0,56569045508544891,1.3649925122989404
2025-06-29 10:01:08+00:00,17255945,70130232810,51377741765693379958327,0,56569045508544891,1.364992512318404
2025-06-29 10:01:54+00:00,17255991,70130232809,51377741766693379958327,0,56569045508544891,1.3649925122723725
2025-06-29 10:01:59+00:00,17255996,70130232808,51377741767693379958327,0,56569045508544891,1.364992512226341
2025-06-29 10:02:07+00:00,17256004,70130232795,51377741757678978892925,0,56569045497518616,1.3649925122393736
2025-06-29 10:02:49+00:00,17256046,70130096706,51377841757678978892925,0,56569045497518616,1.3649872066788071
2025-06-29 10:02:57+00:00,17256054,70130234515,51377741100835347434162,0,56569045497518616,1.364992563167783
2025-06-29 10:03:05+00:00,17256062,70130234516,51377741101567952158160,0,56569045498325244,1.364992563167783
2025-06-29 10:03:09+00:00,17256066,70130234515,51377741100659721505708,0,56569045497325244,1.364992563172449
2025-06-29 10:03:44+00:00,17256101,70130234516,51377741099929314595895,0,56569045497325244,1.364992563211318
2025-06-29 10:03:49+00:00,17256106,70130234517,51377741099198907686102,0,56569045497325244,1.3649925632501871
2025-06-29 10:03:57+00:00,17256114,70130234449,51377741048803819927138,0,56569045441838141,1.3649925632655424
2025-06-29 10:04:48+00:00,17256165,70130234448,51377741049803819927138,0,56569045441838141,1.3649925632195108
2025-06-29 10:04:56+00:00,17256173,70130234461,51377741059803819927138,0,56569045452324311,1.364992563206861
2025-06-29 10:05:43+00:00,17256220,70130098372,51377841059803819927138,0,56569045452324311,1.364987257646123
2025-06-29 10:05:51+00:00,17256228,70130236181,51377740402963946893766,0,56569045452324311,1.364992614135172
2025-06-29 10:05:56+00:00,17256233,70130373990,51377639746519069940182,0,56569045452324311,1.3649979706347148
2025-06-29 10:06:05+00:00,17256242,70130373989,51377639745610841078696,0,56569045451324311,1.3649979706393809
2025-06-29 10:06:21+00:00,17256258,70123570135,51382639745610841078696,0,56569045451324311,1.3647327284501771
2025-06-29 10:06:40+00:00,17256277,70123570136,51382639744880295104967,0,56569045451324311,1.3647327284890425
2025-06-29 10:06:45+00:00,17256282,70123570137,51382639744149749131259,0,56569045451324311,1.3647327285279076
2025-06-29 10:06:53+00:00,17256290,70123570069,51382639693749856378097,0,56569045395837208,1.3647327285431343
2025-06-29 10:06:58+00:00,17256295,70123570070,51382639693749856378096,0,56569045395837208,1.364732728562596
2025-06-29 10:07:44+00:00,17256341,70123570069,51382639694749856378096,0,56569045395837208,1.364732728516574
2025-06-29 10:07:48+00:00,17256345,70123570068,51382639695749856378096,0,56569045395837208,1.3647327284705522
2025-06-29 10:07:53+00:00,17256350,70123570081,51382639705749856378096,0,56569045406324375,1.364732728457954
2025-06-29 10:08:38+00:00,17256395,70123434018,51382739705749856378096,0,56569045406324375,1.3647274244147205
2025-06-29 10:08:43+00:00,17256400,70123297955,51382839705749856378096,0,56569045406324375,1.3647221203921325
2025-06-29 10:08:51+00:00,17256408,70123435764,51382739029354462395658,0,56569045406324375,1.3647274763600896
2025-06-29 10:08:55+00:00,17256412,70123435765,51382739030087209421948,0,56569045407131081,1.3647274763600896
2025-06-29 10:09:00+00:00,17256417,70123435764,51382739029178890417088,0,56569045406131081,1.3647274763647528
2025-06-29 10:09:36+00:00,17256453,70123435765,51382739028448341631890,0,56569045406131081,1.3647274764036181
2025-06-29 10:09:44+00:00,17256461,70123435831,51382739077286371131938,0,56569045459373723,1.3647274763909563
2025-06-29 10:09:49+00:00,17256466,70123435763,51382739026886380952661,0,56569045403886620,1.3647274764061803
2025-06-29 10:10:40+00:00,17256517,70123435762,51382739027886380952661,0,56569045403886620,1.3647274763601585
2025-06-29 10:10:49+00:00,17256526,70123435775,51382739037886380952661,0,56569045414373807,1.3647274763475612
2025-06-29 10:11:35+00:00,17256572,70123299712,51382839037886380952661,0,56569045414373807,1.364722172324803
2025-06-29 10:11:39+00:00,17256576,70123163650,51382939037886380952661,0,56569045414373807,1.3647168683421518
2025-06-29 10:11:47+00:00,17256584,70123301459,51382838361103538879597,0,56569045414373807,1.364722224299755
2025-06-29 10:11:52+00:00,17256589,70123301460,51382838361836288725825,0,56569045415180515,1.364722224299755
2025-06-29 10:12:31+00:00,17256628,70123301461,51382838361105737129146,0,56569045415180515,1.3647222243386201
2025-06-29 10:12:36+00:00,17256633,70123301462,51382838360375185532488,0,56569045415180515,1.3647222243774852
2025-06-29 10:12:44+00:00,17256641,70123301394,51382838309975097929642,0,56569045359693412,1.3647222243927066
2025-06-29 10:12:48+00:00,17256645,70123301395,51382838309975097929641,0,56569045359693412,1.3647222244121684
2025-06-29 10:13:38+00:00,17256695,70123301394,51382838310975097929641,0,56569045359693412,1.3647222243661468
2025-06-29 10:13:42+00:00,17256699,70123301393,51382838311975097929641,0,56569045359693412,1.3647222243201251
2025-06-29 10:13:47+00:00,17256704,70123301406,51382838321975097929641,0,56569045370180619,1.364722224307529
2025-06-29 10:14:36+00:00,17256753,70123165344,51382938321975097929641,0,56569045370180619,1.3647169203247027
2025-06-29 10:14:41+00:00,17256758,70123029282,51383038321975097929641,0,56569045370180619,1.364711616362521
2025-06-29 10:14:49+00:00,17256766,70123167091,51382937644804809973807,0,56569045370180619,1.3647169723097754
2025-06-29 10:14:58+00:00,17256775,70123167090,51382937643896487457340,0,56569045369180619,1.3647169723144386
2025-06-29 10:15:35+00:00,17256812,70123167091,51382937643165933049202,0,56569045369180619,1.3647169723533035
2025-06-29 10:15:43+00:00,17256820,70123167157,51382937692003962549250,0,56569045422423465,1.3647169723406516
2025-06-29 10:15:51+00:00,17256828,70123167158,51382937692003962549249,0,56569045422423465,1.3647169723601134
2025-06-29 10:16:38+00:00,17256875,70123167157,51382937693003962549249,0,56569045422423465,1.364716972314092
2025-06-29 10:16:43+00:00,17256880,70123167156,51382937694003962549249,0,56569045422423465,1.3647169722680705
2025-06-29 10:16:51+00:00,17256888,70123167143,51382937683988548693647,0,56569045411397190,1.364716972281075
2025-06-29 10:17:33+00:00,17256930,70123031081,51383037683988548693647,0,56569045411397190,1.3647116683187264
2025-06-29 10:17:37+00:00,17256934,70122895020,51383137683988548693647,0,56569045411397190,1.3647063643964843
2025-06-29 10:17:42+00:00,17256939,70123032829,51383037006430812875480,0,56569045411397190,1.3647117203333816
2025-06-29 10:17:50+00:00,17256947,70123032830,51383037007163568361565,0,56569045412203901,1.3647117203333816
2025-06-29 10:18:30+00:00,17256987,70123032831,51383037006433011141948,0,56569045412203901,1.3647117203722465
2025-06-29 10:18:38+00:00,17256995,70123032897,51383037055271040641996,0,56569045465446849,1.3647117203595998
2025-06-29 10:18:46+00:00,17257003,70123032898,51383037055271040641995,0,56569045465446849,1.3647117203790613
2025-06-29 10:19:32+00:00,17257049,70123032897,51383037056271040641995,0,56569045465446849,1.3647117203330401
2025-06-29 10:19:36+00:00,17257053,70123032896,51383037057271040641995,0,56569045465446849,1.364711720287019
2025-06-29 10:19:41+00:00,17257058,70123032909,51383037067271040641995,0,56569045475934096,1.3647117202744248
2025-06-29 10:20:28+00:00,17257105,70122896848,51383137067271040641995,0,56569045475934096,1.364706416352018
2025-06-29 10:20:32+00:00,17257109,70122760788,51383237067271040641995,0,56569045475934096,1.3647011124697173
2025-06-29 10:20:37+00:00,17257114,70122898597,51383136389325856876320,0,56569045475934096,1.3647064683962553
2025-06-29 10:20:45+00:00,17257122,70122898598,51383136390058615182342,0,56569045476740808,1.3647064683962553
2025-06-29 10:20:50+00:00,17257127,70122898597,51383136389150289154264,0,56569045475740808,1.3647064684009182
2025-06-29 10:21:25+00:00,17257162,70122898598,51383136388419729123173,0,56569045475740808,1.3647064684397832
2025-06-29 10:21:29+00:00,17257166,70122898599,51383136387689169092103,0,56569045475740808,1.364706468478648
2025-06-29 10:21:33+00:00,17257170,70122898665,51383136436527198592151,0,56569045528983858,1.3647064684660062
2025-06-29 10:21:38+00:00,17257175,70122898597,51383136386126818715566,0,56569045473496755,1.3647064684812198
2025-06-29 10:21:42+00:00,17257179,70122898598,51383136386126818715565,0,56569045473496755,1.3647064685006816
2025-06-29 10:22:31+00:00,17257228,70122898597,51383136387126818715565,0,56569045473496755,1.3647064684546604
2025-06-29 10:22:39+00:00,17257236,70122898610,51383136397126818715565,0,56569045483984022,1.3647064684420676
2025-06-29 10:23:25+00:00,17257281,70122762550,51383236397126818715565,0,56569045483984022,1.3647011645595961
2025-06-29 10:23:33+00:00,17257289,70122900359,51383135719185477765703,0,56569045483984022,1.364706520486204
2025-06-29 10:23:37+00:00,17257293,70123038168,51383035041639257032313,0,56569045483984022,1.3647118764233062
2025-06-29 10:23:41+00:00,17257297,70123038169,51383035042372012434589,0,56569045484790733,1.3647118764233062
2025-06-29 10:23:46+00:00,17257302,70123038168,51383035041463688198216,0,56569045483790733,1.364711876427969
2025-06-29 10:24:21+00:00,17257337,70123038169,51383035040733131062160,0,56569045483790733,1.364711876466834
2025-06-29 10:24:26+00:00,17257342,70123038170,51383035040002573926125,0,56569045483790733,1.3647118765056991
2025-06-29 10:24:34+00:00,17257350,70123038102,51383034989602293466485,0,56569045428303630,1.3647118765209154
2025-06-29 10:24:39+00:00,17257355,70123038103,51383034989602293466484,0,56569045428303630,1.364711876540377
2025-06-29 10:25:27+00:00,17257403,70123038102,51383034990602293466484,0,56569045428303630,1.3647118764943558
2025-06-29 10:25:35+00:00,17257411,70123038115,51383035000602293466484,0,56569045438790876,1.3647118764817618
2025-06-29 10:26:21+00:00,17257457,70122902054,51383135000602293466484,0,56569045438790876,1.3647065725588376
2025-06-29 10:26:29+00:00,17257465,70123039863,51383034323059914246401,0,56569045438790876,1.3647119284960145
2025-06-29 10:26:34+00:00,17257470,70123177672,51382933645912652890972,0,56569045438790876,1.3647172844436857
2025-06-29 10:26:42+00:00,17257478,70123177671,51382933645004330446297,0,56569045437790876,1.3647172844483486
2025-06-29 10:27:18+00:00,17257514,70123177672,51382933644273776205249,0,56569045437790876,1.3647172844872137
2025-06-29 10:27:26+00:00,17257522,70123177738,51382933693111805705297,0,56569045491033714,1.3647172844745616
2025-06-29 10:27:31+00:00,17257527,70123177670,51382933642711624660635,0,56569045435546611,1.3647172844897806
2025-06-29 10:28:22+00:00,17257578,70123177669,51382933643711624660635,0,56569045435546611,1.3647172844437592
2025-06-29 10:28:31+00:00,17257587,70123177682,51382933653711624660635,0,56569045446033836,1.3647172844311641
2025-06-29 10:29:17+00:00,17257633,70123041620,51383033653711624660635,0,56569045446033836,1.364711980467792
2025-06-29 10:29:22+00:00,17257638,70122905559,51383133653711624660635,0,56569045446033836,1.3647066765445264
2025-06-29 10:29:30+00:00,17257646,70123043368,51383032976176916693518,0,56569045446033836,1.3647120324818438
2025-06-29 10:29:35+00:00,17257651,70123043369,51383032976909672012001,0,56569045446840547,1.3647120324818438
2025-06-29 10:30:16+00:00,17257692,70123043370,51383032976179114959483,0,56569045446840547,1.3647120325207087
2025-06-29 10:30:21+00:00,17257697,70123043371,51383032975448557906986,0,56569045446840547,1.3647120325595736
2025-06-29 10:30:30+00:00,17257706,70123043303,51383032925048279439492,0,56569045391353444,1.3647120325747901
2025-06-29 10:30:35+00:00,17257711,70123043304,51383032925048279439491,0,56569045391353444,1.364712032594252
2025-06-29 10:31:26+00:00,17257762,70123043303,51383032926048279439491,0,56569045391353444,1.3647120325482305
2025-06-29 10:31:31+00:00,17257767,70123043302,51383032927048279439491,0,56569045391353444,1.3647120325022093
2025-06-29 10:31:40+00:00,17257776,70123043289,51383032917032847015838,0,56569045380327169,1.3647120325152131
2025-06-29 10:32:28+00:00,17257824,70122907228,51383132917032847015838,0,56569045380327169,1.3647067285917702
2025-06-29 10:32:33+00:00,17257829,70122771168,51383232917032847015838,0,56569045380327169,1.3647014247084335
2025-06-29 10:32:38+00:00,17257834,70122908977,51383132239110697968186,0,56569045380327169,1.364706780635404
2025-06-29 10:32:46+00:00,17257842,70122908978,51383132239843456106556,0,56569045381133881,1.364706780635404
2025-06-29 10:32:51+00:00,17257847,70122908977,51383132238935130150309,0,56569045380133881,1.364706780640067
2025-06-29 10:33:28+00:00,17257884,70122908978,51383132238204570286367,0,56569045380133881,1.364706780678932
2025-06-29 10:33:32+00:00,17257888,70122908979,51383132237474010422446,0,56569045380133881,1.3647067807177968
2025-06-29 10:33:37+00:00,17257893,70122909045,51383132286312039922494,0,56569045433376923,1.3647067807051547
2025-06-29 10:33:46+00:00,17257902,70122909046,51383132286312039922493,0,56569045433376923,1.3647067807246163
2025-06-29 10:34:33+00:00,17257949,70122909045,51383132287312039922493,0,56569045433376923,1.3647067806785953
2025-06-29 10:34:37+00:00,17257953,70122909044,51383132288312039922493,0,56569045433376923,1.3647067806325741
2025-06-29 10:34:42+00:00,17257958,70122909057,51383132298312039922493,0,56569045443864188,1.3647067806199813
2025-06-29 10:35:29+00:00,17258005,70122772996,51383232298312039922493,0,56569045443864188,1.3647014767170178
2025-06-29 10:35:37+00:00,17258013,70122910805,51383131620393727691367,0,56569045443864188,1.3647068326440528
2025-06-29 10:35:41+00:00,17258017,70123048614,51383030942870535527475,0,56569045443864188,1.364712188581582
2025-06-29 10:35:46+00:00,17258022,70123048615,51383030943603290762144,0,56569045444670899,1.364712188581582
2025-06-29 10:36:24+00:00,17258060,70123048616,51383030942872733793190,0,56569045444670899,1.364712188620447
2025-06-29 10:36:29+00:00,17258065,70123048617,51383030942142176824257,0,56569045444670899,1.364712188659312
2025-06-29 10:36:37+00:00,17258073,70123048549,51383030891741900349247,0,56569045389183796,1.3647121886745286
2025-06-29 10:36:42+00:00,17258078,70123048550,51383030891741900349246,0,56569045389183796,1.3647121886939901
2025-06-29 10:37:28+00:00,17258124,70123048549,51383030892741900349246,0,56569045389183796,1.364712188647969
2025-06-29 10:37:32+00:00,17258128,70123048548,51383030893741900349246,0,56569045389183796,1.3647121886019478
2025-06-29 10:37:37+00:00,17258133,70123048561,51383030903741900349246,0,56569045399671040,1.3647121885893536
2025-06-29 10:38:23+00:00,17258179,70122912500,51383130903741900349246,0,56569045399671040,1.3647068846653991
2025-06-29 10:38:31+00:00,17258187,70123050309,51383030226222545913329,0,56569045399671040,1.364712240603003
2025-06-29 10:38:39+00:00,17258195,70123050310,51383030226955301120066,0,56569045400477751,1.364712240603003
2025-06-29 10:38:44+00:00,17258200,70123050309,51383030226046976967463,0,56569045399477751,1.3647122406076662
2025-06-29 10:39:18+00:00,17258234,70123050310,51383030225316420026359,0,56569045399477751,1.364712240646531
2025-06-29 10:39:23+00:00,17258239,70123050311,51383030224585863085276,0,56569045399477751,1.364712240685396
2025-06-29 10:39:31+00:00,17258247,70123050243,51383030174185587273834,0,56569045343990648,1.3647122407006125
2025-06-29 10:40:22+00:00,17258298,70123050242,51383030175185587273834,0,56569045343990648,1.3647122406545913
2025-06-29 10:40:30+00:00,17258306,70123050255,51383030185185587273834,0,56569045354477892,1.3647122406419971
2025-06-29 10:40:35+00:00,17258311,70123050242,51383030175170155378088,0,56569045343451617,1.3647122406550012
2025-06-29 10:41:17+00:00,17258353,70122914181,51383130175170155378088,0,56569045343451617,1.3647069367308702
2025-06-29 10:41:25+00:00,17258361,70123051990,51383029497654641925077,0,56569045343451617,1.36471229266855
2025-06-29 10:41:33+00:00,17258369,70123051991,51383029498387397103858,0,56569045344258328,1.36471229266855
2025-06-29 10:41:37+00:00,17258373,70123051990,51383029497479072963232,0,56569045343258328,1.3647122926732131
2025-06-29 10:42:13+00:00,17258409,70123051991,51383029496748516050000,0,56569045343258328,1.364712292712078
2025-06-29 10:42:21+00:00,17258417,70123052057,51383029545586545550048,0,56569045396501261,1.3647122926994306
2025-06-29 10:42:29+00:00,17258425,70123052058,51383029545586545550047,0,56569045396501261,1.3647122927188924
2025-06-29 10:43:14+00:00,17258470,70123052057,51383029546586545550047,0,56569045396501261,1.364712292672871
2025-06-29 10:43:18+00:00,17258474,70123052056,51383029547586545550047,0,56569045396501261,1.3647122926268498
2025-06-29 10:43:23+00:00,17258479,70123052069,51383029557586545550047,0,56569045406988505,1.3647122926142556
2025-06-29 10:44:07+00:00,17258523,70122916008,51383129557586545550047,0,56569045406988505,1.3647069886899599
2025-06-29 10:44:12+00:00,17258528,70122779947,51383229557586545550047,0,56569045406988505,1.3647016847863085
2025-06-29 10:44:20+00:00,17258536,70122917756,51383128879683583161751,0,56569045406988505,1.3647070407136292
2025-06-29 10:44:28+00:00,17258544,70122917755,51383128878775257265318,0,56569045405988505,1.3647070407182922
2025-06-29 10:45:01+00:00,17258577,70122917756,51383128878044697540602,0,56569045405988505,1.364707040757157
2025-06-29 10:45:06+00:00,17258582,70122917757,51383128877314137815907,0,56569045405988505,1.364707040796022
2025-06-29 10:45:15+00:00,17258591,70122917689,51383128826913765244374,0,56569045350501402,1.364707040811236
2025-06-29 10:46:05+00:00,17258641,70122917688,51383128827913765244374,0,56569045350501402,1.3647070407652149
2025-06-29 10:46:13+00:00,17258649,70122917701,51383128837913765244374,0,56569045360988666,1.3647070407526218
2025-06-29 10:46:58+00:00,17258694,70122781640,51383228837913765244374,0,56569045360988666,1.3647017368487948
2025-06-29 10:47:02+00:00,17258698,70122645580,51383328837913765244374,0,56569045360988666,1.364696432985074
2025-06-29 10:47:06+00:00,17258702,70122783389,51383228159623361512758,0,56569045360988666,1.3647017889020463
2025-06-29 10:47:11+00:00,17258707,70122921198,51383127481728080026635,0,56569045360988666,1.3647071448295127
2025-06-29 10:47:19+00:00,17258715,70122921197,51383127480819754154176,0,56569045359988666,1.3647071448341757
2025-06-29 10:47:54+00:00,17258750,70122921198,51383127480089194485196,0,56569045359988666,1.3647071448730406
2025-06-29 10:47:59+00:00,17258755,70122921199,51383127479358634816236,0,56569045359988666,1.3647071449119055
2025-06-29 10:48:07+00:00,17258763,70122921131,51383127428958263574938,0,56569045304501563,1.3647071449271195
2025-06-29 10:48:12+00:00,17258768,70122921132,51383127428958263574937,0,56569045304501563,1.3647071449465813
2025-06-29 10:48:57+00:00,17258813,70122921131,51383127429958263574937,0,56569045304501563,1.36470714490056
2025-06-29 10:49:05+00:00,17258821,70122921144,51383127439958263574937,0,56569045314988827,1.364707144887967
2025-06-29 10:49:10+00:00,17258826,70122921131,51383127429942812715580,0,56569045303962552,1.3647071449009704
2025-06-29 10:49:51+00:00,17258867,70122785070,51383227429942812715580,0,56569045303962552,1.3647018409967955
2025-06-29 10:49:59+00:00,17258875,70122922879,51383126752051374400985,0,56569045303962552,1.364707196924338
2025-06-29 10:50:03+00:00,17258879,70123060688,51383026074555055980122,0,56569045303962552,1.364712552862375
2025-06-29 10:50:08+00:00,17258884,70123060689,51383026075287811019197,0,56569045304769263,1.364712552862375
2025-06-29 10:50:46+00:00,17258922,70123060690,51383026074557254245249,0,56569045304769263,1.3647125529012398
2025-06-29 10:50:55+00:00,17258931,70123060756,51383026123395283745297,0,56569045358012189,1.3647125528885922
2025-06-29 10:51:04+00:00,17258940,70123060757,51383026123395283745296,0,56569045358012189,1.364712552908054
2025-06-29 10:51:49+00:00,17258985,70123060756,51383026124395283745296,0,56569045358012189,1.3647125528620325
2025-06-29 10:51:57+00:00,17258993,70123060769,51383026134395283745296,0,56569045368499432,1.3647125528494384
2025-06-29 10:52:43+00:00,17259039,70122924708,51383126134395283745296,0,56569045368499432,1.3647072489242826
2025-06-29 10:52:50+00:00,17259046,70123062517,51383025456902801471133,0,56569045368499432,1.3647126048623839
2025-06-29 10:52:54+00:00,17259050,70123200326,51382924779805436738152,0,56569045368499432,1.364717960810979
2025-06-29 10:53:02+00:00,17259058,70123200325,51382924778897114449079,0,56569045367499432,1.3647179608156421
2025-06-29 10:53:37+00:00,17259093,70123200326,51382924778166560570101,0,56569045367499432,1.3647179608545073
2025-06-29 10:53:46+00:00,17259102,70123200392,51382924827004590070149,0,56569045420742252,1.3647179608418545
2025-06-29 10:53:54+00:00,17259110,70123200393,51382924827004590070148,0,56569045420742252,1.3647179608613162
2025-06-29 10:54:40+00:00,17259156,70123200392,51382924828004590070148,0,56569045420742252,1.3647179608152946
2025-06-29 10:54:49+00:00,17259165,70123200405,51382924838004590070148,0,56569045431229474,1.3647179608026994
2025-06-29 10:55:33+00:00,17259209,70123064343,51383024838004590070148,0,56569045431229474,1.364712656837101
2025-06-29 10:55:38+00:00,17259214,70122928282,51383124838004590070148,0,56569045431229474,1.3647073529116092
2025-06-29 10:55:45+00:00,17259221,70123066091,51383024160519779161963,0,56569045431229474,1.3647127088498454
2025-06-29 10:55:50+00:00,17259226,70123066092,51383024161252534117284,0,56569045432036184,1.3647127088498454
2025-06-29 10:56:29+00:00,17259265,70123066093,51383024160521977426839,0,56569045432036184,1.3647127088887103
2025-06-29 10:56:37+00:00,17259273,70123066159,51383024209360006926887,0,56569045485279106,1.3647127088760627
2025-06-29 10:56:45+00:00,17259281,70123066160,51383024209360006926886,0,56569045485279106,1.3647127088955242
2025-06-29 10:57:32+00:00,17259328,70123066159,51383024210360006926886,0,56569045485279106,1.364712708849503
2025-06-29 10:57:40+00:00,17259336,70123066172,51383024220360006926886,0,56569045495766348,1.3647127088369089
2025-06-29 10:58:25+00:00,17259381,70122930111,51383124220360006926886,0,56569045495766348,1.364707404911252
2025-06-29 10:58:30+00:00,17259386,70122794050,51383224220360006926886,0,56569045495766348,1.3647021010062397
2025-06-29 10:58:38+00:00,17259394,70122931859,51383123542487750211036,0,56569045495766348,1.3647074569341167
2025-06-29 10:58:46+00:00,17259402,70122931858,51383123541579424410377,0,56569045494766348,1.3647074569387796
2025-06-29 10:59:20+00:00,17259436,70122931859,51383123540848864908474,0,56569045494766348,1.3647074569776445
2025-06-29 10:59:28+00:00,17259444,70122931925,51383123589686894408522,0,56569045548009372,1.364707456965002
2025-06-29 10:59:36+00:00,17259452,70122931926,51383123589686894408521,0,56569045548009372,1.3647074569844635
2025-06-29 11:00:24+00:00,17259500,70122931925,51383123590686894408521,0,56569045548009372,1.3647074569384425
2025-06-29 11:00:28+00:00,17259504,70122931924,51383123591686894408521,0,56569045548009372,1.3647074568924213
2025-06-29 11:00:33+00:00,17259509,70122931937,51383123601686894408521,0,56569045558496634,1.3647074568798283
2025-06-29 11:00:37+00:00,17259513,70122931924,51383123591671444340422,0,56569045547470359,1.3647074568928317
2025-06-29 11:01:18+00:00,17259554,70122795863,51383223591671444340422,0,56569045547470359,1.3647021529876533
2025-06-29 11:01:23+00:00,17259559,70122659803,51383323591671444340422,0,56569045547470359,1.364696849122581
2025-06-29 11:01:31+00:00,17259567,70122797612,51383222913411740436540,0,56569045547470359,1.3647022050401
2025-06-29 11:01:39+00:00,17259575,70122797611,51383222912503412880080,0,56569045546470359,1.364702205044763
2025-06-29 11:02:13+00:00,17259609,70122797612,51383222911772850566705,0,56569045546470359,1.364702205083628
2025-06-29 11:02:17+00:00,17259613,70122797613,51383222911042288253351,0,56569045546470359,1.3647022051224926
2025-06-29 11:02:21+00:00,17259617,70122797679,51383222959880317753399,0,56569045599713485,1.364702205109855
2025-06-29 11:02:26+00:00,17259622,70122797611,51383222909479853071328,0,56569045544226382,1.3647022051250666
2025-06-29 11:03:16+00:00,17259672,70122797610,51383222910479853071328,0,56569045544226382,1.3647022050790458
2025-06-29 11:03:24+00:00,17259680,70122797623,51383222920479853071328,0,56569045554713664,1.3647022050664537
2025-06-29 11:04:07+00:00,17259723,70122661563,51383322920479853071328,0,56569045554713664,1.3646969012012107
2025-06-29 11:04:15+00:00,17259731,70122799372,51383222242223991177382,0,56569045554713664,1.3647022571187999
2025-06-29 11:04:19+00:00,17259735,70122937181,51383121564363251303307,0,56569045554713664,1.3647076130468832
2025-06-29 11:04:24+00:00,17259740,70122937182,51383121565096008994727,0,56569045555520376,1.3647076130468832
2025-06-29 11:05:02+00:00,17259778,70122937183,51383121564365449576392,0,56569045555520376,1.364707613085748
2025-06-29 11:05:11+00:00,17259787,70122937249,51383121613203479076440,0,56569045608763396,1.364707613073105
2025-06-29 11:05:19+00:00,17259795,70122937250,51383121613203479076439,0,56569045608763396,1.3647076130925668
2025-06-29 11:06:03+00:00,17259839,70122937249,51383121614203479076439,0,56569045608763396,1.3647076130465456
2025-06-29 11:06:11+00:00,17259847,70122937262,51383121624203479076439,0,56569045619250657,1.3647076130339526
2025-06-29 11:06:58+00:00,17259894,70122801201,51383221624203479076439,0,56569045619250657,1.3647023091282673
2025-06-29 11:07:06+00:00,17259902,70122939010,51383120946346576079355,0,56569045619250657,1.364707665056415
2025-06-29 11:07:14+00:00,17259910,70122939011,51383120947079333742849,0,56569045620057369,1.364707665056415
2025-06-29 11:07:19+00:00,17259915,70122939010,51383120946171007990066,0,56569045619057369,1.3647076650610779
2025-06-29 11:07:52+00:00,17259948,70122939011,51383120945440448599575,0,56569045619057369,1.3647076650999428
2025-06-29 11:08:00+00:00,17259956,70122939077,51383120994278478099623,0,56569045672300388,1.3647076650872998
2025-06-29 11:08:04+00:00,17259960,70122939009,51383120943878113497626,0,56569045616813285,1.3647076651025143
2025-06-29 11:08:08+00:00,17259964,70122939010,51383120943878113497625,0,56569045616813285,1.3647076651219758
2025-06-29 11:08:54+00:00,17260010,70122939009,51383120944878113497625,0,56569045616813285,1.3647076650759549
2025-06-29 11:09:02+00:00,17260018,70122939022,51383120954878113497625,0,56569045627300546,1.3647076650633616
2025-06-29 11:09:06+00:00,17260022,70122939009,51383120944862663957616,0,56569045616274271,1.3647076650763652
2025-06-29 11:09:47+00:00,17260063,70122802948,51383220944862663957616,0,56569045616274271,1.3647023611705085
2025-06-29 11:09:51+00:00,17260067,70122666888,51383320944862663957616,0,56569045616274271,1.3646970573047577
2025-06-29 11:09:55+00:00,17260071,70122804697,51383220266618318328264,0,56569045616274271,1.3647024132225527
2025-06-29 11:10:00+00:00,17260076,70122942506,51383119588769094643581,0,56569045616274271,1.364707769150842
2025-06-29 11:10:09+00:00,17260085,70122942505,51383119587860768914749,0,56569045615274271,1.364707769155505
2025-06-29 11:10:43+00:00,17260119,70122942506,51383119587130209579982,0,56569045615274271,1.3647077691943699
2025-06-29 11:10:51+00:00,17260127,70122942572,51383119635968239080030,0,56569045668517287,1.3647077691817269
2025-06-29 11:10:59+00:00,17260135,70122942573,51383119635968239080029,0,56569045668517287,1.3647077692011884
2025-06-29 11:11:44+00:00,17260180,70122942572,51383119636968239080029,0,56569045668517287,1.3647077691551674
2025-06-29 11:11:52+00:00,17260188,70122942585,51383119646968239080029,0,56569045679004547,1.3647077691425742
2025-06-29 11:12:38+00:00,17260234,70122806524,51383219646968239080029,0,56569045679004547,1.364702465236381
2025-06-29 11:12:46+00:00,17260242,70122944333,51383118969122852593176,0,56569045679004547,1.3647078211647348
2025-06-29 11:12:53+00:00,17260249,70122944334,51383118969855610172850,0,56569045679811259,1.3647078211647348
2025-06-29 11:12:58+00:00,17260254,70122944333,51383118968947284455979,0,56569045678811259,1.3647078211693977
2025-06-29 11:13:31+00:00,17260287,70122944334,51383118968216725149057,0,56569045678811259,1.3647078212082626
2025-06-29 11:13:35+00:00,17260291,70122944335,51383118967486165842155,0,56569045678811259,1.3647078212471275
2025-06-29 11:13:40+00:00,17260296,70122944401,51383119016324195342203,0,56569045732054274,1.3647078212344845
2025-06-29 11:13:48+00:00,17260304,70122944402,51383119016324195342202,0,56569045732054274,1.364707821253946
2025-06-29 11:14:34+00:00,17260350,70122944401,51383119017324195342202,0,56569045732054274,1.364707821207925
2025-06-29 11:14:42+00:00,17260358,70122944414,51383119027324195342202,0,56569045742541534,1.3647078211953318
2025-06-29 11:15:27+00:00,17260403,70122808353,51383219027324195342202,0,56569045742541534,1.3647025172889733
2025-06-29 11:15:32+00:00,17260408,70122672293,51383319027324195342202,0,56569045742541534,1.3646972134227209
2025-06-29 11:15:40+00:00,17260416,70122810102,51383218349091367038110,0,56569045742541534,1.3647025693407158
2025-06-29 11:15:48+00:00,17260424,70122810101,51383218348183039565469,0,56569045741541534,1.3647025693453787
2025-06-29 11:16:23+00:00,17260459,70122810102,51383218347452477447114,0,56569045741541534,1.3647025693842436
2025-06-29 11:16:27+00:00,17260463,70122810103,51383218346721915328780,0,56569045741541534,1.3647025694231083
2025-06-29 11:16:32+00:00,17260468,70122810169,51383218395559944828828,0,56569045794784651,1.3647025694104702
2025-06-29 11:16:40+00:00,17260476,70122810170,51383218395559944828827,0,56569045794784651,1.364702569429932
2025-06-29 11:17:27+00:00,17260523,70122810169,51383218396559944828827,0,56569045794784651,1.364702569383911
2025-06-29 11:17:35+00:00,17260531,70122810182,51383218406559944828827,0,56569045805271931,1.3647025693713188
2025-06-29 11:17:40+00:00,17260536,70122810169,51383218396544476325327,0,56569045794245656,1.3647025693843218
2025-06-29 11:18:23+00:00,17260579,70122674109,51383318396544476325327,0,56569045794245656,1.3646972655179028
2025-06-29 11:18:31+00:00,17260587,70122811918,51383217718315491250078,0,56569045794245656,1.3647026214359634
2025-06-29 11:18:39+00:00,17260595,70122811919,51383217719048251621672,0,56569045795052369,1.3647026214359634
2025-06-29 11:18:44+00:00,17260600,70122811918,51383217718139924161011,0,56569045794052369,1.3647026214406264
2025-06-29 11:19:19+00:00,17260635,70122811919,51383217717409362070544,0,56569045794052369,1.3647026214794913
2025-06-29 11:19:24+00:00,17260640,70122811920,51383217716678799980098,0,56569045794052369,1.3647026215183562
2025-06-29 11:19:32+00:00,17260648,70122811852,51383217666278340614094,0,56569045738565266,1.364702621533568
2025-06-29 11:19:36+00:00,17260652,70122811853,51383217666278340614093,0,56569045738565266,1.3647026215530298
2025-06-29 11:20:24+00:00,17260700,70122811852,51383217667278340614093,0,56569045738565266,1.3647026215070088
2025-06-29 11:20:32+00:00,17260708,70122811865,51383217677278340614093,0,56569045749052546,1.3647026214944167
2025-06-29 11:21:17+00:00,17260753,70122675805,51383317677278340614093,0,56569045749052546,1.364697317627822
2025-06-29 11:21:21+00:00,17260757,70122539745,51383417677278340614093,0,56569045749052546,1.3646920137818717
2025-06-29 11:21:25+00:00,17260761,70122677554,51383316998661916496521,0,56569045749052546,1.3646973696895839
2025-06-29 11:21:30+00:00,17260766,70122815363,51383216320440616500295,0,56569045749052546,1.3647027256077902
2025-06-29 11:21:38+00:00,17260774,70122815362,51383216319532289063620,0,56569045748052546,1.364702725612453
2025-06-29 11:22:14+00:00,17260810,70122815363,51383216318801727028919,0,56569045748052546,1.364702725651318
2025-06-29 11:22:22+00:00,17260818,70122815429,51383216367639756528967,0,56569045801295659,1.36470272563868
2025-06-29 11:22:27+00:00,17260823,70122815361,51383216317239298492654,0,56569045745808556,1.3647027256538917
2025-06-29 11:23:17+00:00,17260873,70122815360,51383216318239298492654,0,56569045745808556,1.364702725607871
2025-06-29 11:23:25+00:00,17260881,70122815373,51383216328239298492654,0,56569045756295835,1.3647027255952786
2025-06-29 11:23:30+00:00,17260886,70122815360,51383216318223830385583,0,56569045745269560,1.3647027256082818
2025-06-29 11:24:12+00:00,17260928,70122679300,51383316318223830385583,0,56569045745269560,1.3646974217413441
2025-06-29 11:24:16+00:00,17260932,70122543240,51383416318223830385583,0,56569045745269560,1.3646921178950508
2025-06-29 11:24:20+00:00,17260936,70122681049,51383315639615087090146,0,56569045745269560,1.3646974738029047
2025-06-29 11:24:24+00:00,17260940,70122818858,51383214961401467866217,0,56569045745269560,1.364702829721253
2025-06-29 11:24:28+00:00,17260944,70122818859,51383214962134228125975,0,56569045746076273,1.364702829721253
2025-06-29 11:24:32+00:00,17260948,70122818858,51383214961225900713263,0,56569045745076273,1.3647028297259158
2025-06-29 11:25:06+00:00,17260982,70122818859,51383214960495338734297,0,56569045745076273,1.3647028297647807
2025-06-29 11:25:15+00:00,17260991,70122818925,51383215009333368234345,0,56569045798319383,1.3647028297521424
2025-06-29 11:25:23+00:00,17260999,70122818926,51383215009333368234344,0,56569045798319383,1.364702829771604
2025-06-29 11:26:11+00:00,17261047,70122818925,51383215010333368234344,0,56569045798319383,1.364702829725583
2025-06-29 11:26:15+00:00,17261051,70122818924,51383215011333368234344,0,56569045798319383,1.364702829679562
2025-06-29 11:26:20+00:00,17261056,70122818937,51383215021333368234344,0,56569045808806662,1.3647028296669699
2025-06-29 11:27:06+00:00,17261102,70122682877,51383315021333368234344,0,56569045808806662,1.364697525799696
2025-06-29 11:27:15+00:00,17261111,70122820686,51383214343123584979141,0,56569045808806662,1.3647028817181084
2025-06-29 11:27:24+00:00,17261120,70122820687,51383214343856345210980,0,56569045809613375,1.3647028817181084
2025-06-29 11:28:01+00:00,17261157,70122820688,51383214343125783259847,0,56569045809613375,1.3647028817569733
2025-06-29 11:28:09+00:00,17261165,70122820754,51383214391963812759895,0,56569045862856484,1.364702881744335
2025-06-29 11:28:14+00:00,17261170,70122820686,51383214341563356716319,0,56569045807369381,1.364702881759547
2025-06-29 11:29:04+00:00,17261220,70122820685,51383214342563356716319,0,56569045807369381,1.364702881713526
2025-06-29 11:29:12+00:00,17261228,70122820698,51383214352563356716319,0,56569045817856660,1.364702881700934
2025-06-29 11:29:57+00:00,17261273,70122684638,51383314352563356716319,0,56569045817856660,1.3646975778334898
2025-06-29 11:30:06+00:00,17261282,70122822447,51383213674357412159539,0,56569045817856660,1.3647029337519718
2025-06-29 11:30:15+00:00,17261291,70122822448,51383213675090172363439,0,56569045818663373,1.3647029337519718
2025-06-29 11:30:54+00:00,17261330,70122822449,51383213674359610440161,0,56569045818663373,1.3647029337908367
2025-06-29 11:31:02+00:00,17261338,70122822515,51383213723197639940209,0,56569045871906481,1.3647029337781984
2025-06-29 11:31:10+00:00,17261346,70122822516,51383213723197639940208,0,56569045871906481,1.36470293379766
2025-06-29 11:31:56+00:00,17261392,70122822515,51383213724197639940208,0,56569045871906481,1.364702933751639
2025-06-29 11:32:04+00:00,17261400,70122822528,51383213734197639940208,0,56569045882393759,1.3647029337390468
2025-06-29 11:32:09+00:00,17261405,70122822515,51383213724182172361085,0,56569045871367484,1.3647029337520498
2025-06-29 11:32:51+00:00,17261447,70122686455,51383313724182172361085,0,56569045871367484,1.3646976298844395
2025-06-29 11:32:59+00:00,17261455,70122824264,51383213045980067767933,0,56569045871367484,1.364702985802987
2025-06-29 11:33:04+00:00,17261460,70122962073,51383112368173084843416,0,56569045871367484,1.364708341732029
2025-06-29 11:33:12+00:00,17261468,70122962072,51383112367264759246322,0,56569045870367484,1.364708341736692
2025-06-29 11:33:46+00:00,17261502,70122962073,51383112366534200218071,0,56569045870367484,1.364708341775557
2025-06-29 11:33:50+00:00,17261506,70122962074,51383112365803641189841,0,56569045870367484,1.364708341814422
2025-06-29 11:33:54+00:00,17261510,70122962140,51383112414641670689889,0,56569045923610486,1.3647083418017782
2025-06-29 11:33:58+00:00,17261514,70122962072,51383112364241314727340,0,56569045868123383,1.3647083418169932
2025-06-29 11:34:03+00:00,17261519,70122962073,51383112364241314727339,0,56569045868123383,1.3647083418364547
2025-06-29 11:34:49+00:00,17261565,70122962072,51383112365241314727339,0,56569045868123383,1.3647083417904335
2025-06-29 11:34:57+00:00,17261573,70122962085,51383112375241314727339,0,56569045878610641,1.3647083417778403
2025-06-29 11:35:42+00:00,17261618,70122826024,51383212375241314727339,0,56569045878610641,1.364703037869782
2025-06-29 11:35:50+00:00,17261626,70122963833,51383111697438172905116,0,56569045878610641,1.3647083937988937
2025-06-29 11:35:58+00:00,17261634,70122963834,51383111698170930177324,0,56569045879417353,1.3647083937988937
2025-06-29 11:36:34+00:00,17261670,70122963835,51383111697440371176943,0,56569045879417353,1.3647083938377587
2025-06-29 11:36:42+00:00,17261678,70122963901,51383111746278400676991,0,56569045932660353,1.364708393825115
2025-06-29 11:36:46+00:00,17261682,70122963833,51383111695878045378085,0,56569045877173250,1.36470839384033
2025-06-29 11:37:35+00:00,17261731,70122963832,51383111696878045378085,0,56569045877173250,1.3647083937943087
2025-06-29 11:37:43+00:00,17261739,70122963845,51383111706878045378085,0,56569045887660507,1.3647083937817155
2025-06-29 11:38:27+00:00,17261783,70122827784,51383211706878045378085,0,56569045887660507,1.364703089873487
2025-06-29 11:38:34+00:00,17261790,70122965593,51383111029078740003553,0,56569045887660507,1.3647084458026684
2025-06-29 11:38:38+00:00,17261794,70123103402,51383010351674553920490,0,56569045887660507,1.3647138017423441
2025-06-29 11:38:42+00:00,17261798,70123103403,51383010352407308289005,0,56569045888467217,1.3647138017423441
2025-06-29 11:38:46+00:00,17261802,70123103402,51383010351498984495571,0,56569045887467217,1.364713801747007
2025-06-29 11:39:19+00:00,17261835,70123103403,51383010350768428390175,0,56569045887467217,1.3647138017858722
2025-06-29 11:39:27+00:00,17261843,70123103469,51383010399606457890223,0,56569045940710111,1.3647138017732232
2025-06-29 11:39:35+00:00,17261851,70123103470,51383010399606457890222,0,56569045940710111,1.364713801792685
2025-06-29 11:40:23+00:00,17261899,70123103469,51383010400606457890222,0,56569045940710111,1.3647138017466638
2025-06-29 11:40:31+00:00,17261907,70123103482,51383010410606457890222,0,56569045951197347,1.3647138017340692
2025-06-29 11:41:16+00:00,17261952,70122967421,51383110410606457890222,0,56569045951197347,1.36470849780486
2025-06-29 11:41:24+00:00,17261960,70123105230,51383009733206108112598,0,56569045951197347,1.3647138537446
2025-06-29 11:41:33+00:00,17261969,70123105231,51383009733938862453191,0,56569045952004057,1.3647138537446
2025-06-29 11:42:13+00:00,17262009,70123105232,51383009733208306375630,0,56569045952004057,1.364713853783465
2025-06-29 11:42:18+00:00,17262014,70123105233,51383009732477750298090,0,56569045952004057,1.36471385382233
2025-06-29 11:42:26+00:00,17262022,70123105165,51383009682077495079097,0,56569045896516954,1.3647138538375476
2025-06-29 11:42:31+00:00,17262027,70123105166,51383009682077495079096,0,56569045896516954,1.3647138538570094
2025-06-29 11:43:17+00:00,17262073,70123105165,51383009683077495079096,0,56569045896516954,1.364713853810988
2025-06-29 11:43:26+00:00,17262082,70123105178,51383009693077495079096,0,56569045907004190,1.3647138537983936
2025-06-29 11:44:12+00:00,17262128,70122969117,51383109693077495079096,0,56569045907004190,1.3647085498690088
2025-06-29 11:44:20+00:00,17262136,70123106926,51383009015680986177717,0,56569045907004190,1.3647139058088238
2025-06-29 11:44:28+00:00,17262144,70123106927,51383009016413740490356,0,56569045907810900,1.3647139058088238
2025-06-29 11:45:06+00:00,17262182,70123106928,51383009015683184440666,0,56569045907810900,1.3647139058476887
2025-06-29 11:45:14+00:00,17262190,70123106994,51383009064521213940714,0,56569045961053792,1.3647139058350397
2025-06-29 11:45:22+00:00,17262198,70123106995,51383009064521213940713,0,56569045961053792,1.3647139058545015
2025-06-29 11:46:06+00:00,17262242,70123106994,51383009065521213940713,0,56569045961053792,1.36471390580848
2025-06-29 11:46:15+00:00,17262251,70123107007,51383009075521213940713,0,56569045971541028,1.3647139057958857
2025-06-29 11:46:59+00:00,17262295,70122970946,51383109075521213940713,0,56569045971541028,1.3647086018663361
2025-06-29 11:47:07+00:00,17262303,70123108755,51383008398128540985339,0,56569045971541028,1.3647139578062153
2025-06-29 11:47:11+00:00,17262307,70123246564,51382907721130984918904,0,56569045971541028,1.3647193137565887
2025-06-29 11:47:16+00:00,17262312,70123246565,51382907721863736327871,0,56569045972347736,1.3647193137565887
2025-06-29 11:47:53+00:00,17262349,70123246566,51382907721133183173142,0,56569045972347736,1.3647193137954539
2025-06-29 11:48:01+00:00,17262357,70123246632,51382907769971212673190,0,56569046025590522,1.3647193137827998
2025-06-29 11:48:09+00:00,17262365,70123246633,51382907769971212673189,0,56569046025590522,1.3647193138022615
2025-06-29 11:48:54+00:00,17262410,70123246632,51382907770971212673189,0,56569046025590522,1.36471931375624
2025-06-29 11:49:01+00:00,17262417,70123246645,51382907780971212673189,0,56569046036077737,1.3647193137436444
2025-06-29 11:49:05+00:00,17262421,70123246632,51382907770955804756795,0,56569046025051462,1.3647193137566491
2025-06-29 11:49:45+00:00,17262461,70123110570,51383007770955804756795,0,56569046025051462,1.364714009786656
2025-06-29 11:49:53+00:00,17262469,70123248379,51382907093962083360256,0,56569046025051462,1.3647193657370946
2025-06-29 11:50:01+00:00,17262477,70123248380,51382907094694834741313,0,56569046025858170,1.3647193657370946
2025-06-29 11:50:05+00:00,17262481,70123248379,51382907093786512775424,0,56569046024858170,1.3647193657417578
2025-06-29 11:50:40+00:00,17262516,70123248380,51382907093055959648523,0,56569046024858170,1.364719365780623
2025-06-29 11:50:48+00:00,17262524,70123248446,51382907141893989148571,0,56569046078100955,1.3647193657679688
2025-06-29 11:50:56+00:00,17262532,70123248447,51382907141893989148570,0,56569046078100955,1.3647193657874306
2025-06-29 11:51:40+00:00,17262576,70123248446,51382907142893989148570,0,56569046078100955,1.364719365741409
2025-06-29 11:51:48+00:00,17262584,70123248459,51382907152893989148570,0,56569046088588170,1.3647193657288135
2025-06-29 11:51:53+00:00,17262589,70123248446,51382907142878581363896,0,56569046077561895,1.3647193657418182
2025-06-29 11:52:34+00:00,17262630,70123112384,51383007142878581363896,0,56569046077561895,1.364714061771659
2025-06-29 11:52:42+00:00,17262638,70123250193,51382906465888694973542,0,56569046077561895,1.3647194177221633
2025-06-29 11:52:50+00:00,17262646,70123250194,51382906466621446326687,0,56569046078368603,1.3647194177221633
2025-06-29 11:53:26+00:00,17262682,70123250195,51382906465890893227612,0,56569046078368603,1.3647194177610285
2025-06-29 11:53:34+00:00,17262690,70123250261,51382906514728922727660,0,56569046131611386,1.3647194177483741
2025-06-29 11:53:42+00:00,17262698,70123250262,51382906514728922727659,0,56569046131611386,1.364719417767836
2025-06-29 11:54:25+00:00,17262741,70123250261,51382906515728922727659,0,56569046131611386,1.3647194177218145
2025-06-29 11:54:33+00:00,17262749,70123250274,51382906525728922727659,0,56569046142098600,1.364719417709219
2025-06-29 11:55:17+00:00,17262793,70123114212,51383006525728922727659,0,56569046142098600,1.364714113738895
2025-06-29 11:55:21+00:00,17262797,70122978151,51383106525728922727659,0,56569046142098600,1.3647088098086773
2025-06-29 11:55:25+00:00,17262801,70123115960,51383005848351590088794,0,56569046142098600,1.3647141657488224
2025-06-29 11:55:30+00:00,17262806,70123253769,51382905171369374238066,0,56569046142098600,1.3647195216994614
2025-06-29 11:55:39+00:00,17262815,70123253768,51382905170461052308043,0,56569046141098600,1.3647195217041246
2025-06-29 11:56:13+00:00,17262849,70123253769,51382905169730499264631,0,56569046141098600,1.3647195217429897
2025-06-29 11:56:21+00:00,17262857,70123253835,51382905218568528764679,0,56569046194341381,1.3647195217303354
2025-06-29 11:56:25+00:00,17262861,70123253767,51382905168168376276566,0,56569046138854278,1.3647195217455559
2025-06-29 11:56:30+00:00,17262866,70123253768,51382905168168376276565,0,56569046138854278,1.3647195217650177
2025-06-29 11:57:13+00:00,17262909,70123253767,51382905169168376276565,0,56569046138854278,1.364719521718996
2025-06-29 11:57:21+00:00,17262917,70123253780,51382905179168376276565,0,56569046149341492,1.3647195217064005
2025-06-29 11:58:06+00:00,17262962,70123117718,51383005179168376276565,0,56569046149341492,1.3647142177357352
2025-06-29 11:58:14+00:00,17262970,70123255527,51382904502189995572186,0,56569046149341492,1.3647195736864441
2025-06-29 11:58:21+00:00,17262977,70123255528,51382904502922746841590,0,56569046150148200,1.3647195736864441
2025-06-29 11:58:25+00:00,17262981,70123255527,51382904502014424923513,0,56569046149148200,1.3647195736911073
2025-06-29 11:58:58+00:00,17263014,70123255528,51382904501283871907930,0,56569046149148200,1.3647195737299722
2025-06-29 11:59:06+00:00,17263022,70123255594,51382904550121901407978,0,56569046202390979,1.364719573717318
2025-06-29 11:59:14+00:00,17263030,70123255595,51382904550121901407977,0,56569046202390979,1.3647195737367797
2025-06-29 11:59:58+00:00,17263074,70123255594,51382904551121901407977,0,56569046202390979,1.3647195736907582
2025-06-29 12:00:07+00:00,17263083,70123255607,51382904561121901407977,0,56569046212878193,1.3647195736781625
2025-06-29 12:00:12+00:00,17263088,70123255594,51382904551106494150489,0,56569046201851918,1.3647195736911675
2025-06-29 12:00:53+00:00,17263129,70123119532,51383004551106494150489,0,56569046201851918,1.364714269720336
2025-06-29 12:01:01+00:00,17263137,70123257341,51382903874131948421449,0,56569046201851918,1.3647196256711103
2025-06-29 12:01:09+00:00,17263145,70123257342,51382903874864699662941,0,56569046202658626,1.3647196256711103
2025-06-29 12:01:48+00:00,17263184,70123257343,51382903874134146675184,0,56569046202658626,1.3647196257099754
2025-06-29 12:01:56+00:00,17263192,70123257409,51382903922972176175232,0,56569046255901404,1.364719625697321
2025-06-29 12:02:04+00:00,17263200,70123257410,51382903922972176175231,0,56569046255901404,1.3647196257167828
2025-06-29 12:02:50+00:00,17263246,70123257409,51382903923972176175231,0,56569046255901404,1.3647196256707612
2025-06-29 12:02:57+00:00,17263253,70123257422,51382903933972176175231,0,56569046266388617,1.3647196256581657
2025-06-29 12:03:02+00:00,17263258,70123257409,51382903923956769049459,0,56569046255362342,1.3647196256711704
2025-06-29 12:03:42+00:00,17263298,70123121347,51383003923956769049459,0,56569046255362342,1.3647143217001731
2025-06-29 12:03:49+00:00,17263305,70123259156,51382903246986057944044,0,56569046255362342,1.3647196776510129
2025-06-29 12:03:57+00:00,17263313,70123259157,51382903247718809157627,0,56569046256169050,1.3647196776510129
2025-06-29 12:04:01+00:00,17263317,70123259156,51382903246810487263441,0,56569046255169050,1.364719677655676
2025-06-29 12:04:34+00:00,17263350,70123259157,51382903246079934303512,0,56569046255169050,1.3647196776945412
2025-06-29 12:04:38+00:00,17263354,70123259158,51382903245349381343603,0,56569046255169050,1.3647196777334063
2025-06-29 12:04:43+00:00,17263359,70123259224,51382903294187410843651,0,56569046308411827,1.3647196777207518
2025-06-29 12:04:50+00:00,17263366,70123259225,51382903294187410843650,0,56569046308411827,1.3647196777402135
2025-06-29 12:05:35+00:00,17263411,70123259224,51382903295187410843650,0,56569046308411827,1.3647196776941921
2025-06-29 12:05:43+00:00,17263419,70123259237,51382903305187410843650,0,56569046318899040,1.3647196776815964
2025-06-29 12:05:47+00:00,17263423,70123259224,51382903295172003849735,0,56569046307872765,1.3647196776946011
2025-06-29 12:06:27+00:00,17263463,70123123162,51383003295172003849735,0,56569046307872765,1.3647143737234377
2025-06-29 12:06:31+00:00,17263467,70122987101,51383103295172003849735,0,56569046307872765,1.3647090697923807
2025-06-29 12:06:35+00:00,17263471,70123124910,51383002617813850714860,0,56569046307872765,1.3647144257328625
2025-06-29 12:06:43+00:00,17263479,70123124911,51383002618546604748336,0,56569046308679475,1.3647144257328625
2025-06-29 12:07:21+00:00,17263517,70123124912,51383002617816048976970,0,56569046308679475,1.3647144257717274
2025-06-29 12:07:29+00:00,17263525,70123124978,51383002666654078477018,0,56569046361922354,1.3647144257590782
2025-06-29 12:07:37+00:00,17263533,70123124979,51383002666654078477017,0,56569046361922354,1.3647144257785397
2025-06-29 12:08:22+00:00,17263578,70123124978,51383002667654078477017,0,56569046361922354,1.3647144257325186
2025-06-29 12:08:30+00:00,17263586,70123124991,51383002677654078477017,0,56569046372409587,1.364714425719924
2025-06-29 12:09:16+00:00,17263632,70122988930,51383102677654078477017,0,56569046372409587,1.364709121788702
2025-06-29 12:09:24+00:00,17263640,70123126739,51383002000299761211011,0,56569046372409587,1.3647144777292481
2025-06-29 12:09:32+00:00,17263648,70123126740,51383002001032515216569,0,56569046373216297,1.3647144777292481
2025-06-29 12:09:37+00:00,17263653,70123126739,51383002000124191578550,0,56569046372216297,1.364714477733911
2025-06-29 12:10:11+00:00,17263687,70123126740,51383001999393635835021,0,56569046372216297,1.3647144777727762
2025-06-29 12:10:19+00:00,17263695,70123126806,51383002048231665335069,0,56569046425459174,1.3647144777601268
2025-06-29 12:10:23+00:00,17263699,70123126738,51383001997831418075178,0,56569046369972071,1.3647144777753448
2025-06-29 12:10:28+00:00,17263704,70123126739,51383001997831418075177,0,56569046369972071,1.3647144777948064
2025-06-29 12:11:13+00:00,17263749,70123126738,51383001998831418075177,0,56569046369972071,1.3647144777487852
2025-06-29 12:11:21+00:00,17263757,70123126751,51383002008831418075177,0,56569046380459304,1.3647144777361906
2025-06-29 12:11:26+00:00,17263762,70123126738,51383001998815991853133,0,56569046369433029,1.3647144777491949
2025-06-29 12:12:05+00:00,17263801,70122990677,51383101998815991853133,0,56569046369433029,1.3647091738178017
2025-06-29 12:12:13+00:00,17263809,70123128486,51383001321465512874056,0,56569046369433029,1.3647145297584184
2025-06-29 12:12:18+00:00,17263814,70123266295,51382900644510150507148,0,56569046369433029,1.3647198857095295
2025-06-29 12:12:26+00:00,17263822,70123266294,51382900643601828660799,0,56569046368433029,1.3647198857141927
2025-06-29 12:12:58+00:00,17263854,70123266295,51382900642871275812246,0,56569046368433029,1.3647198857530576
2025-06-29 12:13:02+00:00,17263858,70123266296,51382900642140722963714,0,56569046368433029,1.3647198857919227
2025-06-29 12:13:07+00:00,17263863,70123266362,51382900690978752463762,0,56569046421675800,1.3647198857792682
2025-06-29 12:13:15+00:00,17263871,70123266363,51382900690978752463761,0,56569046421675800,1.36471988579873
2025-06-29 12:13:59+00:00,17263915,70123266362,51382900691978752463761,0,56569046421675800,1.3647198857527083
2025-06-29 12:14:06+00:00,17263922,70123266375,51382900701978752463761,0,56569046432163012,1.3647198857401126
2025-06-29 12:14:10+00:00,17263926,70123266362,51382900691963345997309,0,56569046421136737,1.3647198857531175
2025-06-29 12:14:52+00:00,17263968,70123130300,51383000691963345997309,0,56569046421136737,1.3647145817812805
2025-06-29 12:15:00+00:00,17263976,70123268109,51382900015011821426567,0,56569046421136737,1.364719937732457
2025-06-29 12:15:08+00:00,17263984,70123268110,51382900015744572500506,0,56569046421943445,1.364719937732457
2025-06-29 12:15:12+00:00,17263988,70123268109,51382900014836250666115,0,56569046420943445,1.3647199377371202
2025-06-29 12:15:46+00:00,17264022,70123268110,51382900014105697845411,0,56569046420943445,1.3647199377759853
2025-06-29 12:15:54+00:00,17264030,70123268176,51382900062943727345459,0,56569046474186215,1.3647199377633306
2025-06-29 12:16:02+00:00,17264038,70123268177,51382900062943727345458,0,56569046474186215,1.3647199377827923
2025-06-29 12:16:47+00:00,17264083,70123268176,51382900063943727345458,0,56569046474186215,1.3647199377367707
2025-06-29 12:16:55+00:00,17264091,70123268189,51382900073943727345458,0,56569046484673427,1.3647199377241752
2025-06-29 12:17:38+00:00,17264134,70123132127,51383000073943727345458,0,56569046484673427,1.3647146337521732
2025-06-29 12:17:46+00:00,17264142,70123269936,51382899396996036736708,0,56569046484673427,1.3647199897034141
2025-06-29 12:17:54+00:00,17264150,70123269937,51382899397728787782742,0,56569046485480135,1.3647199897034141
2025-06-29 12:18:33+00:00,17264189,70123269938,51382899396998234989856,0,56569046485480135,1.3647199897422793
2025-06-29 12:18:41+00:00,17264197,70123270004,51382899445836264489904,0,56569046538722904,1.3647199897296245
2025-06-29 12:18:49+00:00,17264205,70123270005,51382899445836264489903,0,56569046538722904,1.3647199897490863
2025-06-29 12:19:32+00:00,17264248,70123270004,51382899446836264489903,0,56569046538722904,1.3647199897030649
2025-06-29 12:19:36+00:00,17264252,70123270003,51382899447836264489903,0,56569046538722904,1.3647199896570432
2025-06-29 12:19:44+00:00,17264260,70123269990,51382899437820858286771,0,56569046527696629,1.3647199896700482
2025-06-29 12:20:24+00:00,17264300,70123133928,51382999437820858286771,0,56569046527696629,1.3647146856978793
2025-06-29 12:20:32+00:00,17264308,70123271737,51382898760876999781741,0,56569046527696629,1.3647200416491867
2025-06-29 12:20:40+00:00,17264316,70123271738,51382898761609750799885,0,56569046528503337,1.3647200416491867
2025-06-29 12:21:17+00:00,17264353,70123271739,51382898760879198034806,0,56569046528503337,1.3647200416880516
2025-06-29 12:21:26+00:00,17264362,70123271805,51382898809717227534854,0,56569046581746104,1.364720041675397
2025-06-29 12:21:33+00:00,17264369,70123271806,51382898809717227534853,0,56569046581746104,1.3647200416948586
2025-06-29 12:22:18+00:00,17264414,70123271805,51382898810717227534853,0,56569046581746104,1.3647200416488372
2025-06-29 12:22:22+00:00,17264418,70123271804,51382898811717227534853,0,56569046581746104,1.3647200416028156
2025-06-29 12:22:30+00:00,17264426,70123271791,51382898801701821463329,0,56569046570719829,1.3647200416158205
2025-06-29 12:23:12+00:00,17264468,70123135729,51382998801701821463329,0,56569046570719829,1.364714737643485
2025-06-29 12:23:21+00:00,17264477,70123273538,51382898124761795054313,0,56569046570719829,1.3647200935948585
2025-06-29 12:23:25+00:00,17264481,70123411347,51382797448216882829305,0,56569046570719829,1.3647254495567265
2025-06-29 12:23:33+00:00,17264489,70123411346,51382797447308562810442,0,56569046569719829,1.3647254495613896
2025-06-29 12:24:06+00:00,17264522,70123411347,51382797446578012940279,0,56569046569719829,1.3647254496002548
2025-06-29 12:24:14+00:00,17264530,70123411413,51382797495416042440327,0,56569046622962490,1.364725449587595
2025-06-29 12:24:18+00:00,17264534,70123411345,51382797445015995996925,0,56569046567475387,1.3647254496028183
2025-06-29 12:24:23+00:00,17264539,70123411346,51382797445015995996924,0,56569046567475387,1.36472544962228
2025-06-29 12:25:07+00:00,17264583,70123411345,51382797446015995996924,0,56569046567475387,1.3647254495762584
2025-06-29 12:25:12+00:00,17264588,70123411344,51382797447015995996924,0,56569046567475387,1.3647254495302366
2025-06-29 12:25:20+00:00,17264596,70123411331,51382797437000609680588,0,56569046556449112,1.364725449543242
2025-06-29 12:25:59+00:00,17264635,70123275269,51382897437000609680588,0,56569046556449112,1.3647201455499183
2025-06-29 12:26:06+00:00,17264642,70123413078,51382796760459530218864,0,56569046556449112,1.364725501511858
2025-06-29 12:26:10+00:00,17264646,70123550887,51382696084313562589211,0,56569046556449112,1.3647308574842916
2025-06-29 12:26:14+00:00,17264650,70123550888,51382696085046307800119,0,56569046557255817,1.3647308574842916
2025-06-29 12:26:18+00:00,17264654,70123550887,51382696084137989572888,0,56569046556255817,1.3647308574889547
2025-06-29 12:26:51+00:00,17264687,70123550888,51382696083407442597626,0,56569046556255817,1.36473085752782
2025-06-29 12:26:58+00:00,17264694,70123550954,51382696132245472097674,0,56569046609498372,1.3647308575151549
2025-06-29 12:27:02+00:00,17264698,70123550886,51382696081845525066768,0,56569046554011269,1.3647308575303811
2025-06-29 12:27:06+00:00,17264702,70123550887,51382696081845525066767,0,56569046554011269,1.364730857549843
2025-06-29 12:27:50+00:00,17264746,70123550886,51382696082845525066767,0,56569046554011269,1.364730857503821
2025-06-29 12:27:58+00:00,17264754,70123550899,51382696092845525066767,0,56569046564498439,1.3647308574912234
2025-06-29 12:28:41+00:00,17264797,70123414836,51382796092845525066767,0,56569046564498439,1.3647255534574518
2025-06-29 12:28:45+00:00,17264801,70123278774,51382896092845525066767,0,56569046564498439,1.3647202494637871
2025-06-29 12:28:49+00:00,17264805,70123416583,51382795416312111407195,0,56569046564498439,1.3647256054258667
2025-06-29 12:28:53+00:00,17264809,70123554392,51382694740173809529859,0,56569046564498439,1.3647309613984406
2025-06-29 12:29:01+00:00,17264817,70123554391,51382694739265491326519,0,56569046563498439,1.3647309614031038
2025-06-29 12:29:36+00:00,17264852,70123554392,51382694738534944406883,0,56569046563498439,1.3647309614419691
2025-06-29 12:29:44+00:00,17264860,70123554458,51382694787372973906931,0,56569046616740992,1.364730961429304
2025-06-29 12:29:52+00:00,17264868,70123554459,51382694787372973906930,0,56569046616740992,1.3647309614487657
2025-06-29 12:30:38+00:00,17264914,70123554458,51382694788372973906930,0,56569046616740992,1.3647309614027439
2025-06-29 12:30:43+00:00,17264919,70123554457,51382694789372973906930,0,56569046616740992,1.3647309613567218
2025-06-29 12:30:51+00:00,17264927,70123554444,51382694779357607609047,0,56569046605714717,1.3647309613697278
2025-06-29 12:31:33+00:00,17264969,70123418381,51382794779357607609047,0,56569046605714717,1.3647256573356186
2025-06-29 12:31:41+00:00,17264977,70123556190,51382694103223135121461,0,56569046605714717,1.3647310133082586
2025-06-29 12:31:49+00:00,17264985,70123556191,51382694103955880248704,0,56569046606521422,1.3647310133082586
2025-06-29 12:31:53+00:00,17264989,70123556190,51382694103047562057285,0,56569046605521422,1.364731013312922
2025-06-29 12:32:29+00:00,17265025,70123556191,51382694102317015165436,0,56569046605521422,1.3647310133517871
2025-06-29 12:32:37+00:00,17265033,70123556257,51382694151155044665484,0,56569046658763973,1.364731013339122
2025-06-29 12:32:42+00:00,17265038,70123556189,51382694100755099621671,0,56569046603276870,1.3647310133543482
2025-06-29 12:33:32+00:00,17265088,70123556188,51382694101755099621671,0,56569046603276870,1.3647310133083264
2025-06-29 12:33:40+00:00,17265096,70123556201,51382694111755099621671,0,56569046613764039,1.3647310132957284
2025-06-29 12:34:25+00:00,17265141,70123420138,51382794111755099621671,0,56569046613764039,1.3647257092614493
2025-06-29 12:34:33+00:00,17265149,70123557947,51382693435624457709812,0,56569046613764039,1.364731065234159
2025-06-29 12:34:37+00:00,17265153,70123695756,51382592759888925202973,0,56569046613764039,1.364736421217363
2025-06-29 12:34:45+00:00,17265161,70123695755,51382592758980608803181,0,56569046612764039,1.3647364212220263
2025-06-29 12:35:19+00:00,17265195,70123695756,51382592758250064806200,0,56569046612764039,1.3647364212608917
2025-06-29 12:35:23+00:00,17265199,70123695757,51382592757519520809240,0,56569046612764039,1.364736421299757
2025-06-29 12:35:27+00:00,17265203,70123695823,51382592806357550309288,0,56569046666006484,1.3647364212870865
2025-06-29 12:35:32+00:00,17265208,70123695755,51382592755957704678397,0,56569046610519381,1.3647364213023154
2025-06-29 12:36:23+00:00,17265259,70123695754,51382592756957704678397,0,56569046610519381,1.3647364212562934
2025-06-29 12:36:31+00:00,17265267,70123695767,51382592766957704678397,0,56569046621006529,1.3647364212436945
2025-06-29 12:37:16+00:00,17265312,70123559704,51382692766957704678397,0,56569046621006529,1.364731117188429
2025-06-29 12:37:20+00:00,17265316,70123423641,51382792766957704678397,0,56569046621006529,1.364725813153809
2025-06-29 12:37:25+00:00,17265321,70123561450,51382692090834726919446,0,56569046621006529,1.3647311691266588
2025-06-29 12:37:33+00:00,17265329,70123561451,51382692091567471963028,0,56569046621813234,1.3647311691266588
2025-06-29 12:38:10+00:00,17265366,70123561452,51382692090836925154587,0,56569046621813234,1.364731169165524
2025-06-29 12:38:14+00:00,17265370,70123561453,51382692090106378346167,0,56569046621813234,1.3647311692043893
2025-06-29 12:38:19+00:00,17265375,70123561519,51382692138944407846215,0,56569046675055781,1.3647311691917239
2025-06-29 12:38:28+00:00,17265384,70123561520,51382692138944407846214,0,56569046675055781,1.3647311692111856
2025-06-29 12:39:15+00:00,17265431,70123561519,51382692139944407846214,0,56569046675055781,1.3647311691651638
2025-06-29 12:39:19+00:00,17265435,70123561518,51382692140944407846214,0,56569046675055781,1.3647311691191417
2025-06-29 12:39:24+00:00,17265440,70123561531,51382692150944407846214,0,56569046685542949,1.364731169106544
2025-06-29 12:40:08+00:00,17265484,70123425468,51382792150944407846214,0,56569046685542949,1.364725865071759
2025-06-29 12:40:13+00:00,17265489,70123289406,51382892150944407846214,0,56569046685542949,1.3647205610770812
2025-06-29 12:40:21+00:00,17265497,70123427215,51382791474433982120054,0,56569046685542949,1.3647259170395716
2025-06-29 12:40:25+00:00,17265501,70123427216,51382791475166729983573,0,56569046686349655,1.3647259170395716
2025-06-29 12:40:30+00:00,17265506,70123427215,51382791474258410072155,0,56569046685349655,1.3647259170442347
2025-06-29 12:41:05+00:00,17265541,70123427216,51382791473527860452240,0,56569046685349655,1.3647259170831
2025-06-29 12:41:13+00:00,17265549,70123427282,51382791522365889952288,0,56569046738592304,1.3647259170704396
2025-06-29 12:41:17+00:00,17265553,70123427214,51382791471965849470716,0,56569046683105201,1.3647259170856634
2025-06-29 12:41:22+00:00,17265558,70123427215,51382791471965849470715,0,56569046683105201,1.3647259171051251
2025-06-29 12:42:07+00:00,17265603,70123427214,51382791472965849470715,0,56569046683105201,1.3647259170591035
2025-06-29 12:42:15+00:00,17265611,70123427227,51382791482965849470715,0,56569046693592389,1.3647259170465067
2025-06-29 12:43:00+00:00,17265656,70123291165,51382891482965849470715,0,56569046693592389,1.3647206130516585
2025-06-29 12:43:08+00:00,17265664,70123428974,51382790806459257944966,0,56569046693592389,1.3647259690142188
2025-06-29 12:43:17+00:00,17265673,70123428975,51382790807192005780578,0,56569046694399095,1.3647259690142188
2025-06-29 12:43:56+00:00,17265712,70123428976,51382790806461456188483,0,56569046694399095,1.364725969053084
2025-06-29 12:44:04+00:00,17265720,70123429042,51382790855299485688531,0,56569046747641743,1.3647259690404234
2025-06-29 12:44:09+00:00,17265725,70123428974,51382790804899445869329,0,56569046692154640,1.3647259690556472
2025-06-29 12:44:58+00:00,17265774,70123428973,51382790805899445869329,0,56569046692154640,1.3647259690096256
2025-06-29 12:45:02+00:00,17265778,70123428972,51382790806899445869329,0,56569046692154640,1.3647259689636038
2025-06-29 12:45:07+00:00,17265783,70123428985,51382790816899445869329,0,56569046702641828,1.364725968951007
2025-06-29 12:45:54+00:00,17265830,70123292923,51382890816899445869329,0,56569046702641828,1.364720664955989
2025-06-29 12:46:02+00:00,17265838,70123430732,51382790140396683361535,0,56569046702641828,1.3647260209186187
2025-06-29 12:46:10+00:00,17265846,70123430733,51382790141129431169279,0,56569046703448534,1.3647260209186187
2025-06-29 12:46:14+00:00,17265850,70123430732,51382790140221111281718,0,56569046702448534,1.3647260209232819
2025-06-29 12:46:49+00:00,17265885,70123430733,51382790139490561717410,0,56569046702448534,1.364726020962147
2025-06-29 12:46:57+00:00,17265893,70123430799,51382790188328591217458,0,56569046755691181,1.3647260209494867
2025-06-29 12:47:05+00:00,17265901,70123430800,51382790188328591217457,0,56569046755691181,1.3647260209689485
2025-06-29 12:47:52+00:00,17265948,70123430799,51382790189328591217457,0,56569046755691181,1.3647260209229266
2025-06-29 12:47:56+00:00,17265952,70123430798,51382790190328591217457,0,56569046755691181,1.364726020876905
2025-06-29 12:48:05+00:00,17265961,70123430785,51382790180313206348897,0,56569046744664906,1.3647260208899104
2025-06-29 12:48:46+00:00,17266002,70123294723,51382890180313206348897,0,56569046744664906,1.3647207168947257
2025-06-29 12:48:54+00:00,17266010,70123432532,51382789503814275396804,0,56569046744664906,1.3647260728574215
2025-06-29 12:48:59+00:00,17266015,70123570341,51382688827710456001753,0,56569046744664906,1.3647314288306118
2025-06-29 12:49:07+00:00,17266023,70123570340,51382688826802137905823,0,56569046743664906,1.364731428835275
2025-06-29 12:49:40+00:00,17266056,70123570341,51382688826071591236405,0,56569046743664906,1.3647314288741401
2025-06-29 12:49:44+00:00,17266060,70123570342,51382688825341044567008,0,56569046743664906,1.3647314289130055
2025-06-29 12:49:52+00:00,17266068,70123570274,51382688774941104822789,0,56569046688177803,1.364731428928232
2025-06-29 12:49:56+00:00,17266072,70123570275,51382688774941104822788,0,56569046688177803,1.3647314289476937
2025-06-29 12:50:43+00:00,17266119,70123570274,51382688775941104822788,0,56569046688177803,1.3647314289016719
2025-06-29 12:50:48+00:00,17266124,70123570273,51382688776941104822788,0,56569046688177803,1.3647314288556498
2025-06-29 12:50:56+00:00,17266132,70123570260,51382688766925739709479,0,56569046677151528,1.3647314288686558
2025-06-29 12:51:39+00:00,17266175,70123434197,51382788766925739709479,0,56569046677151528,1.3647261248330163
2025-06-29 12:51:47+00:00,17266183,70123572006,51382688090825754559167,0,56569046677151528,1.3647314808062831
2025-06-29 12:51:51+00:00,17266187,70123709815,51382587415120878614346,0,56569046677151528,1.364736836790044
2025-06-29 12:52:00+00:00,17266196,70123709814,51382587414212562310054,0,56569046676151528,1.3647368367947075
2025-06-29 12:52:35+00:00,17266231,70123709815,51382587413482018535529,0,56569046676151528,1.3647368368335728
2025-06-29 12:52:44+00:00,17266240,70123709881,51382587462320048035577,0,56569046729393963,1.364736836820902
2025-06-29 12:52:52+00:00,17266248,70123709882,51382587462320048035576,0,56569046729393963,1.3647368368403638
2025-06-29 12:53:37+00:00,17266293,70123709881,51382587463320048035576,0,56569046729393963,1.3647368367943418
2025-06-29 12:53:45+00:00,17266301,70123709894,51382587473320048035576,0,56569046739881109,1.3647368367817427
2025-06-29 12:54:30+00:00,17266346,70123573831,51382687473320048035576,0,56569046739881109,1.3647315327251222
2025-06-29 12:54:34+00:00,17266350,70123437768,51382787473320048035576,0,56569046739881109,1.3647262286891468
2025-06-29 12:54:38+00:00,17266354,70123575577,51382686797227724360696,0,56569046739881109,1.3647315846625485
2025-06-29 12:54:46+00:00,17266362,70123575578,51382686797960469181170,0,56569046740687814,1.3647315846625485
2025-06-29 12:55:24+00:00,17266400,70123575579,51382686797229922595167,0,56569046740687814,1.3647315847014136
2025-06-29 12:55:33+00:00,17266409,70123575645,51382686846067952095215,0,56569046793930351,1.364731584688748
2025-06-29 12:55:41+00:00,17266417,70123575646,51382686846067952095214,0,56569046793930351,1.3647315847082098
2025-06-29 12:56:27+00:00,17266463,70123575645,51382686847067952095214,0,56569046793930351,1.3647315846621877
2025-06-29 12:56:31+00:00,17266467,70123575644,51382686848067952095214,0,56569046793930351,1.3647315846161658
2025-06-29 12:56:35+00:00,17266471,70123575657,51382686858067952095214,0,56569046804417517,1.364731584603568
2025-06-29 12:56:40+00:00,17266476,70123575644,51382686848052587376506,0,56569046793391242,1.364731584616574
2025-06-29 12:57:22+00:00,17266518,70123439581,51382786848052587376506,0,56569046793391242,1.364726280580433
2025-06-29 12:57:27+00:00,17266523,70123303519,51382886848052587376506,0,56569046793391242,1.364720976584399
2025-06-29 12:57:35+00:00,17266531,70123441328,51382786171572813903342,0,56569046793391242,1.3647263325474424
2025-06-29 12:57:43+00:00,17266539,70123441327,51382786170664494087397,0,56569046792391242,1.3647263325521055
2025-06-29 12:58:17+00:00,17266573,70123441328,51382786169933944689907,0,56569046792391242,1.3647263325909706
2025-06-29 12:58:25+00:00,17266581,70123441394,51382786218771974189955,0,56569046845633881,1.3647263325783099
2025-06-29 12:58:30+00:00,17266586,70123441326,51382786168371939005908,0,56569046790146778,1.364726332593534
2025-06-29 12:59:19+00:00,17266635,70123441325,51382786169371939005908,0,56569046790146778,1.3647263325475123
2025-06-29 12:59:23+00:00,17266639,70123441324,51382786170371939005908,0,56569046790146778,1.3647263325014904
2025-06-29 12:59:27+00:00,17266643,70123441337,51382786180371939005908,0,56569046800633964,1.3647263324888936
2025-06-29 13:00:15+00:00,17266691,70123305275,51382886180371939005908,0,56569046800633964,1.3647210284926896
2025-06-29 13:00:24+00:00,17266700,70123443084,51382785503895994840797,0,56569046800633964,1.3647263844558024
2025-06-29 13:00:33+00:00,17266709,70123443085,51382785504628742453351,0,56569046801440670,1.3647263844558024
2025-06-29 13:01:11+00:00,17266747,70123443086,51382785503898193083645,0,56569046801440670,1.3647263844946675
2025-06-29 13:01:15+00:00,17266751,70123443087,51382785503167643713960,0,56569046801440670,1.364726384533533
2025-06-29 13:01:20+00:00,17266756,70123443153,51382785552005673214008,0,56569046854683307,1.364726384520872
2025-06-29 13:01:28+00:00,17266764,70123443154,51382785552005673214007,0,56569046854683307,1.3647263845403337
2025-06-29 13:02:13+00:00,17266809,70123443153,51382785553005673214007,0,56569046854683307,1.364726384494312
2025-06-29 13:02:22+00:00,17266818,70123443166,51382785563005673214007,0,56569046865170493,1.364726384481715
2025-06-29 13:03:05+00:00,17266861,70123307104,51382885563005673214007,0,56569046865170493,1.3647210804853462
2025-06-29 13:03:13+00:00,17266869,70123444913,51382784886533564580198,0,56569046865170493,1.3647264364485234
2025-06-29 13:03:22+00:00,17266878,70123444914,51382784887266312164836,0,56569046865977199,1.3647264364485234
2025-06-29 13:04:00+00:00,17266916,70123444915,51382784886535762822962,0,56569046865977199,1.3647264364873886
2025-06-29 13:04:04+00:00,17266920,70123444916,51382784885805213481109,0,56569046865977199,1.3647264365262537
2025-06-29 13:04:09+00:00,17266925,70123444982,51382784934643242981157,0,56569046919219835,1.364726436513593
2025-06-29 13:04:17+00:00,17266933,70123444983,51382784934643242981156,0,56569046919219835,1.3647264365330547
2025-06-29 13:05:03+00:00,17266979,70123444982,51382784935643242981156,0,56569046919219835,1.3647264364870328
2025-06-29 13:05:12+00:00,17266988,70123444995,51382784945643242981156,0,56569046929707020,1.364726436474436
2025-06-29 13:05:57+00:00,17267033,70123308933,51382884945643242981156,0,56569046929707020,1.3647211324779023
2025-06-29 13:06:02+00:00,17267038,70123172871,51382984945643242981156,0,56569046929707020,1.3647158285020133
2025-06-29 13:06:10+00:00,17267046,70123310680,51382884268783690582749,0,56569046929707020,1.3647211844548313
2025-06-29 13:06:18+00:00,17267054,70123310679,51382884267875369034878,0,56569046928707020,1.3647211844594944
2025-06-29 13:06:51+00:00,17267087,70123310680,51382884267144816881560,0,56569046928707020,1.3647211844983596
2025-06-29 13:06:55+00:00,17267091,70123310681,51382884266414264728263,0,56569046928707020,1.3647211845372247
2025-06-29 13:06:59+00:00,17267095,70123310747,51382884315252294228311,0,56569046981949758,1.3647211845245688
2025-06-29 13:07:04+00:00,17267100,70123310679,51382884264852162945435,0,56569046926462655,1.3647211845397904
2025-06-29 13:07:54+00:00,17267150,70123310678,51382884265852162945435,0,56569046926462655,1.3647211844937688
2025-06-29 13:07:59+00:00,17267155,70123310677,51382884266852162945435,0,56569046926462655,1.3647211844477471
2025-06-29 13:08:07+00:00,17267163,70123310664,51382884256836759769985,0,56569046915436380,1.3647211844607523
2025-06-29 13:08:48+00:00,17267204,70123174602,51382984256836759769985,0,56569046915436380,1.364715880484691
2025-06-29 13:08:52+00:00,17267208,70123038541,51383084256836759769985,0,56569046915436380,1.3647105765487364
2025-06-29 13:08:56+00:00,17267212,70123176350,51382983579589762842443,0,56569046915436380,1.3647159324912026
2025-06-29 13:09:00+00:00,17267216,70123314159,51382882902737881851252,0,56569046915436380,1.364721288444163
2025-06-29 13:09:05+00:00,17267221,70123314160,51382882903470632199962,0,56569046916243088,1.364721288444163
2025-06-29 13:09:10+00:00,17267226,70123314159,51382882902562310676011,0,56569046915243088,1.3647212884488262
2025-06-29 13:09:44+00:00,17267260,70123314160,51382882901831758578360,0,56569046915243088,1.3647212884876914
2025-06-29 13:09:52+00:00,17267268,70123314226,51382882950669788078408,0,56569046968485823,1.3647212884750353
2025-06-29 13:10:00+00:00,17267276,70123314227,51382882950669788078407,0,56569046968485823,1.364721288494497
2025-06-29 13:10:46+00:00,17267322,70123314226,51382882951669788078407,0,56569046968485823,1.3647212884484756
2025-06-29 13:10:54+00:00,17267330,70123314239,51382882961669788078407,0,56569046978973028,1.3647212884358797
2025-06-29 13:10:58+00:00,17267334,70123314226,51382882951654385166657,0,56569046967946753,1.3647212884488846
2025-06-29 13:11:40+00:00,17267376,70123178164,51382982951654385166657,0,56569046967946753,1.3647159844724863
2025-06-29 13:11:48+00:00,17267384,70123315973,51382882274806338896460,0,56569046967946753,1.3647213404255123
2025-06-29 13:11:56+00:00,17267392,70123315974,51382882275539089217260,0,56569046968753461,1.3647213404255123
2025-06-29 13:12:34+00:00,17267429,70123315975,51382882274808537147433,0,56569046968753461,1.3647213404643772
2025-06-29 13:12:43+00:00,17267438,70123316041,51382882323646566647481,0,56569047021996195,1.3647213404517213
2025-06-29 13:12:50+00:00,17267445,70123316042,51382882323646566647480,0,56569047021996195,1.364721340471183
2025-06-29 13:13:35+00:00,17267490,70123316041,51382882324646566647480,0,56569047021996195,1.3647213404251615
2025-06-29 13:13:42+00:00,17267497,70123316054,51382882334646566647480,0,56569047032483400,1.3647213404125655
2025-06-29 13:13:46+00:00,17267501,70123316041,51382882324631163867421,0,56569047021457125,1.3647213404255705
2025-06-29 13:14:27+00:00,17267542,70123179979,51382982324631163867421,0,56569047021457125,1.3647160364490065
2025-06-29 13:14:35+00:00,17267550,70123317788,51382881647786951966504,0,56569047021457125,1.3647213924020978
2025-06-29 13:14:43+00:00,17267558,70123317789,51382881648519702259397,0,56569047022263833,1.3647213924020978
2025-06-29 13:15:21+00:00,17267596,70123317790,51382881647789150217394,0,56569047022263833,1.3647213924409627
2025-06-29 13:15:29+00:00,17267604,70123317856,51382881696627179717442,0,56569047075506566,1.3647213924283068
2025-06-29 13:15:33+00:00,17267608,70123317788,51382881646227051086461,0,56569047020019463,1.3647213924435284
2025-06-29 13:15:37+00:00,17267612,70123317789,51382881646227051086460,0,56569047020019463,1.3647213924629902
2025-06-29 13:16:22+00:00,17267657,70123317788,51382881647227051086460,0,56569047020019463,1.3647213924169685
2025-06-29 13:16:30+00:00,17267665,70123317801,51382881657227051086460,0,56569047030506668,1.3647213924043726
2025-06-29 13:16:35+00:00,17267670,70123317788,51382881647211648438092,0,56569047019480393,1.3647213924173776
2025-06-29 13:17:17+00:00,17267712,70123181726,51382981647211648438092,0,56569047019480393,1.3647160884406424
2025-06-29 13:17:25+00:00,17267720,70123319535,51382880970371272021472,0,56569047019480393,1.3647214443938043
2025-06-29 13:17:33+00:00,17267728,70123319536,51382880971104022286449,0,56569047020287101,1.3647214443938043
2025-06-29 13:17:37+00:00,17267732,70123319535,51382880970195700798328,0,56569047019287101,1.3647214443984674
2025-06-29 13:18:11+00:00,17267766,70123319536,51382880969465148784159,0,56569047019287101,1.3647214444373326
2025-06-29 13:18:19+00:00,17267774,70123319602,51382881018303178284207,0,56569047072529832,1.3647214444246765
2025-06-29 13:18:27+00:00,17267782,70123319603,51382881018303178284206,0,56569047072529832,1.364721444444138
2025-06-29 13:19:11+00:00,17267826,70123319602,51382881019303178284206,0,56569047072529832,1.3647214443981166
2025-06-29 13:19:16+00:00,17267831,70123319601,51382881020303178284206,0,56569047072529832,1.364721444352095
2025-06-29 13:19:24+00:00,17267839,70123319588,51382881010287775767425,0,56569047061503557,1.3647214443651
2025-06-29 13:20:06+00:00,17267881,70123183526,51382981010287775767425,0,56569047061503557,1.364716140388198
2025-06-29 13:20:10+00:00,17267885,70123047465,51383081010287775767425,0,56569047061503557,1.3647108364514025
2025-06-29 13:20:14+00:00,17267889,70123185274,51382980333059952315999,0,56569047061503557,1.364716192394207
2025-06-29 13:20:19+00:00,17267894,70123323083,51382879656227244675393,0,56569047061503557,1.3647215483475057
2025-06-29 13:20:26+00:00,17267901,70123323082,51382879655318923211177,0,56569047060503557,1.3647215483521689
2025-06-29 13:21:01+00:00,17267936,70123323083,51382879654588371252656,0,56569047060503557,1.364721548391034
2025-06-29 13:21:09+00:00,17267944,70123323149,51382879703426400752704,0,56569047113746286,1.364721548378378
2025-06-29 13:21:13+00:00,17267948,70123323081,51382879653026274110872,0,56569047058259183,1.3647215483935995
2025-06-29 13:21:18+00:00,17267953,70123323082,51382879653026274110871,0,56569047058259183,1.3647215484130613
2025-06-29 13:22:01+00:00,17267996,70123323081,51382879654026274110871,0,56569047058259183,1.3647215483670398
2025-06-29 13:22:06+00:00,17268001,70123323080,51382879655026274110871,0,56569047058259183,1.3647215483210182
2025-06-29 13:22:14+00:00,17268009,70123323067,51382879645010871857679,0,56569047047232908,1.3647215483340231
2025-06-29 13:22:55+00:00,17268050,70123187005,51382979645010871857679,0,56569047047232908,1.364716244356778
2025-06-29 13:23:03+00:00,17268058,70123324814,51382878968181997556371,0,56569047047232908,1.3647216003101483
2025-06-29 13:23:11+00:00,17268066,70123324815,51382878968914747737633,0,56569047048039615,1.3647216003101483
2025-06-29 13:23:50+00:00,17268105,70123324816,51382878968184195806925,0,56569047048039615,1.3647216003490135
2025-06-29 13:23:58+00:00,17268113,70123324882,51382879017022225306973,0,56569047101282342,1.3647216003363571
2025-06-29 13:24:02+00:00,17268117,70123324814,51382878966622099327312,0,56569047045795239,1.364721600351579
2025-06-29 13:24:07+00:00,17268122,70123324815,51382878966622099327311,0,56569047045795239,1.3647216003710407
2025-06-29 13:24:54+00:00,17268169,70123324814,51382878967622099327311,0,56569047045795239,1.364721600325019
2025-06-29 13:25:03+00:00,17268178,70123324827,51382878977622099327311,0,56569047056282442,1.3647216003124232
2025-06-29 13:25:48+00:00,17268223,70123188765,51382978977622099327311,0,56569047056282442,1.364716296335008
2025-06-29 13:25:52+00:00,17268227,70123052704,51383078977622099327311,0,56569047056282442,1.364710992397699
2025-06-29 13:25:56+00:00,17268231,70123190513,51382978300405780304887,0,56569047056282442,1.3647163483407154
2025-06-29 13:26:01+00:00,17268236,70123328322,51382877623584577018614,0,56569047056282442,1.3647217042942261
2025-06-29 13:26:09+00:00,17268244,70123328321,51382877622676255590246,0,56569047055282442,1.3647217042988893
2025-06-29 13:26:43+00:00,17268278,70123328322,51382877621945703715205,0,56569047055282442,1.3647217043377544
2025-06-29 13:26:47+00:00,17268282,70123328323,51382877621215151840184,0,56569047055282442,1.3647217043766195
2025-06-29 13:26:51+00:00,17268286,70123328389,51382877670053181340232,0,56569047108525167,1.3647217043639632
2025-06-29 13:26:59+00:00,17268294,70123328390,51382877670053181340231,0,56569047108525167,1.3647217043834248
2025-06-29 13:27:47+00:00,17268342,70123328389,51382877671053181340231,0,56569047108525167,1.3647217043374034
2025-06-29 13:27:55+00:00,17268350,70123328402,51382877681053181340231,0,56569047119012370,1.3647217043248072
2025-06-29 13:28:40+00:00,17268395,70123192340,51382977681053181340231,0,56569047119012370,1.3647164003470558
2025-06-29 13:28:48+00:00,17268403,70123330149,51382877004235814621026,0,56569047119012370,1.3647217563006309
2025-06-29 13:28:56+00:00,17268411,70123330150,51382877004968564718533,0,56569047119819077,1.3647217563006309
2025-06-29 13:29:35+00:00,17268450,70123330151,51382877004238012871329,0,56569047119819077,1.364721756339496
2025-06-29 13:29:39+00:00,17268454,70123330152,51382877003507461024146,0,56569047119819077,1.3647217563783611
2025-06-29 13:29:43+00:00,17268458,70123330218,51382877052345490524194,0,56569047173061800,1.3647217563657046
2025-06-29 13:29:47+00:00,17268462,70123330150,51382877001945366535585,0,56569047117574697,1.3647217563809266
2025-06-29 13:29:51+00:00,17268466,70123330151,51382877001945366535584,0,56569047117574697,1.3647217564003884
2025-06-29 13:30:37+00:00,17268512,70123330150,51382877002945366535584,0,56569047117574697,1.3647217563543668
2025-06-29 13:30:45+00:00,17268520,70123330163,51382877012945366535584,0,56569047128061900,1.3647217563417708
2025-06-29 13:31:30+00:00,17268565,70123194101,51382977012945366535584,0,56569047128061900,1.3647164523638489
2025-06-29 13:31:38+00:00,17268573,70123331910,51382876336131837154476,0,56569047128061900,1.3647218083174937
2025-06-29 13:31:42+00:00,17268577,70123469719,51382775659713421132030,0,56569047128061900,1.3647271642816328
2025-06-29 13:31:46+00:00,17268581,70123469720,51382775660446168325881,0,56569047128868606,1.3647271642816328
2025-06-29 13:31:50+00:00,17268585,70123469719,51382775659537848701133,0,56569047127868606,1.364727164286296
2025-06-29 13:32:26+00:00,17268621,70123469720,51382775658807299748877,0,56569047127868606,1.364727164325161
2025-06-29 13:32:34+00:00,17268629,70123469786,51382775707645329248925,0,56569047181111223,1.3647271643124996
2025-06-29 13:32:38+00:00,17268633,70123469718,51382775657245304673861,0,56569047125624120,1.3647271643277241
2025-06-29 13:32:42+00:00,17268637,70123469719,51382775657245304673860,0,56569047125624120,1.3647271643471859
2025-06-29 13:33:27+00:00,17268682,70123469718,51382775658245304673860,0,56569047125624120,1.3647271643011643
2025-06-29 13:33:35+00:00,17268690,70123469731,51382775668245304673860,0,56569047136111302,1.3647271642885672
2025-06-29 13:33:39+00:00,17268694,70123469718,51382775658229922703254,0,56569047125085027,1.3647271643015728
2025-06-29 13:34:20+00:00,17268735,70123333655,51382875658229922703254,0,56569047125085027,1.364721860283202
2025-06-29 13:34:28+00:00,17268743,70123471464,51382774981815340219965,0,56569047125085027,1.3647272162474118
2025-06-29 13:34:32+00:00,17268747,70123609273,51382674305795868743324,0,56569047125085027,1.3647325722221155
2025-06-29 13:34:37+00:00,17268752,70123609274,51382674306528613033563,0,56569047125891731,1.3647325722221155
2025-06-29 13:35:15+00:00,17268790,70123609275,51382674305798066976205,0,56569047125891731,1.3647325722609807
2025-06-29 13:35:20+00:00,17268795,70123609276,51382674305067520918868,0,56569047125891731,1.364732572299846
2025-06-29 13:35:28+00:00,17268803,70123609208,51382674254667595757750,0,56569047070404628,1.3647325723150734
2025-06-29 13:35:32+00:00,17268807,70123609209,51382674254667595757749,0,56569047070404628,1.3647325723345352
2025-06-29 13:36:19+00:00,17268854,70123609208,51382674255667595757749,0,56569047070404628,1.364732572288513
2025-06-29 13:36:27+00:00,17268862,70123609221,51382674265667595757749,0,56569047080891789,1.364732572275915
2025-06-29 13:36:32+00:00,17268867,70123609208,51382674255652233542464,0,56569047069865514,1.3647325722889212
2025-06-29 13:37:12+00:00,17268907,70123473145,51382774255652233542464,0,56569047069865514,1.3647272682495581
2025-06-29 13:37:16+00:00,17268911,70123337082,51382874255652233542464,0,56569047069865514,1.3647219642308404
2025-06-29 13:37:21+00:00,17268916,70123474891,51382773579245319333487,0,56569047069865514,1.3647273201951964
2025-06-29 13:37:29+00:00,17268924,70123474892,51382773579978066443625,0,56569047070672220,1.3647273201951964
2025-06-29 13:38:06+00:00,17268961,70123474893,51382773579247517574828,0,56569047070672220,1.3647273202340615
2025-06-29 13:38:14+00:00,17268969,70123474959,51382773628085547074876,0,56569047123914834,1.3647273202213999
2025-06-29 13:38:23+00:00,17268978,70123474960,51382773628085547074875,0,56569047123914834,1.3647273202408616
2025-06-29 13:39:07+00:00,17269022,70123474959,51382773629085547074875,0,56569047123914834,1.3647273201948398
2025-06-29 13:39:11+00:00,17269026,70123474958,51382773630085547074875,0,56569047123914834,1.364727320148818
2025-06-29 13:39:16+00:00,17269031,70123474971,51382773640085547074875,0,56569047134402015,1.364727320136221
2025-06-29 13:40:00+00:00,17269075,70123338908,51382873640085547074875,0,56569047134402015,1.3647220161173386
2025-06-29 13:40:05+00:00,17269080,70123202846,51382973640085547074875,0,56569047134402015,1.364716712138563
2025-06-29 13:40:14+00:00,17269089,70123340655,51382872963291181566127,0,56569047134402015,1.3647220680925594
2025-06-29 13:40:22+00:00,17269097,70123340654,51382872962382860221396,0,56569047133402015,1.3647220680972225
2025-06-29 13:40:55+00:00,17269130,70123340655,51382872961652308541100,0,56569047133402015,1.3647220681360877
2025-06-29 13:41:03+00:00,17269138,70123340721,51382873010490338041148,0,56569047186644730,1.364722068123431
2025-06-29 13:41:11+00:00,17269146,70123340722,51382873010490338041147,0,56569047186644730,1.3647220681428927
2025-06-29 13:41:55+00:00,17269190,70123340721,51382873011490338041147,0,56569047186644730,1.3647220680968712
2025-06-29 13:42:00+00:00,17269195,70123340720,51382873012490338041147,0,56569047186644730,1.3647220680508496
2025-06-29 13:42:09+00:00,17269204,70123340707,51382873002474937105430,0,56569047175618455,1.3647220680638545
2025-06-29 13:42:49+00:00,17269244,70123204645,51382973002474937105430,0,56569047175618455,1.3647167640849123
2025-06-29 13:42:57+00:00,17269252,70123342454,51382872325684403736171,0,56569047175618455,1.364722120038975
2025-06-29 13:43:01+00:00,17269256,70123480263,51382771649288983575914,0,56569047175618455,1.3647274760035322
2025-06-29 13:43:06+00:00,17269261,70123480264,51382771650021730602396,0,56569047176425161,1.3647274760035322
2025-06-29 13:43:45+00:00,17269300,70123480265,51382771649291181817004,0,56569047176425161,1.3647274760423973
2025-06-29 13:43:52+00:00,17269307,70123480331,51382771698129211317052,0,56569047229667771,1.3647274760297354
2025-06-29 13:43:56+00:00,17269311,70123480263,51382771647729190718079,0,56569047174180668,1.3647274760449601
2025-06-29 13:44:47+00:00,17269362,70123480262,51382771648729190718079,0,56569047174180668,1.3647274759989385
2025-06-29 13:44:56+00:00,17269371,70123480275,51382771658729190718079,0,56569047184667848,1.3647274759863413
2025-06-29 13:45:41+00:00,17269416,70123344212,51382871658729190718079,0,56569047184667848,1.3647221719669511
2025-06-29 13:45:49+00:00,17269424,70123482021,51382770982337601311667,0,56569047184667848,1.3647275279315778
2025-06-29 13:45:56+00:00,17269431,70123482022,51382770983070348310267,0,56569047185474554,1.3647275279315778
2025-06-29 13:46:01+00:00,17269436,70123482021,51382770982162028769113,0,56569047184474554,1.364727527936241
2025-06-29 13:46:35+00:00,17269470,70123482022,51382770981431480011521,0,56569047184474554,1.364727527975106
2025-06-29 13:46:43+00:00,17269478,70123482088,51382771030269509511569,0,56569047237717162,1.3647275279624442
2025-06-29 13:46:51+00:00,17269486,70123482089,51382771030269509511568,0,56569047237717162,1.364727527981906
2025-06-29 13:47:39+00:00,17269534,70123482088,51382771031269509511568,0,56569047237717162,1.3647275279358841
2025-06-29 13:47:44+00:00,17269539,70123482087,51382771032269509511568,0,56569047237717162,1.3647275278898623
2025-06-29 13:47:52+00:00,17269547,70123482074,51382771022254128462582,0,56569047226690887,1.364727527902868
2025-06-29 13:48:33+00:00,17269588,70123346011,51382871022254128462582,0,56569047226690887,1.3647222238833112
2025-06-29 13:48:41+00:00,17269596,70123483820,51382770345866368952680,0,56569047226690887,1.364727579848004
2025-06-29 13:48:49+00:00,17269604,70123483821,51382770346599115923406,0,56569047227497593,1.364727579848004
2025-06-29 13:49:28+00:00,17269643,70123483822,51382770345868567193603,0,56569047227497593,1.3647275798868692
2025-06-29 13:49:36+00:00,17269651,70123483888,51382770394706596693651,0,56569047280740200,1.3647275798742073
2025-06-29 13:49:40+00:00,17269655,70123483820,51382770344306577418674,0,56569047225253097,1.364727579889432
2025-06-29 13:49:44+00:00,17269659,70123483821,51382770344306577418673,0,56569047225253097,1.364727579908894
2025-06-29 13:50:31+00:00,17269706,70123483820,51382770345306577418673,0,56569047225253097,1.3647275798628722
2025-06-29 13:50:39+00:00,17269714,70123483833,51382770355306577418673,0,56569047235740277,1.364727579850275
2025-06-29 13:51:24+00:00,17269759,70123347770,51382870355306577418673,0,56569047235740277,1.3647222758305482
2025-06-29 13:51:28+00:00,17269763,70123211708,51382970355306577418673,0,56569047235740277,1.3647169718509282
2025-06-29 13:51:32+00:00,17269767,70123349517,51382869678531371175099,0,56569047235740277,1.364722327805267
2025-06-29 13:51:36+00:00,17269771,70123487326,51382769002151278040578,0,56569047235740277,1.3647276837701
2025-06-29 13:51:41+00:00,17269776,70123487327,51382769002884024955506,0,56569047236546983,1.3647276837701
2025-06-29 13:52:19+00:00,17269814,70123487328,51382769002153476281333,0,56569047236546983,1.364727683808965
2025-06-29 13:52:23+00:00,17269818,70123487329,51382769001422927607181,0,56569047236546983,1.3647276838478302
2025-06-29 13:52:28+00:00,17269823,70123487395,51382769050260957107229,0,56569047289789587,1.364727683835168
2025-06-29 13:52:36+00:00,17269831,70123487396,51382769050260957107228,0,56569047289789587,1.36472768385463
2025-06-29 13:53:21+00:00,17269876,70123487395,51382769051260957107228,0,56569047289789587,1.3647276838086082
2025-06-29 13:53:26+00:00,17269881,70123487394,51382769052260957107228,0,56569047289789587,1.3647276837625864
2025-06-29 13:53:34+00:00,17269889,70123487381,51382769042245576453399,0,56569047278763312,1.364727683775592
2025-06-29 13:54:15+00:00,17269930,70123351318,51382869042245576453399,0,56569047278763312,1.3647223797555275
2025-06-29 13:54:23+00:00,17269938,70123489127,51382768365869315715366,0,56569047278763312,1.3647277357204266
2025-06-29 13:54:28+00:00,17269943,70123626936,51382667689888165734064,0,56569047278763312,1.36473309169582
2025-06-29 13:54:36+00:00,17269951,70123626935,51382667688979848020374,0,56569047277763312,1.3647330917004834
2025-06-29 13:55:12+00:00,17269987,70123626936,51382667688249302241094,0,56569047277763312,1.3647330917393485
2025-06-29 13:55:21+00:00,17269996,70123627002,51382667737087331741142,0,56569047331005810,1.3647330917266813
2025-06-29 13:55:29+00:00,17270004,70123627003,51382667737087331741141,0,56569047331005810,1.3647330917461433
2025-06-29 13:56:13+00:00,17270048,70123627002,51382667738087331741141,0,56569047331005810,1.3647330917001212
2025-06-29 13:56:17+00:00,17270052,70123627001,51382667739087331741141,0,56569047331005810,1.3647330916540992
2025-06-29 13:56:21+00:00,17270056,70123627014,51382667749087331741141,0,56569047341492968,1.364733091641501
2025-06-29 13:56:26+00:00,17270061,70123627001,51382667739071970842187,0,56569047330466693,1.3647330916545073
2025-06-29 13:57:06+00:00,17270101,70123490938,51382767739071970842187,0,56569047330466693,1.364727787613461
2025-06-29 13:57:15+00:00,17270110,70123628747,51382667063094649005386,0,56569047330466693,1.3647331435889196
2025-06-29 13:57:23+00:00,17270118,70123628748,51382667063827392988850,0,56569047331273397,1.3647331435889196
2025-06-29 13:58:01+00:00,17270156,70123628749,51382667063096847237346,0,56569047331273397,1.3647331436277848
2025-06-29 13:58:05+00:00,17270160,70123628750,51382667062366301485863,0,56569047331273397,1.36473314366665
2025-06-29 13:58:09+00:00,17270164,70123628816,51382667111204330985911,0,56569047384515894,1.364733143653983
2025-06-29 13:58:14+00:00,17270169,70123628748,51382667060804413111486,0,56569047329028791,1.3647331436692105
2025-06-29 13:59:03+00:00,17270218,70123628747,51382667061804413111486,0,56569047329028791,1.3647331436231884
2025-06-29 13:59:07+00:00,17270222,70123628746,51382667062804413111486,0,56569047329028791,1.3647331435771666
2025-06-29 13:59:12+00:00,17270227,70123628759,51382667072804413111486,0,56569047339515949,1.3647331435645682
2025-06-29 13:59:58+00:00,17270273,70123492696,51382767072804413111486,0,56569047339515949,1.364727839523352
2025-06-29 14:00:03+00:00,17270278,70123356633,51382867072804413111486,0,56569047339515949,1.364722535502781
2025-06-29 14:00:13+00:00,17270288,70123494442,51382766396439641924111,0,56569047339515949,1.3647278914678855
2025-06-29 14:00:21+00:00,17270296,70123494441,51382766395531322466510,0,56569047338515949,1.364727891472549
2025-06-29 14:00:55+00:00,17270330,70123494442,51382766394800773903522,0,56569047338515949,1.364727891511414
2025-06-29 14:01:00+00:00,17270335,70123494443,51382766394070225340555,0,56569047338515949,1.3647278915502792
2025-06-29 14:01:08+00:00,17270343,70123494375,51382766343670210041173,0,56569047283028846,1.3647278915655043
2025-06-29 14:01:13+00:00,17270348,70123494376,51382766343670210041172,0,56569047283028846,1.364727891584966
2025-06-29 14:01:57+00:00,17270392,70123494375,51382766344670210041172,0,56569047283028846,1.3647278915389442
2025-06-29 14:02:02+00:00,17270397,70123494374,51382766345670210041172,0,56569047283028846,1.3647278914929224
2025-06-29 14:02:11+00:00,17270406,70123494361,51382766335654829913707,0,56569047272002571,1.3647278915059282
2025-06-29 14:02:52+00:00,17270447,70123358298,51382866335654829913707,0,56569047272002571,1.3647225874851798
2025-06-29 14:03:00+00:00,17270455,70123496107,51382765659293893492897,0,56569047272002571,1.3647279434503612
2025-06-29 14:03:05+00:00,17270460,70123633916,51382664983328067729348,0,56569047272002571,1.3647332994260368
2025-06-29 14:03:14+00:00,17270469,70123633915,51382664982419750063395,0,56569047271002571,1.3647332994307
2025-06-29 14:03:47+00:00,17270502,70123633916,51382664981689204395314,0,56569047271002571,1.3647332994695653
2025-06-29 14:03:51+00:00,17270506,70123633917,51382664980958658727254,0,56569047271002571,1.3647332995084305
2025-06-29 14:03:55+00:00,17270510,70123633983,51382665029796688227302,0,56569047324245064,1.364733299495763
2025-06-29 14:04:00+00:00,17270515,70123633915,51382664979396772340777,0,56569047268757961,1.3647332995109909
2025-06-29 14:04:50+00:00,17270565,70123633914,51382664980396772340777,0,56569047268757961,1.364733299464969
2025-06-29 14:04:58+00:00,17270573,70123633927,51382664990396772340777,0,56569047279245118,1.3647332994523707
2025-06-29 14:05:43+00:00,17270618,70123497864,51382764990396772340777,0,56569047279245118,1.3647279954106362
2025-06-29 14:05:51+00:00,17270626,70123635673,51382664314434779681062,0,56569047279245118,1.3647333513863813
2025-06-29 14:05:59+00:00,17270634,70123635674,51382664315167523552957,0,56569047280051822,1.3647333513863813
2025-06-29 14:06:38+00:00,17270673,70123635675,51382664314436977912688,0,56569047280051822,1.3647333514252467
2025-06-29 14:06:46+00:00,17270681,70123635741,51382664363275007412736,0,56569047333294314,1.3647333514125792
2025-06-29 14:06:54+00:00,17270689,70123635742,51382664363275007412735,0,56569047333294314,1.364733351432041
2025-06-29 14:07:41+00:00,17270736,70123635741,51382664364275007412735,0,56569047333294314,1.364733351386019
2025-06-29 14:07:50+00:00,17270745,70123635754,51382664374275007412735,0,56569047343781471,1.3647333513734208
2025-06-29 14:08:35+00:00,17270790,70123499691,51382764374275007412735,0,56569047343781471,1.3647280473315215
2025-06-29 14:08:40+00:00,17270795,70123363628,51382864374275007412735,0,56569047343781471,1.3647227433102675
2025-06-29 14:08:48+00:00,17270803,70123501437,51382763697925566280903,0,56569047343781471,1.3647280992756534
2025-06-29 14:08:52+00:00,17270807,70123501438,51382763698658312972739,0,56569047344588176,1.3647280992756534
2025-06-29 14:08:57+00:00,17270812,70123501437,51382763697749993562910,0,56569047343588176,1.3647280992803166
2025-06-29 14:09:32+00:00,17270847,70123501438,51382763697019445111163,0,56569047343588176,1.3647280993191817
2025-06-29 14:09:37+00:00,17270852,70123501439,51382763696288896659437,0,56569047343588176,1.3647280993580468
2025-06-29 14:09:45+00:00,17270860,70123501371,51382763645888884010757,0,56569047288101073,1.3647280993732722
2025-06-29 14:10:36+00:00,17270911,70123501370,51382763646888884010757,0,56569047288101073,1.3647280993272504
2025-06-29 14:10:43+00:00,17270918,70123501383,51382763656888884010757,0,56569047298588250,1.364728099314653
2025-06-29 14:10:48+00:00,17270923,70123501370,51382763646873504410136,0,56569047287561975,1.3647280993276587
2025-06-29 14:11:29+00:00,17270964,70123365307,51382863646873504410136,0,56569047287561975,1.3647227953062284
2025-06-29 14:11:33+00:00,17270968,70123229245,51382963646873504410136,0,56569047287561975,1.364717491324905
2025-06-29 14:11:37+00:00,17270972,70123367054,51382862970136620308546,0,56569047287561975,1.364722847279943
2025-06-29 14:11:41+00:00,17270976,70123504863,51382762293794849066798,0,56569047287561975,1.3647282032454753
2025-06-29 14:11:45+00:00,17270980,70123504864,51382762294527595702810,0,56569047288368680,1.3647282032454753
2025-06-29 14:11:49+00:00,17270984,70123504863,51382762293619276316900,0,56569047287368680,1.3647282032501384
2025-06-29 14:12:23+00:00,17271017,70123504864,51382762292888727920809,0,56569047287368680,1.3647282032890036
2025-06-29 14:12:31+00:00,17271025,70123504930,51382762341726757420857,0,56569047340611271,1.364728203276341
2025-06-29 14:12:35+00:00,17271029,70123504862,51382762291326746098180,0,56569047285124168,1.3647282032915664
2025-06-29 14:12:40+00:00,17271034,70123504863,51382762291326746098179,0,56569047285124168,1.3647282033110282
2025-06-29 14:13:26+00:00,17271080,70123504862,51382762292326746098179,0,56569047285124168,1.3647282032650063
2025-06-29 14:13:34+00:00,17271088,70123504875,51382762302326746098179,0,56569047295611345,1.364728203252409
2025-06-29 14:14:17+00:00,17271131,70123368812,51382862302326746098179,0,56569047295611345,1.3647228992306377
2025-06-29 14:14:25+00:00,17271139,70123506621,51382761625988807282157,0,56569047295611345,1.3647282551962396
2025-06-29 14:14:33+00:00,17271147,70123506622,51382761626721553890276,0,56569047296418050,1.3647282551962396
2025-06-29 14:15:11+00:00,17271185,70123506623,51382761625991005521992,0,56569047296418050,1.3647282552351048
2025-06-29 14:15:20+00:00,17271194,70123506689,51382761674829035022040,0,56569047349660640,1.3647282552224422
2025-06-29 14:15:28+00:00,17271202,70123506690,51382761674829035022039,0,56569047349660640,1.364728255241904
2025-06-29 14:16:13+00:00,17271247,70123506689,51382761675829035022039,0,56569047349660640,1.3647282551958821
2025-06-29 14:16:17+00:00,17271251,70123506688,51382761676829035022039,0,56569047349660640,1.3647282551498603
2025-06-29 14:16:21+00:00,17271255,70123506701,51382761686829035022039,0,56569047360147816,1.364728255137263
2025-06-29 14:16:26+00:00,17271260,70123506688,51382761676813655816315,0,56569047349121541,1.3647282551502689
2025-06-29 14:17:05+00:00,17271299,70123370625,51382861676813655816315,0,56569047349121541,1.3647229511283319
2025-06-29 14:17:13+00:00,17271307,70123508434,51382761000479545515689,0,56569047349121541,1.3647283070939988
2025-06-29 14:17:17+00:00,17271311,70123646243,51382660324540545697587,0,56569047349121541,1.36473366307016
2025-06-29 14:17:21+00:00,17271315,70123646244,51382660325273289402135,0,56569047349928245,1.36473366307016
2025-06-29 14:17:25+00:00,17271319,70123646243,51382660324364971819776,0,56569047348928245,1.3647336630748235
2025-06-29 14:17:58+00:00,17271352,70123646244,51382660323634426346355,0,56569047348928245,1.3647336631136886
2025-06-29 14:18:06+00:00,17271360,70123646310,51382660372472455846403,0,56569047402170729,1.364733663101021
2025-06-29 14:18:14+00:00,17271368,70123646311,51382660372472455846402,0,56569047402170729,1.3647336631204827
2025-06-29 14:18:58+00:00,17271412,70123646310,51382660373472455846402,0,56569047402170729,1.3647336630744606
2025-06-29 14:19:06+00:00,17271420,70123646323,51382660383472455846402,0,56569047412657884,1.3647336630618623
2025-06-29 14:19:50+00:00,17271464,70123510260,51382760383472455846402,0,56569047412657884,1.3647283590189445
2025-06-29 14:19:54+00:00,17271468,70123374197,51382860383472455846402,0,56569047412657884,1.364723054996672
2025-06-29 14:20:02+00:00,17271476,70123512006,51382759707146007957548,0,56569047412657884,1.3647284109624738
2025-06-29 14:20:06+00:00,17271480,70123512007,51382759707878754482033,0,56569047413464589,1.3647284109624738
2025-06-29 14:20:10+00:00,17271484,70123512006,51382759706970435143857,0,56569047412464589,1.3647284109671372
2025-06-29 14:20:44+00:00,17271518,70123512007,51382759706239886858958,0,56569047412464589,1.3647284110060023
2025-06-29 14:20:52+00:00,17271526,70123512073,51382759755077916359006,0,56569047465707175,1.3647284109933395
2025-06-29 14:21:00+00:00,17271534,70123512074,51382759755077916359005,0,56569047465707175,1.3647284110128013
2025-06-29 14:21:45+00:00,17271579,70123512073,51382759756077916359005,0,56569047465707175,1.3647284109667794
2025-06-29 14:21:53+00:00,17271587,70123512086,51382759766077916359005,0,56569047476194351,1.3647284109541822
2025-06-29 14:22:38+00:00,17271632,70123376023,51382859766077916359005,0,56569047476194351,1.3647231069317447
2025-06-29 14:22:46+00:00,17271640,70123513832,51382759089755299742081,0,56569047476194351,1.364728462897611
2025-06-29 14:22:50+00:00,17271644,70123651641,51382658413827793532158,0,56569047476194351,1.3647338188739713
2025-06-29 14:22:54+00:00,17271648,70123651642,51382658414560537153053,0,56569047477001055,1.3647338188739713
2025-06-29 14:22:58+00:00,17271652,70123651641,51382658413652219606511,0,56569047476001055,1.3647338188786347
2025-06-29 14:23:33+00:00,17271687,70123651642,51382658412921674216492,0,56569047476001055,1.3647338189174998
2025-06-29 14:23:41+00:00,17271695,70123651708,51382658461759703716540,0,56569047529243535,1.364733818904832
2025-06-29 14:23:49+00:00,17271703,70123651709,51382658461759703716539,0,56569047529243535,1.364733818924294
2025-06-29 14:24:32+00:00,17271746,70123651708,51382658462759703716539,0,56569047529243535,1.3647338188782718
2025-06-29 14:24:36+00:00,17271750,70123651707,51382658463759703716539,0,56569047529243535,1.3647338188322498
2025-06-29 14:24:41+00:00,17271755,70123651720,51382658473759703716539,0,56569047539730690,1.3647338188196514
2025-06-29 14:25:26+00:00,17271800,70123515657,51382758473759703716539,0,56569047539730690,1.3647285147762334
2025-06-29 14:25:34+00:00,17271808,70123653466,51382657797836024583842,0,56569047539730690,1.364733870752658
2025-06-29 14:25:42+00:00,17271816,70123653467,51382657798568768176882,0,56569047540537394,1.364733870752658
2025-06-29 14:26:20+00:00,17271854,70123653468,51382657797838222814631,0,56569047540537394,1.364733870791523
2025-06-29 14:26:28+00:00,17271862,70123653534,51382657846676252314679,0,56569047593779872,1.3647338707788552
2025-06-29 14:26:36+00:00,17271870,70123653535,51382657846676252314678,0,56569047593779872,1.364733870798317
2025-06-29 14:27:21+00:00,17271915,70123653534,51382657847676252314678,0,56569047593779872,1.3647338707522951
2025-06-29 14:27:29+00:00,17271923,70123653547,51382657857676252314678,0,56569047604267026,1.3647338707396965
2025-06-29 14:28:13+00:00,17271967,70123517484,51382757857676252314678,0,56569047604267026,1.364728566696114
2025-06-29 14:28:18+00:00,17271972,70123381421,51382857857676252314678,0,56569047604267026,1.3647232626731765
2025-06-29 14:28:26+00:00,17271980,70123519230,51382757181365124806448,0,56569047604267026,1.3647286186392416
2025-06-29 14:28:34+00:00,17271988,70123519229,51382757180456805515998,0,56569047603267026,1.364728618643905
2025-06-29 14:29:06+00:00,17272020,70123519230,51382757179726257342270,0,56569047603267026,1.36472861868277
2025-06-29 14:29:11+00:00,17272025,70123519231,51382757178995709168562,0,56569047603267026,1.3647286187216352
2025-06-29 14:29:19+00:00,17272033,70123519163,51382757128595703143885,0,56569047547779923,1.3647286187368608
2025-06-29 14:30:07+00:00,17272081,70123519162,51382757129595703143885,0,56569047547779923,1.364728618690839
2025-06-29 14:30:12+00:00,17272086,70123519161,51382757130595703143885,0,56569047547779923,1.364728618644817
2025-06-29 14:30:20+00:00,17272094,70123519148,51382757120580324859469,0,56569047536753648,1.364728618657823
2025-06-29 14:31:01+00:00,17272135,70123383085,51382857120580324859469,0,56569047536753648,1.3647233146347082
2025-06-29 14:31:09+00:00,17272143,70123520894,51382756444273030574345,0,56569047536753648,1.3647286706008501
2025-06-29 14:31:13+00:00,17272147,70123658703,51382655768360846596298,0,56569047536753648,1.3647340265774863
2025-06-29 14:31:21+00:00,17272155,70123658702,51382655767452529097494,0,56569047535753648,1.3647340265821495
2025-06-29 14:31:56+00:00,17272190,70123658703,51382655766721983818659,0,56569047535753648,1.3647340266210148
2025-06-29 14:32:04+00:00,17272198,70123658769,51382655815560013318707,0,56569047588996122,1.3647340266083468
2025-06-29 14:32:12+00:00,17272206,70123658770,51382655815560013318706,0,56569047588996122,1.3647340266278085
2025-06-29 14:32:56+00:00,17272250,70123658769,51382655816560013318706,0,56569047588996122,1.3647340265817864
2025-06-29 14:33:00+00:00,17272254,70123658768,51382655817560013318706,0,56569047588996122,1.3647340265357644
2025-06-29 14:33:05+00:00,17272259,70123658781,51382655827560013318706,0,56569047599483276,1.364734026523166
2025-06-29 14:33:51+00:00,17272305,70123522718,51382755827560013318706,0,56569047599483276,1.3647287224790707
2025-06-29 14:33:59+00:00,17272313,70123660527,51382655151651656387076,0,56569047599483276,1.364734078455771
2025-06-29 14:34:07+00:00,17272321,70123660528,51382655152384399868598,0,56569047600289980,1.364734078455771
2025-06-29 14:34:46+00:00,17272360,70123660529,51382655151653854617531,0,56569047600289980,1.3647340784946362
2025-06-29 14:34:53+00:00,17272367,70123660595,51382655200491884117579,0,56569047653532453,1.3647340784819681
2025-06-29 14:34:58+00:00,17272372,70123660527,51382655150091978165740,0,56569047598045350,1.3647340784971964
2025-06-29 14:35:47+00:00,17272421,70123660526,51382655151091978165740,0,56569047598045350,1.3647340784511743
2025-06-29 14:35:55+00:00,17272429,70123660539,51382655161091978165740,0,56569047608532503,1.364734078438576
2025-06-29 14:36:00+00:00,17272434,70123660526,51382655151076619767681,0,56569047597506228,1.3647340784515822
2025-06-29 14:36:40+00:00,17272474,70123524463,51382755151076619767681,0,56569047597506228,1.364728774407316
2025-06-29 14:36:48+00:00,17272482,70123662272,51382654475172093572731,0,56569047597506228,1.364734130384087
2025-06-29 14:36:55+00:00,17272489,70123662273,51382654475904837026372,0,56569047598312932,1.364734130384087
2025-06-29 14:36:59+00:00,17272493,70123662272,51382654474996519551403,0,56569047597312932,1.3647341303887501
2025-06-29 14:37:33+00:00,17272527,70123662273,51382654474265974328136,0,56569047597312932,1.3647341304276155
2025-06-29 14:37:37+00:00,17272531,70123662274,51382654473535429104890,0,56569047597312932,1.3647341304664806
2025-06-29 14:37:45+00:00,17272539,70123662206,51382654423135523816015,0,56569047541825829,1.364734130481709
2025-06-29 14:38:33+00:00,17272587,70123662205,51382654424135523816015,0,56569047541825829,1.364734130435687
2025-06-29 14:38:40+00:00,17272594,70123662218,51382654434135523816015,0,56569047552312982,1.3647341304230887
2025-06-29 14:38:44+00:00,17272598,70123662205,51382654424120165549698,0,56569047541286707,1.364734130436095
2025-06-29 14:39:27+00:00,17272641,70123526142,51382754424120165549698,0,56569047541286707,1.3647288263916524
2025-06-29 14:39:35+00:00,17272649,70123663951,51382653748219474229149,0,56569047541286707,1.364734182368499
2025-06-29 14:39:39+00:00,17272653,70123801760,51382553072713890813892,0,56569047541286707,1.3647395383558398
2025-06-29 14:39:47+00:00,17272661,70123801759,51382553071805575130564,0,56569047540286707,1.3647395383605032
2025-06-29 14:40:20+00:00,17272694,70123801760,51382553071075032802185,0,56569047540286707,1.3647395383993686
2025-06-29 14:40:24+00:00,17272698,70123801761,51382553070344490473827,0,56569047540286707,1.364739538438234
2025-06-29 14:40:29+00:00,17272703,70123801827,51382553119182519973875,0,56569047593529073,1.3647395384255605
2025-06-29 14:40:37+00:00,17272711,70123801828,51382553119182519973874,0,56569047593529073,1.3647395384450225
2025-06-29 14:41:23+00:00,17272757,70123801827,51382553120182519973874,0,56569047593529073,1.3647395383990002
2025-06-29 14:41:31+00:00,17272765,70123801840,51382553130182519973874,0,56569047604016205,1.3647395383864007
2025-06-29 14:42:15+00:00,17272809,70123665776,51382653130182519973874,0,56569047604016205,1.3647342343015154
2025-06-29 14:42:23+00:00,17272817,70123803585,51382552454680767616361,0,56569047604016205,1.3647395902889206
2025-06-29 14:42:27+00:00,17272821,70123941394,51382451779574120811729,0,56569047604016205,1.36474494628682
2025-06-29 14:42:32+00:00,17272826,70123941395,51382451780306858458218,0,56569047604822905,1.36474494628682
2025-06-29 14:42:36+00:00,17272830,70123941394,51382451779398544566508,0,56569047603822905,1.3647449462914834
2025-06-29 14:43:09+00:00,17272863,70123941395,51382451778668005132972,0,56569047603822905,1.3647449463303487
2025-06-29 14:43:13+00:00,17272867,70123941396,51382451777937465699457,0,56569047603822905,1.364744946369214
2025-06-29 14:43:18+00:00,17272872,70123941462,51382451826775495199505,0,56569047657065165,1.3647449463565355
2025-06-29 14:43:27+00:00,17272881,70123941463,51382451826775495199504,0,56569047657065165,1.3647449463759975
2025-06-29 14:44:11+00:00,17272925,70123941462,51382451827775495199504,0,56569047657065165,1.364744946329975
2025-06-29 14:44:19+00:00,17272933,70123941475,51382451837775495199504,0,56569047667552276,1.3647449463173744
2025-06-29 14:45:02+00:00,17272976,70123805411,51382551837775495199504,0,56569047667552276,1.3647396422115081
2025-06-29 14:45:07+00:00,17272981,70123669347,51382651837775495199504,0,56569047667552276,1.3647343381262873
2025-06-29 14:45:15+00:00,17272989,70123807156,51382551162281401913074,0,56569047667552276,1.3647396941138272
2025-06-29 14:45:19+00:00,17272993,70123807157,51382551163014142379488,0,56569047668358978,1.3647396941138272
2025-06-29 14:45:23+00:00,17272997,70123807156,51382551162105826731959,0,56569047667358978,1.3647396941184906
2025-06-29 14:45:57+00:00,17273031,70123807157,51382551161375284486957,0,56569047667358978,1.364739694157356
2025-06-29 14:46:05+00:00,17273039,70123807223,51382551210213313987005,0,56569047720601340,1.3647396941446823
2025-06-29 14:46:09+00:00,17273043,70123807155,51382551159813510096271,0,56569047665114237,1.3647396941599135
2025-06-29 14:46:13+00:00,17273047,70123807156,51382551159813510096270,0,56569047665114237,1.3647396941793755
2025-06-29 14:46:59+00:00,17273093,70123807155,51382551160813510096270,0,56569047665114237,1.3647396941333532
2025-06-29 14:47:08+00:00,17273102,70123807168,51382551170813510096270,0,56569047675601368,1.3647396941207537
2025-06-29 14:47:54+00:00,17273148,70123671104,51382651170813510096270,0,56569047675601368,1.3647343900353628
2025-06-29 14:48:02+00:00,17273156,70123808913,51382550495323246100818,0,56569047675601368,1.3647397460229724
2025-06-29 14:48:11+00:00,17273165,70123808914,51382550496055986539362,0,56569047676408070,1.3647397460229724
2025-06-29 14:48:15+00:00,17273169,70123808913,51382550495147670903752,0,56569047675408070,1.3647397460276358
2025-06-29 14:48:50+00:00,17273204,70123808914,51382550494417128686537,0,56569047675408070,1.364739746066501
2025-06-29 14:48:54+00:00,17273208,70123808915,51382550493686586469342,0,56569047675408070,1.3647397461053663
2025-06-29 14:48:59+00:00,17273213,70123808981,51382550542524615969390,0,56569047728650430,1.3647397460926929
2025-06-29 14:49:07+00:00,17273221,70123808982,51382550542524615969389,0,56569047728650430,1.3647397461121547
2025-06-29 14:49:54+00:00,17273268,70123808981,51382550543524615969389,0,56569047728650430,1.3647397460661324
2025-06-29 14:50:02+00:00,17273276,70123808994,51382550553524615969389,0,56569047739137561,1.3647397460535329
2025-06-29 14:50:06+00:00,17273280,70123808981,51382550543509277984257,0,56569047728111286,1.3647397460665398
2025-06-29 14:50:46+00:00,17273320,70123672917,51382650543509277984257,0,56569047728111286,1.3647344419809833
2025-06-29 14:50:50+00:00,17273324,70123536854,51382750543509277984257,0,56569047728111286,1.3647291379355337
2025-06-29 14:50:55+00:00,17273329,70123674663,51382649867631569187399,0,56569047728111286,1.364734493912785
2025-06-29 14:51:03+00:00,17273337,70123674664,51382649868364312445857,0,56569047728917989,1.364734493912785
2025-06-29 14:51:40+00:00,17273374,70123674665,51382649867633767417185,0,56569047728917989,1.3647344939516504
2025-06-29 14:51:45+00:00,17273379,70123674666,51382649866903222388534,0,56569047728917989,1.3647344939905155
2025-06-29 14:51:53+00:00,17273387,70123674598,51382649816503321735437,0,56569047673430886,1.364734494005744
2025-06-29 14:52:42+00:00,17273436,70123674597,51382649817503321735437,0,56569047673430886,1.3647344939597221
2025-06-29 14:52:50+00:00,17273444,70123674610,51382649827503321735437,0,56569047683918037,1.3647344939471235
2025-06-29 14:53:34+00:00,17273488,70123538547,51382749827503321735437,0,56569047683918037,1.364729189901499
2025-06-29 14:53:42+00:00,17273496,70123676356,51382649151629446455661,0,56569047683918037,1.364734545878825
2025-06-29 14:53:50+00:00,17273504,70123676357,51382649152362189686218,0,56569047684724740,1.364734545878825
2025-06-29 14:53:54+00:00,17273508,70123676356,51382649151453872306744,0,56569047683724740,1.364734545883488
2025-06-29 14:54:28+00:00,17273542,70123676357,51382649150723327305892,0,56569047683724740,1.3647345459223534
2025-06-29 14:54:35+00:00,17273549,70123676423,51382649199561356805940,0,56569047736967201,1.364734545909685
2025-06-29 14:54:40+00:00,17273554,70123676355,51382649149161456814593,0,56569047681480098,1.3647345459249134
2025-06-29 14:55:29+00:00,17273603,70123676354,51382649150161456814593,0,56569047681480098,1.3647345458788913
2025-06-29 14:55:37+00:00,17273611,70123676367,51382649160161456814593,0,56569047691967249,1.364734545866293
2025-06-29 14:56:21+00:00,17273655,70123540304,51382749160161456814593,0,56569047691967249,1.3647292418204984
2025-06-29 14:56:25+00:00,17273659,70123404241,51382849160161456814593,0,56569047691967249,1.3647239377953493
2025-06-29 14:56:30+00:00,17273664,70123542050,51382748483900133314652,0,56569047691967249,1.364729293762321
2025-06-29 14:56:38+00:00,17273672,70123542051,51382748484632879365147,0,56569047692773954,1.364729293762321
2025-06-29 14:56:42+00:00,17273676,70123542050,51382748483724560229855,0,56569047691773954,1.3647292937669842
2025-06-29 14:57:16+00:00,17273710,70123542051,51382748482994012417524,0,56569047691773954,1.3647292938058495
2025-06-29 14:57:24+00:00,17273718,70123542117,51382748531832041917572,0,56569047745016517,1.3647292937931859
2025-06-29 14:57:32+00:00,17273726,70123542118,51382748531832041917571,0,56569047745016517,1.3647292938126476
2025-06-29 14:58:17+00:00,17273771,70123542117,51382748532832041917571,0,56569047745016517,1.3647292937666258
2025-06-29 14:58:25+00:00,17273779,70123542130,51382748542832041917571,0,56569047755503688,1.3647292937540283
2025-06-29 14:59:11+00:00,17273825,70123406067,51382848542832041917571,0,56569047755503688,1.3647239897287142
2025-06-29 14:59:15+00:00,17273829,70123270005,51382948542832041917571,0,56569047755503688,1.3647186857435072
2025-06-29 14:59:19+00:00,17273833,70123407814,51382847866183271221416,0,56569047755503688,1.3647240417001196
2025-06-29 14:59:24+00:00,17273838,70123545623,51382747189929612809632,0,56569047755503688,1.3647293976672261
2025-06-29 14:59:32+00:00,17273846,70123545622,51382747189021293698234,0,56569047754503688,1.3647293976718895
2025-06-29 15:00:05+00:00,17273879,70123545623,51382747188290745941524,0,56569047754503688,1.3647293977107546
2025-06-29 15:00:14+00:00,17273888,70123545689,51382747237128775441572,0,56569047807746248,1.364729397698091
2025-06-29 15:00:23+00:00,17273897,70123545690,51382747237128775441571,0,56569047807746248,1.3647293977175528
2025-06-29 15:01:07+00:00,17273941,70123545689,51382747238128775441571,0,56569047807746248,1.364729397671531
2025-06-29 15:01:16+00:00,17273950,70123545702,51382747248128775441571,0,56569047818233419,1.3647293976589334
2025-06-29 15:02:01+00:00,17273995,70123409639,51382847248128775441571,0,56569047818233419,1.3647240936332836
2025-06-29 15:02:05+00:00,17273999,70123273577,51382947248128775441571,0,56569047818233419,1.3647187896477404
2025-06-29 15:02:09+00:00,17274003,70123411386,51382846571487669852961,0,56569047818233419,1.3647241456044878
2025-06-29 15:02:14+00:00,17274008,70123549195,51382745895241676498514,0,56569047818233419,1.3647295015717293
2025-06-29 15:02:22+00:00,17274016,70123549194,51382745894333357411010,0,56569047817233419,1.3647295015763927
2025-06-29 15:02:56+00:00,17274050,70123549195,51382745893602809709921,0,56569047817233419,1.3647295016152579
2025-06-29 15:03:04+00:00,17274058,70123549261,51382745942440839209969,0,56569047870475977,1.364729501602594
2025-06-29 15:03:12+00:00,17274066,70123549262,51382745942440839209968,0,56569047870475977,1.364729501622056
2025-06-29 15:03:58+00:00,17274112,70123549261,51382745943440839209968,0,56569047870475977,1.3647295015760341
2025-06-29 15:04:03+00:00,17274117,70123549260,51382745944440839209968,0,56569047870475977,1.364729501530012
2025-06-29 15:04:10+00:00,17274124,70123549247,51382745934425463163057,0,56569047859449702,1.364729501543018
2025-06-29 15:04:51+00:00,17274165,70123413184,51382845934425463163057,0,56569047859449702,1.3647241975170303
2025-06-29 15:04:56+00:00,17274170,70123277122,51382945934425463163057,0,56569047859449702,1.3647188935311496
2025-06-29 15:05:04+00:00,17274178,70123414931,51382845257792021144679,0,56569047859449702,1.3647242494880338
2025-06-29 15:05:12+00:00,17274186,70123414930,51382845256883700301354,0,56569047858449702,1.3647242494926972
2025-06-29 15:05:46+00:00,17274220,70123414931,51382845256153149788783,0,56569047858449702,1.3647242495315621
2025-06-29 15:05:50+00:00,17274224,70123414932,51382845255422599276233,0,56569047858449702,1.3647242495704273
2025-06-29 15:05:58+00:00,17274232,70123414864,51382845205022507087041,0,56569047802962599,1.3647242495856509
2025-06-29 15:06:48+00:00,17274282,70123414863,51382845206022507087041,0,56569047802962599,1.3647242495396292
2025-06-29 15:06:52+00:00,17274286,70123414862,51382845207022507087041,0,56569047802962599,1.3647242494936076
2025-06-29 15:06:57+00:00,17274291,70123414875,51382845217022507087041,0,56569047813449789,1.364724249481011
2025-06-29 15:07:42+00:00,17274336,70123278813,51382945217022507087041,0,56569047813449789,1.364718945494955
2025-06-29 15:07:49+00:00,17274343,70123416622,51382844540392898483974,0,56569047813449789,1.3647243014519141
2025-06-29 15:07:53+00:00,17274347,70123554431,51382743864158402040448,0,56569047813449789,1.3647296574193675
2025-06-29 15:07:57+00:00,17274351,70123554432,51382743864891147895690,0,56569047814256494,1.3647296574193675
2025-06-29 15:08:35+00:00,17274389,70123554433,51382743864160600278025,0,56569047814256494,1.3647296574582326
2025-06-29 15:08:40+00:00,17274394,70123554434,51382743863430052660380,0,56569047814256494,1.3647296574970977
2025-06-29 15:08:48+00:00,17274402,70123554366,51382743813030059884574,0,56569047758769391,1.364729657512324
2025-06-29 15:09:36+00:00,17274450,70123554365,51382743814030059884574,0,56569047758769391,1.3647296574663021
2025-06-29 15:09:44+00:00,17274458,70123554378,51382743824030059884574,0,56569047769256560,1.3647296574537047
2025-06-29 15:10:29+00:00,17274503,70123418315,51382843824030059884574,0,56569047769256560,1.3647243534271958
2025-06-29 15:10:33+00:00,17274507,70123282253,51382943824030059884574,0,56569047769256560,1.3647190494407937
2025-06-29 15:10:38+00:00,17274512,70123420062,51382843147408119455764,0,56569047769256560,1.364724405397898
2025-06-29 15:10:47+00:00,17274521,70123420063,51382843148140868130913,0,56569047770063266,1.364724405397898
2025-06-29 15:11:25+00:00,17274559,70123420064,51382843147410317701799,0,56569047770063266,1.364724405436763
2025-06-29 15:11:30+00:00,17274564,70123420065,51382843146679767272706,0,56569047770063266,1.3647244054756282
2025-06-29 15:11:38+00:00,17274572,70123419997,51382843096279677073177,0,56569047714576163,1.3647244054908518
2025-06-29 15:12:28+00:00,17274622,70123419996,51382843097279677073177,0,56569047714576163,1.3647244054448302
2025-06-29 15:12:36+00:00,17274630,70123420009,51382843107279677073177,0,56569047725063352,1.3647244054322336
2025-06-29 15:12:41+00:00,17274635,70123419996,51382843097264282061822,0,56569047714037077,1.364724405445239
2025-06-29 15:13:21+00:00,17274675,70123283934,51382943097264282061822,0,56569047714037077,1.3647191014586606
2025-06-29 15:13:25+00:00,17274679,70123147872,51383043097264282061822,0,56569047714037077,1.3647137974927273
2025-06-29 15:13:29+00:00,17274683,70123285681,51382942420254899317256,0,56569047714037077,1.3647191534394836
2025-06-29 15:13:33+00:00,17274687,70123423490,51382841743640630960472,0,56569047714037077,1.3647245093967344
2025-06-29 15:13:37+00:00,17274691,70123423491,51382841744373379579782,0,56569047714843783,1.3647245093967344
2025-06-29 15:13:41+00:00,17274695,70123423490,51382841743465058796244,0,56569047713843783,1.3647245094013976
2025-06-29 15:14:14+00:00,17274728,70123423491,51382841742734508422805,0,56569047713843783,1.3647245094402627
2025-06-29 15:14:18+00:00,17274732,70123423492,51382841742003958049386,0,56569047713843783,1.3647245094791278
2025-06-29 15:14:22+00:00,17274736,70123423558,51382841790841987549434,0,56569047767086436,1.3647245094664686
2025-06-29 15:14:27+00:00,17274741,70123423490,51382841740441898677159,0,56569047711599333,1.3647245094816924
2025-06-29 15:15:15+00:00,17274789,70123423489,51382841741441898677159,0,56569047711599333,1.3647245094356708
2025-06-29 15:15:23+00:00,17274797,70123423502,51382841751441898677159,0,56569047722086522,1.3647245094230742
2025-06-29 15:16:09+00:00,17274843,70123287440,51382941751441898677159,0,56569047722086522,1.3647192054361545
2025-06-29 15:16:17+00:00,17274851,70123425249,51382841074831466158550,0,56569047722086522,1.3647245613934749
2025-06-29 15:16:25+00:00,17274859,70123425250,51382841075564214749942,0,56569047722893228,1.3647245613934749
2025-06-29 15:17:01+00:00,17274895,70123425251,51382841074833664404334,0,56569047722893228,1.36472456143234
2025-06-29 15:17:05+00:00,17274899,70123425252,51382841074103114058747,0,56569047722893228,1.3647245614712051
2025-06-29 15:17:09+00:00,17274903,70123425318,51382841122941143558795,0,56569047776135880,1.3647245614585461
2025-06-29 15:17:14+00:00,17274908,70123425250,51382841072541055349709,0,56569047720648777,1.3647245614737697
2025-06-29 15:18:03+00:00,17274957,70123425249,51382841073541055349709,0,56569047720648777,1.3647245614277481
2025-06-29 15:18:11+00:00,17274965,70123425262,51382841083541055349709,0,56569047731135966,1.3647245614151515
2025-06-29 15:18:55+00:00,17275009,70123289200,51382941083541055349709,0,56569047731135966,1.3647192574280618
2025-06-29 15:18:59+00:00,17275013,70123153138,51383041083541055349709,0,56569047731135966,1.364713953461617
2025-06-29 15:19:03+00:00,17275017,70123290947,51382940406543178650878,0,56569047731135966,1.3647193094085834
2025-06-29 15:19:11+00:00,17275025,70123290948,51382940407275930062179,0,56569047731942674,1.3647193094085834
2025-06-29 15:19:15+00:00,17275029,70123290947,51382940406367607534801,0,56569047730942674,1.3647193094132464
2025-06-29 15:19:49+00:00,17275063,70123290948,51382940405637054377746,0,56569047730942674,1.3647193094521115
2025-06-29 15:19:57+00:00,17275071,70123291014,51382940454475083877794,0,56569047784185428,1.3647193094394574
2025-06-29 15:20:01+00:00,17275075,70123290946,51382940404074898244170,0,56569047728698325,1.3647193094546786
2025-06-29 15:20:06+00:00,17275080,70123290947,51382940404074898244169,0,56569047728698325,1.3647193094741403
2025-06-29 15:20:52+00:00,17275126,70123290946,51382940405074898244169,0,56569047728698325,1.364719309428119
2025-06-29 15:21:01+00:00,17275135,70123290959,51382940415074898244169,0,56569047739185534,1.3647193094155234
2025-06-29 15:21:45+00:00,17275179,70123154897,51383040415074898244169,0,56569047739185534,1.3647140054489082
2025-06-29 15:21:49+00:00,17275183,70123018836,51383140415074898244169,0,56569047739185534,1.3647087015223998
2025-06-29 15:21:53+00:00,17275187,70123156645,51383039737689576988673,0,56569047739185534,1.3647140574590122
2025-06-29 15:21:58+00:00,17275192,70123294454,51382939060699372323422,0,56569047739185534,1.364719413406119
2025-06-29 15:22:06+00:00,17275200,70123294453,51382939059791049819964,0,56569047738185534,1.364719413410782
2025-06-29 15:22:40+00:00,17275234,70123294454,51382939059060496718581,0,56569047738185534,1.364719413449647
2025-06-29 15:22:48+00:00,17275242,70123294520,51382939107898526218629,0,56569047791428285,1.3647194134369929
2025-06-29 15:22:56+00:00,17275250,70123294521,51382939107898526218628,0,56569047791428285,1.3647194134564546
2025-06-29 15:23:39+00:00,17275293,70123294520,51382939108898526218628,0,56569047791428285,1.364719413410433
2025-06-29 15:23:44+00:00,17275298,70123294519,51382939109898526218628,0,56569047791428285,1.3647194133644116
2025-06-29 15:23:51+00:00,17275305,70123294506,51382939099883112506470,0,56569047780402010,1.3647194133774165
2025-06-29 15:24:31+00:00,17275345,70123158444,51383039099883112506470,0,56569047780402010,1.3647141094104633
2025-06-29 15:24:39+00:00,17275353,70123296253,51382938422896740372004,0,56569047780402010,1.3647194653576364
2025-06-29 15:24:47+00:00,17275361,70123296254,51382938423629491699572,0,56569047781208718,1.3647194653576364
2025-06-29 15:25:25+00:00,17275399,70123296255,51382938422898938625997,0,56569047781208718,1.3647194653965016
2025-06-29 15:25:33+00:00,17275407,70123296321,51382938471736968126045,0,56569047834451468,1.3647194653838475
2025-06-29 15:25:37+00:00,17275411,70123296253,51382938421336784482022,0,56569047778964365,1.3647194653990686
2025-06-29 15:25:41+00:00,17275415,70123296254,51382938421336784482021,0,56569047778964365,1.3647194654185304
2025-06-29 15:26:27+00:00,17275461,70123296253,51382938422336784482021,0,56569047778964365,1.3647194653725088
2025-06-29 15:26:32+00:00,17275466,70123296252,51382938423336784482021,0,56569047778964365,1.3647194653264874
2025-06-29 15:26:40+00:00,17275474,70123296239,51382938413321370901479,0,56569047767938090,1.3647194653394923
2025-06-29 15:27:19+00:00,17275513,70123160177,51383038413321370901479,0,56569047767938090,1.3647141613723672
2025-06-29 15:27:26+00:00,17275520,70123297986,51382937736338832068791,0,56569047767938090,1.3647195173196118
2025-06-29 15:27:30+00:00,17275524,70123435795,51382837059751407449201,0,56569047767938090,1.3647248732773507
2025-06-29 15:27:35+00:00,17275529,70123435796,51382837060484155873136,0,56569047768744796,1.3647248732773507
2025-06-29 15:28:13+00:00,17275567,70123435797,51382837059753605694483,0,56569047768744796,1.3647248733162158
2025-06-29 15:28:21+00:00,17275575,70123435863,51382837108591635194531,0,56569047821987440,1.3647248733035564
2025-06-29 15:28:25+00:00,17275579,70123435795,51382837058191550963867,0,56569047766500337,1.3647248733187805
2025-06-29 15:28:29+00:00,17275583,70123435796,51382837058191550963866,0,56569047766500337,1.3647248733382422
2025-06-29 15:29:13+00:00,17275627,70123435795,51382837059191550963866,0,56569047766500337,1.3647248732922206
2025-06-29 15:29:18+00:00,17275632,70123435794,51382837060191550963866,0,56569047766500337,1.3647248732461987
2025-06-29 15:29:26+00:00,17275640,70123435781,51382837050176157138528,0,56569047755474062,1.3647248732592043
2025-06-29 15:30:07+00:00,17275681,70123299719,51382937050176157138528,0,56569047755474062,1.3647195692710912
2025-06-29 15:30:15+00:00,17275689,70123437528,51382836373592565021322,0,56569047755474062,1.3647249252289015
2025-06-29 15:30:24+00:00,17275698,70123437529,51382836374325313417363,0,56569047756280768,1.3647249252289015
2025-06-29 15:31:02+00:00,17275736,70123437530,51382836373594763266520,0,56569047756280768,1.3647249252677667
2025-06-29 15:31:10+00:00,17275744,70123437596,51382836422432792766568,0,56569047809523411,1.3647249252551072
2025-06-29 15:31:14+00:00,17275748,70123437528,51382836372032709197835,0,56569047754036308,1.3647249252703313
2025-06-29 15:31:18+00:00,17275752,70123437529,51382836372032709197834,0,56569047754036308,1.364724925289793
2025-06-29 15:32:06+00:00,17275800,70123437528,51382836373032709197834,0,56569047754036308,1.3647249252437714
2025-06-29 15:32:10+00:00,17275804,70123437527,51382836374032709197834,0,56569047754036308,1.3647249251977496
2025-06-29 15:32:15+00:00,17275809,70123437540,51382836384032709197834,0,56569047764523495,1.364724925185153
2025-06-29 15:33:00+00:00,17275854,70123301478,51382936384032709197834,0,56569047764523495,1.3647196211968702
2025-06-29 15:33:08+00:00,17275862,70123439287,51382835707452947686707,0,56569047764523495,1.36472497715475
2025-06-29 15:33:16+00:00,17275870,70123439288,51382835708185696054868,0,56569047765330201,1.36472497715475
2025-06-29 15:33:53+00:00,17275907,70123439289,51382835707455145931821,0,56569047765330201,1.3647249771936152
2025-06-29 15:34:01+00:00,17275915,70123439355,51382835756293175431869,0,56569047818572842,1.3647249771809558
2025-06-29 15:34:09+00:00,17275923,70123439356,51382835756293175431868,0,56569047818572842,1.3647249772004175
2025-06-29 15:34:56+00:00,17275970,70123439355,51382835757293175431868,0,56569047818572842,1.364724977154396
2025-06-29 15:35:04+00:00,17275978,70123439368,51382835767293175431868,0,56569047829060029,1.364724977141799
2025-06-29 15:35:48+00:00,17276022,70123303306,51382935767293175431868,0,56569047829060029,1.3647196731533515
2025-06-29 15:35:55+00:00,17276029,70123441115,51382835090717246791273,0,56569047829060029,1.3647250291112958
2025-06-29 15:35:59+00:00,17276033,70123578924,51382734414536429961541,0,56569047829060029,1.3647303850797339
2025-06-29 15:36:03+00:00,17276037,70123578925,51382734415269175426090,0,56569047829866734,1.3647303850797339
2025-06-29 15:36:07+00:00,17276041,70123578924,51382734414360856541710,0,56569047828866734,1.3647303850843973
2025-06-29 15:36:41+00:00,17276075,70123578925,51382734413630309313568,0,56569047828866734,1.3647303851232624
2025-06-29 15:36:49+00:00,17276083,70123578991,51382734462468338813616,0,56569047882109269,1.3647303851105979
2025-06-29 15:36:57+00:00,17276091,70123578992,51382734462468338813615,0,56569047882109269,1.3647303851300596
2025-06-29 15:37:45+00:00,17276139,70123578991,51382734463468338813615,0,56569047882109269,1.3647303850840378
2025-06-29 15:37:53+00:00,17276147,70123579004,51382734473468338813615,0,56569047892596435,1.36473038507144
2025-06-29 15:38:40+00:00,17276194,70123442941,51382834473468338813615,0,56569047892596435,1.3647250810425497
2025-06-29 15:38:48+00:00,17276202,70123580750,51382733797291352963024,0,56569047892596435,1.3647304370110525
2025-06-29 15:38:56+00:00,17276210,70123580751,51382733798024098399690,0,56569047893403140,1.3647304370110525
2025-06-29 15:39:00+00:00,17276214,70123580750,51382733797115779527242,0,56569047892403140,1.3647304370157156
2025-06-29 15:39:35+00:00,17276249,70123580751,51382733796385232326899,0,56569047892403140,1.3647304370545807
2025-06-29 15:39:43+00:00,17276257,70123580817,51382733845223261826947,0,56569047945645674,1.3647304370419162
2025-06-29 15:39:47+00:00,17276261,70123580749,51382733794823278994800,0,56569047890158571,1.364730437057143
2025-06-29 15:39:51+00:00,17276265,70123580750,51382733794823278994799,0,56569047890158571,1.3647304370766047
2025-06-29 15:40:37+00:00,17276311,70123580749,51382733795823278994799,0,56569047890158571,1.3647304370305828
2025-06-29 15:40:45+00:00,17276319,70123580762,51382733805823278994799,0,56569047900645736,1.3647304370179851
2025-06-29 15:41:30+00:00,17276364,70123444699,51382833805823278994799,0,56569047900645736,1.364725132988925
2025-06-29 15:41:38+00:00,17276372,70123582508,51382733129650125238729,0,56569047900645736,1.3647304889574972
2025-06-29 15:41:43+00:00,17276377,70123720317,51382632453872080916131,0,56569047900645736,1.3647358449365634
2025-06-29 15:41:51+00:00,17276385,70123720316,51382632452963763835312,0,56569047899645736,1.3647358449412268
2025-06-29 15:42:25+00:00,17276419,70123720317,51382632452233219529847,0,56569047899645736,1.364735844980092
2025-06-29 15:42:33+00:00,17276427,70123720383,51382632501071249029895,0,56569047952888164,1.3647358449674223
2025-06-29 15:42:41+00:00,17276435,70123720384,51382632501071249029894,0,56569047952888164,1.364735844986884
2025-06-29 15:43:25+00:00,17276479,70123720383,51382632502071249029894,0,56569047952888164,1.364735844940862
2025-06-29 15:43:29+00:00,17276483,70123720382,51382632503071249029894,0,56569047952888164,1.36473584489484
2025-06-29 15:43:33+00:00,17276487,70123720395,51382632513071249029894,0,56569047963375308,1.364735844882241
2025-06-29 15:43:37+00:00,17276491,70123720382,51382632503055895109145,0,56569047952349033,1.3647358448952476
2025-06-29 15:44:18+00:00,17276532,70123584319,51382732503055895109145,0,56569047952349033,1.3647305408452057
2025-06-29 15:44:26+00:00,17276540,70123722128,51382631827281678522736,0,56569047952349033,1.3647358968243373
2025-06-29 15:44:34+00:00,17276548,70123722129,51382631828014421027954,0,56569047953155736,1.3647358968243373
2025-06-29 15:45:11+00:00,17276585,70123722130,51382631827283876750263,0,56569047953155736,1.3647358968632026
2025-06-29 15:45:19+00:00,17276593,70123722196,51382631876121906250311,0,56569048006398163,1.3647358968505328
2025-06-29 15:45:23+00:00,17276597,70123722128,51382631825722023491121,0,56569047950911060,1.3647358968657621
2025-06-29 15:45:28+00:00,17276602,70123722129,51382631825722023491120,0,56569047950911060,1.364735896885224
2025-06-29 15:46:13+00:00,17276647,70123722128,51382631826722023491120,0,56569047950911060,1.3647358968392018
2025-06-29 15:46:21+00:00,17276655,70123722141,51382631836722023491120,0,56569047961398204,1.364735896826603
2025-06-29 15:47:04+00:00,17276698,70123586078,51382731836722023491120,0,56569047961398204,1.3647305927763913
2025-06-29 15:47:08+00:00,17276702,70123450015,51382831836722023491120,0,56569047961398204,1.3647252887468246
2025-06-29 15:47:13+00:00,17276707,70123587824,51382731160560360024716,0,56569047961398204,1.3647306447156022
2025-06-29 15:47:17+00:00,17276711,70123725633,51382630484793805916737,0,56569047961398204,1.3647360006948737
2025-06-29 15:47:22+00:00,17276716,70123725634,51382630485526548366185,0,56569047962204907,1.3647360006948737
2025-06-29 15:48:01+00:00,17276755,70123725635,51382630484796004144096,0,56569047962204907,1.364736000733739
2025-06-29 15:48:05+00:00,17276759,70123725636,51382630484065459922027,0,56569047962204907,1.3647360007726044
2025-06-29 15:48:09+00:00,17276763,70123725702,51382630532903489422075,0,56569048015447331,1.3647360007599343
2025-06-29 15:48:14+00:00,17276768,70123725634,51382630482503607988476,0,56569047959960228,1.3647360007751639
2025-06-29 15:48:19+00:00,17276773,70123725635,51382630482503607988475,0,56569047959960228,1.3647360007946256
2025-06-29 15:49:06+00:00,17276820,70123725634,51382630483503607988475,0,56569047959960228,1.3647360007486036
2025-06-29 15:49:11+00:00,17276825,70123725633,51382630484503607988475,0,56569047959960228,1.3647360007025815
2025-06-29 15:49:16+00:00,17276830,70123725646,51382630494503607988475,0,56569047970447372,1.3647360006899827
2025-06-29 15:50:02+00:00,17276876,70123589583,51382730494503607988475,0,56569047970447372,1.3647306966394301
2025-06-29 15:50:11+00:00,17276885,70123727392,51382629818740884280477,0,56569047970447372,1.364736052618771
2025-06-29 15:50:19+00:00,17276893,70123727393,51382629819473626702047,0,56569047971254075,1.364736052618771
2025-06-29 15:50:23+00:00,17276897,70123727392,51382629818565309668931,0,56569047970254075,1.3647360526234344
2025-06-29 15:50:57+00:00,17276931,70123727393,51382629817834765474639,0,56569047970254075,1.3647360526622998
2025-06-29 15:51:05+00:00,17276939,70123727459,51382629866672794974687,0,56569048023496498,1.3647360526496297
2025-06-29 15:51:09+00:00,17276943,70123727391,51382629816272914201747,0,56569047968009395,1.3647360526648593
2025-06-29 15:51:14+00:00,17276948,70123727392,51382629816272914201746,0,56569047968009395,1.364736052684321
2025-06-29 15:51:59+00:00,17276993,70123727391,51382629817272914201746,0,56569047968009395,1.364736052638299
2025-06-29 15:52:07+00:00,17277001,70123727404,51382629827272914201746,0,56569047978496538,1.3647360526257002
2025-06-29 15:52:12+00:00,17277006,70123727391,51382629817257560807182,0,56569047967470263,1.364736052638707
2025-06-29 15:52:53+00:00,17277047,70123591328,51382729817257560807182,0,56569047967470263,1.3647307485879834
2025-06-29 15:53:01+00:00,17277055,70123729137,51382629141498669322877,0,56569047967470263,1.364736104567395
2025-06-29 15:53:09+00:00,17277063,70123729138,51382629142231411716555,0,56569047968276966,1.364736104567395
2025-06-29 15:53:13+00:00,17277067,70123729137,51382629141323094695363,0,56569047967276966,1.3647361045720583
2025-06-29 15:53:47+00:00,17277101,70123729138,51382629140592550528879,0,56569047967276966,1.3647361046109234
2025-06-29 15:53:55+00:00,17277109,70123729204,51382629189430580028927,0,56569048020519387,1.3647361045982533
2025-06-29 15:54:03+00:00,17277117,70123729205,51382629189430580028926,0,56569048020519387,1.3647361046177153
2025-06-29 15:54:48+00:00,17277162,70123729204,51382629190430580028926,0,56569048020519387,1.364736104571693
2025-06-29 15:54:52+00:00,17277166,70123729203,51382629191430580028926,0,56569048020519387,1.364736104525671
2025-06-29 15:54:56+00:00,17277170,70123729216,51382629201430580028926,0,56569048031006530,1.3647361045130721
2025-06-29 15:55:00+00:00,17277174,70123729203,51382629191415226765646,0,56569048019980255,1.3647361045260789
2025-06-29 15:55:41+00:00,17277215,70123593140,51382729191415226765646,0,56569048019980255,1.3647308004751897
2025-06-29 15:55:49+00:00,17277223,70123730949,51382628515660162979028,0,56569048019980255,1.3647361564546665
2025-06-29 15:55:53+00:00,17277227,70123868758,51382527840300206148684,0,56569048019980255,1.3647415124446376
2025-06-29 15:55:57+00:00,17277231,70123868759,51382527841032945638822,0,56569048020786956,1.3647415124446376
2025-06-29 15:56:01+00:00,17277235,70123868758,51382527840124630409226,0,56569048019786956,1.364741512449301
2025-06-29 15:56:35+00:00,17277269,70123868759,51382527839394089137571,0,56569048019786956,1.3647415124881663
2025-06-29 15:56:43+00:00,17277277,70123868825,51382527888232118637619,0,56569048073029271,1.3647415124754911
2025-06-29 15:56:51+00:00,17277285,70123868826,51382527888232118637618,0,56569048073029271,1.364741512494953
2025-06-29 15:57:37+00:00,17277331,70123868825,51382527889232118637618,0,56569048073029271,1.3647415124489306
2025-06-29 15:57:45+00:00,17277339,70123868838,51382527899232118637618,0,56569048083516393,1.3647415124363307
2025-06-29 15:57:49+00:00,17277343,70123868825,51382527889216785129166,0,56569048072490118,1.3647415124493378
2025-06-29 15:58:28+00:00,17277382,70123732761,51382627889216785129166,0,56569048072490118,1.364736208358005
2025-06-29 15:58:32+00:00,17277386,70123596698,51382727889216785129166,0,56569048072490118,1.3647309043067795
2025-06-29 15:58:40+00:00,17277394,70123734507,51382627213469380955153,0,56569048072490118,1.364736260286392
2025-06-29 15:58:48+00:00,17277402,70123734506,51382627212561063969730,0,56569048071490118,1.3647362602910553
2025-06-29 15:59:21+00:00,17277435,70123734507,51382627211830519886603,0,56569048071490118,1.3647362603299207
2025-06-29 15:59:29+00:00,17277443,70123734573,51382627260668549386651,0,56569048124732535,1.3647362603172504
2025-06-29 15:59:37+00:00,17277451,70123734574,51382627260668549386650,0,56569048124732535,1.3647362603367121
2025-06-29 16:00:24+00:00,17277498,70123734573,51382627261668549386650,0,56569048124732535,1.36473626029069
2025-06-29 16:00:29+00:00,17277503,70123734572,51382627262668549386650,0,56569048124732535,1.364736260244668
2025-06-29 16:00:37+00:00,17277511,70123734559,51382627252653196517862,0,56569048113706260,1.3647362602576747
2025-06-29 16:01:17+00:00,17277551,70123598496,51382727252653196517862,0,56569048113706260,1.3647309562062824
2025-06-29 16:01:21+00:00,17277555,70123462433,51382827252653196517862,0,56569048113706260,1.3647256521755353
2025-06-29 16:01:25+00:00,17277559,70123600242,51382726576518343245790,0,56569048113706260,1.3647310081447905
2025-06-29 16:01:30+00:00,17277564,70123738051,51382625900778599156957,0,56569048113706260,1.36473636412454
2025-06-29 16:01:37+00:00,17277571,70123738050,51382625899870282195401,0,56569048112706260,1.3647363641292032
2025-06-29 16:02:13+00:00,17277607,70123738051,51382625899139738167858,0,56569048112706260,1.3647363641680685
2025-06-29 16:02:20+00:00,17277614,70123738117,51382625947977767667906,0,56569048165948675,1.3647363641553982
2025-06-29 16:02:24+00:00,17277618,70123738049,51382625897577890865629,0,56569048110461572,1.364736364170628
2025-06-29 16:02:28+00:00,17277622,70123738050,51382625897577890865628,0,56569048110461572,1.3647363641900898
2025-06-29 16:03:13+00:00,17277667,70123738049,51382625898577890865628,0,56569048110461572,1.3647363641440677
2025-06-29 16:03:17+00:00,17277671,70123738048,51382625899577890865628,0,56569048110461572,1.3647363640980457
2025-06-29 16:03:22+00:00,17277676,70123738061,51382625909577890865628,0,56569048120948714,1.3647363640854466
2025-06-29 16:04:05+00:00,17277719,70123601998,51382725909577890865628,0,56569048120948714,1.3647310600337137
2025-06-29 16:04:09+00:00,17277723,70123465935,51382825909577890865628,0,56569048120948714,1.3647257560026258
2025-06-29 16:04:14+00:00,17277728,70123603744,51382725233450696932209,0,56569048120948714,1.3647311119720211
2025-06-29 16:04:22+00:00,17277736,70123603745,51382725234183442006478,0,56569048121755418,1.3647311119720211
2025-06-29 16:04:27+00:00,17277741,70123603744,51382725233275123289084,0,56569048120755418,1.3647311119766845
2025-06-29 16:05:01+00:00,17277775,70123603745,51382725232544576450051,0,56569048120755418,1.3647311120155496
2025-06-29 16:05:05+00:00,17277779,70123603746,51382725231814029611038,0,56569048120755418,1.3647311120544148
2025-06-29 16:05:09+00:00,17277783,70123603812,51382725280652059111086,0,56569048173997935,1.3647311120417496
2025-06-29 16:05:14+00:00,17277788,70123603744,51382725230252084883153,0,56569048118510832,1.3647311120569767
2025-06-29 16:06:01+00:00,17277835,70123603743,51382725231252084883153,0,56569048118510832,1.3647311120109547
2025-06-29 16:06:05+00:00,17277839,70123603742,51382725232252084883153,0,56569048118510832,1.3647311119649328
2025-06-29 16:06:10+00:00,17277844,70123603755,51382725242252084883153,0,56569048128997994,1.364731111952335
2025-06-29 16:06:55+00:00,17277889,70123467692,51382825242252084883153,0,56569048128997994,1.3647258079210773
2025-06-29 16:07:03+00:00,17277897,70123605501,51382724566128720980530,0,56569048128997994,1.3647311638905422
2025-06-29 16:07:11+00:00,17277905,70123605502,51382724566861466026923,0,56569048129804698,1.3647311638905422
2025-06-29 16:07:16+00:00,17277910,70123605501,51382724565953147321455,0,56569048128804698,1.3647311638952053
2025-06-29 16:07:48+00:00,17277942,70123605502,51382724565222600510214,0,56569048128804698,1.3647311639340707
2025-06-29 16:07:56+00:00,17277950,70123605568,51382724614060630010262,0,56569048182047213,1.3647311639214053
2025-06-29 16:08:04+00:00,17277958,70123605569,51382724614060630010261,0,56569048182047213,1.364731163940867
2025-06-29 16:08:48+00:00,17278002,70123605568,51382724615060630010261,0,56569048182047213,1.3647311638948452
2025-06-29 16:08:53+00:00,17278007,70123605567,51382724616060630010261,0,56569048182047213,1.364731163848823
2025-06-29 16:09:00+00:00,17278014,70123605554,51382724606045258175779,0,56569048171020938,1.3647311638618294
2025-06-29 16:09:41+00:00,17278055,70123469491,51382824606045258175779,0,56569048171020938,1.3647258598304048
2025-06-29 16:09:49+00:00,17278063,70123607300,51382723929925723630477,0,56569048171020938,1.364731215799936
2025-06-29 16:09:57+00:00,17278071,70123607301,51382723930658468648999,0,56569048171827642,1.364731215799936
2025-06-29 16:10:35+00:00,17278109,70123607302,51382723929927921865543,0,56569048171827642,1.3647312158388012
2025-06-29 16:10:42+00:00,17278116,70123607368,51382723978765951365591,0,56569048225070156,1.3647312158261358
2025-06-29 16:10:47+00:00,17278121,70123607300,51382723928365978460146,0,56569048169583053,1.3647312158413631
2025-06-29 16:11:36+00:00,17278170,70123607299,51382723929365978460146,0,56569048169583053,1.364731215795341
2025-06-29 16:11:44+00:00,17278178,70123607312,51382723939365978460146,0,56569048180070214,1.3647312157827434
2025-06-29 16:12:28+00:00,17278222,70123471249,51382823939365978460146,0,56569048180070214,1.364725911751149
2025-06-29 16:12:37+00:00,17278231,70123609058,51382723263250274114187,0,56569048180070214,1.3647312677207497
2025-06-29 16:12:45+00:00,17278239,70123609059,51382723263983019104832,0,56569048180876918,1.3647312677207497
2025-06-29 16:13:22+00:00,17278276,70123609060,51382723263252472349169,0,56569048180876918,1.3647312677596148
2025-06-29 16:13:26+00:00,17278280,70123609061,51382723262521925593527,0,56569048180876918,1.36473126779848
2025-06-29 16:13:30+00:00,17278284,70123609127,51382723311359955093575,0,56569048234119431,1.3647312677858146
2025-06-29 16:13:34+00:00,17278288,70123609059,51382723260959982850834,0,56569048178632328,1.364731267801042
2025-06-29 16:13:38+00:00,17278292,70123609060,51382723260959982850833,0,56569048178632328,1.3647312678205037
2025-06-29 16:14:23+00:00,17278337,70123609059,51382723261959982850833,0,56569048178632328,1.3647312677744816
2025-06-29 16:14:27+00:00,17278341,70123609058,51382723262959982850833,0,56569048178632328,1.3647312677284598
2025-06-29 16:14:35+00:00,17278349,70123609045,51382723252944611279489,0,56569048167606053,1.364731267741466
2025-06-29 16:15:15+00:00,17278389,70123472982,51382823252944611279489,0,56569048167606053,1.3647259637096996
2025-06-29 16:15:19+00:00,17278393,70123336920,51382923252944611279489,0,56569048167606053,1.3647206597180401
2025-06-29 16:15:27+00:00,17278401,70123474729,51382822576441462240372,0,56569048167606053,1.364726015677289
2025-06-29 16:15:31+00:00,17278405,70123474730,51382822577174210050930,0,56569048168412759,1.364726015677289
2025-06-29 16:15:35+00:00,17278409,70123474729,51382822576265889613503,0,56569048167412759,1.364726015681952
2025-06-29 16:16:09+00:00,17278443,70123474730,51382822575535340046389,0,56569048167412759,1.3647260157208172
2025-06-29 16:16:14+00:00,17278448,70123474731,51382822574804790479296,0,56569048167412759,1.3647260157596823
2025-06-29 16:16:22+00:00,17278456,70123474663,51382822524404720812200,0,56569048111925656,1.3647260157749068
2025-06-29 16:16:26+00:00,17278460,70123474664,51382822524404720812199,0,56569048111925656,1.3647260157943686
2025-06-29 16:17:11+00:00,17278505,70123474663,51382822525404720812199,0,56569048111925656,1.364726015748347
2025-06-29 16:17:19+00:00,17278513,70123474676,51382822535404720812199,0,56569048122412837,1.3647260157357501
2025-06-29 16:18:04+00:00,17278558,70123338614,51382922535404720812199,0,56569048122412837,1.3647207117439153
2025-06-29 16:18:08+00:00,17278562,70123202552,51383022535404720812199,0,56569048122412837,1.3647154077727255
2025-06-29 16:18:12+00:00,17278566,70123340361,51382921858514130574602,0,56569048122412837,1.3647207637216254
2025-06-29 16:18:16+00:00,17278570,70123478170,51382821182018653950480,0,56569048122412837,1.3647261196810192
2025-06-29 16:18:21+00:00,17278575,70123478171,51382821182751401705197,0,56569048123219543,1.3647261196810192
2025-06-29 16:18:56+00:00,17278610,70123478172,51382821182020852193755,0,56569048123219543,1.3647261197198843
2025-06-29 16:19:00+00:00,17278614,70123478173,51382821181290302682334,0,56569048123219543,1.3647261197587495
2025-06-29 16:19:08+00:00,17278622,70123478105,51382821130890234342727,0,56569048067732440,1.3647261197739742
2025-06-29 16:19:12+00:00,17278626,70123478106,51382821130890234342726,0,56569048067732440,1.364726119793436
2025-06-29 16:19:58+00:00,17278672,70123478105,51382821131890234342726,0,56569048067732440,1.3647261197474143
2025-06-29 16:20:06+00:00,17278680,70123478118,51382821141890234342726,0,56569048078219621,1.3647261197348175
2025-06-29 16:20:10+00:00,17278684,70123478105,51382821131874843675327,0,56569048067193346,1.364726119747823
2025-06-29 16:20:50+00:00,17278724,70123342043,51382921131874843675327,0,56569048067193346,1.364720815755641
2025-06-29 16:20:58+00:00,17278732,70123479852,51382820455383205635496,0,56569048067193346,1.3647261717151107
2025-06-29 16:21:02+00:00,17278736,70123617661,51382719779286678857461,0,56569048067193346,1.3647315276850744
2025-06-29 16:21:06+00:00,17278740,70123617662,51382719780019423708527,0,56569048068000050,1.3647315276850744
2025-06-29 16:21:10+00:00,17278744,70123617661,51382719779111105086686,0,56569048067000050,1.3647315276897376
2025-06-29 16:21:45+00:00,17278779,70123617662,51382719778380558470186,0,56569048067000050,1.364731527728603
2025-06-29 16:21:53+00:00,17278787,70123617728,51382719827218587970234,0,56569048120242556,1.364731527715937
2025-06-29 16:22:00+00:00,17278794,70123617729,51382719827218587970233,0,56569048120242556,1.364731527735399
2025-06-29 16:22:46+00:00,17278840,70123617728,51382719828218587970233,0,56569048120242556,1.364731527689377
2025-06-29 16:22:54+00:00,17278848,70123617741,51382719838218587970233,0,56569048130729716,1.364731527676779
2025-06-29 16:22:59+00:00,17278853,70123617728,51382719828203217057949,0,56569048119703441,1.3647315276897853
2025-06-29 16:23:41+00:00,17278895,70123481665,51382819828203217057949,0,56569048119703441,1.3647262236571596
2025-06-29 16:23:49+00:00,17278903,70123619474,51382719152110522049017,0,56569048119703441,1.3647315796271888
2025-06-29 16:23:56+00:00,17278910,70123619475,51382719152843266872195,0,56569048120510145,1.3647315796271888
2025-06-29 16:24:00+00:00,17278914,70123619474,51382719151934948262284,0,56569048119510145,1.364731579631852
2025-06-29 16:24:33+00:00,17278947,70123619475,51382719151204401673588,0,56569048119510145,1.3647315796707173
2025-06-29 16:24:37+00:00,17278951,70123619476,51382719150473855084913,0,56569048119510145,1.3647315797095825
2025-06-29 16:24:42+00:00,17278956,70123619542,51382719199311884584961,0,56569048172752650,1.3647315796969166
2025-06-29 16:24:49+00:00,17278963,70123619543,51382719199311884584960,0,56569048172752650,1.3647315797163786
2025-06-29 16:25:34+00:00,17279008,70123619542,51382719200311884584960,0,56569048172752650,1.3647315796703565
2025-06-29 16:25:39+00:00,17279013,70123619541,51382719201311884584960,0,56569048172752650,1.3647315796243347
2025-06-29 16:25:47+00:00,17279021,70123619528,51382719191296513804260,0,56569048161726375,1.364731579637341
2025-06-29 16:26:28+00:00,17279062,70123483465,51382819191296513804260,0,56569048161726375,1.3647262756045484
2025-06-29 16:26:35+00:00,17279069,70123621274,51382718515207650958085,0,56569048161726375,1.3647316315746438
2025-06-29 16:26:39+00:00,17279073,70123759083,51382617839513896996153,0,56569048161726375,1.3647369875552335
2025-06-29 16:26:43+00:00,17279077,70123759084,51382617840246638915745,0,56569048162533078,1.3647369875552335
2025-06-29 16:26:47+00:00,17279081,70123759083,51382617839338322097463,0,56569048161533078,1.364736987559897
2025-06-29 16:27:22+00:00,17279116,70123759084,51382617838607778403643,0,56569048161533078,1.3647369875987623
2025-06-29 16:27:26+00:00,17279120,70123759085,51382617837877234709844,0,56569048161533078,1.3647369876376274
2025-06-29 16:27:34+00:00,17279128,70123759017,51382617787477365858619,0,56569048106045975,1.3647369876528577
2025-06-29 16:28:23+00:00,17279177,70123759016,51382617788477365858619,0,56569048106045975,1.3647369876068356
2025-06-29 16:28:31+00:00,17279185,70123759029,51382617798477365858619,0,56569048116533114,1.3647369875942366
2025-06-29 16:29:16+00:00,17279230,70123622965,51382717798477365858619,0,56569048116533114,1.3647316835209908
2025-06-29 16:29:21+00:00,17279235,70123486902,51382817798477365858619,0,56569048116533114,1.3647263794878524
2025-06-29 16:29:29+00:00,17279243,70123624711,51382717122396166491161,0,56569048116533114,1.3647317354580932
2025-06-29 16:29:37+00:00,17279251,70123624710,51382717121487847917079,0,56569048115533114,1.3647317354627564
2025-06-29 16:30:11+00:00,17279285,70123624711,51382717120757301411800,0,56569048115533114,1.3647317355016217
2025-06-29 16:30:19+00:00,17279293,70123624777,51382717169595330911848,0,56569048168775615,1.3647317354889557
2025-06-29 16:30:28+00:00,17279302,70123624778,51382717169595330911847,0,56569048168775615,1.3647317355084176
2025-06-29 16:31:13+00:00,17279347,70123624777,51382717170595330911847,0,56569048168775615,1.3647317354623956
2025-06-29 16:31:18+00:00,17279352,70123624776,51382717171595330911847,0,56569048168775615,1.3647317354163737
2025-06-29 16:31:26+00:00,17279360,70123624763,51382717161579960526069,0,56569048157749340,1.36473173542938
2025-06-29 16:32:06+00:00,17279400,70123488700,51382817161579960526069,0,56569048157749340,1.3647264313960745
2025-06-29 16:32:10+00:00,17279404,70123352638,51382917161579960526069,0,56569048157749340,1.3647211274028763
2025-06-29 16:32:19+00:00,17279413,70123490447,51382816485111312904550,0,56569048157749340,1.3647264833627597
2025-06-29 16:32:27+00:00,17279421,70123490446,51382816484202992574645,0,56569048156749340,1.3647264833674229
2025-06-29 16:33:01+00:00,17279455,70123490447,51382816483472443257887,0,56569048156749340,1.364726483406288
2025-06-29 16:33:09+00:00,17279463,70123490513,51382816532310472757935,0,56569048209991943,1.3647264833936272
2025-06-29 16:33:14+00:00,17279468,70123490445,51382816481910409055700,0,56569048154504840,1.3647264834088522
2025-06-29 16:34:02+00:00,17279516,70123490444,51382816482910409055700,0,56569048154504840,1.3647264833628303
2025-06-29 16:34:10+00:00,17279524,70123490457,51382816492910409055700,0,56569048164992019,1.3647264833502335
2025-06-29 16:34:15+00:00,17279529,70123490444,51382816482895019309829,0,56569048153965744,1.364726483363239
2025-06-29 16:34:56+00:00,17279570,70123354382,51382916482895019309829,0,56569048153965744,1.3647211793698695
2025-06-29 16:35:03+00:00,17279577,70123492191,51382815806430205326095,0,56569048153965744,1.3647265353298237
2025-06-29 16:35:07+00:00,17279581,70123630000,51382715130360502429360,0,56569048153965744,1.3647318913002722
2025-06-29 16:35:12+00:00,17279586,70123630001,51382715131093247085196,0,56569048154772448,1.3647318913002722
2025-06-29 16:35:49+00:00,17279623,70123630002,51382715130362700663338,0,56569048154772448,1.3647318913391373
2025-06-29 16:35:53+00:00,17279627,70123630003,51382715129632154241501,0,56569048154772448,1.3647318913780027
2025-06-29 16:36:01+00:00,17279635,70123629935,51382715079232189953309,0,56569048099285345,1.3647318913932303
2025-06-29 16:36:51+00:00,17279685,70123629934,51382715080232189953309,0,56569048099285345,1.3647318913472084
2025-06-29 16:36:58+00:00,17279692,70123629947,51382715090232189953309,0,56569048109772503,1.3647318913346103
2025-06-29 16:37:02+00:00,17279696,70123629934,51382715080216819962778,0,56569048098746228,1.3647318913476165
2025-06-29 16:37:43+00:00,17279737,70123493871,51382815080216819962778,0,56569048098746228,1.364726587313793
2025-06-29 16:37:51+00:00,17279745,70123631680,51382714404150951925939,0,56569048098746228,1.364731943284317
2025-06-29 16:37:58+00:00,17279752,70123631681,51382714404883696553864,0,56569048099552932,1.364731943284317
2025-06-29 16:38:02+00:00,17279756,70123631680,51382714403975378027549,0,56569048098552932,1.3647319432889804
2025-06-29 16:38:37+00:00,17279791,70123631681,51382714403244831633521,0,56569048098552932,1.3647319433278455
2025-06-29 16:38:45+00:00,17279799,70123631747,51382714452082861133569,0,56569048151795427,1.3647319433151794
2025-06-29 16:38:49+00:00,17279803,70123631679,51382714401682897507315,0,56569048096308324,1.3647319433304073
2025-06-29 16:38:53+00:00,17279807,70123631680,51382714401682897507314,0,56569048096308324,1.364731943349869
2025-06-29 16:39:39+00:00,17279853,70123631679,51382714402682897507314,0,56569048096308324,1.364731943303847
2025-06-29 16:39:47+00:00,17279861,70123631692,51382714412682897507314,0,56569048106795482,1.364731943291249
2025-06-29 16:39:52+00:00,17279866,70123631679,51382714402667527648322,0,56569048095769207,1.3647319433042553
2025-06-29 16:40:33+00:00,17279907,70123495616,51382814402667527648322,0,56569048095769207,1.3647266392702606
2025-06-29 16:40:37+00:00,17279911,70123359554,51382914402667527648322,0,56569048095769207,1.364721335276373
2025-06-29 16:40:42+00:00,17279916,70123497363,51382813726214214983821,0,56569048095769207,1.3647266912365439
2025-06-29 16:40:50+00:00,17279924,70123497364,51382813726946962431659,0,56569048096575913,1.3647266912365439
2025-06-29 16:40:54+00:00,17279928,70123497363,51382813726038642149529,0,56569048095575913,1.3647266912412073
2025-06-29 16:41:28+00:00,17279962,70123497364,51382813725308092944048,0,56569048095575913,1.3647266912800724
2025-06-29 16:41:33+00:00,17279967,70123497365,51382813724577543738588,0,56569048095575913,1.3647266913189375
2025-06-29 16:41:42+00:00,17279976,70123497297,51382813674177482688446,0,56569048040088810,1.3647266913341625
2025-06-29 16:42:33+00:00,17280027,70123497296,51382813675177482688446,0,56569048040088810,1.3647266912881408
2025-06-29 16:42:41+00:00,17280035,70123497309,51382813685177482688446,0,56569048050575988,1.3647266912755438
2025-06-29 16:43:26+00:00,17280080,70123361247,51382913685177482688446,0,56569048050575988,1.3647213872814807
2025-06-29 16:43:31+00:00,17280085,70123225185,51383013685177482688446,0,56569048050575988,1.3647160833080627
2025-06-29 16:43:39+00:00,17280093,70123362994,51382913008336727512641,0,56569048050575988,1.364721439257885
2025-06-29 16:43:47+00:00,17280101,70123362993,51382913007428405474724,0,56569048049575988,1.3647214392625482
2025-06-29 16:44:22+00:00,17280136,70123362994,51382913006697853457806,0,56569048049575988,1.3647214393014133
2025-06-29 16:44:30+00:00,17280144,70123363060,51382913055535882957854,0,56569048102818687,1.3647214392887572
2025-06-29 16:44:34+00:00,17280148,70123362992,51382913005135724483021,0,56569048047331584,1.3647214393039797
2025-06-29 16:44:39+00:00,17280153,70123362993,51382913005135724483020,0,56569048047331584,1.3647214393234415
2025-06-29 16:45:25+00:00,17280199,70123362992,51382913006135724483020,0,56569048047331584,1.3647214392774198
2025-06-29 16:45:29+00:00,17280203,70123362991,51382913007135724483020,0,56569048047331584,1.3647214392313982
2025-06-29 16:45:34+00:00,17280208,70123363004,51382913017135724483020,0,56569048057818782,1.3647214392188023
2025-06-29 16:46:18+00:00,17280252,70123226942,51383013017135724483020,0,56569048057818782,1.3647161352452142
2025-06-29 16:46:23+00:00,17280257,70123090881,51383113017135724483020,0,56569048057818782,1.3647108313117324
2025-06-29 16:46:31+00:00,17280265,70123228690,51383012339907521746566,0,56569048057818782,1.3647161872512008
2025-06-29 16:46:39+00:00,17280273,70123228689,51383012338999197952831,0,56569048056818782,1.364716187255864
2025-06-29 16:47:14+00:00,17280308,70123228690,51383012338268643124439,0,56569048056818782,1.3647161872947289
2025-06-29 16:47:22+00:00,17280316,70123228756,51383012387106672624487,0,56569048110061583,1.3647161872820779
2025-06-29 16:47:30+00:00,17280324,70123228757,51383012387106672624486,0,56569048110061583,1.3647161873015397
2025-06-29 16:48:16+00:00,17280370,70123228756,51383012388106672624486,0,56569048110061583,1.3647161872555182
2025-06-29 16:48:24+00:00,17280378,70123228769,51383012398106672624486,0,56569048120548801,1.3647161872429234
2025-06-29 16:48:28+00:00,17280382,70123228756,51383012388091244685473,0,56569048109522526,1.364716187255928
2025-06-29 16:49:09+00:00,17280423,70123092695,51383112388091244685473,0,56569048109522526,1.36471088332228
2025-06-29 16:49:17+00:00,17280431,70123230504,51383011710866878857535,0,56569048109522526,1.3647162392618142
2025-06-29 16:49:21+00:00,17280435,70123368313,51382911034037628571995,0,56569048109522526,1.364721595211842
2025-06-29 16:49:25+00:00,17280439,70123368314,51382911034770378755994,0,56569048110329233,1.364721595211842
2025-06-29 16:49:30+00:00,17280444,70123368313,51382911033862056753924,0,56569048109329233,1.3647215952165053
2025-06-29 16:50:04+00:00,17280478,70123368314,51382911033131504820490,0,56569048109329233,1.3647215952553704
2025-06-29 16:50:12+00:00,17280486,70123368380,51382911081969534320538,0,56569048162571928,1.364721595242714
2025-06-29 16:50:20+00:00,17280494,70123368381,51382911081969534320537,0,56569048162571928,1.3647215952621758
2025-06-29 16:51:06+00:00,17280540,70123368380,51382911082969534320537,0,56569048162571928,1.3647215952161544
2025-06-29 16:51:14+00:00,17280548,70123368393,51382911092969534320537,0,56569048173059125,1.3647215952035585
2025-06-29 16:51:19+00:00,17280553,70123368380,51382911082954126136925,0,56569048162032850,1.3647215952165637
2025-06-29 16:51:59+00:00,17280593,70123232318,51383011082954126136925,0,56569048162032850,1.3647162912424722
2025-06-29 16:52:04+00:00,17280598,70123096257,51383111082954126136925,0,56569048162032850,1.3647109873084873
2025-06-29 16:52:12+00:00,17280606,70123234066,51383010405737431551561,0,56569048162032850,1.3647163432481573
2025-06-29 16:52:19+00:00,17280613,70123234065,51383010404829107793690,0,56569048161032850,1.3647163432528204
2025-06-29 16:52:52+00:00,17280646,70123234066,51383010404098553048805,0,56569048161032850,1.3647163432916853
2025-06-29 16:52:59+00:00,17280653,70123234132,51383010452936582548853,0,56569048214275647,1.3647163432790341
2025-06-29 16:53:03+00:00,17280657,70123234064,51383010402536328638754,0,56569048158788544,1.3647163432942542
2025-06-29 16:53:08+00:00,17280662,70123234065,51383010402536328638753,0,56569048158788544,1.3647163433137157
2025-06-29 16:53:54+00:00,17280708,70123234064,51383010403536328638753,0,56569048158788544,1.3647163432676945
2025-06-29 16:54:02+00:00,17280716,70123234077,51383010413536328638753,0,56569048169275761,1.3647163432550995
2025-06-29 16:54:48+00:00,17280762,70123098016,51383110413536328638753,0,56569048169275761,1.3647110393209443
2025-06-29 16:54:56+00:00,17280770,70123235825,51383009736323471102043,0,56569048169275761,1.364716395260684
2025-06-29 16:55:04+00:00,17280778,70123235826,51383009737056224078025,0,56569048170082470,1.364716395260684
2025-06-29 16:55:09+00:00,17280783,70123235825,51383009736147900332104,0,56569048169082470,1.3647163952653472
2025-06-29 16:55:43+00:00,17280817,70123235826,51383009735417345615062,0,56569048169082470,1.364716395304212
2025-06-29 16:55:50+00:00,17280824,70123235892,51383009784255375115110,0,56569048222325266,1.3647163952915609
2025-06-29 16:55:54+00:00,17280828,70123235824,51383009733855121868074,0,56569048166838163,1.364716395306781
2025-06-29 16:55:58+00:00,17280832,70123235825,51383009733855121868073,0,56569048166838163,1.3647163953262427
2025-06-29 16:56:42+00:00,17280876,70123235824,51383009734855121868073,0,56569048166838163,1.3647163952802213
2025-06-29 16:56:46+00:00,17280880,70123235823,51383009735855121868073,0,56569048166838163,1.3647163952341999
2025-06-29 16:56:51+00:00,17280885,70123235836,51383009745855121868073,0,56569048177325380,1.364716395221605
2025-06-29 16:57:38+00:00,17280932,70123099775,51383109745855121868073,0,56569048177325380,1.3647110912872797
2025-06-29 16:57:46+00:00,17280940,70123237584,51383009068646097977244,0,56569048177325380,1.364716447227089
2025-06-29 16:57:54+00:00,17280948,70123237585,51383009069378850925324,0,56569048178132089,1.364716447227089
2025-06-29 16:58:31+00:00,17280985,70123237586,51383009068648296236098,0,56569048178132089,1.364716447265954
2025-06-29 16:58:38+00:00,17280992,70123237652,51383009117486325736146,0,56569048231374884,1.3647164472533027
2025-06-29 16:58:42+00:00,17280996,70123237584,51383009067086073151190,0,56569048175887781,1.3647164472685227
2025-06-29 16:59:31+00:00,17281045,70123237583,51383009068086073151190,0,56569048175887781,1.3647164472225015
2025-06-29 16:59:35+00:00,17281049,70123237582,51383009069086073151190,0,56569048175887781,1.36471644717648
2025-06-29 16:59:43+00:00,17281057,70123237569,51383009059070645870858,0,56569048164861506,1.3647164471894848
2025-06-29 17:00:27+00:00,17281101,70123101508,51383109059070645870858,0,56569048164861506,1.3647111432549874
2025-06-29 17:00:35+00:00,17281109,70123239317,51383008381865455726931,0,56569048164861506,1.3647164991948684
2025-06-29 17:00:43+00:00,17281117,70123239318,51383008382598208647108,0,56569048165668214,1.3647164991948684
2025-06-29 17:01:21+00:00,17281155,70123239319,51383008381867653985702,0,56569048165668214,1.3647164992337333
2025-06-29 17:01:28+00:00,17281162,70123239385,51383008430705683485750,0,56569048218911007,1.3647164992210818
2025-06-29 17:01:33+00:00,17281167,70123239317,51383008380305431563334,0,56569048163423904,1.3647164992363021
2025-06-29 17:02:21+00:00,17281215,70123239316,51383008381305431563334,0,56569048163423904,1.3647164991902807
2025-06-29 17:02:29+00:00,17281223,70123239329,51383008391305431563334,0,56569048173911120,1.3647164991776857
2025-06-29 17:02:34+00:00,17281228,70123239316,51383008381290004414763,0,56569048162884845,1.3647164991906904
2025-06-29 17:03:14+00:00,17281268,70123103255,51383108381290004414763,0,56569048162884845,1.364711195256022
2025-06-29 17:03:19+00:00,17281273,70122967194,51383208381290004414763,0,56569048162884845,1.364705891341998
2025-06-29 17:03:23+00:00,17281277,70123105003,51383107703697370053451,0,56569048162884845,1.3647112472715262
2025-06-29 17:03:31+00:00,17281285,70123105004,51383107704430125793538,0,56569048163691555,1.3647112472715262
2025-06-29 17:04:09+00:00,17281323,70123105005,51383107703699568320682,0,56569048163691555,1.364711247310391
2025-06-29 17:04:17+00:00,17281331,70123105071,51383107752537597820730,0,56569048216934450,1.3647112472977447
2025-06-29 17:04:25+00:00,17281339,70123105072,51383107752537597820729,0,56569048216934450,1.3647112473172063
2025-06-29 17:05:09+00:00,17281383,70123105071,51383107753537597820729,0,56569048216934450,1.364711247271185
2025-06-29 17:05:17+00:00,17281391,70123105084,51383107763537597820729,0,56569048227421687,1.3647112472585914
2025-06-29 17:06:01+00:00,17281435,70122969023,51383207763537597820729,0,56569048227421687,1.3647059433444024
2025-06-29 17:06:05+00:00,17281439,70122832963,51383307763537597820729,0,56569048227421687,1.3647006394703196
2025-06-29 17:06:09+00:00,17281443,70122970772,51383207085557519307349,0,56569048227421687,1.3647059953894887
2025-06-29 17:06:14+00:00,17281448,70123108581,51383106407972560765717,0,56569048227421687,1.3647113513191518
2025-06-29 17:06:22+00:00,17281456,70123108580,51383106407064235311816,0,56569048226421687,1.3647113513238147
2025-06-29 17:06:56+00:00,17281490,70123108581,51383106406333677894661,0,56569048226421687,1.3647113513626796
2025-06-29 17:07:04+00:00,17281498,70123108647,51383106455171707394709,0,56569048279664580,1.3647113513500333
2025-06-29 17:07:09+00:00,17281503,70123108579,51383106404771359376781,0,56569048224177477,1.364711351365251
2025-06-29 17:07:57+00:00,17281551,70123108578,51383106405771359376781,0,56569048224177477,1.3647113513192297
2025-06-29 17:08:01+00:00,17281555,70123108577,51383106406771359376781,0,56569048224177477,1.3647113512732085
2025-06-29 17:08:05+00:00,17281559,70123108590,51383106416771359376781,0,56569048234664713,1.3647113512606146
2025-06-29 17:08:09+00:00,17281563,70123108577,51383106406755913132126,0,56569048223638438,1.3647113512736189
2025-06-29 17:08:50+00:00,17281604,70122972516,51383206406755913132126,0,56569048223638438,1.3647060473590875
2025-06-29 17:08:58+00:00,17281612,70123110325,51383105729174788505506,0,56569048223638438,1.3647114032888212
2025-06-29 17:09:06+00:00,17281620,70123110326,51383105729907544161822,0,56569048224445148,1.3647114032888212
2025-06-29 17:09:44+00:00,17281658,70123110327,51383105729176986772485,0,56569048224445148,1.3647114033276861
2025-06-29 17:09:52+00:00,17281666,70123110393,51383105778015016272533,0,56569048277688039,1.3647114033150398
2025-06-29 17:10:00+00:00,17281674,70123110394,51383105778015016272532,0,56569048277688039,1.3647114033345014
2025-06-29 17:10:45+00:00,17281719,70123110393,51383105779015016272532,0,56569048277688039,1.3647114032884802
2025-06-29 17:10:53+00:00,17281727,70123110406,51383105789015016272532,0,56569048288175275,1.3647114032758862
2025-06-29 17:11:37+00:00,17281771,70122974345,51383205789015016272532,0,56569048288175275,1.36470609936119
2025-06-29 17:11:45+00:00,17281779,70123112154,51383105111437727958273,0,56569048288175275,1.3647114552909883
2025-06-29 17:11:50+00:00,17281784,70123249963,51383004434255557238339,0,56569048288175275,1.3647168112312806
2025-06-29 17:11:58+00:00,17281792,70123249962,51383004433347233588055,0,56569048287175275,1.3647168112359438
2025-06-29 17:12:32+00:00,17281826,70123249963,51383004432616679093689,0,56569048287175275,1.3647168112748087
2025-06-29 17:12:40+00:00,17281834,70123250029,51383004481454708593737,0,56569048340418060,1.364716811262157
2025-06-29 17:12:48+00:00,17281842,70123250030,51383004481454708593736,0,56569048340418060,1.3647168112816188
2025-06-29 17:13:33+00:00,17281887,70123250029,51383004482454708593736,0,56569048340418060,1.3647168112355974
2025-06-29 17:13:37+00:00,17281891,70123250028,51383004483454708593736,0,56569048340418060,1.364716811189576
2025-06-29 17:13:46+00:00,17281900,70123250015,51383004473439282236352,0,56569048329391785,1.3647168112025807
2025-06-29 17:14:27+00:00,17281941,70123113953,51383104473439282236352,0,56569048329391785,1.36471150724744
2025-06-29 17:14:32+00:00,17281946,70122977892,51383204473439282236352,0,56569048329391785,1.3647062033324056
2025-06-29 17:14:39+00:00,17281953,70123115701,51383103795869664112532,0,56569048329391785,1.364711559262341
2025-06-29 17:14:47+00:00,17281961,70123115700,51383103794961338706443,0,56569048328391785,1.364711559267004
2025-06-29 17:15:21+00:00,17281995,70123115701,51383103794230781400604,0,56569048328391785,1.364711559305869
2025-06-29 17:15:26+00:00,17282000,70123115702,51383103793500224094786,0,56569048328391785,1.3647115593447339
2025-06-29 17:15:34+00:00,17282008,70123115634,51383103743099878731036,0,56569048272904682,1.3647115593599515
2025-06-29 17:16:22+00:00,17282056,70123115633,51383103744099878731036,0,56569048272904682,1.3647115593139303
2025-06-29 17:16:30+00:00,17282064,70123115646,51383103754099878731036,0,56569048283391917,1.3647115593013364
2025-06-29 17:16:35+00:00,17282069,70123115633,51383103744084433014009,0,56569048272365642,1.3647115593143406
2025-06-29 17:17:15+00:00,17282109,70122979572,51383203744084433014009,0,56569048272365642,1.3647062553991296
2025-06-29 17:17:19+00:00,17282113,70122843512,51383303744084433014009,0,56569048272365642,1.3647009515240245
2025-06-29 17:17:24+00:00,17282118,70122981321,51383203066127375585325,0,56569048272365642,1.3647063074436125
2025-06-29 17:17:32+00:00,17282126,70122981322,51383203066860133977768,0,56569048273172353,1.3647063074436125
2025-06-29 17:18:09+00:00,17282163,70122981323,51383203066129573860513,0,56569048273172353,1.3647063074824775
2025-06-29 17:18:17+00:00,17282171,70122981389,51383203114967603360561,0,56569048326415342,1.3647063074698358
2025-06-29 17:18:25+00:00,17282179,70122981390,51383203114967603360560,0,56569048326415342,1.3647063074892973
2025-06-29 17:19:09+00:00,17282223,70122981389,51383203115967603360560,0,56569048326415342,1.3647063074432764
2025-06-29 17:19:17+00:00,17282231,70122981402,51383203125967603360560,0,56569048336902597,1.3647063074306836
2025-06-29 17:19:21+00:00,17282235,70122981389,51383203115952138283730,0,56569048325876322,1.3647063074436871
2025-06-29 17:20:01+00:00,17282275,70122845329,51383303115952138283730,0,56569048325876322,1.364701003568416
2025-06-29 17:20:05+00:00,17282279,70122709269,51383403115952138283730,0,56569048325876322,1.3646956997137891
2025-06-29 17:20:09+00:00,17282283,70122847078,51383302437607638431000,0,56569048325876322,1.3647010556230192
2025-06-29 17:20:13+00:00,17282287,70122984887,51383201759658260677200,0,56569048325876322,1.3647064115427434
2025-06-29 17:20:17+00:00,17282291,70122984888,51383201760391019013749,0,56569048326683033,1.3647064115427434
2025-06-29 17:20:22+00:00,17282296,70122984887,51383201759482691875848,0,56569048325683033,1.3647064115474064
2025-06-29 17:20:54+00:00,17282328,70122984888,51383201758752131814322,0,56569048325683033,1.3647064115862713
2025-06-29 17:21:02+00:00,17282336,70122984954,51383201807590161314370,0,56569048378926020,1.3647064115736294
2025-06-29 17:21:10+00:00,17282344,70122984955,51383201807590161314369,0,56569048378926020,1.3647064115930911
2025-06-29 17:21:54+00:00,17282388,70122984954,51383201808590161314369,0,56569048378926020,1.3647064115470702
2025-06-29 17:21:59+00:00,17282393,70122984953,51383201809590161314369,0,56569048378926020,1.364706411501049
2025-06-29 17:22:07+00:00,17282401,70122984940,51383201799574696501564,0,56569048367899745,1.3647064115140528
2025-06-29 17:22:48+00:00,17282442,70122848880,51383301799574696501564,0,56569048367899745,1.3647011076384432
2025-06-29 17:22:56+00:00,17282450,70122986689,51383201121629156071026,0,56569048367899745,1.3647064635582338
2025-06-29 17:23:04+00:00,17282458,70122986690,51383201122361914379646,0,56569048368706456,1.3647064635582338
2025-06-29 17:23:41+00:00,17282495,70122986691,51383201121631354345963,0,56569048368706456,1.3647064635970987
2025-06-29 17:23:48+00:00,17282502,70122986757,51383201170469383846011,0,56569048421949441,1.364706463584457
2025-06-29 17:23:56+00:00,17282510,70122986758,51383201170469383846010,0,56569048421949441,1.3647064636039186
2025-06-29 17:24:41+00:00,17282555,70122986757,51383201171469383846010,0,56569048421949441,1.3647064635578976
2025-06-29 17:24:45+00:00,17282559,70122986756,51383201172469383846010,0,56569048421949441,1.3647064635118764
2025-06-29 17:24:50+00:00,17282564,70122986769,51383201182469383846010,0,56569048432436695,1.3647064634992836
2025-06-29 17:25:33+00:00,17282607,70122850709,51383301182469383846010,0,56569048432436695,1.3647011596235092
2025-06-29 17:25:38+00:00,17282612,70122714649,51383401182469383846010,0,56569048432436695,1.364695855768379
2025-06-29 17:25:46+00:00,17282620,70122852458,51383300504136396666265,0,56569048432436695,1.3647012116778106
2025-06-29 17:25:54+00:00,17282628,70122852457,51383300503228067784518,0,56569048431436695,1.3647012116824737
2025-06-29 17:26:28+00:00,17282662,70122852458,51383300502497504939369,0,56569048431436695,1.3647012117213384
2025-06-29 17:26:36+00:00,17282670,70122852524,51383300551335534439417,0,56569048484679782,1.3647012117087016
2025-06-29 17:26:41+00:00,17282675,70122852456,51383300500934996220288,0,56569048429192679,1.3647012117239143
2025-06-29 17:27:29+00:00,17282723,70122852455,51383300501934996220288,0,56569048429192679,1.3647012116778934
2025-06-29 17:27:33+00:00,17282727,70122852454,51383300502934996220288,0,56569048429192679,1.3647012116318726
2025-06-29 17:27:37+00:00,17282731,70122852467,51383300512934996220288,0,56569048439679953,1.3647012116192807
2025-06-29 17:28:21+00:00,17282775,70122716407,51383400512934996220288,0,56569048439679953,1.3646959077639804
2025-06-29 17:28:25+00:00,17282779,70122580348,51383500512934996220288,0,56569048439679953,1.3646906039487856
2025-06-29 17:28:29+00:00,17282783,70122718157,51383399834214563032859,0,56569048439679953,1.3646959598478636
2025-06-29 17:28:33+00:00,17282787,70122855966,51383299155889254146183,0,56569048439679953,1.3647013157574357
2025-06-29 17:28:37+00:00,17282791,70122855967,51383299156622015218846,0,56569048440486666,1.3647013157574357
2025-06-29 17:28:41+00:00,17282795,70122855966,51383299155713686361049,0,56569048439486666,1.3647013157620986
2025-06-29 17:29:15+00:00,17282829,70122855967,51383299154983123571617,0,56569048439486666,1.3647013158009633
2025-06-29 17:29:20+00:00,17282834,70122855968,51383299154252560782205,0,56569048439486666,1.3647013158398282
2025-06-29 17:29:28+00:00,17282842,70122855900,51383299103852023893173,0,56569048383999563,1.364701315855041
2025-06-29 17:30:16+00:00,17282890,70122855899,51383299104852023893173,0,56569048383999563,1.36470131580902
2025-06-29 17:30:21+00:00,17282895,70122855898,51383299105852023893173,0,56569048383999563,1.3647013157629992
2025-06-29 17:30:29+00:00,17282903,70122855885,51383299095836540116561,0,56569048372973288,1.3647013157760024
2025-06-29 17:31:10+00:00,17282944,70122719825,51383399095836540116561,0,56569048372973288,1.364696011920353
2025-06-29 17:31:19+00:00,17282953,70122857634,51383298417515072792092,0,56569048372973288,1.364701367830002
2025-06-29 17:31:27+00:00,17282961,70122857635,51383298418247833836795,0,56569048373780001,1.364701367830002
2025-06-29 17:31:31+00:00,17282965,70122857634,51383298417339504990980,0,56569048372780001,1.3647013678346651
2025-06-29 17:32:04+00:00,17282998,70122857635,51383298416608942229424,0,56569048372780001,1.3647013678735298
2025-06-29 17:32:12+00:00,17283006,70122857701,51383298465446971729472,0,56569048426023084,1.3647013678608928
2025-06-29 17:32:20+00:00,17283014,70122857702,51383298465446971729471,0,56569048426023084,1.3647013678803543
2025-06-29 17:33:05+00:00,17283059,70122857701,51383298466446971729471,0,56569048426023084,1.3647013678343336
2025-06-29 17:33:13+00:00,17283067,70122857714,51383298476446971729471,0,56569048436510358,1.3647013678217417
2025-06-29 17:33:58+00:00,17283112,70122721654,51383398476446971729471,0,56569048436510358,1.3646960639659271
2025-06-29 17:34:06+00:00,17283120,70122859463,51383297798129343980830,0,56569048436510358,1.3647014198756406
2025-06-29 17:34:10+00:00,17283124,70122997272,51383197120206838155871,0,56569048436510358,1.3647067757958484
2025-06-29 17:34:14+00:00,17283128,70122997273,51383197120939596296840,0,56569048437317069,1.3647067757958484
2025-06-29 17:34:18+00:00,17283132,70122997272,51383197120031269242729,0,56569048436317069,1.3647067758005114
2025-06-29 17:34:52+00:00,17283166,70122997273,51383197119300709376196,0,56569048436317069,1.3647067758393763
2025-06-29 17:34:56+00:00,17283170,70122997274,51383197118570149509684,0,56569048436317069,1.3647067758782412
2025-06-29 17:35:01+00:00,17283175,70122997340,51383197167408179009732,0,56569048489560046,1.364706775865599
2025-06-29 17:35:08+00:00,17283182,70122997341,51383197167408179009731,0,56569048489560046,1.3647067758850606
2025-06-29 17:35:54+00:00,17283228,70122997340,51383197168408179009731,0,56569048489560046,1.3647067758390397
2025-06-29 17:36:02+00:00,17283236,70122997353,51383197178408179009731,0,56569048500047299,1.3647067758264466
2025-06-29 17:36:46+00:00,17283280,70122861292,51383297178408179009731,0,56569048500047299,1.3647014719301895
2025-06-29 17:36:54+00:00,17283288,70122999101,51383196500489513392263,0,56569048500047299,1.364706827850462
2025-06-29 17:37:02+00:00,17283296,70122999102,51383196501222271505282,0,56569048500854010,1.364706827850462
2025-06-29 17:37:41+00:00,17283335,70122999103,51383196500491711666613,0,56569048500854010,1.3647068278893268
2025-06-29 17:37:49+00:00,17283343,70122999169,51383196549329741166661,0,56569048554096986,1.3647068278766847
2025-06-29 17:37:57+00:00,17283351,70122999170,51383196549329741166660,0,56569048554096986,1.3647068278961463
2025-06-29 17:38:43+00:00,17283397,70122999169,51383196550329741166660,0,56569048554096986,1.3647068278501253
2025-06-29 17:38:51+00:00,17283405,70122999182,51383196560329741166660,0,56569048564584238,1.3647068278375323
2025-06-29 17:39:36+00:00,17283450,70122863121,51383296560329741166660,0,56569048564584238,1.3647015239411102
2025-06-29 17:39:44+00:00,17283458,70123000930,51383195882414912537803,0,56569048564584238,1.3647068798614468
2025-06-29 17:39:51+00:00,17283465,70123000931,51383195883147670622895,0,56569048565390949,1.3647068798614468
2025-06-29 17:39:56+00:00,17283470,70123000930,51383195882239343592722,0,56569048564390949,1.36470687986611
2025-06-29 17:40:30+00:00,17283504,70123000931,51383195881508783781898,0,56569048564390949,1.3647068799049746
2025-06-29 17:40:38+00:00,17283512,70123000997,51383195930346813281946,0,56569048617633924,1.3647068798923325
2025-06-29 17:40:46+00:00,17283520,70123000998,51383195930346813281945,0,56569048617633924,1.3647068799117943
2025-06-29 17:41:33+00:00,17283567,70123000997,51383195931346813281945,0,56569048617633924,1.364706879865773
2025-06-29 17:41:41+00:00,17283575,70123001010,51383195941346813281945,0,56569048628121176,1.36470687985318
2025-06-29 17:42:26+00:00,17283619,70122864949,51383295941346813281945,0,56569048628121176,1.3647015759565928
2025-06-29 17:42:30+00:00,17283623,70122728889,51383395941346813281945,0,56569048628121176,1.3646962721001117
2025-06-29 17:42:34+00:00,17283627,70122866698,51383295263044540284529,0,56569048628121176,1.3647016280100894
2025-06-29 17:42:38+00:00,17283631,70123004507,51383194585137389109766,0,56569048628121176,1.3647069839305614
2025-06-29 17:42:43+00:00,17283636,70123004508,51383194585870147138980,0,56569048628927887,1.3647069839305614
2025-06-29 17:43:19+00:00,17283672,70123004509,51383194585139587383864,0,56569048628927887,1.3647069839694261
2025-06-29 17:43:23+00:00,17283676,70123004510,51383194584409027628769,0,56569048628927887,1.364706984008291
2025-06-29 17:43:27+00:00,17283680,70123004576,51383194633247057128817,0,56569048682170859,1.3647069839956487
2025-06-29 17:43:35+00:00,17283688,70123004577,51383194633247057128816,0,56569048682170859,1.3647069840151105
2025-06-29 17:44:21+00:00,17283734,70123004576,51383194634247057128816,0,56569048682170859,1.3647069839690895
2025-06-29 17:44:25+00:00,17283738,70123004575,51383194635247057128816,0,56569048682170859,1.3647069839230683
2025-06-29 17:44:30+00:00,17283743,70123004588,51383194645247057128816,0,56569048692658111,1.3647069839104753
2025-06-29 17:45:15+00:00,17283788,70122868527,51383294645247057128816,0,56569048692658111,1.3647016800135519
2025-06-29 17:45:20+00:00,17283793,70122732467,51383394645247057128816,0,56569048692658111,1.3646963761567341
2025-06-29 17:45:28+00:00,17283801,70122870276,51383293966952460732988,0,56569048692658111,1.364701732066847
2025-06-29 17:45:36+00:00,17283809,70122870275,51383293966044131970981,0,56569048691658111,1.36470173207151
2025-06-29 17:46:09+00:00,17283842,70122870276,51383293965313569404411,0,56569048691658111,1.364701732110375
2025-06-29 17:46:13+00:00,17283846,70122870277,51383293964583006837861,0,56569048691658111,1.3647017321492396
2025-06-29 17:46:18+00:00,17283851,70122870343,51383294013421036337909,0,56569048744901185,1.3647017321366024
2025-06-29 17:46:26+00:00,17283859,70122870344,51383294013421036337908,0,56569048744901185,1.364701732156064
2025-06-29 17:47:11+00:00,17283904,70122870343,51383294014421036337908,0,56569048744901185,1.3647017321100432
2025-06-29 17:47:16+00:00,17283909,70122870342,51383294015421036337908,0,56569048744901185,1.3647017320640222
2025-06-29 17:47:24+00:00,17283917,70122870329,51383294005405553617405,0,56569048733874910,1.3647017320770254
2025-06-29 17:48:03+00:00,17283956,70122734269,51383394005405553617405,0,56569048733874910,1.3646964282200404
2025-06-29 17:48:08+00:00,17283961,70122598210,51383494005405553617405,0,56569048733874910,1.3646911244031612
2025-06-29 17:48:16+00:00,17283969,70122736019,51383393326723516379845,0,56569048733874910,1.3646964803029176
2025-06-29 17:48:20+00:00,17283973,70122736020,51383393327456280048861,0,56569048734681624,1.3646964803029176
2025-06-29 17:48:25+00:00,17283978,70122736019,51383393326547949531082,0,56569048733681624,1.3646964803075803
2025-06-29 17:48:58+00:00,17284011,70122736020,51383393325817384153086,0,56569048733681624,1.364696480346445
2025-06-29 17:49:03+00:00,17284016,70122736021,51383393325086818775111,0,56569048733681624,1.3646964803853097
2025-06-29 17:49:11+00:00,17284024,70122735953,51383393274686189778481,0,56569048678194521,1.3646964804005202
2025-06-29 17:49:58+00:00,17284071,70122735952,51383393275686189778481,0,56569048678194521,1.3646964803544994
2025-06-29 17:50:06+00:00,17284079,70122735965,51383393285686189778481,0,56569048688681813,1.3646964803419086
2025-06-29 17:50:51+00:00,17284124,70122599906,51383493285686189778481,0,56569048688681813,1.3646911765248535
2025-06-29 17:50:55+00:00,17284128,70122463847,51383593285686189778481,0,56569048688681813,1.3646858727284426
2025-06-29 17:50:59+00:00,17284132,70122601656,51383492606616714534932,0,56569048688681813,1.3646912286178505
2025-06-29 17:51:03+00:00,17284136,70122739465,51383391927942365618445,0,56569048688681813,1.3646965845177526
2025-06-29 17:51:07+00:00,17284140,70122739466,51383391928675129231503,0,56569048689488527,1.3646965845177526
2025-06-29 17:51:44+00:00,17284177,70122739467,51383391927944563909294,0,56569048689488527,1.3646965845566172
2025-06-29 17:51:53+00:00,17284186,70122739533,51383391976782593409342,0,56569048742731700,1.364696584543985
2025-06-29 17:52:01+00:00,17284194,70122739534,51383391976782593409341,0,56569048742731700,1.3646965845634464
2025-06-29 17:52:46+00:00,17284239,70122739533,51383391977782593409341,0,56569048742731700,1.3646965845174257
2025-06-29 17:52:54+00:00,17284247,70122739546,51383391987782593409341,0,56569048753218991,1.3646965845048349
2025-06-29 17:52:59+00:00,17284252,70122739533,51383391977767091593822,0,56569048742192716,1.3646965845178374
2025-06-29 17:53:40+00:00,17284293,70122603474,51383491977767091593822,0,56569048742192716,1.3646912807004448
2025-06-29 17:53:48+00:00,17284301,70122741283,51383391299096585011232,0,56569048742192716,1.3646966366004123
2025-06-29 17:53:56+00:00,17284309,70122741284,51383391299829348596325,0,56569048742999430,1.3646966366004123
2025-06-29 17:54:33+00:00,17284346,70122741285,51383391299098783301998,0,56569048742999430,1.364696636639277
2025-06-29 17:54:37+00:00,17284350,70122741286,51383391298368218007692,0,56569048742999430,1.3646966366781417
2025-06-29 17:54:42+00:00,17284355,70122741352,51383391347206247507740,0,56569048796242602,1.3646966366655093
2025-06-29 17:54:50+00:00,17284363,70122741353,51383391347206247507739,0,56569048796242602,1.3646966366849709
2025-06-29 17:55:35+00:00,17284408,70122741352,51383391348206247507739,0,56569048796242602,1.3646966366389501
2025-06-29 17:55:40+00:00,17284413,70122741351,51383391349206247507739,0,56569048796242602,1.3646966365929296
2025-06-29 17:55:48+00:00,17284421,70122741338,51383391339190745824307,0,56569048785216327,1.3646966366059323
2025-06-29 17:56:30+00:00,17284463,70122605279,51383491339190745824307,0,56569048785216327,1.3646913327883723
2025-06-29 17:56:38+00:00,17284471,70122743088,51383390660524081968811,0,56569048785216327,1.3646966886884064
2025-06-29 17:56:47+00:00,17284480,70122743089,51383390661256845525935,0,56569048786023041,1.3646966886884064
2025-06-29 17:56:52+00:00,17284485,70122743088,51383390660348515056112,0,56569048785023041,1.3646966886930694
2025-06-29 17:57:25+00:00,17284518,70122743089,51383390659617949789672,0,56569048785023041,1.364696688731934
2025-06-29 17:57:33+00:00,17284526,70122743155,51383390708455979289720,0,56569048838266212,1.3646966887193015
2025-06-29 17:57:37+00:00,17284530,70122743087,51383390658055352952855,0,56569048782779109,1.364696688734512
2025-06-29 17:57:41+00:00,17284534,70122743088,51383390658055352952854,0,56569048782779109,1.3646966887539735
2025-06-29 17:58:26+00:00,17284579,70122743087,51383390659055352952854,0,56569048782779109,1.364696688707953
2025-06-29 17:58:34+00:00,17284587,70122743100,51383390669055352952854,0,56569048793266400,1.364696688695362
2025-06-29 17:59:19+00:00,17284632,70122607041,51383490669055352952854,0,56569048793266400,1.3646913848776314
2025-06-29 17:59:27+00:00,17284640,70122744850,51383389990392531922523,0,56569048793266400,1.3646967407777353
2025-06-29 17:59:32+00:00,17284645,70122882659,51383289312124834816432,0,56569048793266400,1.3647020966883334
2025-06-29 17:59:40+00:00,17284653,70122882658,51383289311216506138326,0,56569048792266400,1.3647020966929964
2025-06-29 18:00:16+00:00,17284689,70122882659,51383289310485943766948,0,56569048792266400,1.3647020967318613
2025-06-29 18:00:20+00:00,17284693,70122882660,51383289309755381395590,0,56569048792266400,1.364702096770726
2025-06-29 18:00:25+00:00,17284698,70122882726,51383289358593410895638,0,56569048845509465,1.3647020967580885
2025-06-29 18:00:34+00:00,17284707,70122882727,51383289358593410895637,0,56569048845509465,1.36470209677755
2025-06-29 18:01:20+00:00,17284753,70122882726,51383289359593410895637,0,56569048845509465,1.364702096731529
2025-06-29 18:01:29+00:00,17284762,70122882739,51383289369593410895637,0,56569048855996735,1.3647020967189372
2025-06-29 18:02:14+00:00,17284807,70122746679,51383389369593410895637,0,56569048855996735,1.364696792860764
2025-06-29 18:02:19+00:00,17284812,70122610619,51383489369593410895637,0,56569048855996735,1.3646914890232351
2025-06-29 18:02:26+00:00,17284819,70122748428,51383388690938273086357,0,56569048855996735,1.3646968449234744
2025-06-29 18:02:30+00:00,17284823,70122748429,51383388691671036559592,0,56569048856803449,1.3646968449234744
2025-06-29 18:02:35+00:00,17284828,70122748428,51383388690762706125723,0,56569048855803449,1.3646968449281374
2025-06-29 18:03:08+00:00,17284861,70122748429,51383388690032140942920,0,56569048855803449,1.364696844967002
2025-06-29 18:03:16+00:00,17284869,70122748495,51383388738870170442968,0,56569048909046616,1.3646968449543695
2025-06-29 18:03:24+00:00,17284877,70122748496,51383388738870170442967,0,56569048909046616,1.364696844973831
2025-06-29 18:04:10+00:00,17284923,70122748495,51383388739870170442967,0,56569048909046616,1.3646968449278103
2025-06-29 18:04:14+00:00,17284927,70122748494,51383388740870170442967,0,56569048909046616,1.3646968448817898
2025-06-29 18:04:19+00:00,17284932,70122748507,51383388750870170442967,0,56569048919533906,1.3646968448691987
2025-06-29 18:05:03+00:00,17284976,70122612447,51383488750870170442967,0,56569048919533906,1.3646915410315048
2025-06-29 18:05:11+00:00,17284984,70122750256,51383388072218869482875,0,56569048919533906,1.3646968969318087
2025-06-29 18:05:15+00:00,17284988,70122888065,51383287393962692371349,0,56569048919533906,1.3647022528426067
2025-06-29 18:05:20+00:00,17284993,70122888066,51383287394695452940855,0,56569048920340619,1.3647022528426067
2025-06-29 18:05:57+00:00,17285030,70122888067,51383287393964890653068,0,56569048920340619,1.3647022528814714
2025-06-29 18:06:01+00:00,17285034,70122888068,51383287393234328365302,0,56569048920340619,1.3647022529203363
2025-06-29 18:06:05+00:00,17285038,70122888134,51383287442072357865350,0,56569048973583680,1.3647022529076984
2025-06-29 18:06:09+00:00,17285042,70122888066,51383287391671832940347,0,56569048918096577,1.3647022529229118
2025-06-29 18:06:14+00:00,17285047,70122888067,51383287391671832940346,0,56569048918096577,1.3647022529423734
2025-06-29 18:07:00+00:00,17285093,70122888066,51383287392671832940346,0,56569048918096577,1.3647022528963526
2025-06-29 18:07:09+00:00,17285102,70122888079,51383287402671832940346,0,56569048928583846,1.3647022528837605
2025-06-29 18:07:54+00:00,17285147,70122752019,51383387402671832940346,0,56569048928583846,1.3646969490250804
2025-06-29 18:07:59+00:00,17285152,70122615959,51383487402671832940346,0,56569048928583846,1.3646916451870446
2025-06-29 18:08:07+00:00,17285160,70122753768,51383386724028215932761,0,56569048928583846,1.364697001087489
2025-06-29 18:08:15+00:00,17285168,70122753767,51383386723119885534828,0,56569048927583846,1.364697001092152
2025-06-29 18:08:48+00:00,17285201,70122753768,51383386722389320435625,0,56569048927583846,1.3646970011310167
2025-06-29 18:08:56+00:00,17285209,70122753834,51383386771227349935673,0,56569048980827009,1.3646970011183839
2025-06-29 18:09:04+00:00,17285217,70122753835,51383386771227349935672,0,56569048980827009,1.3646970011378454
2025-06-29 18:09:48+00:00,17285261,70122753834,51383386772227349935672,0,56569048980827009,1.3646970010918247
2025-06-29 18:09:52+00:00,17285265,70122753833,51383386773227349935672,0,56569048980827009,1.3646970010458042
2025-06-29 18:09:57+00:00,17285270,70122753846,51383386783227349935672,0,56569048991314298,1.3646970010332131
2025-06-29 18:10:01+00:00,17285274,70122753833,51383386773211849176764,0,56569048980288023,1.3646970010462158
2025-06-29 18:10:42+00:00,17285315,70122617773,51383486773211849176764,0,56569048980288023,1.3646916972080136
2025-06-29 18:10:46+00:00,17285319,70122481714,51383586773211849176764,0,56569048980288023,1.3646863934099172
2025-06-29 18:10:54+00:00,17285327,70122619523,51383486094180786903412,0,56569048980288023,1.364691749300004
2025-06-29 18:10:58+00:00,17285331,70122619524,51383486094913553112713,0,56569048981094739,1.364691749300004
2025-06-29 18:11:35+00:00,17285368,70122619525,51383486094182985202050,0,56569048981094739,1.3646917493388684
2025-06-29 18:11:39+00:00,17285372,70122619526,51383486093452417291408,0,56569048981094739,1.364691749377733
2025-06-29 18:11:43+00:00,17285376,70122619592,51383486142290446791456,0,56569049034338004,1.3646917493651054
2025-06-29 18:11:47+00:00,17285380,70122619524,51383486091889727020727,0,56569048978850901,1.3646917493803135
2025-06-29 18:11:51+00:00,17285384,70122619525,51383486091889727020726,0,56569048978850901,1.364691749399775
2025-06-29 18:12:37+00:00,17285430,70122619524,51383486092889727020726,0,56569048978850901,1.3646917493537545
2025-06-29 18:12:45+00:00,17285438,70122619537,51383486102889727020726,0,56569048989338210,1.3646917493411646
2025-06-29 18:13:28+00:00,17285481,70122483478,51383586102889727020726,0,56569048989338210,1.3646864455428973
2025-06-29 18:13:32+00:00,17285485,70122347420,51383686102889727020726,0,56569048989338210,1.3646811417847355
2025-06-29 18:13:36+00:00,17285489,70122485229,51383585423471227709498,0,56569048989338210,1.3646864976644688
2025-06-29 18:13:40+00:00,17285493,70122623038,51383484744447856751160,0,56569048989338210,1.3646918535546961
2025-06-29 18:13:48+00:00,17285501,70122623037,51383484743539524621445,0,56569048988338210,1.364691853559359
2025-06-29 18:14:21+00:00,17285534,70122623038,51383484742808956766596,0,56569048988338210,1.3646918535982238
2025-06-29 18:14:30+00:00,17285543,70122623104,51383484791646986266644,0,56569049041581472,1.3646918535855959
2025-06-29 18:14:39+00:00,17285552,70122623105,51383484791646986266643,0,56569049041581472,1.3646918536050574
2025-06-29 18:15:23+00:00,17285596,70122623104,51383484792646986266643,0,56569049041581472,1.3646918535590369
2025-06-29 18:15:27+00:00,17285600,70122623103,51383484793646986266643,0,56569049041581472,1.3646918535130164
2025-06-29 18:15:32+00:00,17285605,70122623116,51383484803646986266643,0,56569049052068781,1.3646918535004264
2025-06-29 18:15:36+00:00,17285609,70122623103,51383484793631466412636,0,56569049041042506,1.3646918535134287
2025-06-29 18:16:17+00:00,17285650,70122487044,51383584793631466412636,0,56569049041042506,1.3646865497148235
2025-06-29 18:16:25+00:00,17285658,70122624853,51383484114611935436394,0,56569049041042506,1.3646919056051166
2025-06-29 18:16:33+00:00,17285666,70122624854,51383484115344701561768,0,56569049041849222,1.3646919056051166
2025-06-29 18:17:10+00:00,17285703,70122624855,51383484114614133734781,0,56569049041849222,1.3646919056439812
2025-06-29 18:17:18+00:00,17285711,70122624921,51383484163452163234829,0,56569049095092483,1.3646919056313533
2025-06-29 18:17:23+00:00,17285716,70122624853,51383484113051445459220,0,56569049039605380,1.3646919056465616
2025-06-29 18:18:12+00:00,17285765,70122624852,51383484114051445459220,0,56569049039605380,1.364691905600541
2025-06-29 18:18:16+00:00,17285769,70122624851,51383484115051445459220,0,56569049039605380,1.3646919055545206
2025-06-29 18:18:20+00:00,17285773,70122624864,51383484125051445459220,0,56569049050092689,1.3646919055419306
2025-06-29 18:18:25+00:00,17285778,70122624851,51383484115035925737133,0,56569049039066414,1.364691905554933
2025-06-29 18:19:05+00:00,17285818,70122488792,51383584115035925737133,0,56569049039066414,1.3646866017561565
2025-06-29 18:19:13+00:00,17285826,70122626601,51383483436020234077299,0,56569049039066414,1.3646919576465202
2025-06-29 18:19:21+00:00,17285834,70122626602,51383483436753000174729,0,56569049039873130,1.3646919576465202
2025-06-29 18:20:00+00:00,17285873,70122626603,51383483436022432375601,0,56569049039873130,1.3646919576853849
2025-06-29 18:20:05+00:00,17285878,70122626604,51383483435291864576494,0,56569049039873130,1.3646919577242496
2025-06-29 18:20:09+00:00,17285882,70122626670,51383483484129894076542,0,56569049093116389,1.3646919577116217
2025-06-29 18:20:14+00:00,17285887,70122626602,51383483433729176965502,0,56569049037629286,1.36469195772683
2025-06-29 18:21:05+00:00,17285938,70122626601,51383483434729176965502,0,56569049037629286,1.3646919576808094
2025-06-29 18:21:13+00:00,17285946,70122626614,51383483444729176965502,0,56569049048116594,1.3646919576682193
2025-06-29 18:21:56+00:00,17285989,70122490555,51383583444729176965502,0,56569049048116594,1.3646866538692723
2025-06-29 18:22:04+00:00,17285997,70122628364,51383482765717329917491,0,56569049048116594,1.364692009759706
2025-06-29 18:22:08+00:00,17286001,70122766173,51383382087100608819880,0,56569049048116594,1.3646973656606338
2025-06-29 18:22:12+00:00,17286005,70122766174,51383382087833372013510,0,56569049048923308,1.3646973656606338
2025-06-29 18:22:17+00:00,17286010,70122766173,51383382086925041699466,0,56569049047923308,1.3646973656652968
2025-06-29 18:22:50+00:00,17286043,70122766174,51383382086194476795430,0,56569049047923308,1.3646973657041614
2025-06-29 18:22:58+00:00,17286051,70122766240,51383382135032506295478,0,56569049101166461,1.3646973656915284
2025-06-29 18:23:06+00:00,17286059,70122766241,51383382135032506295477,0,56569049101166461,1.36469736571099
2025-06-29 18:23:51+00:00,17286104,70122766240,51383382136032506295477,0,56569049101166461,1.3646973656649692
2025-06-29 18:23:56+00:00,17286109,70122766239,51383382137032506295477,0,56569049101166461,1.3646973656189485
2025-06-29 18:24:04+00:00,17286117,70122766226,51383382127017006461641,0,56569049090140186,1.3646973656319512
2025-06-29 18:24:45+00:00,17286158,70122630166,51383482127017006461641,0,56569049090140186,1.3646920617925602
2025-06-29 18:24:49+00:00,17286162,70122494107,51383582127017006461641,0,56569049090140186,1.3646867579932744
2025-06-29 18:24:53+00:00,17286166,70122631916,51383481448012841094383,0,56569049090140186,1.3646921138838455
2025-06-29 18:24:57+00:00,17286170,70122769725,51383380769403801627363,0,56569049090140186,1.3646974697849106
2025-06-29 18:25:06+00:00,17286179,70122769724,51383380768495471337287,0,56569049089140186,1.3646974697895735
2025-06-29 18:25:40+00:00,17286213,70122769725,51383380767764906488992,0,56569049089140186,1.3646974698284382
2025-06-29 18:25:45+00:00,17286218,70122769726,51383380767034341640718,0,56569049089140186,1.364697469867303
2025-06-29 18:25:53+00:00,17286226,70122769658,51383380716633725278652,0,56569049033653083,1.3646974698825138
2025-06-29 18:26:43+00:00,17286276,70122769657,51383380717633725278652,0,56569049033653083,1.3646974698364933
2025-06-29 18:26:47+00:00,17286280,70122769656,51383380718633725278652,0,56569049033653083,1.3646974697904726
2025-06-29 18:26:55+00:00,17286288,70122769643,51383380708618225709333,0,56569049022626808,1.3646974698034753
2025-06-29 18:27:36+00:00,17286329,70122633583,51383480708618225709333,0,56569049022626808,1.364692165963735
2025-06-29 18:27:40+00:00,17286333,70122497524,51383580708618225709333,0,56569049022626808,1.3646868621641002
2025-06-29 18:27:45+00:00,17286338,70122635333,51383480029621745476427,0,56569049022626808,1.364692218054819
2025-06-29 18:27:53+00:00,17286346,70122635334,51383480030354511434032,0,56569049023433523,1.364692218054819
2025-06-29 18:28:30+00:00,17286383,70122635335,51383480029623943774310,0,56569049023433523,1.3646922180936838
2025-06-29 18:28:35+00:00,17286388,70122635336,51383480028893376114609,0,56569049023433523,1.3646922181325483
2025-06-29 18:28:40+00:00,17286393,70122635402,51383480077731405614657,0,56569049076676776,1.3646922181199201
2025-06-29 18:28:48+00:00,17286401,70122635403,51383480077731405614656,0,56569049076676776,1.3646922181393817
2025-06-29 18:29:33+00:00,17286446,70122635402,51383480078731405614656,0,56569049076676776,1.3646922180933612
2025-06-29 18:29:41+00:00,17286454,70122635415,51383480088731405614656,0,56569049087164083,1.364692218080771
2025-06-29 18:30:28+00:00,17286501,70122499356,51383580088731405614656,0,56569049087164083,1.364686914280971
2025-06-29 18:30:36+00:00,17286509,70122637165,51383479409738770268920,0,56569049087164083,1.3646922701717543
2025-06-29 18:30:40+00:00,17286513,70122774974,51383378731141260748594,0,56569049087164083,1.364697626073032
2025-06-29 18:30:45+00:00,17286518,70122774975,51383378731874023802397,0,56569049087970797,1.364697626073032
2025-06-29 18:31:23+00:00,17286556,70122774976,51383378731143459037766,0,56569049087970797,1.3646976261118966
2025-06-29 18:31:27+00:00,17286560,70122774977,51383378730412894273155,0,56569049087970797,1.3646976261507613
2025-06-29 18:31:36+00:00,17286569,70122774909,51383378680012279907716,0,56569049032483694,1.3646976261659725
2025-06-29 18:32:26+00:00,17286619,70122774908,51383378681012279907716,0,56569049032483694,1.364697626119952
2025-06-29 18:32:34+00:00,17286627,70122774921,51383378691012279907716,0,56569049042970980,1.3646976261073607
2025-06-29 18:32:38+00:00,17286631,70122774908,51383378680996780735265,0,56569049031944705,1.3646976261203634
2025-06-29 18:33:19+00:00,17286672,70122638848,51383478680996780735265,0,56569049031944705,1.3646923222801095
2025-06-29 18:33:27+00:00,17286680,70122776657,51383378002403115443837,0,56569049031944705,1.3646976781814633
2025-06-29 18:33:32+00:00,17286685,70122914466,51383277324204573626016,0,56569049031944705,1.3647030340933108
2025-06-29 18:33:40+00:00,17286693,70122914465,51383277323296245163659,0,56569049030944705,1.3647030340979738
2025-06-29 18:34:15+00:00,17286728,70122914466,51383277322565683294099,0,56569049030944705,1.3647030341368387
2025-06-29 18:34:20+00:00,17286733,70122914467,51383277321835121424560,0,56569049030944705,1.3647030341757034
2025-06-29 18:34:28+00:00,17286741,70122914399,51383277271434606477339,0,56569048975457602,1.3647030341909172
2025-06-29 18:34:33+00:00,17286746,70122914400,51383277271434606477338,0,56569048975457602,1.3647030342103788
2025-06-29 18:35:18+00:00,17286791,70122914399,51383277272434606477338,0,56569048975457602,1.364703034164358
2025-06-29 18:35:26+00:00,17286799,70122914412,51383277282434606477338,0,56569048985944867,1.3647030341517656
2025-06-29 18:36:12+00:00,17286845,70122778352,51383377282434606477338,0,56569048985944867,1.3646977302905205
2025-06-29 18:36:20+00:00,17286853,70122916161,51383276604239908909710,0,56569048985944867,1.3647030862024432
2025-06-29 18:36:25+00:00,17286858,70123053970,51383175926440332463837,0,56569048985944867,1.36470844212486
2025-06-29 18:36:33+00:00,17286866,70123053969,51383175925532005793202,0,56569048984944867,1.364708442129523
2025-06-29 18:37:07+00:00,17286900,70123053970,51383175924801446818694,0,56569048984944867,1.364708442168388
2025-06-29 18:37:15+00:00,17286908,70123054036,51383175973639476318742,0,56569049038187802,1.3647084421557443
2025-06-29 18:37:19+00:00,17286912,70123053968,51383175923239060787773,0,56569048982700699,1.3647084421709608
2025-06-29 18:37:23+00:00,17286916,70123053969,51383175923239060787772,0,56569048982700699,1.3647084421904225
2025-06-29 18:38:09+00:00,17286962,70123053968,51383175924239060787772,0,56569048982700699,1.3647084421444013
2025-06-29 18:38:14+00:00,17286967,70123053967,51383175925239060787772,0,56569048982700699,1.3647084420983804
2025-06-29 18:38:18+00:00,17286971,70123053980,51383175935239060787772,0,56569048993187943,1.364708442085787
2025-06-29 18:38:22+00:00,17286975,70123053967,51383175925223601127074,0,56569048982161668,1.364708442098791
2025-06-29 18:39:03+00:00,17287016,70122917906,51383275925223601127074,0,56569048982161668,1.364703138197097
2025-06-29 18:39:11+00:00,17287024,70123055715,51383175247427860460942,0,56569048982161668,1.3647084941195848
2025-06-29 18:39:15+00:00,17287028,70123193524,51383074570027238564483,0,56569048982161668,1.3647138500525666
2025-06-29 18:39:19+00:00,17287032,70123193525,51383074570759992907059,0,56569048982968377,1.3647138500525666
2025-06-29 18:39:23+00:00,17287036,70123193524,51383074569851668028092,0,56569048981968377,1.3647138500572296
2025-06-29 18:39:58+00:00,17287071,70123193525,51383074569121111948557,0,56569048981968377,1.3647138500960947
2025-06-29 18:40:07+00:00,17287080,70123193591,51383074617959141448605,0,56569049035211206,1.3647138500834457
2025-06-29 18:40:15+00:00,17287088,70123193592,51383074617959141448604,0,56569049035211206,1.3647138501029075
2025-06-29 18:41:01+00:00,17287134,70123193591,51383074618959141448604,0,56569049035211206,1.3647138500568863
2025-06-29 18:41:06+00:00,17287139,70123193590,51383074619959141448604,0,56569049035211206,1.3647138500108649
2025-06-29 18:41:14+00:00,17287147,70123193577,51383074609943701543427,0,56569049024184931,1.3647138500238694
2025-06-29 18:41:55+00:00,17287188,70123057516,51383174609943701543427,0,56569049024184931,1.364708546101193
2025-06-29 18:42:00+00:00,17287193,70122921455,51383274609943701543427,0,56569049024184931,1.364703242199161
2025-06-29 18:42:08+00:00,17287201,70123059264,51383173932155633376775,0,56569049024184931,1.3647085981217857
2025-06-29 18:42:12+00:00,17287205,70123059265,51383173932888390539275,0,56569049024991642,1.3647085981217857
2025-06-29 18:42:16+00:00,17287209,70123059264,51383173931980063904508,0,56569049023991642,1.3647085981264488
2025-06-29 18:42:50+00:00,17287243,70123059265,51383173931249505013508,0,56569049023991642,1.3647085981653135
2025-06-29 18:42:58+00:00,17287251,70123059331,51383173980087534513556,0,56569049077234573,1.3647085981526699
2025-06-29 18:43:02+00:00,17287255,70123059263,51383173929687120972799,0,56569049021747470,1.3647085981678864
2025-06-29 18:43:07+00:00,17287260,70123059264,51383173929687120972798,0,56569049021747470,1.3647085981873481
2025-06-29 18:43:52+00:00,17287305,70123059263,51383173930687120972798,0,56569049021747470,1.364708598141327
2025-06-29 18:44:00+00:00,17287313,70123059276,51383173940687120972798,0,56569049032234714,1.3647085981287337
2025-06-29 18:44:46+00:00,17287359,70122923215,51383273940687120972798,0,56569049032234714,1.3647032942265314
2025-06-29 18:44:55+00:00,17287368,70123061024,51383173262902890998547,0,56569049032234714,1.3647086501492258
2025-06-29 18:45:03+00:00,17287376,70123061025,51383173263635648133112,0,56569049033041425,1.3647086501492258
2025-06-29 18:45:08+00:00,17287381,70123061024,51383173262727321510305,0,56569049032041425,1.364708650153889
2025-06-29 18:45:43+00:00,17287416,70123061025,51383173261996762647157,0,56569049032041425,1.364708650192754
2025-06-29 18:45:51+00:00,17287424,70123061091,51383173310834792147205,0,56569049085284355,1.36470865018011
2025-06-29 18:45:56+00:00,17287429,70123061023,51383173260434379270072,0,56569049029797252,1.3647086501953265
2025-06-29 18:46:48+00:00,17287481,70123061022,51383173261434379270072,0,56569049029797252,1.3647086501493055
2025-06-29 18:46:56+00:00,17287489,70123061035,51383173271434379270072,0,56569049040284495,1.364708650136712
2025-06-29 18:47:42+00:00,17287535,70122924974,51383273271434379270072,0,56569049040284495,1.3647033462343396
2025-06-29 18:47:50+00:00,17287543,70123062783,51383172593653986044778,0,56569049040284495,1.3647087021571038
2025-06-29 18:47:58+00:00,17287551,70123062784,51383172594386743151418,0,56569049041091206,1.3647087021571038
2025-06-29 18:48:37+00:00,17287590,70123062785,51383172593656184316108,0,56569049041091206,1.3647087021959687
2025-06-29 18:48:41+00:00,17287594,70123062786,51383172592925625480819,0,56569049041091206,1.3647087022348336
2025-06-29 18:48:45+00:00,17287598,70123062852,51383172641763654980867,0,56569049094334134,1.3647087022221898
2025-06-29 18:48:50+00:00,17287603,70123062784,51383172591363242768072,0,56569049038847031,1.3647087022374065
2025-06-29 18:49:39+00:00,17287652,70123062783,51383172592363242768072,0,56569049038847031,1.3647087021913853
2025-06-29 18:49:43+00:00,17287656,70123062782,51383172593363242768072,0,56569049038847031,1.3647087021453643
2025-06-29 18:49:48+00:00,17287661,70123062795,51383172603363242768072,0,56569049049334274,1.3647087021327708
2025-06-29 18:50:34+00:00,17287707,70122926734,51383272603363242768072,0,56569049049334274,1.3647033982302281
2025-06-29 18:50:43+00:00,17287716,70123064543,51383171925586685412094,0,56569049049334274,1.364708754153062
2025-06-29 18:50:51+00:00,17287724,70123064544,51383171926319442490816,0,56569049050140985,1.364708754153062
2025-06-29 18:51:30+00:00,17287763,70123064545,51383171925588883683341,0,56569049050140985,1.364708754191927
2025-06-29 18:51:38+00:00,17287771,70123064611,51383171974426913183389,0,56569049103383912,1.364708754179283
2025-06-29 18:51:46+00:00,17287779,70123064612,51383171974426913183388,0,56569049103383912,1.3647087541987446
2025-06-29 18:52:33+00:00,17287826,70123064611,51383171975426913183388,0,56569049103383912,1.3647087541527234
2025-06-29 18:52:41+00:00,17287834,70123064624,51383171985426913183388,0,56569049113871155,1.3647087541401302
2025-06-29 18:52:46+00:00,17287839,70123064611,51383171975411454313943,0,56569049102844880,1.3647087541531342
2025-06-29 18:53:27+00:00,17287880,70122928550,51383271975411454313943,0,56569049102844880,1.3647034502504254
2025-06-29 18:53:35+00:00,17287888,70123066359,51383171297638734620144,0,56569049102844880,1.3647088061733246
2025-06-29 18:53:43+00:00,17287896,70123066360,51383171298371491670934,0,56569049103651591,1.3647088061733246
2025-06-29 18:53:47+00:00,17287900,70123066359,51383171297463165084001,0,56569049102651591,1.3647088061779877
2025-06-29 18:54:22+00:00,17287935,70123066360,51383171296732606304376,0,56569049102651591,1.3647088062168526
2025-06-29 18:54:30+00:00,17287943,70123066426,51383171345570635804424,0,56569049155894517,1.3647088062042085
2025-06-29 18:54:38+00:00,17287951,70123066427,51383171345570635804423,0,56569049155894517,1.3647088062236703
2025-06-29 18:55:26+00:00,17287999,70123066426,51383171346570635804423,0,56569049155894517,1.3647088061776491
2025-06-29 18:55:34+00:00,17288007,70123066439,51383171356570635804423,0,56569049166381760,1.3647088061650556
2025-06-29 18:55:39+00:00,17288012,70123066426,51383171346555177066850,0,56569049155355485,1.3647088061780597
2025-06-29 18:56:20+00:00,17288053,70122930365,51383271346555177066850,0,56569049155355485,1.3647035022751848
2025-06-29 18:56:28+00:00,17288061,70123068174,51383170668786295371510,0,56569049155355485,1.3647088581981497
2025-06-29 18:56:33+00:00,17288066,70123205983,51383069991412532270231,0,56569049155355485,1.3647142141316086
2025-06-29 18:56:41+00:00,17288074,70123205982,51383069990504207474983,0,56569049154355485,1.3647142141362718
2025-06-29 18:57:17+00:00,17288110,70123205983,51383069989773651590346,0,56569049154355485,1.3647142141751367
2025-06-29 18:57:25+00:00,17288118,70123206049,51383070038611681090394,0,56569049207598305,1.3647142141624875
2025-06-29 18:57:30+00:00,17288123,70123205981,51383069988211369619264,0,56569049152111202,1.364714214177707
2025-06-29 18:58:20+00:00,17288173,70123205980,51383069989211369619264,0,56569049152111202,1.3647142141316857
2025-06-29 18:58:28+00:00,17288181,70123205993,51383069999211369619264,0,56569049162598424,1.3647142141190913
2025-06-29 18:59:12+00:00,17288225,70123069932,51383169999211369619264,0,56569049162598424,1.3647089101952303
2025-06-29 18:59:16+00:00,17288229,70122933871,51383269999211369619264,0,56569049162598424,1.364703606292014
2025-06-29 18:59:21+00:00,17288234,70123071680,51383169321450161508701,0,56569049162598424,1.3647089622151192
2025-06-29 18:59:29+00:00,17288242,70123071681,51383169322182918475707,0,56569049163405134,1.3647089622151192
2025-06-29 18:59:34+00:00,17288247,70123071680,51383169321274591924668,0,56569049162405134,1.3647089622197823
2025-06-29 19:00:10+00:00,17288283,70123071681,51383169320544033228575,0,56569049162405134,1.364708962258647
2025-06-29 19:00:19+00:00,17288292,70123071747,51383169369382062728623,0,56569049215648056,1.364708962246003
2025-06-29 19:00:23+00:00,17288296,70123071679,51383169318981653833706,0,56569049160160953,1.3647089622612198
2025-06-29 19:00:28+00:00,17288301,70123071680,51383169318981653833705,0,56569049160160953,1.3647089622806814
2025-06-29 19:01:14+00:00,17288347,70123071679,51383169319981653833705,0,56569049160160953,1.3647089622346604
2025-06-29 19:01:22+00:00,17288355,70123071692,51383169329981653833705,0,56569049170648195,1.364708962222067
2025-06-29 19:01:26+00:00,17288359,70123071679,51383169319966195491904,0,56569049159621920,1.364708962235071
2025-06-29 19:02:07+00:00,17288400,70122935618,51383269319966195491904,0,56569049159621920,1.3647036583316832
2025-06-29 19:02:15+00:00,17288408,70123073427,51383168642208826479047,0,56569049159621920,1.3647090142548592
2025-06-29 19:02:24+00:00,17288417,70123073428,51383168642941583418112,0,56569049160428630,1.3647090142548592
2025-06-29 19:03:02+00:00,17288455,70123073429,51383168642211024749875,0,56569049160428630,1.3647090142937242
2025-06-29 19:03:10+00:00,17288463,70123073495,51383168691049054249923,0,56569049213671550,1.3647090142810798
2025-06-29 19:03:15+00:00,17288468,70123073427,51383168640648646018605,0,56569049158184447,1.3647090142962968
2025-06-29 19:04:05+00:00,17288518,70123073426,51383168641648646018605,0,56569049158184447,1.3647090142502756
2025-06-29 19:04:09+00:00,17288522,70123073425,51383168642648646018605,0,56569049158184447,1.3647090142042546
2025-06-29 19:04:14+00:00,17288527,70123073438,51383168652648646018605,0,56569049168671688,1.3647090141916611
2025-06-29 19:04:18+00:00,17288531,70123073425,51383168642633187808478,0,56569049157645413,1.3647090142046652
2025-06-29 19:04:59+00:00,17288572,70122937364,51383268642633187808478,0,56569049157645413,1.3647037103011064
2025-06-29 19:05:07+00:00,17288580,70123075173,51383167964879652710805,0,56569049157645413,1.364709066224353
2025-06-29 19:05:11+00:00,17288584,70123212982,51383067287521236107526,0,56569049157645413,1.3647144221580938
2025-06-29 19:05:16+00:00,17288589,70123212983,51383067288253990142922,0,56569049158452122,1.3647144221580938
2025-06-29 19:05:54+00:00,17288627,70123212984,51383067287523434369643,0,56569049158452122,1.364714422196959
2025-06-29 19:06:02+00:00,17288635,70123213050,51383067336361463869691,0,56569049211694936,1.3647144221843095
2025-06-29 19:06:11+00:00,17288644,70123213051,51383067336361463869690,0,56569049211694936,1.364714422203771
2025-06-29 19:06:56+00:00,17288689,70123213050,51383067337361463869690,0,56569049211694936,1.3647144221577499
2025-06-29 19:07:04+00:00,17288697,70123213063,51383067347361463869690,0,56569049222182157,1.3647144221451553
2025-06-29 19:07:09+00:00,17288702,70123213050,51383067337346025415170,0,56569049211155882,1.36471442215816
2025-06-29 19:07:51+00:00,17288744,70123076989,51383167337346025415170,0,56569049211155882,1.3647091182336193
2025-06-29 19:07:55+00:00,17288748,70122940928,51383267337346025415170,0,56569049211155882,1.3647038143297232
2025-06-29 19:07:59+00:00,17288752,70123078737,51383166659600164769390,0,56569049211155882,1.364709170253106
2025-06-29 19:08:07+00:00,17288760,70123078738,51383166660332921624694,0,56569049211962592,1.364709170253106
2025-06-29 19:08:46+00:00,17288799,70123078739,51383166659602363039966,0,56569049211962592,1.364709170291971
2025-06-29 19:08:54+00:00,17288807,70123078805,51383166708440392540014,0,56569049265205508,1.3647091702793266
2025-06-29 19:09:03+00:00,17288816,70123078806,51383166708440392540013,0,56569049265205508,1.3647091702987881
2025-06-29 19:09:51+00:00,17288864,70123078805,51383166709440392540013,0,56569049265205508,1.364709170252767
2025-06-29 19:09:55+00:00,17288868,70123078804,51383166710440392540013,0,56569049265205508,1.364709170206746
2025-06-29 19:10:00+00:00,17288873,70123078817,51383166720440392540013,0,56569049275692749,1.3647091701941525
2025-06-29 19:10:46+00:00,17288919,70122942756,51383266720440392540013,0,56569049275692749,1.3647038662900917
2025-06-29 19:10:54+00:00,17288927,70123080565,51383166042698365140316,0,56569049275692749,1.3647092222135386
2025-06-29 19:10:58+00:00,17288931,70123218374,51383065365351456159469,0,56569049275692749,1.3647145781474799
2025-06-29 19:11:02+00:00,17288935,70123218375,51383065366084210111110,0,56569049276499458,1.3647145781474799
2025-06-29 19:11:06+00:00,17288939,70123218374,51383065365175885399572,0,56569049275499458,1.364714578152143
2025-06-29 19:11:40+00:00,17288973,70123218375,51383065364445329709799,0,56569049275499458,1.364714578191008
2025-06-29 19:11:49+00:00,17288982,70123218441,51383065413283359209847,0,56569049328742268,1.3647145781783585
2025-06-29 19:11:57+00:00,17288990,70123218442,51383065413283359209846,0,56569049328742268,1.36471457819782
2025-06-29 19:12:44+00:00,17289036,70123218441,51383065414283359209846,0,56569049328742268,1.3647145781517989
2025-06-29 19:12:52+00:00,17289044,70123218454,51383065424283359209846,0,56569049339229488,1.3647145781392043
2025-06-29 19:13:37+00:00,17289089,70123082393,51383165424283359209846,0,56569049339229488,1.3647092742141627
2025-06-29 19:13:41+00:00,17289093,70122946332,51383265424283359209846,0,56569049339229488,1.3647039703097656
2025-06-29 19:13:45+00:00,17289097,70123084141,51383164746549005600507,0,56569049339229488,1.3647093262333478
2025-06-29 19:13:49+00:00,17289101,70123221950,51383064069209770359752,0,56569049339229488,1.364714682167424
2025-06-29 19:13:53+00:00,17289105,70123221951,51383064069942524255542,0,56569049340036197,1.364714682167424
2025-06-29 19:13:57+00:00,17289109,70123221950,51383064069034199567937,0,56569049339036197,1.3647146821720872
2025-06-29 19:14:33+00:00,17289145,70123221951,51383064068303643933848,0,56569049339036197,1.3647146822109522
2025-06-29 19:14:41+00:00,17289153,70123222017,51383064117141673433896,0,56569049392279005,1.3647146821983025
2025-06-29 19:14:45+00:00,17289157,70123221949,51383064066741367935523,0,56569049336791902,1.3647146822135223
2025-06-29 19:14:50+00:00,17289162,70123221950,51383064066741367935522,0,56569049336791902,1.3647146822329839
2025-06-29 19:15:37+00:00,17289209,70123221949,51383064067741367935522,0,56569049336791902,1.3647146821869627
2025-06-29 19:15:45+00:00,17289217,70123221962,51383064077741367935522,0,56569049347279121,1.364714682174368
2025-06-29 19:16:30+00:00,17289262,70123085901,51383164077741367935522,0,56569049347279121,1.364709378248985
2025-06-29 19:16:39+00:00,17289271,70123223710,51383063400405969987365,0,56569049347279121,1.364714734183131
2025-06-29 19:16:47+00:00,17289279,70123223711,51383063401138723855226,0,56569049348085830,1.364714734183131
2025-06-29 19:17:26+00:00,17289318,70123223712,51383063400408168248979,0,56569049348085830,1.3647147342219959
2025-06-29 19:17:31+00:00,17289323,70123223713,51383063399677612642753,0,56569049348085830,1.364714734260861
2025-06-29 19:17:39+00:00,17289331,70123223645,51383063349277307808748,0,56569049292598727,1.3647147342760806
2025-06-29 19:17:43+00:00,17289335,70123223646,51383063349277307808747,0,56569049292598727,1.3647147342955424
2025-06-29 19:18:29+00:00,17289381,70123223645,51383063350277307808747,0,56569049292598727,1.364714734249521
2025-06-29 19:18:37+00:00,17289389,70123223658,51383063360277307808747,0,56569049303085946,1.3647147342369266
2025-06-29 19:19:22+00:00,17289434,70123087597,51383163360277307808747,0,56569049303085946,1.364709430311368
2025-06-29 19:19:26+00:00,17289438,70122951536,51383263360277307808747,0,56569049303085946,1.364704126406454
2025-06-29 19:19:31+00:00,17289443,70123089345,51383162682554469839064,0,56569049303085946,1.3647094823302512
2025-06-29 19:19:39+00:00,17289451,70123089346,51383162683287226526804,0,56569049303892656,1.3647094823302512
2025-06-29 19:20:17+00:00,17289489,70123089347,51383162682556668109138,0,56569049303892656,1.3647094823691162
2025-06-29 19:20:25+00:00,17289497,70123089413,51383162731394697609186,0,56569049357135564,1.3647094823564716
2025-06-29 19:20:34+00:00,17289506,70123089414,51383162731394697609185,0,56569049357135564,1.3647094823759331
2025-06-29 19:21:21+00:00,17289553,70123089413,51383162732394697609185,0,56569049357135564,1.3647094823299122
2025-06-29 19:21:29+00:00,17289561,70123089426,51383162742394697609185,0,56569049367622803,1.3647094823173187
2025-06-29 19:21:34+00:00,17289566,70123089413,51383162732379240586291,0,56569049356596528,1.3647094823303227
2025-06-29 19:22:14+00:00,17289606,70122953352,51383262732379240586291,0,56569049356596528,1.3647041784252427
2025-06-29 19:22:19+00:00,17289611,70122817292,51383362732379240586291,0,56569049356596528,1.3646988745602686
2025-06-29 19:22:27+00:00,17289619,70122955101,51383262054268959343133,0,56569049356596528,1.364704230473708
2025-06-29 19:22:31+00:00,17289623,70122955102,51383262055001718850775,0,56569049357403240,1.364704230473708
2025-06-29 19:22:35+00:00,17289627,70122955101,51383262054093390663566,0,56569049356403240,1.364704230478371
2025-06-29 19:23:09+00:00,17289661,70122955102,51383262053362829434459,0,56569049356403240,1.3647042305172357
2025-06-29 19:23:18+00:00,17289670,70122955168,51383262102200858934507,0,56569049409646250,1.3647042305045962
2025-06-29 19:23:26+00:00,17289678,70122955169,51383262102200858934506,0,56569049409646250,1.3647042305240578
2025-06-29 19:24:12+00:00,17289724,70122955168,51383262103200858934506,0,56569049409646250,1.3647042304780368
2025-06-29 19:24:20+00:00,17289732,70122955181,51383262113200858934506,0,56569049420133509,1.3647042304654444
2025-06-29 19:24:24+00:00,17289736,70122955168,51383262103185382551840,0,56569049409107234,1.3647042304784478
2025-06-29 19:25:06+00:00,17289778,70122819108,51383362103185382551840,0,56569049409107234,1.3646989266133076
2025-06-29 19:25:10+00:00,17289782,70122683048,51383462103185382551840,0,56569049409107234,1.3646936227688116
2025-06-29 19:25:14+00:00,17289786,70122820857,51383361424687659090669,0,56569049409107234,1.364698978671893
2025-06-29 19:25:19+00:00,17289791,70122958666,51383260746585058477517,0,56569049409107234,1.3647043345854688
2025-06-29 19:25:27+00:00,17289799,70122958665,51383260745676730314267,0,56569049408107234,1.3647043345901317
2025-06-29 19:26:01+00:00,17289833,70122958666,51383260744946169140894,0,56569049408107234,1.3647043346289967
2025-06-29 19:26:05+00:00,17289837,70122958667,51383260744215607967542,0,56569049408107234,1.3647043346678613
2025-06-29 19:26:09+00:00,17289841,70122958733,51383260793053637467590,0,56569049461350242,1.3647043346552217
2025-06-29 19:26:14+00:00,17289846,70122958665,51383260742653139116491,0,56569049405863139,1.3647043346704364
2025-06-29 19:27:03+00:00,17289895,70122958664,51383260743653139116491,0,56569049405863139,1.3647043346244154
2025-06-29 19:27:07+00:00,17289899,70122958663,51383260744653139116491,0,56569049405863139,1.3647043345783945
2025-06-29 19:27:12+00:00,17289904,70122958676,51383260754653139116491,0,56569049416350398,1.3647043345658019
2025-06-29 19:27:58+00:00,17289950,70122822616,51383360754653139116491,0,56569049416350398,1.36469903070032
2025-06-29 19:28:07+00:00,17289959,70122960425,51383260076554376797661,0,56569049416350398,1.3647043866139654
2025-06-29 19:28:15+00:00,17289967,70122960426,51383260077287136221466,0,56569049417157110,1.3647043866139654
2025-06-29 19:28:19+00:00,17289971,70122960425,51383260076378808070177,0,56569049416157110,1.3647043866186284
2025-06-29 19:28:54+00:00,17290006,70122960426,51383260075648246924656,0,56569049416157110,1.3647043866574933
2025-06-29 19:29:02+00:00,17290014,70122960492,51383260124486276424704,0,56569049469400116,1.3647043866448534
2025-06-29 19:29:06+00:00,17290018,70122960424,51383260074085778736558,0,56569049413913013,1.364704386660068
2025-06-29 19:29:10+00:00,17290022,70122960425,51383260074085778736557,0,56569049413913013,1.3647043866795296
2025-06-29 19:29:56+00:00,17290068,70122960424,51383260075085778736557,0,56569049413913013,1.364704386633509
2025-06-29 19:30:04+00:00,17290076,70122960437,51383260085085778736557,0,56569049424400271,1.3647043866209163
2025-06-29 19:30:09+00:00,17290081,70122960424,51383260075070302749961,0,56569049413373996,1.36470438663392
2025-06-29 19:30:51+00:00,17290123,70122824364,51383360075070302749961,0,56569049413373996,1.3646990827682663
2025-06-29 19:30:56+00:00,17290128,70122688304,51383460075070302749961,0,56569049413373996,1.3646937789232572
2025-06-29 19:31:04+00:00,17290136,70122826113,51383359396584099363880,0,56569049413373996,1.36469913482655
2025-06-29 19:31:12+00:00,17290144,70122826112,51383359395675769456812,0,56569049412373996,1.364699134831213
2025-06-29 19:31:46+00:00,17290178,70122826113,51383359394945205499864,0,56569049412373996,1.3646991348700777
2025-06-29 19:31:50+00:00,17290182,70122826114,51383359394214641542937,0,56569049412373996,1.3646991349089423
2025-06-29 19:31:54+00:00,17290186,70122826180,51383359443052671042985,0,56569049465617104,1.3646991348963076
2025-06-29 19:31:59+00:00,17290191,70122826112,51383359392652075932481,0,56569049410130001,1.3646991349115198
2025-06-29 19:32:51+00:00,17290243,70122826111,51383359393652075932481,0,56569049410130001,1.364699134865499
2025-06-29 19:32:59+00:00,17290251,70122826124,51383359403652075932481,0,56569049420617280,1.3646991348529076
2025-06-29 19:33:04+00:00,17290256,70122826111,51383359393636580586328,0,56569049409591005,1.3646991348659105
2025-06-29 19:33:46+00:00,17290298,70122690051,51383459393636580586328,0,56569049409591005,1.3646938310207295
2025-06-29 19:33:54+00:00,17290306,70122827860,51383358715154220617603,0,56569049409591005,1.3646991869240934
2025-06-29 19:34:02+00:00,17290314,70122827861,51383358715886982833321,0,56569049410397718,1.3646991869240934
2025-06-29 19:34:41+00:00,17290353,70122827862,51383358715156418904260,0,56569049410397718,1.3646991869629583
2025-06-29 19:34:49+00:00,17290361,70122827928,51383358763994448404308,0,56569049463640825,1.3646991869503233
2025-06-29 19:34:57+00:00,17290369,70122827929,51383358763994448404307,0,56569049463640825,1.364699186969785
2025-06-29 19:35:43+00:00,17290415,70122827928,51383358764994448404307,0,56569049463640825,1.3646991869237644
2025-06-29 19:35:47+00:00,17290419,70122827927,51383358765994448404307,0,56569049463640825,1.3646991868777436
2025-06-29 19:35:51+00:00,17290423,70122827940,51383358775994448404307,0,56569049474128103,1.3646991868651521
2025-06-29 19:35:56+00:00,17290428,70122827927,51383358765978953189970,0,56569049463101828,1.364699186878155
2025-06-29 19:36:39+00:00,17290471,70122691867,51383458765978953189970,0,56569049463101828,1.3646938830328081
2025-06-29 19:36:47+00:00,17290479,70122829676,51383358087500430338289,0,56569049463101828,1.3646992389362376
2025-06-29 19:36:55+00:00,17290487,70122829677,51383358088233192526080,0,56569049463908541,1.3646992389362376
2025-06-29 19:37:34+00:00,17290526,70122829678,51383358087502628624863,0,56569049463908541,1.3646992389751023
2025-06-29 19:37:38+00:00,17290530,70122829679,51383358086772064723667,0,56569049463908541,1.364699239013967
2025-06-29 19:37:42+00:00,17290534,70122829745,51383358135610094223715,0,56569049517151647,1.3646992390013322
2025-06-29 19:37:46+00:00,17290538,70122829677,51383358085209500441562,0,56569049461664544,1.3646992390165442
2025-06-29 19:37:50+00:00,17290542,70122829678,51383358085209500441561,0,56569049461664544,1.3646992390360058
2025-06-29 19:38:36+00:00,17290588,70122829677,51383358086209500441561,0,56569049461664544,1.364699238989985
2025-06-29 19:38:41+00:00,17290593,70122829676,51383358087209500441561,0,56569049461664544,1.3646992389439643
2025-06-29 19:38:49+00:00,17290601,70122829663,51383358077194005359273,0,56569049450638269,1.3646992389569674
2025-06-29 19:39:32+00:00,17290644,70122693603,51383458077194005359273,0,56569049450638269,1.364693935111448
2025-06-29 19:39:40+00:00,17290652,70122831412,51383357398719324535038,0,56569049450638269,1.3646992910149491
2025-06-29 19:39:48+00:00,17290660,70122831413,51383357399452086694866,0,56569049451444982,1.3646992910149491
2025-06-29 19:39:53+00:00,17290665,70122831412,51383357398543756823714,0,56569049450444982,1.364699291019612
2025-06-29 19:40:28+00:00,17290700,70122831413,51383357397813192950379,0,56569049450444982,1.3646992910584768
2025-06-29 19:40:33+00:00,17290705,70122831414,51383357397082629077065,0,56569049450444982,1.3646992910973414
2025-06-29 19:40:41+00:00,17290713,70122831346,51383357346682035959882,0,56569049394957879,1.3646992911125537
2025-06-29 19:40:46+00:00,17290718,70122831347,51383357346682035959881,0,56569049394957879,1.3646992911320153
2025-06-29 19:41:33+00:00,17290765,70122831346,51383357347682035959881,0,56569049394957879,1.3646992910859945
2025-06-29 19:41:38+00:00,17290770,70122831345,51383357348682035959881,0,56569049394957879,1.3646992910399738
2025-06-29 19:41:46+00:00,17290778,70122831332,51383357338666541009734,0,56569049383931604,1.3646992910529767
2025-06-29 19:42:28+00:00,17290819,70122695272,51383457338666541009734,0,56569049383931604,1.3646939872072796
2025-06-29 19:42:37+00:00,17290828,70122833081,51383356660195703481158,0,56569049383931604,1.3646993431108578
2025-06-29 19:42:45+00:00,17290836,70122833082,51383356660928465613013,0,56569049384738317,1.3646993431108578
2025-06-29 19:43:23+00:00,17290874,70122833083,51383356660197901767564,0,56569049384738317,1.3646993431497225
2025-06-29 19:43:27+00:00,17290878,70122833084,51383356659467337922136,0,56569049384738317,1.3646993431885872
2025-06-29 19:43:31+00:00,17290882,70122833150,51383356708305367422184,0,56569049437981420,1.3646993431759524
2025-06-29 19:43:35+00:00,17290886,70122833082,51383356657904774969500,0,56569049382494317,1.3646993431911645
2025-06-29 19:43:39+00:00,17290890,70122833083,51383356657904774969499,0,56569049382494317,1.364699343210626
2025-06-29 19:44:25+00:00,17290936,70122833082,51383356658904774969499,0,56569049382494317,1.3646993431646055
2025-06-29 19:44:30+00:00,17290941,70122833081,51383356659904774969499,0,56569049382494317,1.3646993431185848
2025-06-29 19:44:38+00:00,17290949,70122833068,51383356649889280151400,0,56569049371468042,1.3646993431315877
2025-06-29 19:45:20+00:00,17290991,70122697008,51383456649889280151400,0,56569049371468042,1.3646940392857183
2025-06-29 19:45:24+00:00,17290995,70122560949,51383556649889280151400,0,56569049371468042,1.3646887354799544
2025-06-29 19:45:29+00:00,17291000,70122698758,51383455971031002361208,0,56569049371468042,1.3646940913731809
2025-06-29 19:45:37+00:00,17291008,70122698759,51383455971763767312944,0,56569049372274757,1.3646940913731809
2025-06-29 19:46:16+00:00,17291047,70122698760,51383455971033200656074,0,56569049372274757,1.3646940914120456
2025-06-29 19:46:24+00:00,17291055,70122698826,51383456019871230156122,0,56569049425517962,1.3646940913994157
2025-06-29 19:46:29+00:00,17291060,70122698758,51383455969470540280212,0,56569049370030859,1.3646940914146253
2025-06-29 19:47:19+00:00,17291110,70122698757,51383455970470540280212,0,56569049370030859,1.3646940913686048
2025-06-29 19:47:24+00:00,17291115,70122698756,51383455971470540280212,0,56569049370030859,1.3646940913225842
2025-06-29 19:47:33+00:00,17291124,70122698743,51383455961455026102384,0,56569049359004584,1.3646940913355867
2025-06-29 19:48:14+00:00,17291165,70122562684,51383555961455026102384,0,56569049359004584,1.3646887875296505
2025-06-29 19:48:19+00:00,17291170,70122426625,51383655961455026102384,0,56569049359004584,1.3646834837443582
2025-06-29 19:48:23+00:00,17291174,70122564434,51383555282209304458420,0,56569049359004584,1.3646888396272332
2025-06-29 19:48:27+00:00,17291178,70122702243,51383454603358710042955,0,56569049359004584,1.3646941955206022
2025-06-29 19:48:32+00:00,17291183,70122702244,51383454604091474938770,0,56569049359811299,1.3646941955206022
2025-06-29 19:49:10+00:00,17291221,70122702245,51383454603360908337653,0,56569049359811299,1.364694195559467
2025-06-29 19:49:15+00:00,17291226,70122702246,51383454602630341736557,0,56569049359811299,1.3646941955983316
2025-06-29 19:49:23+00:00,17291234,70122702178,51383454552229653192240,0,56569049304324196,1.3646941956135412
2025-06-29 19:50:14+00:00,17291285,70122702177,51383454553229653192240,0,56569049304324196,1.3646941955675207
2025-06-29 19:50:22+00:00,17291293,70122702190,51383454563229653192240,0,56569049314811493,1.3646941955549303
2025-06-29 19:50:26+00:00,17291297,70122702177,51383454553214139279126,0,56569049303785218,1.3646941955679328
2025-06-29 19:51:08+00:00,17291339,70122566118,51383554553214139279126,0,56569049303785218,1.3646888917616482
2025-06-29 19:51:16+00:00,17291347,70122703927,51383453874367391034435,0,56569049303785218,1.3646942476550934
2025-06-29 19:51:20+00:00,17291351,70122841736,51383353195915767666416,0,56569049303785218,1.3646996035590326
2025-06-29 19:51:25+00:00,17291356,70122841737,51383353196648529658426,0,56569049304591931,1.3646996035590326
2025-06-29 19:52:02+00:00,17291393,70122841738,51383353195917965952402,0,56569049304591931,1.3646996035978973
2025-06-29 19:52:07+00:00,17291398,70122841739,51383353195187402246399,0,56569049304591931,1.364699603636762
2025-06-29 19:52:16+00:00,17291407,70122841671,51383353144786813120796,0,56569049249104828,1.3646996036519745
2025-06-29 19:53:05+00:00,17291456,70122841670,51383353145786813120796,0,56569049249104828,1.3646996036059538
2025-06-29 19:53:10+00:00,17291461,70122841669,51383353146786813120796,0,56569049249104828,1.364699603559933
2025-06-29 19:53:15+00:00,17291466,70122841682,51383353156786813120796,0,56569049259592104,1.3646996035473415
2025-06-29 19:54:01+00:00,17291512,70122705622,51383453156786813120796,0,56569049259592104,1.3646942997006046
2025-06-29 19:54:09+00:00,17291520,70122843431,51383352478339029334268,0,56569049259592104,1.3646996556046187
2025-06-29 19:54:18+00:00,17291529,70122843432,51383352479071791298333,0,56569049260398817,1.3646996556046187
2025-06-29 19:54:56+00:00,17291567,70122843433,51383352478341227620171,0,56569049260398817,1.3646996556434834
2025-06-29 19:55:04+00:00,17291575,70122843499,51383352527179257120219,0,56569049313641912,1.3646996556308482
2025-06-29 19:55:12+00:00,17291583,70122843500,51383352527179257120218,0,56569049313641912,1.3646996556503097
2025-06-29 19:55:57+00:00,17291628,70122843499,51383352528179257120218,0,56569049313641912,1.364699655604289
2025-06-29 19:56:05+00:00,17291636,70122843512,51383352538179257120218,0,56569049324129188,1.3646996555916973
2025-06-29 19:56:09+00:00,17291640,70122843499,51383352528163763095180,0,56569049313102913,1.3646996556047004
2025-06-29 19:56:50+00:00,17291681,70122707439,51383452528163763095180,0,56569049313102913,1.3646943517577974
2025-06-29 19:56:58+00:00,17291689,70122845248,51383351849719819751299,0,56569049313102913,1.364699707661877
2025-06-29 19:57:06+00:00,17291697,70122845249,51383351850452581687412,0,56569049313909626,1.364699707661877
2025-06-29 19:57:10+00:00,17291701,70122845248,51383351849544251912144,0,56569049312909626,1.36469970766654
2025-06-29 19:57:45+00:00,17291736,70122845249,51383351848813688261852,0,56569049312909626,1.3646997077054046
2025-06-29 19:57:49+00:00,17291740,70122845250,51383351848083124611581,0,56569049312909626,1.3646997077442693
2025-06-29 19:57:53+00:00,17291744,70122845316,51383351896921154111629,0,56569049366152720,1.364699707731634
2025-06-29 19:57:57+00:00,17291748,70122845248,51383351846520566314309,0,56569049310665617,1.3646997077468463
2025-06-29 19:58:02+00:00,17291753,70122845249,51383351846520566314308,0,56569049310665617,1.3646997077663081
2025-06-29 19:58:47+00:00,17291798,70122845248,51383351847520566314308,0,56569049310665617,1.3646997077202874
2025-06-29 19:58:55+00:00,17291806,70122845261,51383351857520566314308,0,56569049321152893,1.3646997077076957
2025-06-29 19:59:42+00:00,17291853,70122709201,51383451857520566314308,0,56569049321152893,1.364694403860622
2025-06-29 19:59:46+00:00,17291857,70122573142,51383551857520566314308,0,56569049321152893,1.3646891000536538
2025-06-29 19:59:51+00:00,17291862,70122710951,51383451178689184625963,0,56569049321152893,1.36469445594738
2025-06-29 19:59:59+00:00,17291870,70122710952,51383451179421949381943,0,56569049321959608,1.36469445594738
2025-06-29 20:00:03+00:00,17291874,70122710951,51383451178513617850915,0,56569049320959608,1.3646944559520429
2025-06-29 20:00:39+00:00,17291910,70122710952,51383451177783051389216,0,56569049320959608,1.3646944559909076
2025-06-29 20:00:43+00:00,17291914,70122710953,51383451177052484927538,0,56569049320959608,1.3646944560297722
2025-06-29 20:00:47+00:00,17291918,70122711019,51383451225890514427586,0,56569049374202804,1.364694456017142
2025-06-29 20:00:52+00:00,17291923,70122710951,51383451175489829208247,0,56569049318715701,1.3646944560323517
2025-06-29 20:01:42+00:00,17291973,70122710950,51383451176489829208247,0,56569049318715701,1.3646944559863312
2025-06-29 20:01:50+00:00,17291981,70122710963,51383451186489829208247,0,56569049329202997,1.3646944559737408
2025-06-29 20:02:36+00:00,17292027,70122574904,51383551186489829208247,0,56569049329202997,1.364689152166602
2025-06-29 20:02:40+00:00,17292031,70122438845,51383651186489829208247,0,56569049329202997,1.3646838483801071
2025-06-29 20:02:44+00:00,17292035,70122576654,51383550507271008450747,0,56569049329202997,1.36468920426348
2025-06-29 20:02:48+00:00,17292039,70122714463,51383449828447314747313,0,56569049329202997,1.3646945601573468
2025-06-29 20:02:53+00:00,17292044,70122714464,51383449829180079447338,0,56569049330009712,1.3646945601573468
2025-06-29 20:03:33+00:00,17292084,70122714465,51383449828449513041424,0,56569049330009712,1.3646945601962113
2025-06-29 20:03:41+00:00,17292092,70122714531,51383449877287542541472,0,56569049383252905,1.364694560183581
2025-06-29 20:03:46+00:00,17292097,70122714463,51383449826886858653006,0,56569049327765802,1.364694560198791
2025-06-29 20:04:35+00:00,17292146,70122714462,51383449827886858653006,0,56569049327765802,1.3646945601527702
2025-06-29 20:04:40+00:00,17292151,70122714461,51383449828886858653006,0,56569049327765802,1.3646945601067497
2025-06-29 20:04:48+00:00,17292159,70122714448,51383449818871345664990,0,56569049316739527,1.3646945601197524
2025-06-29 20:05:30+00:00,17292201,70122578389,51383549818871345664990,0,56569049316739527,1.3646892563122697
2025-06-29 20:05:34+00:00,17292205,70122442330,51383649818871345664990,0,56569049316739527,1.364683952525431
2025-06-29 20:05:38+00:00,17292209,70122580139,51383549139660208193029,0,56569049316739527,1.3646893084089464
2025-06-29 20:05:43+00:00,17292214,70122717948,51383448460844197725343,0,56569049316739527,1.3646946643029558
2025-06-29 20:05:51+00:00,17292222,70122717947,51383448459935866242289,0,56569049315739527,1.3646946643076185
2025-06-29 20:06:25+00:00,17292256,70122717948,51383448459205299892130,0,56569049315739527,1.3646946643464832
2025-06-29 20:06:29+00:00,17292260,70122717949,51383448458474733541991,0,56569049315739527,1.364694664385348
2025-06-29 20:06:33+00:00,17292264,70122718015,51383448507312763042039,0,56569049368982717,1.3646946643727174
2025-06-29 20:06:38+00:00,17292269,70122717947,51383448456912080484631,0,56569049313495614,1.3646946643879274
2025-06-29 20:07:29+00:00,17292320,70122717946,51383448457912080484631,0,56569049313495614,1.364694664341907
2025-06-29 20:07:37+00:00,17292328,70122717959,51383448467912080484631,0,56569049323982909,1.3646946643293163
2025-06-29 20:07:42+00:00,17292333,70122717946,51383448457896567761222,0,56569049312956634,1.3646946643423188
2025-06-29 20:08:23+00:00,17292374,70122581887,51383548457896567761222,0,56569049312956634,1.364689360534493
2025-06-29 20:08:31+00:00,17292382,70122719696,51383447779084402807218,0,56569049312956634,1.3646947164285734
2025-06-29 20:08:39+00:00,17292390,70122719697,51383447779817167423334,0,56569049313763348,1.3646947164285734
2025-06-29 20:08:44+00:00,17292395,70122719696,51383447778908835952271,0,56569049312763348,1.3646947164332364
2025-06-29 20:09:18+00:00,17292429,70122719697,51383447778178269630016,0,56569049312763348,1.364694716472101
2025-06-29 20:09:27+00:00,17292438,70122719763,51383447827016299130064,0,56569049366006537,1.3646947164594705
2025-06-29 20:09:35+00:00,17292446,70122719764,51383447827016299130063,0,56569049366006537,1.364694716478932
2025-06-29 20:10:20+00:00,17292491,70122719763,51383447828016299130063,0,56569049366006537,1.3646947164329113
2025-06-29 20:10:28+00:00,17292499,70122719776,51383447838016299130063,0,56569049376493831,1.364694716420321
2025-06-29 20:11:14+00:00,17292545,70122583717,51383547838016299130063,0,56569049376493831,1.3646894126123295
2025-06-29 20:11:18+00:00,17292549,70122447658,51383647838016299130063,0,56569049376493831,1.3646841088249824
2025-06-29 20:11:23+00:00,17292554,70122585467,51383547158816692601385,0,56569049376493831,1.364689464708704
2025-06-29 20:11:31+00:00,17292562,70122585468,51383547159549460037391,0,56569049377300547,1.364689464708704
2025-06-29 20:12:09+00:00,17292600,70122585469,51383547158818890903703,0,56569049377300547,1.3646894647475685
2025-06-29 20:12:17+00:00,17292607,70122585535,51383547207656920403751,0,56569049430543838,1.364689464734943
2025-06-29 20:12:25+00:00,17292615,70122585536,51383547207656920403750,0,56569049430543838,1.3646894647544046
2025-06-29 20:13:11+00:00,17292661,70122585535,51383547208656920403750,0,56569049430543838,1.3646894647083843
2025-06-29 20:13:15+00:00,17292665,70122585534,51383547209656920403750,0,56569049430543838,1.3646894646623637
2025-06-29 20:13:20+00:00,17292670,70122585547,51383547219656920403750,0,56569049441031152,1.3646894646497743
2025-06-29 20:14:04+00:00,17292714,70122449488,51383647219656920403750,0,56569049441031152,1.364684160862262
2025-06-29 20:14:13+00:00,17292723,70122587297,51383546540461152905952,0,56569049441031152,1.364689516746048
2025-06-29 20:14:21+00:00,17292731,70122587298,51383546541193920314017,0,56569049441837868,1.364689516746048
2025-06-29 20:14:59+00:00,17292769,70122587299,51383546540463351208187,0,56569049441837868,1.3646895167849127
2025-06-29 20:15:08+00:00,17292778,70122587365,51383546589301380708235,0,56569049495081158,1.364689516772287
2025-06-29 20:15:16+00:00,17292786,70122587366,51383546589301380708234,0,56569049495081158,1.3646895167917485
2025-06-29 20:16:04+00:00,17292834,70122587365,51383546590301380708234,0,56569049495081158,1.3646895167457282
2025-06-29 20:16:09+00:00,17292839,70122587364,51383546591301380708234,0,56569049495081158,1.3646895166997077
2025-06-29 20:16:13+00:00,17292843,70122587377,51383546601301380708234,0,56569049505568472,1.3646895166871182
2025-06-29 20:16:18+00:00,17292848,70122587364,51383546591285848889099,0,56569049494542197,1.3646895167001203
2025-06-29 20:17:01+00:00,17292891,70122451305,51383646591285848889099,0,56569049494542197,1.3646842129124417
2025-06-29 20:17:05+00:00,17292895,70122315247,51383746591285848889099,0,56569049494542197,1.3646789091648686
2025-06-29 20:17:10+00:00,17292900,70122453056,51383645911702637758174,0,56569049494542197,1.3646842650382969
2025-06-29 20:17:19+00:00,17292909,70122453057,51383645912435407986144,0,56569049495348915,1.3646842650382969
2025-06-29 20:17:57+00:00,17292947,70122453058,51383645911704836068868,0,56569049495348915,1.3646842650771613
2025-06-29 20:18:02+00:00,17292952,70122453059,51383645910974264151613,0,56569049495348915,1.3646842651160258
2025-06-29 20:18:10+00:00,17292960,70122452991,51383645860573388078697,0,56569049439861812,1.3646842651312308
2025-06-29 20:18:15+00:00,17292965,70122452992,51383645860573388078696,0,56569049439861812,1.364684265150692
2025-06-29 20:19:03+00:00,17293013,70122452991,51383645861573388078696,0,56569049439861812,1.364684265104672
2025-06-29 20:19:07+00:00,17293017,70122452990,51383645862573388078696,0,56569049439861812,1.364684265058652
2025-06-29 20:19:11+00:00,17293021,70122453003,51383645872573388078696,0,56569049450349146,1.3646842650460633
2025-06-29 20:19:15+00:00,17293025,70122452990,51383645862557836900116,0,56569049439322871,1.364684265059065
2025-06-29 20:19:57+00:00,17293067,70122316932,51383745862557836900116,0,56569049439322871,1.3646789613113148
2025-06-29 20:20:05+00:00,17293075,70122454741,51383645182978472883543,0,56569049439322871,1.364684317184819
2025-06-29 20:20:10+00:00,17293080,70122592550,51383544503794238022988,0,56569049439322871,1.3646896730688176
2025-06-29 20:20:18+00:00,17293088,70122592549,51383544502885904844102,0,56569049438322871,1.3646896730734805
2025-06-29 20:20:52+00:00,17293122,70122592550,51383544502155335821960,0,56569049438322871,1.364689673112345
2025-06-29 20:20:56+00:00,17293126,70122592551,51383544501424766799838,0,56569049438322871,1.3646896731512097
2025-06-29 20:21:04+00:00,17293134,70122592483,51383544451023990146092,0,56569049382835768,1.3646896731664173
2025-06-29 20:21:09+00:00,17293139,70122592484,51383544451023990146091,0,56569049382835768,1.3646896731858786
2025-06-29 20:21:54+00:00,17293184,70122592483,51383544452023990146091,0,56569049382835768,1.3646896731398583
2025-06-29 20:22:02+00:00,17293192,70122592496,51383544462023990146091,0,56569049393323081,1.3646896731272689
2025-06-29 20:22:49+00:00,17293239,70122456437,51383644462023990146091,0,56569049393323081,1.364684369339066
2025-06-29 20:22:57+00:00,17293247,70122594246,51383543782843602944842,0,56569049393323081,1.3646897252231396
2025-06-29 20:23:02+00:00,17293252,70122732055,51383443104058342547695,0,56569049393323081,1.3646950811177074
2025-06-29 20:23:10+00:00,17293260,70122732054,51383443103150011160566,0,56569049392323081,1.3646950811223701
2025-06-29 20:23:44+00:00,17293294,70122732055,51383443102419445033541,0,56569049392323081,1.3646950811612348
2025-06-29 20:23:52+00:00,17293302,70122732121,51383443151257474533589,0,56569049445566261,1.364695081148604
2025-06-29 20:23:56+00:00,17293306,70122732053,51383443100856797298029,0,56569049390079158,1.3646950811638143
2025-06-29 20:24:00+00:00,17293310,70122732054,51383443100856797298028,0,56569049390079158,1.3646950811832759
2025-06-29 20:24:48+00:00,17293358,70122732053,51383443101856797298028,0,56569049390079158,1.3646950811372551
2025-06-29 20:24:52+00:00,17293362,70122732052,51383443102856797298028,0,56569049390079158,1.3646950810912346
2025-06-29 20:24:56+00:00,17293366,70122732065,51383443112856797298028,0,56569049400566451,1.364695081078644
2025-06-29 20:25:00+00:00,17293370,70122732052,51383443102841285631970,0,56569049389540176,1.3646950810916467
2025-06-29 20:25:43+00:00,17293413,70122595993,51383543102841285631970,0,56569049389540176,1.3646897772824569
2025-06-29 20:25:51+00:00,17293421,70122733802,51383442424059865860151,0,56569049389540176,1.3646951331770956
2025-06-29 20:25:59+00:00,17293429,70122733803,51383442424792630252496,0,56569049390346890,1.3646951331770956
2025-06-29 20:26:03+00:00,17293433,70122733802,51383442423884298877327,0,56569049389346890,1.3646951331817585
2025-06-29 20:26:38+00:00,17293468,70122733803,51383442423153732778171,0,56569049389346890,1.3646951332206232
2025-06-29 20:26:46+00:00,17293476,70122733869,51383442471991762278219,0,56569049442590068,1.3646951332079922
2025-06-29 20:26:54+00:00,17293484,70122733870,51383442471991762278218,0,56569049442590068,1.3646951332274537
2025-06-29 20:27:41+00:00,17293531,70122733869,51383442472991762278218,0,56569049442590068,1.3646951331814332
2025-06-29 20:27:49+00:00,17293539,70122733882,51383442482991762278218,0,56569049453077360,1.3646951331688424
2025-06-29 20:28:34+00:00,17293584,70122597823,51383542482991762278218,0,56569049453077360,1.3646898293594873
2025-06-29 20:28:38+00:00,17293588,70122461764,51383642482991762278218,0,56569049453077360,1.3646845255707762
2025-06-29 20:28:42+00:00,17293592,70122599573,51383541803822901008274,0,56569049453077360,1.3646898814550563
2025-06-29 20:28:47+00:00,17293597,70122737382,51383441125049166467181,0,56569049453077360,1.3646952373498302
2025-06-29 20:28:54+00:00,17293604,70122737381,51383441124140835115995,0,56569049452077360,1.3646952373544932
2025-06-29 20:29:29+00:00,17293639,70122737382,51383441123410269072607,0,56569049452077360,1.3646952373933579
2025-06-29 20:29:33+00:00,17293643,70122737383,51383441122679703029239,0,56569049452077360,1.3646952374322225
2025-06-29 20:29:38+00:00,17293648,70122737449,51383441171517732529287,0,56569049505320536,1.3646952374195913
2025-06-29 20:29:46+00:00,17293656,70122737450,51383441171517732529286,0,56569049505320536,1.3646952374390529
2025-06-29 20:30:34+00:00,17293704,70122737449,51383441172517732529286,0,56569049505320536,1.3646952373930323
2025-06-29 20:30:42+00:00,17293712,70122737462,51383441182517732529286,0,56569049515807828,1.3646952373804417
2025-06-29 20:31:28+00:00,17293758,70122601403,51383541182517732529286,0,56569049515807828,1.3646899335707496
2025-06-29 20:31:32+00:00,17293762,70122465344,51383641182517732529286,0,56569049515807828,1.3646846297817015
2025-06-29 20:31:37+00:00,17293767,70122603153,51383540503356559376696,0,56569049515807828,1.364689985666117
2025-06-29 20:31:45+00:00,17293775,70122603154,51383540504089326532975,0,56569049516614544,1.364689985666117
2025-06-29 20:32:23+00:00,17293813,70122603155,51383540503358757678175,0,56569049516614544,1.3646899857049815
2025-06-29 20:32:27+00:00,17293817,70122603156,51383540502628188823396,0,56569049516614544,1.3646899857438461
2025-06-29 20:32:31+00:00,17293821,70122603222,51383540551466218323444,0,56569049569857822,1.36468998573122
2025-06-29 20:32:36+00:00,17293826,70122603154,51383540501065445661302,0,56569049514370719,1.3646899857464279
2025-06-29 20:33:26+00:00,17293876,70122603153,51383540502065445661302,0,56569049514370719,1.3646899857004073
2025-06-29 20:33:30+00:00,17293880,70122603152,51383540503065445661302,0,56569049514370719,1.364689985654387
2025-06-29 20:33:35+00:00,17293885,70122603165,51383540513065445661302,0,56569049524858031,1.3646899856417973
2025-06-29 20:34:20+00:00,17293930,70122467106,51383640513065445661302,0,56569049524858031,1.3646846818525789
2025-06-29 20:34:28+00:00,17293938,70122604915,51383539833908114015519,0,56569049524858031,1.364690037737064
2025-06-29 20:34:36+00:00,17293946,70122604916,51383539834640881143839,0,56569049525664747,1.364690037737064
2025-06-29 20:35:13+00:00,17293983,70122604917,51383539833910312316914,0,56569049525664747,1.3646900377759286
2025-06-29 20:35:17+00:00,17293987,70122604918,51383539833179743490010,0,56569049525664747,1.3646900378147933
2025-06-29 20:35:22+00:00,17293992,70122604984,51383539882017772990058,0,56569049578908023,1.3646900378021671
2025-06-29 20:35:30+00:00,17294000,70122604985,51383539882017772990057,0,56569049578908023,1.3646900378216287
2025-06-29 20:36:16+00:00,17294046,70122604984,51383539883017772990057,0,56569049578908023,1.3646900377756084
2025-06-29 20:36:21+00:00,17294051,70122604983,51383539884017772990057,0,56569049578908023,1.3646900377295879
2025-06-29 20:36:29+00:00,17294059,70122604970,51383539874002242493220,0,56569049567881748,1.3646900377425901
2025-06-29 20:37:11+00:00,17294101,70122468911,51383639874002242493220,0,56569049567881748,1.364684733953204
2025-06-29 20:37:19+00:00,17294109,70122606720,51383539194848754548466,0,56569049567881748,1.3646900898377559
2025-06-29 20:37:27+00:00,17294117,70122606721,51383539195581521648811,0,56569049568688464,1.3646900898377559
2025-06-29 20:37:31+00:00,17294121,70122606720,51383539194673188565838,0,56569049567688464,1.3646900898424188
2025-06-29 20:38:05+00:00,17294155,70122606721,51383539193942619766807,0,56569049567688464,1.3646900898812833
2025-06-29 20:38:10+00:00,17294160,70122606722,51383539193212050967797,0,56569049567688464,1.364690089920148
2025-06-29 20:38:18+00:00,17294168,70122606654,51383539142811279635998,0,56569049512201361,1.3646900899353558
2025-06-29 20:38:23+00:00,17294173,70122606655,51383539142811279635997,0,56569049512201361,1.3646900899548173
2025-06-29 20:39:08+00:00,17294218,70122606654,51383539143811279635997,0,56569049512201361,1.3646900899087968
2025-06-29 20:39:12+00:00,17294222,70122606653,51383539144811279635997,0,56569049512201361,1.3646900898627765
2025-06-29 20:39:16+00:00,17294226,70122606666,51383539154811279635997,0,56569049522688672,1.3646900898501868
2025-06-29 20:39:21+00:00,17294231,70122606653,51383539144795749271342,0,56569049511662397,1.364690089863189
2025-06-29 20:40:01+00:00,17294271,70122470594,51383639144795749271342,0,56569049511662397,1.3646847860736264
2025-06-29 20:40:06+00:00,17294276,70122334536,51383739144795749271342,0,56569049511662397,1.364679482324169
2025-06-29 20:40:15+00:00,17294285,70122472345,51383638465254823062396,0,56569049511662397,1.3646848381983736
2025-06-29 20:40:23+00:00,17294293,70122472344,51383638464346488223667,0,56569049510662397,1.3646848382030363
2025-06-29 20:40:58+00:00,17294328,70122472345,51383638463615916613230,0,56569049510662397,1.3646848382419008
2025-06-29 20:41:06+00:00,17294336,70122472411,51383638512453946113278,0,56569049563905774,1.3646848382292798
2025-06-29 20:41:14+00:00,17294344,70122472412,51383638512453946113277,0,56569049563905774,1.364684838248741
2025-06-29 20:42:01+00:00,17294391,70122472411,51383638513453946113277,0,56569049563905774,1.364684838202721
2025-06-29 20:42:05+00:00,17294395,70122472410,51383638514453946113277,0,56569049563905774,1.3646848381567007
2025-06-29 20:42:10+00:00,17294400,70122472423,51383638524453946113277,0,56569049574393105,1.3646848381441121
2025-06-29 20:42:55+00:00,17294445,70122336365,51383738524453946113277,0,56569049574393105,1.3646795343944895
2025-06-29 20:43:03+00:00,17294453,70122474174,51383637844916861398840,0,56569049574393105,1.3646848902687587
2025-06-29 20:43:12+00:00,17294462,70122474175,51383637845649631291091,0,56569049575199822,1.3646848902687587
2025-06-29 20:43:50+00:00,17294500,70122474176,51383637844919059708527,0,56569049575199822,1.3646848903076232
2025-06-29 20:43:58+00:00,17294508,70122474242,51383637893757089208575,0,56569049628443198,1.364684890295002
2025-06-29 20:44:03+00:00,17294513,70122474174,51383637843356221118120,0,56569049572956095,1.3646848903102073
2025-06-29 20:44:53+00:00,17294563,70122474173,51383637844356221118120,0,56569049572956095,1.364684890264187
2025-06-29 20:44:58+00:00,17294568,70122474172,51383637845356221118120,0,56569049572956095,1.364684890218167
2025-06-29 20:45:06+00:00,17294576,70122474159,51383637835340671525890,0,56569049561929820,1.3646848902311686
2025-06-29 20:45:49+00:00,17294619,70122338101,51383737835340671525890,0,56569049561929820,1.3646795864813732
2025-06-29 20:45:57+00:00,17294627,70122475910,51383637155807429527896,0,56569049561929820,1.3646849423557144
2025-06-29 20:46:05+00:00,17294635,70122475911,51383637156540199392179,0,56569049562736537,1.3646849423557144
2025-06-29 20:46:44+00:00,17294674,70122475912,51383637155809627837499,0,56569049562736537,1.3646849423945788
2025-06-29 20:46:51+00:00,17294681,70122475978,51383637204647657337547,0,56569049615979911,1.3646849423819576
2025-06-29 20:46:59+00:00,17294689,70122475979,51383637204647657337546,0,56569049615979911,1.3646849424014191
2025-06-29 20:47:46+00:00,17294736,70122475978,51383637205647657337546,0,56569049615979911,1.3646849423553988
2025-06-29 20:47:54+00:00,17294744,70122475991,51383637215647657337546,0,56569049626467242,1.3646849423428102
2025-06-29 20:48:41+00:00,17294791,70122339933,51383737215647657337546,0,56569049626467242,1.3646796385928497
2025-06-29 20:48:49+00:00,17294799,70122477742,51383636536118259869750,0,56569049626467242,1.3646849944672552
2025-06-29 20:48:57+00:00,17294807,70122477743,51383636536851029706052,0,56569049627273959,1.3646849944672552
2025-06-29 20:49:35+00:00,17294845,70122477744,51383636536120458179269,0,56569049627273959,1.3646849945061197
2025-06-29 20:49:43+00:00,17294853,70122477810,51383636584958487679317,0,56569049680517332,1.3646849944934984
2025-06-29 20:49:51+00:00,17294861,70122477811,51383636584958487679316,0,56569049680517332,1.36468499451296
2025-06-29 20:50:36+00:00,17294906,70122477810,51383636585958487679316,0,56569049680517332,1.3646849944669397
2025-06-29 20:50:40+00:00,17294910,70122477809,51383636586958487679316,0,56569049680517332,1.3646849944209196
2025-06-29 20:50:45+00:00,17294915,70122477822,51383636596958487679316,0,56569049691004663,1.3646849944083308
2025-06-29 20:51:29+00:00,17294959,70122341764,51383736596958487679316,0,56569049691004663,1.364679690658205
2025-06-29 20:51:34+00:00,17294964,70122205706,51383836596958487679316,0,56569049691004663,1.364674386928723
2025-06-29 20:51:42+00:00,17294972,70122343515,51383735917041646464808,0,56569049691004663,1.3646797427927697
2025-06-29 20:51:50+00:00,17294980,70122343514,51383735916133309906254,0,56569049690004663,1.3646797427974324
2025-06-29 20:52:24+00:00,17295014,70122343515,51383735915402735568028,0,56569049690004663,1.364679742836297
2025-06-29 20:52:32+00:00,17295022,70122343581,51383735964240765068076,0,56569049743248138,1.3646797428236808
2025-06-29 20:52:37+00:00,17295027,70122343513,51383735913839800885132,0,56569049687761035,1.3646797428388835
2025-06-29 20:52:41+00:00,17295031,70122343514,51383735913839800885131,0,56569049687761035,1.3646797428583448
2025-06-29 20:53:28+00:00,17295078,70122343513,51383735914839800885131,0,56569049687761035,1.364679742812325
2025-06-29 20:53:36+00:00,17295086,70122343526,51383735924839800885131,0,56569049698248386,1.3646797427997372
2025-06-29 20:54:21+00:00,17295131,70122207468,51383835924839800885131,0,56569049698248386,1.3646744390700842
2025-06-29 20:54:29+00:00,17295139,70122345277,51383735244926806435105,0,56569049698248386,1.364679794934201
2025-06-29 20:54:33+00:00,17295143,70122483086,51383634565408943067284,0,56569049698248386,1.3646851508088123
2025-06-29 20:54:38+00:00,17295148,70122483087,51383634566141712819638,0,56569049699055103,1.3646851508088123
2025-06-29 20:55:18+00:00,17295188,70122483088,51383634565411141376551,0,56569049699055103,1.3646851508476767
2025-06-29 20:55:26+00:00,17295196,70122483154,51383634614249170876599,0,56569049752298472,1.3646851508350553
2025-06-29 20:55:34+00:00,17295204,70122483155,51383634614249170876598,0,56569049752298472,1.3646851508545168
2025-06-29 20:56:20+00:00,17295250,70122483154,51383634615249170876598,0,56569049752298472,1.3646851508084965
2025-06-29 20:56:28+00:00,17295258,70122483167,51383634625249170876598,0,56569049762785802,1.364685150795908
2025-06-29 20:56:33+00:00,17295263,70122483154,51383634615233621945631,0,56569049751759527,1.3646851508089095
2025-06-29 20:57:15+00:00,17295305,70122347096,51383734615233621945631,0,56569049751759527,1.3646798470582748
2025-06-29 20:57:23+00:00,17295313,70122484905,51383633935719604036236,0,56569049751759527,1.3646852029329515
2025-06-29 20:57:27+00:00,17295317,70122622714,51383533256600714856431,0,56569049751759527,1.3646905588181222
2025-06-29 20:57:32+00:00,17295322,70122622715,51383533257333481704958,0,56569049752566243,1.3646905588181222
2025-06-29 20:58:10+00:00,17295360,70122622716,51383533256602913156987,0,56569049752566243,1.3646905588569869
2025-06-29 20:58:18+00:00,17295368,70122622782,51383533305440942657035,0,56569049805809506,1.3646905588443603
2025-06-29 20:58:26+00:00,17295376,70122622783,51383533305440942657034,0,56569049805809506,1.3646905588638218
2025-06-29 20:59:11+00:00,17295421,70122622782,51383533306440942657034,0,56569049805809506,1.3646905588178013
2025-06-29 20:59:16+00:00,17295426,70122622781,51383533307440942657034,0,56569049805809506,1.364690558771781
2025-06-29 20:59:24+00:00,17295434,70122622768,51383533297425413482257,0,56569049794783231,1.364690558784783
2025-06-29 21:00:08+00:00,17295478,70122486709,51383633297425413482257,0,56569049794783231,1.3646852549937043
2025-06-29 21:00:13+00:00,17295483,70122350651,51383733297425413482257,0,56569049794783231,1.3646799512427308
2025-06-29 21:00:21+00:00,17295491,70122488460,51383632617919081790241,0,56569049794783231,1.3646853071175449
2025-06-29 21:00:26+00:00,17295496,70122488461,51383632618651851458665,0,56569049795589948,1.3646853071175449
2025-06-29 21:01:05+00:00,17295535,70122488462,51383632617921280099257,0,56569049795589948,1.3646853071564093
2025-06-29 21:01:13+00:00,17295543,70122488528,51383632666759309599305,0,56569049848833313,1.3646853071437879
2025-06-29 21:01:18+00:00,17295548,70122488460,51383632616358446832235,0,56569049793346210,1.3646853071589935
2025-06-29 21:02:07+00:00,17295597,70122488459,51383632617358446832235,0,56569049793346210,1.3646853071129732
2025-06-29 21:02:11+00:00,17295601,70122488458,51383632618358446832235,0,56569049793346210,1.3646853070669531
2025-06-29 21:02:16+00:00,17295606,70122488471,51383632628358446832235,0,56569049803833539,1.3646853070543643
2025-06-29 21:02:20+00:00,17295610,70122488458,51383632618342898297764,0,56569049792807264,1.364685307067366
2025-06-29 21:03:03+00:00,17295653,70122352400,51383732618342898297764,0,56569049792807264,1.364680003316221
2025-06-29 21:03:11+00:00,17295661,70122490209,51383631938840408331685,0,56569049792807264,1.364685359191106
2025-06-29 21:03:20+00:00,17295670,70122490210,51383631939573177972148,0,56569049793613981,1.364685359191106
2025-06-29 21:03:58+00:00,17295708,70122490211,51383631938842606640617,0,56569049793613981,1.3646853592299704
2025-06-29 21:04:06+00:00,17295716,70122490277,51383631987680636140665,0,56569049846857345,1.3646853592173487
2025-06-29 21:04:14+00:00,17295724,70122490278,51383631987680636140664,0,56569049846857345,1.3646853592368102
2025-06-29 21:05:01+00:00,17295771,70122490277,51383631988680636140664,0,56569049846857345,1.36468535919079
2025-06-29 21:05:10+00:00,17295780,70122490290,51383631998680636140664,0,56569049857344674,1.3646853591782013
2025-06-29 21:05:56+00:00,17295826,70122354232,51383731998680636140664,0,56569049857344674,1.364680055426891
2025-06-29 21:06:04+00:00,17295834,70122492041,51383631319181990642942,0,56569049857344674,1.3646854113018403
2025-06-29 21:06:12+00:00,17295842,70122492042,51383631319914760255424,0,56569049858151391,1.3646854113018403
2025-06-29 21:06:17+00:00,17295847,70122492041,51383631319006425548570,0,56569049857151391,1.3646854113065032
2025-06-29 21:06:52+00:00,17295882,70122492042,51383631318275854244938,0,56569049857151391,1.3646854113453677
2025-06-29 21:07:00+00:00,17295890,70122492108,51383631367113883744986,0,56569049910394753,1.364685411332746
2025-06-29 21:07:04+00:00,17295894,70122492040,51383631316713022307553,0,56569049854907650,1.3646854113479516
2025-06-29 21:07:09+00:00,17295899,70122492041,51383631316713022307552,0,56569049854907650,1.3646854113674132
2025-06-29 21:07:56+00:00,17295946,70122492040,51383631317713022307552,0,56569049854907650,1.3646854113213929
2025-06-29 21:08:01+00:00,17295951,70122492039,51383631318713022307552,0,56569049854907650,1.3646854112753726
2025-06-29 21:08:05+00:00,17295955,70122492052,51383631328713022307552,0,56569049865394979,1.364685411262784
2025-06-29 21:08:10+00:00,17295960,70122492039,51383631318697474037303,0,56569049854368704,1.3646854112757856
2025-06-29 21:08:51+00:00,17296001,70122355981,51383731318697474037303,0,56569049854368704,1.3646801075243038
2025-06-29 21:08:56+00:00,17296006,70122219923,51383831318697474037303,0,56569049854368704,1.3646748037934655
2025-06-29 21:09:05+00:00,17296015,70122357732,51383730638811387294787,0,56569049854368704,1.3646801596580624
2025-06-29 21:09:13+00:00,17296023,70122357731,51383730637903050832162,0,56569049853368704,1.3646801596627252
2025-06-29 21:09:47+00:00,17296057,70122357732,51383730637172476717102,0,56569049853368704,1.3646801597015896
2025-06-29 21:09:52+00:00,17296062,70122357733,51383730636441902602063,0,56569049853368704,1.364680159740454
2025-06-29 21:10:00+00:00,17296070,70122357665,51383730586040943743132,0,56569049797881601,1.364680159755657
2025-06-29 21:10:05+00:00,17296075,70122357666,51383730586040943743131,0,56569049797881601,1.3646801597751186
2025-06-29 21:10:52+00:00,17296122,70122357665,51383730587040943743131,0,56569049797881601,1.3646801597290985
2025-06-29 21:11:00+00:00,17296130,70122357678,51383730597040943743131,0,56569049808368950,1.3646801597165108
2025-06-29 21:11:05+00:00,17296135,70122357665,51383730587025376113691,0,56569049797342675,1.364680159729512
2025-06-29 21:11:47+00:00,17296177,70122221607,51383830587025376113691,0,56569049797342675,1.3646748559984967
2025-06-29 21:11:52+00:00,17296182,70122085550,51383930587025376113691,0,56569049797342675,1.364669552307586
2025-06-29 21:11:59+00:00,17296189,70122223359,51383829906751856030006,0,56569049797342675,1.3646749081618361
2025-06-29 21:12:04+00:00,17296194,70122223360,51383829907484631282206,0,56569049798149395,1.3646749081618361
2025-06-29 21:12:42+00:00,17296232,70122223361,51383829906754054355773,0,56569049798149395,1.3646749082007006
2025-06-29 21:12:50+00:00,17296240,70122223427,51383829955592083855821,0,56569049851392961,1.364674908188089
2025-06-29 21:12:55+00:00,17296245,70122223359,51383829905191027575570,0,56569049795905858,1.3646749082032894
2025-06-29 21:13:46+00:00,17296296,70122223358,51383829906191027575570,0,56569049795905858,1.3646749081572696
2025-06-29 21:13:54+00:00,17296304,70122223371,51383829916191027575570,0,56569049806393227,1.364674908144683
2025-06-29 21:13:58+00:00,17296308,70122223358,51383829906175440586780,0,56569049795366952,1.3646749081576834
2025-06-29 21:14:39+00:00,17296349,70122087301,51383929906175440586780,0,56569049795366952,1.3646696044666011
2025-06-29 21:14:43+00:00,17296353,70121951244,51384029906175440586780,0,56569049795366952,1.3646643007961623
2025-06-29 21:14:48+00:00,17296358,70122089053,51383929225514482295314,0,56569049795366952,1.3646696566400602
2025-06-29 21:14:56+00:00,17296366,70122089054,51383929226247260367380,0,56569049796173674,1.3646696566400602
2025-06-29 21:15:35+00:00,17296405,70122089055,51383929225516680629541,0,56569049796173674,1.3646696566789245
2025-06-29 21:15:43+00:00,17296413,70122089121,51383929274354710129589,0,56569049849417342,1.364669656666318
2025-06-29 21:15:47+00:00,17296417,70122089053,51383929223953556428398,0,56569049793930239,1.3646696566815157
2025-06-29 21:15:52+00:00,17296422,70122089054,51383929223953556428397,0,56569049793930239,1.364669656700977
2025-06-29 21:16:38+00:00,17296468,70122089053,51383929224953556428397,0,56569049793930239,1.3646696566549574
2025-06-29 21:16:42+00:00,17296472,70122089052,51383929225953556428397,0,56569049793930239,1.3646696566089378
2025-06-29 21:16:47+00:00,17296477,70122089065,51383929235953556428397,0,56569049804417628,1.364669656596352
2025-06-29 21:17:33+00:00,17296523,70121953008,51384029235953556428397,0,56569049804417628,1.3646643529257425
2025-06-29 21:17:41+00:00,17296531,70122090817,51383928555296444089101,0,56569049804417628,1.3646697087697104
2025-06-29 21:17:45+00:00,17296535,70122228626,51383827875034467186260,0,56569049804417628,1.364675064624172
2025-06-29 21:17:49+00:00,17296539,70122228627,51383827875767242354446,0,56569049805224348,1.364675064624172
2025-06-29 21:17:54+00:00,17296544,70122228626,51383827874858904172124,0,56569049804224348,1.3646750646288348
2025-06-29 21:18:28+00:00,17296578,70122228627,51383827874128327329455,0,56569049804224348,1.3646750646676993
2025-06-29 21:18:32+00:00,17296582,70122228628,51383827873397750486807,0,56569049804224348,1.3646750647065635
2025-06-29 21:18:36+00:00,17296586,70122228694,51383827922235779986855,0,56569049857467910,1.3646750646939518
2025-06-29 21:18:40+00:00,17296590,70122228626,51383827871834725706482,0,56569049801980807,1.3646750647091523
2025-06-29 21:18:45+00:00,17296595,70122228627,51383827871834725706481,0,56569049801980807,1.3646750647286137
2025-06-29 21:19:31+00:00,17296641,70122228626,51383827872834725706481,0,56569049801980807,1.3646750646825938
2025-06-29 21:19:40+00:00,17296650,70122228639,51383827882834725706481,0,56569049812468175,1.3646750646700072
2025-06-29 21:20:26+00:00,17296696,70122092582,51383927882834725706481,0,56569049812468175,1.3646697609784115
2025-06-29 21:20:30+00:00,17296700,70121956525,51384027882834725706481,0,56569049812468175,1.3646644573074591
2025-06-29 21:20:35+00:00,17296705,70122094334,51383927202185314312464,0,56569049812468175,1.364669813151568
2025-06-29 21:20:42+00:00,17296712,70122094335,51383927202918092300489,0,56569049813274897,1.364669813151568
2025-06-29 21:20:46+00:00,17296716,70122094334,51383927202009752362440,0,56569049812274897,1.3646698131562305
2025-06-29 21:21:20+00:00,17296750,70122094335,51383927201279172708392,0,56569049812274897,1.3646698131950947
2025-06-29 21:21:28+00:00,17296758,70122094401,51383927250117202208440,0,56569049865518561,1.3646698131824881
2025-06-29 21:21:32+00:00,17296762,70122094333,51383927199716050507117,0,56569049810031458,1.364669813197686
2025-06-29 21:21:36+00:00,17296766,70122094334,51383927199716050507116,0,56569049810031458,1.3646698132171473
2025-06-29 21:22:23+00:00,17296813,70122094333,51383927200716050507116,0,56569049810031458,1.3646698131711277
2025-06-29 21:22:31+00:00,17296821,70122094346,51383927210716050507116,0,56569049820518846,1.3646698131585422
2025-06-29 21:22:35+00:00,17296825,70122094333,51383927200700444556461,0,56569049809492571,1.3646698131715422
2025-06-29 21:23:17+00:00,17296867,70121958276,51384027200700444556461,0,56569049809492571,1.3646645095004177
2025-06-29 21:23:25+00:00,17296875,70122096085,51383926520054883789625,0,56569049809492571,1.3646698653445977
2025-06-29 21:23:33+00:00,17296883,70122096086,51383926520787661749624,0,56569049810299293,1.3646698653445977
2025-06-29 21:23:37+00:00,17296887,70122096085,51383926519879321823585,0,56569049809299293,1.3646698653492604
2025-06-29 21:24:11+00:00,17296921,70122096086,51383926519148742197479,0,56569049809299293,1.3646698653881246
2025-06-29 21:24:19+00:00,17296929,70122096152,51383926567986771697527,0,56569049862542956,1.3646698653755178
2025-06-29 21:24:23+00:00,17296933,70122096084,51383926517585620662636,0,56569049807055853,1.3646698653907159
2025-06-29 21:24:28+00:00,17296938,70122096085,51383926517585620662635,0,56569049807055853,1.3646698654101772
2025-06-29 21:25:15+00:00,17296985,70122096084,51383926518585620662635,0,56569049807055853,1.3646698653641576
2025-06-29 21:25:23+00:00,17296993,70122096097,51383926528585620662635,0,56569049817543241,1.3646698653515719
2025-06-29 21:25:28+00:00,17296998,70122096084,51383926518570014844412,0,56569049806516966,1.364669865364572
2025-06-29 21:26:09+00:00,17297039,70121960027,51384026518570014844412,0,56569049806516966,1.3646645616932755
2025-06-29 21:26:17+00:00,17297047,70122097836,51383925837928304697017,0,56569049806516966,1.3646699175375265
2025-06-29 21:26:21+00:00,17297051,70122235645,51383825157681729886077,0,56569049806516966,1.3646752733922716
2025-06-29 21:26:25+00:00,17297055,70122235646,51383825158414504942163,0,56569049807323686,1.3646752733922716
2025-06-29 21:26:30+00:00,17297060,70122235645,51383825157506166807911,0,56569049806323686,1.3646752733969343
2025-06-29 21:27:04+00:00,17297094,70122235646,51383825156775590077006,0,56569049806323686,1.3646752734357988
2025-06-29 21:27:12+00:00,17297102,70122235712,51383825205613619577054,0,56569049859567243,1.3646752734231866
2025-06-29 21:27:16+00:00,17297106,70122235644,51383825155212567963216,0,56569049804080140,1.3646752734383873
2025-06-29 21:27:20+00:00,17297110,70122235645,51383825155212567963215,0,56569049804080140,1.3646752734578487
2025-06-29 21:28:05+00:00,17297155,70122235644,51383825156212567963215,0,56569049804080140,1.364675273411829
2025-06-29 21:28:09+00:00,17297159,70122235643,51383825157212567963215,0,56569049804080140,1.3646752733658092
2025-06-29 21:28:14+00:00,17297164,70122235656,51383825167212567963215,0,56569049814567507,1.3646752733532224
2025-06-29 21:29:00+00:00,17297210,70122099599,51383925167212567963215,0,56569049814567507,1.3646699696609403
2025-06-29 21:29:04+00:00,17297214,70121963542,51384025167212567963215,0,56569049814567507,1.3646646659893016
2025-06-29 21:29:08+00:00,17297218,70122101351,51383924486578552436762,0,56569049814567507,1.3646700218336933
2025-06-29 21:29:13+00:00,17297223,70122239160,51383823806339672196759,0,56569049814567507,1.3646753776885792
2025-06-29 21:29:21+00:00,17297231,70122239159,51383823805431334086525,0,56569049813567507,1.3646753776932419
2025-06-29 21:29:56+00:00,17297266,70122239160,51383823804700757411455,0,56569049813567507,1.3646753777321063
2025-06-29 21:30:00+00:00,17297270,70122239161,51383823803970180736406,0,56569049813567507,1.3646753777709706
2025-06-29 21:30:05+00:00,17297275,70122239227,51383823852808210236454,0,56569049866811061,1.3646753777583587
2025-06-29 21:30:10+00:00,17297280,70122239159,51383823802407159956001,0,56569049811323958,1.3646753777735594
2025-06-29 21:30:59+00:00,17297329,70122239158,51383823803407159956001,0,56569049811323958,1.3646753777275396
2025-06-29 21:31:04+00:00,17297334,70122239157,51383823804407159956001,0,56569049811323958,1.3646753776815197
2025-06-29 21:31:12+00:00,17297342,70122239144,51383823794391574159375,0,56569049800297683,1.3646753776945202
2025-06-29 21:31:53+00:00,17297383,70122103087,51383923794391574159375,0,56569049800297683,1.3646700740018933
2025-06-29 21:32:01+00:00,17297391,70122240896,51383823114156542688597,0,56569049800297683,1.3646754298568515
2025-06-29 21:32:10+00:00,17297400,70122240897,51383823114889317660668,0,56569049801104403,1.3646754298568515
2025-06-29 21:32:47+00:00,17297437,70122240898,51383823114158741013524,0,56569049801104403,1.3646754298957158
2025-06-29 21:32:51+00:00,17297441,70122240899,51383823113428164366400,0,56569049801104403,1.3646754299345802
2025-06-29 21:32:59+00:00,17297449,70122240831,51383823063027114752643,0,56569049745617300,1.364675429949781
2025-06-29 21:33:03+00:00,17297453,70122240832,51383823063027114752642,0,56569049745617300,1.3646754299692423
2025-06-29 21:33:50+00:00,17297500,70122240831,51383823064027114752642,0,56569049745617300,1.3646754299232224
2025-06-29 21:33:58+00:00,17297508,70122240844,51383823074027114752642,0,56569049756104666,1.3646754299106358
2025-06-29 21:34:03+00:00,17297513,70122240831,51383823064011529088603,0,56569049745078391,1.3646754299236366
2025-06-29 21:34:45+00:00,17297555,70122104774,51383923064011529088603,0,56569049745078391,1.3646701262308325
2025-06-29 21:34:50+00:00,17297560,70121968717,51384023064011529088603,0,56569049745078391,1.364664822558672
2025-06-29 21:34:58+00:00,17297568,70122106526,51383922383389064738203,0,56569049745078391,1.3646701784032829
2025-06-29 21:35:06+00:00,17297576,70122106525,51383922382480724884256,0,56569049744078391,1.3646701784079456
2025-06-29 21:35:41+00:00,17297611,70122106526,51383922381750145425747,0,56569049744078391,1.3646701784468098
2025-06-29 21:35:49+00:00,17297619,70122106592,51383922430588174925795,0,56569049797322046,1.3646701784342028
2025-06-29 21:35:53+00:00,17297623,70122106524,51383922380187027891061,0,56569049741834943,1.364670178449401
2025-06-29 21:35:57+00:00,17297627,70122106525,51383922380187027891060,0,56569049741834943,1.3646701784688624
2025-06-29 21:36:42+00:00,17297672,70122106524,51383922381187027891060,0,56569049741834943,1.3646701784228428
2025-06-29 21:36:47+00:00,17297677,70122106523,51383922382187027891060,0,56569049741834943,1.364670178376823
2025-06-29 21:36:55+00:00,17297685,70122106510,51383922372171422867636,0,56569049730808668,1.3646701783898232
2025-06-29 21:37:37+00:00,17297727,70121970453,51384022372171422867636,0,56569049730808668,1.3646648747174897
2025-06-29 21:37:41+00:00,17297731,70121834397,51384122372171422867636,0,56569049730808668,1.3646595710852607
2025-06-29 21:37:45+00:00,17297735,70121972206,51384021691161520428331,0,56569049730808668,1.3646649269195206
2025-06-29 21:37:50+00:00,17297740,70122110015,51383921010546755478426,0,56569049730808668,1.3646702827642747
2025-06-29 21:37:58+00:00,17297748,70122110014,51383921009638415648518,0,56569049729808668,1.3646702827689374
2025-06-29 21:38:34+00:00,17297784,70122110015,51383921008907836245879,0,56569049729808668,1.3646702828078017
2025-06-29 21:38:42+00:00,17297792,70122110081,51383921057745865745927,0,56569049783052320,1.3646702827951944
2025-06-29 21:38:47+00:00,17297797,70122110013,51383921007344720045064,0,56569049727565217,1.3646702828103927
2025-06-29 21:39:38+00:00,17297848,70122110012,51383921008344720045064,0,56569049727565217,1.364670282764373
2025-06-29 21:39:42+00:00,17297852,70122110011,51383921009344720045064,0,56569049727565217,1.3646702827183534
2025-06-29 21:39:47+00:00,17297857,70122110024,51383921019344720045064,0,56569049738052603,1.3646702827057677
2025-06-29 21:39:51+00:00,17297861,70122110011,51383921009329115286612,0,56569049727026328,1.3646702827187678
2025-06-29 21:40:34+00:00,17297904,70121973954,51384021009329115286612,0,56569049727026328,1.3646649790460907
2025-06-29 21:40:42+00:00,17297912,70122111763,51383920328718196063303,0,56569049727026328,1.364670334890916
2025-06-29 21:40:50+00:00,17297920,70122111764,51383920329450973771173,0,56569049727833049,1.364670334890916
2025-06-29 21:41:29+00:00,17297959,70122111765,51383920328720394396437,0,56569049727833049,1.3646703349297802
2025-06-29 21:41:37+00:00,17297967,70122111831,51383920377558423896485,0,56569049781076700,1.364670334917173
2025-06-29 21:41:45+00:00,17297975,70122111832,51383920377558423896484,0,56569049781076700,1.3646703349366343
2025-06-29 21:42:34+00:00,17298023,70122111831,51383920378558423896484,0,56569049781076700,1.3646703348906146
2025-06-29 21:42:42+00:00,17298031,70122111844,51383920388558423896484,0,56569049791564085,1.364670334878029
2025-06-29 21:43:27+00:00,17298076,70121975787,51384020388558423896484,0,56569049791564085,1.364665031205186
2025-06-29 21:43:35+00:00,17298084,70122113596,51383919707951352798858,0,56569049791564085,1.364670387050076
2025-06-29 21:43:43+00:00,17298092,70122113597,51383919708684130478720,0,56569049792370806,1.364670387050076
2025-06-29 21:43:47+00:00,17298096,70122113596,51383919707775790672815,0,56569049791370806,1.3646703870547385
2025-06-29 21:44:21+00:00,17298130,70122113597,51383919707045211326005,0,56569049791370806,1.364670387093603
2025-06-29 21:44:25+00:00,17298134,70122113598,51383919706314631979216,0,56569049791370806,1.3646703871324672
2025-06-29 21:44:29+00:00,17298138,70122113664,51383919755152661479264,0,56569049844614456,1.36467038711986
2025-06-29 21:44:34+00:00,17298143,70122113596,51383919704751517110931,0,56569049789127353,1.3646703871350583
2025-06-29 21:45:24+00:00,17298193,70122113595,51383919705751517110931,0,56569049789127353,1.3646703870890387
2025-06-29 21:45:29+00:00,17298198,70122113594,51383919706751517110931,0,56569049789127353,1.364670387043019
2025-06-29 21:45:37+00:00,17298206,70122113581,51383919696735912617369,0,56569049778101078,1.364670387056019
2025-06-29 21:46:20+00:00,17298249,70121977524,51384019696735912617369,0,56569049778101078,1.3646650833830034
2025-06-29 21:46:28+00:00,17298257,70122115333,51383919016132691026637,0,56569049778101078,1.3646704392279654
2025-06-29 21:46:36+00:00,17298265,70122115334,51383919016865468678482,0,56569049778907799,1.3646704392279654
2025-06-29 21:47:14+00:00,17298303,70122115335,51383919016134889359603,0,56569049778907799,1.3646704392668296
2025-06-29 21:47:19+00:00,17298308,70122115336,51383919015404310040745,0,56569049778907799,1.3646704393056939
2025-06-29 21:47:27+00:00,17298316,70122115268,51383918965003166339469,0,56569049723420696,1.3646704393208924
2025-06-29 21:48:17+00:00,17298366,70122115267,51383918966003166339469,0,56569049723420696,1.3646704392748725
2025-06-29 21:48:25+00:00,17298374,70122115280,51383918976003166339469,0,56569049733908081,1.3646704392622868
2025-06-29 21:48:29+00:00,17298378,70122115267,51383918965987561978565,0,56569049722881806,1.364670439275287
2025-06-29 21:49:10+00:00,17298419,70121979210,51384018965987561978565,0,56569049722881806,1.3646651356020942
2025-06-29 21:49:18+00:00,17298427,70122117019,51383918285388192939617,0,56569049722881806,1.3646704914471324
2025-06-29 21:49:26+00:00,17298435,70122117020,51383918286120970563422,0,56569049723688527,1.3646704914471324
2025-06-29 21:50:04+00:00,17298473,70122117021,51383918285390391272499,0,56569049723688527,1.3646704914859968
2025-06-29 21:50:08+00:00,17298477,70122117022,51383918284659811981597,0,56569049723688527,1.364670491524861
2025-06-29 21:50:13+00:00,17298482,70122117088,51383918333497841481645,0,56569049776932174,1.3646704915122536
2025-06-29 21:50:21+00:00,17298490,70122117089,51383918333497841481644,0,56569049776932174,1.364670491531715
2025-06-29 21:51:08+00:00,17298537,70122117088,51383918334497841481644,0,56569049776932174,1.3646704914856953
2025-06-29 21:51:16+00:00,17298545,70122117101,51383918344497841481644,0,56569049787419559,1.3646704914731096
2025-06-29 21:52:01+00:00,17298590,70121981044,51384018344497841481644,0,56569049787419559,1.364665187799751
2025-06-29 21:52:06+00:00,17298595,70121844988,51384118344497841481644,0,56569049787419559,1.364659884166497
2025-06-29 21:52:14+00:00,17298603,70121982797,51384017663511037321086,0,56569049787419559,1.364665240001177
2025-06-29 21:52:22+00:00,17298611,70121982796,51384017662602695783504,0,56569049786419559,1.3646652400058394
2025-06-29 21:52:55+00:00,17298644,70121982797,51384017661872113681200,0,56569049786419559,1.3646652400447037
2025-06-29 21:52:59+00:00,17298648,70121982798,51384017661141531578916,0,56569049786419559,1.364665240083568
2025-06-29 21:53:03+00:00,17298652,70121982864,51384017709979561078964,0,56569049839663308,1.3646652400709656
2025-06-29 21:53:08+00:00,17298657,70121982796,51384017659578320624889,0,56569049784176205,1.3646652400861612
2025-06-29 21:53:57+00:00,17298706,70121982795,51384017660578320624889,0,56569049784176205,1.3646652400401418
2025-06-29 21:54:02+00:00,17298711,70121982794,51384017661578320624889,0,56569049784176205,1.3646652399941224
2025-06-29 21:54:11+00:00,17298720,70121982781,51384017651562697037380,0,56569049773149930,1.364665240007122
2025-06-29 21:54:53+00:00,17298762,70121846725,51384117651562697037380,0,56569049773149930,1.3646599363736949
2025-06-29 21:55:01+00:00,17298770,70121984534,51384016970579744580374,0,56569049773149930,1.3646652922084468
2025-06-29 21:55:06+00:00,17298775,70122122343,51383916289991929437531,0,56569049773149930,1.364670648053693
2025-06-29 21:55:14+00:00,17298783,70122122342,51383916289083589691751,0,56569049772149930,1.3646706480583557
2025-06-29 21:55:49+00:00,17298818,70122122343,51383916288353010484670,0,56569049772149930,1.36467064809722
2025-06-29 21:55:57+00:00,17298826,70122122409,51383916337191039984718,0,56569049825393573,1.3646706480846125
2025-06-29 21:56:05+00:00,17298834,70122122410,51383916337191039984717,0,56569049825393573,1.3646706481040738
2025-06-29 21:56:49+00:00,17298878,70122122409,51383916338191039984717,0,56569049825393573,1.3646706480580542
2025-06-29 21:56:54+00:00,17298883,70122122408,51383916339191039984717,0,56569049825393573,1.3646706480120345
2025-06-29 21:57:02+00:00,17298891,70122122395,51383916329175436153971,0,56569049814367298,1.3646706480250346
2025-06-29 21:57:43+00:00,17298932,70121986338,51384016329175436153971,0,56569049814367298,1.3646653443511634
2025-06-29 21:57:47+00:00,17298936,70121850282,51384116329175436153971,0,56569049814367298,1.3646600407173968
2025-06-29 21:57:55+00:00,17298944,70121988091,51384015648200181887357,0,56569049814367298,1.3646653965522866
2025-06-29 21:57:59+00:00,17298948,70121988092,51384015648932962246942,0,56569049815174021,1.3646653965522866
2025-06-29 21:58:03+00:00,17298952,70121988091,51384015648024620745418,0,56569049814174021,1.364665396556949
2025-06-29 21:58:38+00:00,17298987,70121988092,51384015647294038726924,0,56569049814174021,1.3646653965958133
2025-06-29 21:58:46+00:00,17298995,70121988158,51384015696132068226972,0,56569049867417766,1.364665396583211
2025-06-29 21:58:50+00:00,17298999,70121988090,51384015645730829772956,0,56569049811930663,1.3646653965984068
2025-06-29 21:58:55+00:00,17299004,70121988091,51384015645730829772955,0,56569049811930663,1.3646653966178681
2025-06-29 21:59:41+00:00,17299050,70121988090,51384015646730829772955,0,56569049811930663,1.3646653965718485
2025-06-29 21:59:49+00:00,17299058,70121988103,51384015656730829772955,0,56569049822418067,1.3646653965592639
2025-06-29 22:00:38+00:00,17299107,70121852047,51384115656730829772955,0,56569049822418067,1.364660092925326
2025-06-29 22:00:46+00:00,17299115,70121989856,51384014975759427262908,0,56569049822418067,1.364665448760286
2025-06-29 22:00:50+00:00,17299119,70122127665,51383914295183161991705,0,56569049822418067,1.36467080460574
2025-06-29 22:00:55+00:00,17299124,70122127666,51383914295915939447355,0,56569049823224788,1.36467080460574
2025-06-29 22:01:35+00:00,17299164,70122127667,51383914295185360324082,0,56569049823224788,1.3646708046446046
2025-06-29 22:01:43+00:00,17299172,70122127733,51383914344023389824130,0,56569049876468427,1.3646708046319969
2025-06-29 22:01:51+00:00,17299180,70122127734,51383914344023389824129,0,56569049876468427,1.3646708046514582
2025-06-29 22:02:36+00:00,17299225,70122127733,51383914345023389824129,0,56569049876468427,1.3646708046054385
2025-06-29 22:02:43+00:00,17299232,70122127746,51383914355023389824129,0,56569049886955810,1.3646708045928526
2025-06-29 22:02:48+00:00,17299237,70122127733,51383914345007786391031,0,56569049875929535,1.3646708046058529
2025-06-29 22:03:29+00:00,17299278,70121991676,51384014345007786391031,0,56569049875929535,1.364665500931472
2025-06-29 22:03:37+00:00,17299286,70122129485,51383913664435370134904,0,56569049875929535,1.3646708567769918
2025-06-29 22:03:45+00:00,17299294,70122129486,51383913665168147562540,0,56569049876736256,1.3646708567769918
2025-06-29 22:03:49+00:00,17299298,70122129485,51383913664259807864824,0,56569049875736256,1.3646708567816546
2025-06-29 22:04:23+00:00,17299332,70122129486,51383913663529228769483,0,56569049875736256,1.3646708568205188
2025-06-29 22:04:27+00:00,17299336,70122129487,51383913662798649674163,0,56569049875736256,1.3646708568593833
2025-06-29 22:04:31+00:00,17299340,70122129553,51383913711636679174211,0,56569049928979894,1.3646708568467754
2025-06-29 22:04:36+00:00,17299345,70122129485,51383913661235540808971,0,56569049873492791,1.364670856861974
2025-06-29 22:05:28+00:00,17299397,70122129484,51383913662235540808971,0,56569049873492791,1.3646708568159545
2025-06-29 22:05:37+00:00,17299406,70122129497,51383913672235540808971,0,56569049883980174,1.3646708568033685
2025-06-29 22:06:21+00:00,17299450,70121993440,51384013672235540808971,0,56569049883980174,1.3646655531288168
2025-06-29 22:06:29+00:00,17299458,70122131249,51383912991666975497684,0,56569049883980174,1.3646709089744067
2025-06-29 22:06:33+00:00,17299462,70122269058,51383812311493545047504,0,56569049883980174,1.3646762648304909
2025-06-29 22:06:37+00:00,17299466,70122269059,51383812312226319571229,0,56569049884786894,1.3646762648304909
2025-06-29 22:06:42+00:00,17299471,70122269058,51383812311317981665310,0,56569049883786894,1.3646762648351536
2025-06-29 22:07:16+00:00,17299505,70122269059,51383812310587405465170,0,56569049883786894,1.3646762648740178
2025-06-29 22:07:20+00:00,17299509,70122269060,51383812309856829265050,0,56569049883786894,1.3646762649128823
2025-06-29 22:07:25+00:00,17299514,70122269126,51383812358694858765098,0,56569049937030426,1.3646762649002693
2025-06-29 22:07:33+00:00,17299522,70122269127,51383812358694858765097,0,56569049937030426,1.3646762649197308
2025-06-29 22:08:21+00:00,17299570,70122269126,51383812359694858765097,0,56569049937030426,1.364676264873711
2025-06-29 22:08:29+00:00,17299578,70122269139,51383812369694858765097,0,56569049947517788,1.364676264861124
2025-06-29 22:08:33+00:00,17299582,70122269126,51383812359679275221405,0,56569049936491513,1.3646762648741249
2025-06-29 22:09:16+00:00,17299625,70122133069,51383912359679275221405,0,56569049936491513,1.364670961178591
2025-06-29 22:09:21+00:00,17299630,70121997012,51384012359679275221405,0,56569049936491513,1.3646656575037006
2025-06-29 22:09:25+00:00,17299634,70122134821,51383911679118410337603,0,56569049936491513,1.3646710133494275
2025-06-29 22:09:30+00:00,17299639,70122272630,51383810998952680264559,0,56569049936491513,1.3646763692056483
2025-06-29 22:09:39+00:00,17299648,70122272629,51383810998044342382685,0,56569049935491513,1.364676369210311
2025-06-29 22:10:14+00:00,17299683,70122272630,51383810997313766238422,0,56569049935491513,1.3646763692491755
2025-06-29 22:10:22+00:00,17299691,70122272696,51383811046151795738470,0,56569049988735042,1.3646763692365624
2025-06-29 22:10:27+00:00,17299696,70122272628,51383810995750758128362,0,56569049933247939,1.3646763692517638
2025-06-29 22:11:16+00:00,17299745,70122272627,51383810996750758128362,0,56569049933247939,1.364676369205744
2025-06-29 22:11:21+00:00,17299750,70122272626,51383810997750758128362,0,56569049933247939,1.364676369159724
2025-06-29 22:11:25+00:00,17299754,70122272639,51383811007750758128362,0,56569049943735300,1.364676369147137
2025-06-29 22:11:30+00:00,17299759,70122272626,51383810997735174849467,0,56569049932709025,1.3646763691601378
2025-06-29 22:12:10+00:00,17299799,70122136569,51383910997735174849467,0,56569049932709025,1.3646710654642606
2025-06-29 22:12:15+00:00,17299804,70122000512,51384010997735174849467,0,56569049932709025,1.3646657617890268
2025-06-29 22:12:23+00:00,17299812,70122138321,51383910317182003784895,0,56569049932709025,1.3646711176348953
2025-06-29 22:12:28+00:00,17299817,70122138322,51383910317914781072460,0,56569049933515746,1.3646711176348953
2025-06-29 22:13:06+00:00,17299855,70122138323,51383910317184202116768,0,56569049933515746,1.3646711176737598
2025-06-29 22:13:10+00:00,17299859,70122138324,51383910316453623161097,0,56569049933515746,1.364671117712624
2025-06-29 22:13:15+00:00,17299864,70122138390,51383910365291652661145,0,56569049986759377,1.3646711177000161
2025-06-29 22:13:23+00:00,17299872,70122138391,51383910365291652661144,0,56569049986759377,1.3646711177194775
2025-06-29 22:14:07+00:00,17299916,70122138390,51383910366291652661144,0,56569049986759377,1.3646711176734576
2025-06-29 22:14:16+00:00,17299925,70122138403,51383910376291652661144,0,56569049997246758,1.364671117660872
2025-06-29 22:15:00+00:00,17299969,70122002346,51384010376291652661144,0,56569049997246758,1.3646658139854722
2025-06-29 22:15:05+00:00,17299974,70121866290,51384110376291652661144,0,56569049997246758,1.3646605103501772
2025-06-29 22:15:14+00:00,17299983,70122004099,51384009695351046590569,0,56569049997246758,1.3646658661856874
2025-06-29 22:15:23+00:00,17299992,70122004098,51384009694442705197213,0,56569049996246758,1.3646658661903501
2025-06-29 22:15:58+00:00,17300027,70122004099,51384009693712123430140,0,56569049996246758,1.3646658662292144
2025-06-29 22:16:03+00:00,17300032,70122004100,51384009692981541663088,0,56569049996246758,1.3646658662680786
2025-06-29 22:16:11+00:00,17300040,70122004032,51384009642580309212188,0,56569049940759655,1.3646658662832747
2025-06-29 22:17:01+00:00,17300090,70122004031,51384009643580309212188,0,56569049940759655,1.3646658662372553
2025-06-29 22:17:09+00:00,17300098,70122004044,51384009653580309212188,0,56569049951247057,1.3646658662246705
2025-06-29 22:17:14+00:00,17300103,70122004031,51384009643564687215154,0,56569049940220782,1.36466586623767
2025-06-29 22:17:56+00:00,17300145,70121867975,51384109643564687215154,0,56569049940220782,1.3646605626021977
2025-06-29 22:18:04+00:00,17300153,70122005784,51384008962627936151645,0,56569049940220782,1.3646659184377845
2025-06-29 22:18:09+00:00,17300158,70122143593,51383908282086322101231,0,56569049940220782,1.3646712742838654
2025-06-29 22:18:17+00:00,17300166,70122143592,51383908281177982499693,0,56569049939220782,1.3646712742885279
2025-06-29 22:18:51+00:00,17300200,70122143593,51383908280447403627865,0,56569049939220782,1.3646712743273923
2025-06-29 22:18:59+00:00,17300208,70122143659,51383908329285433127913,0,56569049992464409,1.3646712743147842
2025-06-29 22:19:04+00:00,17300213,70122143591,51383908278884300098644,0,56569049936977306,1.364671274329983
2025-06-29 22:19:54+00:00,17300263,70122143590,51383908279884300098644,0,56569049936977306,1.3646712742839633
2025-06-29 22:20:02+00:00,17300271,70122143603,51383908289884300098644,0,56569049947464687,1.3646712742713774
2025-06-29 22:20:07+00:00,17300276,70122143590,51383908279868697858458,0,56569049936438412,1.3646712742843776
2025-06-29 22:20:48+00:00,17300317,70122007533,51384008279868697858458,0,56569049936438412,1.364665970608457
2025-06-29 22:20:56+00:00,17300325,70122145342,51383907599330932782777,0,56569049936438412,1.3646713264546089
2025-06-29 22:21:04+00:00,17300333,70122145343,51383907600063709958214,0,56569049937245133,1.3646713264546089
2025-06-29 22:21:09+00:00,17300338,70122145342,51383907599155370368685,0,56569049936245133,1.3646713264592716
2025-06-29 22:21:44+00:00,17300373,70122145343,51383907598424791524787,0,56569049936245133,1.3646713264981358
2025-06-29 22:21:49+00:00,17300378,70122145344,51383907597694212680910,0,56569049936245133,1.364671326537
2025-06-29 22:21:57+00:00,17300386,70122145276,51383907547293080319150,0,56569049880758030,1.364671326552199
2025-06-29 22:22:47+00:00,17300436,70122145275,51383907548293080319150,0,56569049880758030,1.3646713265061794
2025-06-29 22:22:51+00:00,17300440,70122145274,51383907549293080319150,0,56569049880758030,1.3646713264601598
2025-06-29 22:23:00+00:00,17300449,70122145261,51383907539277478211508,0,56569049869731755,1.36467132647316
2025-06-29 22:23:41+00:00,17300490,70122009204,51384007539277478211508,0,56569049869731755,1.364666022797061
2025-06-29 22:23:49+00:00,17300498,70122147013,51383906858743563433439,0,56569049869731755,1.3646713786432902
2025-06-29 22:23:57+00:00,17300506,70122147014,51383906859476340580853,0,56569049870538476,1.3646713786432902
2025-06-29 22:24:36+00:00,17300545,70122147015,51383906858745761764892,0,56569049870538476,1.3646713786821547
2025-06-29 22:24:44+00:00,17300553,70122147081,51383906907583791264940,0,56569049923782100,1.3646713786695464
2025-06-29 22:24:52+00:00,17300561,70122147082,51383906907583791264939,0,56569049923782100,1.3646713786890077
2025-06-29 22:25:39+00:00,17300608,70122147081,51383906908583791264939,0,56569049923782100,1.364671378642988
2025-06-29 22:25:47+00:00,17300616,70122147094,51383906918583791264939,0,56569049934269480,1.364671378630402
2025-06-29 22:26:33+00:00,17300662,70122011037,51384006918583791264939,0,56569049934269480,1.3646660749541377
2025-06-29 22:26:42+00:00,17300671,70122148846,51383906238053724457725,0,56569049934269480,1.3646714308004315
2025-06-29 22:26:50+00:00,17300679,70122148847,51383906238786501577132,0,56569049935076201,1.3646714308004315
2025-06-29 22:27:29+00:00,17300718,70122148848,51383906238055922789093,0,56569049935076201,1.364671430839296
2025-06-29 22:27:37+00:00,17300726,70122148914,51383906286893952289141,0,56569049988319824,1.3646714308266876
2025-06-29 22:27:45+00:00,17300734,70122148915,51383906286893952289140,0,56569049988319824,1.364671430846149
2025-06-29 22:28:31+00:00,17300780,70122148914,51383906287893952289140,0,56569049988319824,1.3646714308001293
2025-06-29 22:28:39+00:00,17300788,70122148927,51383906297893952289140,0,56569049998807204,1.3646714307875434
2025-06-29 22:29:24+00:00,17300833,70122012870,51384006297893952289140,0,56569049998807204,1.3646661271111133
2025-06-29 22:29:32+00:00,17300841,70122150679,51383905617367733445039,0,56569049998807204,1.364671482957472
2025-06-29 22:29:40+00:00,17300849,70122150680,51383905618100510536440,0,56569049999613925,1.364671482957472
2025-06-29 22:30:19+00:00,17300888,70122150681,51383905617369931776324,0,56569049999613925,1.3646714829963362
2025-06-29 22:30:23+00:00,17300892,70122150682,51383905616639353016229,0,56569049999613925,1.3646714830352007
2025-06-29 22:30:28+00:00,17300897,70122150748,51383905665477382516277,0,56569050052857547,1.3646714830225923
2025-06-29 22:30:36+00:00,17300905,70122150749,51383905665477382516276,0,56569050052857547,1.3646714830420537
2025-06-29 22:31:23+00:00,17300952,70122150748,51383905666477382516276,0,56569050052857547,1.364671482996034
2025-06-29 22:31:27+00:00,17300956,70122150747,51383905667477382516276,0,56569050052857547,1.3646714829500142
2025-06-29 22:31:32+00:00,17300961,70122150760,51383905677477382516276,0,56569050063344927,1.3646714829374282
2025-06-29 22:32:17+00:00,17301006,70122014703,51384005677477382516276,0,56569050063344927,1.3646661792608328
2025-06-29 22:32:26+00:00,17301015,70122152512,51383904996955011099651,0,56569050063344927,1.364671535107256
2025-06-29 22:32:34+00:00,17301023,70122152513,51383904997687788163049,0,56569050064151648,1.364671535107256
2025-06-29 22:33:11+00:00,17301060,70122152514,51383904996957209430851,0,56569050064151648,1.3646715351461203
2025-06-29 22:33:19+00:00,17301068,70122152580,51383905045795238930899,0,56569050117395268,1.364671535133512
2025-06-29 22:33:28+00:00,17301077,70122152581,51383905045795238930898,0,56569050117395268,1.3646715351529732
2025-06-29 22:34:12+00:00,17301121,70122152580,51383905046795238930898,0,56569050117395268,1.3646715351069536
2025-06-29 22:34:16+00:00,17301125,70122152579,51383905047795238930898,0,56569050117395268,1.364671535060934
2025-06-29 22:34:20+00:00,17301129,70122152592,51383905057795238930898,0,56569050127882647,1.364671535048348
2025-06-29 22:34:25+00:00,17301134,70122152579,51383905047779637352645,0,56569050116856372,1.3646715350613483
2025-06-29 22:35:06+00:00,17301175,70122016522,51384005047779637352645,0,56569050116856372,1.3646662313845863
2025-06-29 22:35:14+00:00,17301183,70122154331,51383904367261111447569,0,56569050116856372,1.3646715872310753
2025-06-29 22:35:19+00:00,17301188,70122292140,51383803687137720077148,0,56569050116856372,1.3646769430880583
2025-06-29 22:35:28+00:00,17301197,70122292139,51383803686229382327425,0,56569050115856372,1.364676943092721
2025-06-29 22:36:01+00:00,17301230,70122292140,51383803685498806490388,0,56569050115856372,1.3646769431315853
2025-06-29 22:36:05+00:00,17301234,70122292141,51383803684768230653372,0,56569050115856372,1.3646769431704497
2025-06-29 22:36:09+00:00,17301238,70122292207,51383803733606260153420,0,56569050169099886,1.3646769431578363
2025-06-29 22:36:14+00:00,17301243,70122292139,51383803683205229876695,0,56569050113612783,1.364676943173038
2025-06-29 22:37:03+00:00,17301292,70122292138,51383803684205229876695,0,56569050113612783,1.364676943127018
2025-06-29 22:37:08+00:00,17301297,70122292137,51383803685205229876695,0,56569050113612783,1.3646769430809982
2025-06-29 22:37:16+00:00,17301305,70122292124,51383803675189648055166,0,56569050102586508,1.364676943093999
2025-06-29 22:37:56+00:00,17301345,70122156066,51383903675189648055166,0,56569050102586508,1.3646716393767877
2025-06-29 22:38:00+00:00,17301349,70122020009,51384003675189648055166,0,56569050102586508,1.364666335699681
2025-06-29 22:38:05+00:00,17301354,70122157818,51383902994678818159114,0,56569050102586508,1.364671691546313
2025-06-29 22:38:13+00:00,17301362,70122157819,51383902995411595138511,0,56569050103393229,1.364671691546313
2025-06-29 22:38:18+00:00,17301367,70122157818,51383902994503255633049,0,56569050102393229,1.3646716915509756
2025-06-29 22:38:53+00:00,17301402,70122157819,51383902993772676984604,0,56569050102393229,1.36467169158984
2025-06-29 22:38:58+00:00,17301407,70122157820,51383902993042098336179,0,56569050102393229,1.3646716916287043
2025-06-29 22:39:06+00:00,17301415,70122157752,51383902942640970639034,0,56569050046906126,1.3646716916439035
2025-06-29 22:39:11+00:00,17301420,70122157753,51383902942640970639033,0,56569050046906126,1.3646716916633648
2025-06-29 22:39:58+00:00,17301467,70122157752,51383902943640970639033,0,56569050046906126,1.3646716916173451
2025-06-29 22:40:07+00:00,17301476,70122157765,51383902953640970639033,0,56569050057393505,1.364671691604759
2025-06-29 22:40:53+00:00,17301522,70122021708,51384002953640970639033,0,56569050057393505,1.3646663879274763
2025-06-29 22:40:58+00:00,17301527,70121885652,51384102953640970639033,0,56569050057393505,1.3646610842902982
2025-06-29 22:41:06+00:00,17301535,70122023461,51384002272742708237203,0,56569050057393505,1.3646664401265822
2025-06-29 22:41:14+00:00,17301543,70122023460,51384002271834366976026,0,56569050056393505,1.3646664401312447
2025-06-29 22:41:49+00:00,17301578,70122023461,51384002271103785516216,0,56569050056393505,1.364666440170109
2025-06-29 22:41:54+00:00,17301583,70122023462,51384002270373204056427,0,56569050056393505,1.3646664402089732
2025-06-29 22:42:03+00:00,17301592,70122023394,51384002219971978939758,0,56569050000906402,1.3646664402241697
2025-06-29 22:42:55+00:00,17301644,70122023393,51384002220971978939758,0,56569050000906402,1.3646664401781503
2025-06-29 22:43:00+00:00,17301649,70122023392,51384002221971978939758,0,56569050000906402,1.364666440132131
2025-06-29 22:43:08+00:00,17301657,70122023379,51384002211956358400064,0,56569049989880127,1.3646664401451305
2025-06-29 22:43:51+00:00,17301700,70121887323,51384102211956358400064,0,56569049989880127,1.3646611365077743
2025-06-29 22:43:55+00:00,17301704,70121751267,51384202211956358400064,0,56569049989880127,1.364655832891061
2025-06-29 22:44:00+00:00,17301709,70121889076,51384101530670661259254,0,56569049989880127,1.364661188716999
2025-06-29 22:44:08+00:00,17301717,70121889077,51384101531403443878315,0,56569049990686851,1.364661188716999
2025-06-29 22:44:13+00:00,17301722,70121889076,51384101530495100861421,0,56569049989686851,1.3646611887216618
2025-06-29 22:44:47+00:00,17301756,70121889077,51384101529764516590230,0,56569049989686851,1.3646611887605258
2025-06-29 22:44:52+00:00,17301761,70121889078,51384101529033932319060,0,56569049989686851,1.36466118879939
2025-06-29 22:44:56+00:00,17301765,70121889144,51384101577871961819108,0,56569050042930671,1.3646611887867914
2025-06-29 22:45:00+00:00,17301769,70121889076,51384101527470639282314,0,56569049987443568,1.3646611888019855
2025-06-29 22:45:05+00:00,17301774,70121889077,51384101527470639282313,0,56569049987443568,1.3646611888214468
2025-06-29 22:45:54+00:00,17301823,70121889076,51384101528470639282313,0,56569049987443568,1.3646611887754274
2025-06-29 22:46:02+00:00,17301831,70121889089,51384101538470639282313,0,56569049997930987,1.3646611887628435
2025-06-29 22:46:07+00:00,17301836,70121889076,51384101528454999383609,0,56569049986904712,1.3646611887758429
2025-06-29 22:46:49+00:00,17301878,70121753020,51384201528454999383609,0,56569049986904712,1.3646558851589572
2025-06-29 22:46:57+00:00,17301886,70121890829,51384100847173158447375,0,56569049986904712,1.3646612409849668
2025-06-29 22:47:01+00:00,17301890,70122028638,51384000166286456526365,0,56569049986904712,1.3646665968214702
2025-06-29 22:47:06+00:00,17301895,70122028639,51384000167019236241446,0,56569049987711434,1.3646665968214702
2025-06-29 22:47:45+00:00,17301934,70122028640,51384000166288654865521,0,56569049987711434,1.3646665968603344
2025-06-29 22:47:50+00:00,17301939,70122028641,51384000165558073489616,0,56569049987711434,1.3646665968991987
2025-06-29 22:47:55+00:00,17301944,70122028707,51384000214396102989664,0,56569050040955148,1.364666596886595
2025-06-29 22:48:04+00:00,17301953,70122028708,51384000214396102989663,0,56569050040955148,1.3646665969060563
2025-06-29 22:48:52+00:00,17302001,70122028707,51384000215396102989663,0,56569050040955148,1.3646665968600369
2025-06-29 22:49:00+00:00,17302009,70122028720,51384000225396102989663,0,56569050051442546,1.3646665968474518
2025-06-29 22:49:46+00:00,17302055,70121892664,51384100225396102989663,0,56569050051442546,1.3646612932095854
2025-06-29 22:49:55+00:00,17302064,70122030473,51383999544513254049545,0,56569050051442546,1.3646666490461539
2025-06-29 22:50:03+00:00,17302072,70122030474,51383999545246033736583,0,56569050052249268,1.3646666490461539
2025-06-29 22:50:08+00:00,17302077,70122030473,51383999544337692523539,0,56569050051249268,1.3646666490508166
2025-06-29 22:50:45+00:00,17302114,70122030474,51383999543607111175575,0,56569050051249268,1.3646666490896808
2025-06-29 22:50:52+00:00,17302121,70122030540,51383999592445140675623,0,56569050104492981,1.364666649077077
2025-06-29 22:50:57+00:00,17302126,70122030472,51383999542043918228519,0,56569050049005878,1.3646666490922736
2025-06-29 22:51:49+00:00,17302178,70122030471,51383999543043918228519,0,56569050049005878,1.3646666490462542
2025-06-29 22:51:58+00:00,17302187,70122030484,51383999553043918228519,0,56569050059493276,1.3646666490336692
2025-06-29 22:52:44+00:00,17302233,70121894427,51384099553043918228519,0,56569050059493276,1.3646613453761707
2025-06-29 22:52:52+00:00,17302241,70122032236,51383998872164917987634,0,56569050059493276,1.364666701212809
2025-06-29 22:53:00+00:00,17302249,70122032237,51383998872897697646660,0,56569050060299998,1.364666701212809
2025-06-29 22:53:04+00:00,17302253,70122032236,51383998871989356445631,0,56569050059299998,1.3646667012174716
2025-06-29 22:53:39+00:00,17302288,70122032237,51383998871258775125595,0,56569050059299998,1.3646667012563358
2025-06-29 22:53:43+00:00,17302292,70122032238,51383998870528193805579,0,56569050059299998,1.3646667012952
2025-06-29 22:53:48+00:00,17302297,70122032304,51383998919366223305627,0,56569050112543710,1.3646667012825964
2025-06-29 22:53:56+00:00,17302305,70122032305,51383998919366223305626,0,56569050112543710,1.3646667013020577
2025-06-29 22:54:43+00:00,17302352,70122032304,51383998920366223305626,0,56569050112543710,1.364666701256038
2025-06-29 22:54:51+00:00,17302360,70122032317,51383998930366223305626,0,56569050123031107,1.3646667012434532
2025-06-29 22:55:37+00:00,17302406,70121896260,51384098930366223305626,0,56569050123031107,1.3646613975857886
2025-06-29 22:55:45+00:00,17302414,70122034069,51383998249491074938337,0,56569050123031107,1.364666753422492
2025-06-29 22:55:49+00:00,17302418,70122171878,51383897569011063182989,0,56569050123031107,1.3646721092696896
2025-06-29 22:55:54+00:00,17302423,70122171879,51383897569743839938084,0,56569050123837828,1.3646721092696896
2025-06-29 22:56:34+00:00,17302463,70122171880,51383897569013261513265,0,56569050123837828,1.3646721093085539
2025-06-29 22:56:42+00:00,17302471,70122171946,51383897617851291013313,0,56569050177081434,1.3646721092959448
2025-06-29 22:56:50+00:00,17302479,70122171947,51383897617851291013312,0,56569050177081434,1.3646721093154062
2025-06-29 22:57:38+00:00,17302527,70122171946,51383897618851291013312,0,56569050177081434,1.3646721092693865
2025-06-29 22:57:46+00:00,17302535,70122171959,51383897628851291013312,0,56569050187568810,1.3646721092568004
2025-06-29 22:58:33+00:00,17302582,70122035902,51383997628851291013312,0,56569050187568810,1.3646668055781555
2025-06-29 22:58:41+00:00,17302590,70122173711,51383896948375127120429,0,56569050187568810,1.3646721614254176
2025-06-29 22:58:49+00:00,17302598,70122173712,51383896949107903847518,0,56569050188375531,1.3646721614254176
2025-06-29 22:59:27+00:00,17302636,70122173713,51383896948377325450620,0,56569050188375531,1.3646721614642818
2025-06-29 22:59:31+00:00,17302640,70122173714,51383896947646747053743,0,56569050188375531,1.364672161503146
2025-06-29 22:59:35+00:00,17302644,70122173780,51383896996484776553791,0,56569050241619135,1.364672161490537
2025-06-29 22:59:40+00:00,17302649,70122173712,51383896946083654862558,0,56569050186132032,1.3646721615057367
2025-06-29 23:00:31+00:00,17302700,70122173711,51383896947083654862558,0,56569050186132032,1.3646721614597168
2025-06-29 23:00:36+00:00,17302705,70122173710,51383896948083654862558,0,56569050186132032,1.3646721614136972
2025-06-29 23:00:45+00:00,17302714,70122173697,51383896938068054875339,0,56569050175105757,1.3646721614266977
2025-06-29 23:01:26+00:00,17302755,70122037640,51383996938068054875339,0,56569050175105757,1.3646668577478795
2025-06-29 23:01:35+00:00,17302764,70122175449,51383896257595739882265,0,56569050175105757,1.3646722135952138
2025-06-29 23:01:43+00:00,17302772,70122175450,51383896258328516581341,0,56569050175912478,1.3646722135952138
2025-06-29 23:02:23+00:00,17302812,70122175451,51383896257597938212372,0,56569050175912478,1.364672213634078
2025-06-29 23:02:32+00:00,17302821,70122175517,51383896306435967712420,0,56569050229156081,1.364672213621469
2025-06-29 23:02:40+00:00,17302829,70122175518,51383896306435967712419,0,56569050229156081,1.3646722136409304
2025-06-29 23:03:27+00:00,17302876,70122175517,51383896307435967712419,0,56569050229156081,1.3646722135949108
2025-06-29 23:03:35+00:00,17302884,70122175530,51383896317435967712419,0,56569050239643457,1.3646722135823246
2025-06-29 23:03:40+00:00,17302889,70122175517,51383896307420367857598,0,56569050228617182,1.364672213595325
2025-06-29 23:04:23+00:00,17302932,70122039460,51383996307420367857598,0,56569050228617182,1.3646669099163404
2025-06-29 23:04:28+00:00,17302937,70121903403,51384096307420367857598,0,56569050228617182,1.364661606257999
2025-06-29 23:04:36+00:00,17302945,70122041212,51383995626560614715942,0,56569050228617182,1.3646669620949758
2025-06-29 23:04:41+00:00,17302950,70122041213,51383995627293394234884,0,56569050229423904,1.3646669620949758
2025-06-29 23:04:46+00:00,17302955,70122041212,51383995626385053093944,0,56569050228423904,1.3646669620996386
2025-06-29 23:05:22+00:00,17302991,70122041213,51383995625654471913572,0,56569050228423904,1.3646669621385028
2025-06-29 23:05:27+00:00,17302996,70122041214,51383995624923890733221,0,56569050228423904,1.364666962177367
2025-06-29 23:05:35+00:00,17303004,70122041146,51383995574522672288173,0,56569050172936801,1.3646669621925638
2025-06-29 23:05:39+00:00,17303008,70122041147,51383995574522672288172,0,56569050172936801,1.364666962212025
2025-06-29 23:06:29+00:00,17303058,70122041146,51383995575522672288172,0,56569050172936801,1.3646669621660057
2025-06-29 23:06:33+00:00,17303062,70122041145,51383995576522672288172,0,56569050172936801,1.364666962119986
2025-06-29 23:06:38+00:00,17303067,70122041158,51383995586522672288172,0,56569050183424197,1.364666962107401
2025-06-29 23:07:27+00:00,17303116,70121905101,51384095586522672288172,0,56569050183424197,1.3646616584488838
2025-06-29 23:07:32+00:00,17303121,70121769045,51384195586522672288172,0,56569050183424197,1.3646563548304709
2025-06-29 23:07:36+00:00,17303125,70121906854,51384094905275482616595,0,56569050183424197,1.3646617106570997
2025-06-29 23:07:41+00:00,17303130,70122044663,51383994224423431733946,0,56569050183424197,1.3646670664942226
2025-06-29 23:07:45+00:00,17303134,70122044664,51383994225156211196829,0,56569050184230919,1.3646670664942226
2025-06-29 23:07:50+00:00,17303139,70122044663,51383994224247870079950,0,56569050183230919,1.3646670664988851
2025-06-29 23:08:27+00:00,17303176,70122044664,51383994223517288955469,0,56569050183230919,1.3646670665377494
2025-06-29 23:08:36+00:00,17303185,70122044730,51383994272355318455517,0,56569050236474621,1.3646670665251452
2025-06-29 23:08:44+00:00,17303193,70122044731,51383994272355318455516,0,56569050236474621,1.3646670665446066
2025-06-29 23:09:33+00:00,17303242,70122044730,51383994273355318455516,0,56569050236474621,1.3646670664985872
2025-06-29 23:09:41+00:00,17303250,70122044743,51383994283355318455516,0,56569050246962017,1.3646670664860021
2025-06-29 23:09:46+00:00,17303255,70122044730,51383994273339699506759,0,56569050235935742,1.364667066499002
2025-06-29 23:10:29+00:00,17303298,70121908673,51384094273339699506759,0,56569050235935742,1.3646617628401458
2025-06-29 23:10:34+00:00,17303303,70121772617,51384194273339699506759,0,56569050235935742,1.3646564592213943
2025-06-29 23:10:43+00:00,17303312,70121910426,51384093592100211549837,0,56569050235935742,1.36466181504816
2025-06-29 23:10:51+00:00,17303320,70121910425,51384093591191868677228,0,56569050234935742,1.3646618150528225
2025-06-29 23:11:27+00:00,17303356,70121910426,51384093590461284741349,0,56569050234935742,1.3646618150916867
2025-06-29 23:11:35+00:00,17303364,70121910492,51384093639299314241397,0,56569050288179546,1.3646618150790875
2025-06-29 23:11:39+00:00,17303368,70121910424,51384093588897999709850,0,56569050232692443,1.364661815094282
2025-06-29 23:11:44+00:00,17303373,70121910425,51384093588897999709849,0,56569050232692443,1.3646618151137433
2025-06-29 23:12:31+00:00,17303420,70121910424,51384093589897999709849,0,56569050232692443,1.3646618150677239
2025-06-29 23:12:39+00:00,17303428,70121910437,51384093599897999709849,0,56569050243179859,1.36466181505514
2025-06-29 23:13:24+00:00,17303473,70121774381,51384193599897999709849,0,56569050243179859,1.3646565114362172
2025-06-29 23:13:29+00:00,17303478,70121638326,51384293599897999709849,0,56569050243179859,1.3646512078573985
2025-06-29 23:13:37+00:00,17303486,70121776135,51384192918271076987559,0,56569050243179859,1.3646565636738113
2025-06-29 23:13:45+00:00,17303494,70121776134,51384192917362732359227,0,56569050242179859,1.3646565636784738
2025-06-29 23:14:19+00:00,17303528,70121776135,51384192916632145611967,0,56569050242179859,1.364656563717338
2025-06-29 23:14:23+00:00,17303532,70121776136,51384192915901558864728,0,56569050242179859,1.364656563756202
2025-06-29 23:14:28+00:00,17303537,70121776202,51384192964739588364776,0,56569050295423765,1.3646565637436079
2025-06-29 23:14:36+00:00,17303545,70121776203,51384192964739588364775,0,56569050295423765,1.3646565637630692
2025-06-29 23:15:22+00:00,17303591,70121776202,51384192965739588364775,0,56569050295423765,1.36465656371705
2025-06-29 23:15:30+00:00,17303599,70121776215,51384192975739588364775,0,56569050305911201,1.364656563704467
2025-06-29 23:15:34+00:00,17303603,70121776202,51384192965723930697912,0,56569050294884926,1.364656563717466
2025-06-29 23:16:17+00:00,17303646,70121640147,51384292965723930697912,0,56569050294884926,1.3646512601384801
2025-06-29 23:16:25+00:00,17303654,70121777956,51384192284100865178929,0,56569050294884926,1.364656615954959
2025-06-29 23:16:29+00:00,17303658,70121915765,51384091602872940650402,0,56569050294884926,1.364661971781932
2025-06-29 23:16:34+00:00,17303663,70121915766,51384091603605722848981,0,56569050295691650,1.364661971781932
2025-06-29 23:17:12+00:00,17303701,70121915767,51384091602875138997008,0,56569050295691650,1.3646619718207962
2025-06-29 23:17:21+00:00,17303710,70121915833,51384091651713168497056,0,56569050348935450,1.364661971808197
2025-06-29 23:17:30+00:00,17303719,70121915834,51384091651713168497055,0,56569050348935450,1.3646619718276582
2025-06-29 23:18:19+00:00,17303768,70121915833,51384091652713168497055,0,56569050348935450,1.3646619717816388
2025-06-29 23:18:28+00:00,17303777,70121915846,51384091662713168497055,0,56569050359422865,1.3646619717690547
2025-06-29 23:19:13+00:00,17303822,70121779790,51384191662713168497055,0,56569050359422865,1.364656668149627
2025-06-29 23:19:21+00:00,17303830,70121917599,51384090981489094765846,0,56569050359422865,1.364662023976665
2025-06-29 23:19:26+00:00,17303835,70122055408,51383990300660159672295,0,56569050359422865,1.3646673798141968
2025-06-29 23:19:30+00:00,17303839,70122055409,51383990301392938966936,0,56569050360229587,1.3646673798141968
2025-06-29 23:19:35+00:00,17303844,70122055408,51383990300484597922245,0,56569050359229587,1.3646673798188593
2025-06-29 23:20:09+00:00,17303878,70122055409,51383990299754016965501,0,56569050359229587,1.3646673798577236
2025-06-29 23:20:14+00:00,17303883,70122055410,51383990299023436008778,0,56569050359229587,1.3646673798965878
2025-06-29 23:20:22+00:00,17303891,70122055342,51383990248622222904310,0,56569050303742484,1.364667379911785
2025-06-29 23:21:10+00:00,17303939,70122055341,51383990249622222904310,0,56569050303742484,1.3646673798657656
2025-06-29 23:21:18+00:00,17303947,70122055354,51383990259622222904310,0,56569050314229878,1.3646673798531803
2025-06-29 23:21:22+00:00,17303951,70122055341,51383990249606604751757,0,56569050303203603,1.3646673798661804
2025-06-29 23:22:03+00:00,17303992,70121919284,51384090249606604751757,0,56569050303203603,1.364662076206299
2025-06-29 23:22:11+00:00,17304000,70122057093,51383989568781523005122,0,56569050303203603,1.3646674320439074
2025-06-29 23:22:15+00:00,17304004,70122194902,51383888888351577544195,0,56569050303203603,1.3646727878920095
2025-06-29 23:22:19+00:00,17304008,70122194903,51383888889084353934896,0,56569050304010324,1.3646727878920095
2025-06-29 23:22:24+00:00,17304013,70122194902,51383888888176014682020,0,56569050303010324,1.3646727878966722
2025-06-29 23:22:57+00:00,17304046,70122194903,51383888887445436620504,0,56569050303010324,1.3646727879355365
2025-06-29 23:23:05+00:00,17304054,70122194969,51383888936283466120552,0,56569050356253912,1.364672787922927
2025-06-29 23:23:10+00:00,17304059,70122194901,51383888885882352437496,0,56569050300766809,1.3646727879381269
2025-06-29 23:23:58+00:00,17304107,70122194900,51383888886882352437496,0,56569050300766809,1.364672787892107
2025-06-29 23:24:02+00:00,17304111,70122194899,51383888887882352437496,0,56569050300766809,1.3646727878460874
2025-06-29 23:24:07+00:00,17304116,70122194912,51383888897882352437496,0,56569050311254182,1.3646727878335012
2025-06-29 23:24:51+00:00,17304160,70122058855,51383988897882352437496,0,56569050311254182,1.3646674841526343
2025-06-29 23:24:55+00:00,17304164,70121922798,51384088897882352437496,0,56569050311254182,1.3646621804924106
2025-06-29 23:25:03+00:00,17304172,70122060607,51383988217064964608382,0,56569050311254182,1.3646675363301597
2025-06-29 23:25:08+00:00,17304177,70122060608,51383988217797743818979,0,56569050312060904,1.3646675363301597
2025-06-29 23:25:47+00:00,17304216,70122060609,51383988217067162946024,0,56569050312060904,1.364667536369024
2025-06-29 23:25:55+00:00,17304224,70122060675,51383988265905192446072,0,56569050365304594,1.3646675363564194
2025-06-29 23:25:59+00:00,17304228,70122060607,51383988215503981341250,0,56569050309817491,1.3646675363716165
2025-06-29 23:26:04+00:00,17304233,70122060608,51383988215503981341249,0,56569050309817491,1.3646675363910779
2025-06-29 23:26:50+00:00,17304279,70122060607,51383988216503981341249,0,56569050309817491,1.3646675363450584
2025-06-29 23:26:54+00:00,17304283,70122060606,51383988217503981341249,0,56569050309817491,1.3646675362990388
2025-06-29 23:26:59+00:00,17304288,70122060619,51383988227503981341249,0,56569050320304884,1.3646675362864538
2025-06-29 23:27:43+00:00,17304332,70121924562,51384088227503981341249,0,56569050320304884,1.3646622326260593
2025-06-29 23:27:47+00:00,17304336,70121788506,51384188227503981341249,0,56569050320304884,1.3646569290057695
2025-06-29 23:27:51+00:00,17304340,70121926315,51384087546299152946878,0,56569050320304884,1.3646622848331653
2025-06-29 23:27:59+00:00,17304348,70121926316,51384087547031934977358,0,56569050321111608,1.3646622848331653
2025-06-29 23:28:37+00:00,17304386,70121926317,51384087546301351292980,0,56569050321111608,1.3646622848720296
2025-06-29 23:28:45+00:00,17304394,70121926383,51384087595139380793028,0,56569050374355400,1.36466228485943
2025-06-29 23:28:53+00:00,17304402,70121926384,51384087595139380793027,0,56569050374355400,1.3646622848788912
2025-06-29 23:29:38+00:00,17304447,70121926383,51384087596139380793027,0,56569050374355400,1.364662284832872
2025-06-29 23:29:46+00:00,17304455,70121926396,51384087606139380793027,0,56569050384842813,1.3646622848202878
2025-06-29 23:30:31+00:00,17304500,70121790340,51384187606139380793027,0,56569050384842813,1.3646569811998321
2025-06-29 23:30:36+00:00,17304505,70121654284,51384287606139380793027,0,56569050384842813,1.3646516776000195
2025-06-29 23:30:44+00:00,17304513,70121792093,51384186924547114819290,0,56569050384842813,1.3646570334170571
2025-06-29 23:30:52+00:00,17304521,70121792092,51384186923638770299187,0,56569050383842813,1.3646570334217196
2025-06-29 23:31:26+00:00,17304555,70121792093,51384186922908183803410,0,56569050383842813,1.3646570334605836
2025-06-29 23:31:30+00:00,17304559,70121792094,51384186922177597307654,0,56569050383842813,1.364657033499448
2025-06-29 23:31:34+00:00,17304563,70121792160,51384186971015626807702,0,56569050437086707,1.3646570334868533
2025-06-29 23:31:38+00:00,17304567,70121792092,51384186920614220862186,0,56569050381599604,1.3646570335020454
2025-06-29 23:31:42+00:00,17304571,70121792093,51384186920614220862185,0,56569050381599604,1.3646570335215065
2025-06-29 23:32:27+00:00,17304616,70121792092,51384186921614220862185,0,56569050381599604,1.3646570334754875
2025-06-29 23:32:32+00:00,17304621,70121792091,51384186922614220862185,0,56569050381599604,1.3646570334294683
2025-06-29 23:32:36+00:00,17304625,70121792104,51384186932614220862185,0,56569050392087037,1.3646570334168853
2025-06-29 23:33:20+00:00,17304669,70121656048,51384286932614220862185,0,56569050392087037,1.3646517298169014
2025-06-29 23:33:25+00:00,17304674,70121519993,51384386932614220862185,0,56569050392087037,1.3646464262570217
2025-06-29 23:33:33+00:00,17304682,70121657802,51384286250634518957190,0,56569050392087037,1.3646517820637063
2025-06-29 23:33:42+00:00,17304691,70121657801,51384286249726172681365,0,56569050391087037,1.3646517820683688
2025-06-29 23:34:16+00:00,17304725,70121657802,51384286248995583374198,0,56569050391087037,1.3646517821072328
2025-06-29 23:34:25+00:00,17304734,70121657868,51384286297833612874246,0,56569050444331033,1.3646517820946433
2025-06-29 23:34:30+00:00,17304739,70121657800,51384286247432109508105,0,56569050388843930,1.3646517821098327
2025-06-29 23:35:19+00:00,17304788,70121657799,51384286248432109508105,0,56569050388843930,1.3646517820638138
2025-06-29 23:35:23+00:00,17304792,70121657798,51384286249432109508105,0,56569050388843930,1.3646517820177948
2025-06-29 23:35:27+00:00,17304796,70121657811,51384286259432109508105,0,56569050399331383,1.3646517820052129
2025-06-29 23:35:31+00:00,17304800,70121657798,51384286249416433675196,0,56569050388305108,1.3646517820182111
2025-06-29 23:36:11+00:00,17304840,70121521743,51384386249416433675196,0,56569050388305108,1.3646464784581593
2025-06-29 23:36:15+00:00,17304844,70121385689,51384486249416433675196,0,56569050388305108,1.3646411749382112
2025-06-29 23:36:20+00:00,17304849,70121523498,51384385567049294641693,0,56569050388305108,1.3646465307345441
2025-06-29 23:36:25+00:00,17304854,70121661307,51384284885077300952782,0,56569050388305108,1.364651886541371
2025-06-29 23:36:33+00:00,17304862,70121661306,51384284884168954701036,0,56569050387305108,1.3646518865460335
2025-06-29 23:37:08+00:00,17304897,70121661307,51384284883438365449803,0,56569050387305108,1.3646518865848976
2025-06-29 23:37:16+00:00,17304905,70121661373,51384284932276394949851,0,56569050440549102,1.364651886572308
2025-06-29 23:37:21+00:00,17304910,70121661305,51384284881874892919780,0,56569050385061999,1.3646518865874975
2025-06-29 23:38:12+00:00,17304961,70121661304,51384284882874892919780,0,56569050385061999,1.3646518865414785
2025-06-29 23:38:17+00:00,17304966,70121661303,51384284883874892919780,0,56569050385061999,1.3646518864954595
2025-06-29 23:38:25+00:00,17304974,70121661290,51384284873859217352464,0,56569050374035724,1.364651886508458
2025-06-29 23:39:06+00:00,17305015,70121525235,51384384873859217352464,0,56569050374035724,1.3646465829480607
2025-06-29 23:39:10+00:00,17305019,70121389180,51384484873859217352464,0,56569050374035724,1.3646412794083063
2025-06-29 23:39:15+00:00,17305024,70121526989,51384384191499786046417,0,56569050374035724,1.3646466352047826
2025-06-29 23:39:23+00:00,17305032,70121526990,51384384192232576480366,0,56569050374842452,1.3646466352047826
2025-06-29 23:39:27+00:00,17305036,70121526989,51384384191324228472900,0,56569050373842452,1.3646466352094448
2025-06-29 23:40:01+00:00,17305070,70121526990,51384384190593636410265,0,56569050373842452,1.3646466352483089
2025-06-29 23:40:06+00:00,17305075,70121526991,51384384189863044347651,0,56569050373842452,1.3646466352871727
2025-06-29 23:40:15+00:00,17305084,70121526923,51384384139461444898973,0,56569050318355349,1.3646466353023596
2025-06-29 23:40:20+00:00,17305089,70121526924,51384384139461444898972,0,56569050318355349,1.364646635321821
2025-06-29 23:40:25+00:00,17305094,70128371354,51379384139806938591344,0,56569050318355349,1.3649126498514608
2025-06-29 23:41:07+00:00,17305136,70128371353,51379384140806938591344,0,56569050318355349,1.3649126498054323
2025-06-29 23:41:11+00:00,17305140,70128371352,51379384141806938591344,0,56569050318355349,1.3649126497594037
2025-06-29 23:41:15+00:00,17305144,70128371365,51379384151806938591344,0,56569050328841798,1.3649126497467698
2025-06-29 23:41:20+00:00,17305149,70128371352,51379384141792218250536,0,56569050317815523,1.3649126497597948
2025-06-29 23:42:02+00:00,17305191,70128235271,51379484141792218250536,0,56569050317815523,1.3649073446799653
2025-06-29 23:42:07+00:00,17305196,70128099191,51379584141792218250536,0,56569050317815523,1.3649020396402491
2025-06-29 23:42:20+00:00,17305209,70128099192,51379584142524871562610,0,56569050318622176,1.3649020396402491
2025-06-29 23:42:59+00:00,17305248,70128099193,51379584141794416210482,0,56569050318622176,1.3649020396791167
2025-06-29 23:43:07+00:00,17305256,70128099259,51379584190632445710530,0,56569050371861282,1.364902039666288
2025-06-29 23:43:16+00:00,17305265,70128099260,51379584190632445710529,0,56569050371861282,1.3649020396857512
2025-06-29 23:44:04+00:00,17305313,70128099259,51379584191632445710529,0,56569050371861282,1.3649020396397231
2025-06-29 23:44:12+00:00,17305321,70128099272,51379584201632445710529,0,56569050382347772,1.3649020396270912
2025-06-29 23:44:17+00:00,17305326,70128099259,51379584191617686386063,0,56569050371321497,1.3649020396401152
2025-06-29 23:44:59+00:00,17305368,70127963179,51379684191617686386063,0,56569050371321497,1.3648967346210545
2025-06-29 23:45:08+00:00,17305377,70128100988,51379583528102031066503,0,56569050371321497,1.3649020909179514
2025-06-29 23:45:12+00:00,17305381,70128238797,51379482864981410050972,0,56569050371321497,1.3649074472253424
2025-06-29 23:45:17+00:00,17305386,70128238798,51379482865714060460369,0,56569050372128148,1.3649074472253424
2025-06-29 23:45:21+00:00,17305390,70128238797,51379482864805799096112,0,56569050371128148,1.3649074472300076
2025-06-29 23:45:56+00:00,17305425,70128238798,51379482864075346637956,0,56569050371128148,1.3649074472688751
2025-06-29 23:46:01+00:00,17305430,70128238799,51379482863344894179820,0,56569050371128148,1.364907447307743
2025-06-29 23:46:09+00:00,17305438,70128238731,51379482812948102311803,0,56569050315641045,1.3649074473230594
2025-06-29 23:46:57+00:00,17305486,70128238730,51379482813948102311803,0,56569050315641045,1.3649074472770313
2025-06-29 23:47:05+00:00,17305494,70128238743,51379482823948102311803,0,56569050326127514,1.3649074472643983
2025-06-29 23:47:09+00:00,17305498,70128238730,51379482813933362737627,0,56569050315101239,1.3649074472774227
2025-06-29 23:47:49+00:00,17305538,70128102649,51379582813933362737627,0,56569050315101239,1.3649021422179068
2025-06-29 23:47:53+00:00,17305542,70127966569,51379682813933362737627,0,56569050315101239,1.3648968371985044
2025-06-29 23:47:58+00:00,17305547,70128104378,51379582150425272673866,0,56569050315101239,1.364902193495545
2025-06-29 23:48:06+00:00,17305555,70128104379,51379582151157925903354,0,56569050315907892,1.364902193495545
2025-06-29 23:48:46+00:00,17305595,70128104380,51379582150427470633565,0,56569050315907892,1.3649021935344126
2025-06-29 23:48:54+00:00,17305603,70128104446,51379582199265500133613,0,56569050369146994,1.3649021935215837
2025-06-29 23:49:02+00:00,17305611,70128104447,51379582199265500133612,0,56569050369146994,1.3649021935410468
2025-06-29 23:49:47+00:00,17305656,70128104446,51379582200265500133612,0,56569050369146994,1.3649021934950187
2025-06-29 23:49:55+00:00,17305664,70128104459,51379582210265500133612,0,56569050379633483,1.3649021934823868
2025-06-29 23:50:41+00:00,17305710,70127968379,51379682210265500133612,0,56569050379633483,1.364896888462822
2025-06-29 23:50:49+00:00,17305718,70128106188,51379581546761190896933,0,56569050379633483,1.3649022447599255
2025-06-29 23:50:56+00:00,17305725,70128106189,51379581547493844098903,0,56569050380440136,1.3649022447599255
2025-06-29 23:51:33+00:00,17305762,70128106190,51379581546763388856549,0,56569050380440136,1.3649022447987933
2025-06-29 23:51:37+00:00,17305766,70128106191,51379581546032933614216,0,56569050380440136,1.3649022448376609
2025-06-29 23:51:45+00:00,17305774,70128106123,51379581495636044959225,0,56569050324953033,1.3649022448529748
2025-06-29 23:52:34+00:00,17305823,70128106122,51379581496636044959225,0,56569050324953033,1.3649022448069468
2025-06-29 23:52:38+00:00,17305827,70128106121,51379581497636044959225,0,56569050324953033,1.3649022447609187
2025-06-29 23:52:42+00:00,17305831,70128106134,51379581507636044959225,0,56569050335439522,1.3649022447482868
2025-06-29 23:52:46+00:00,17305835,70128106121,51379581497621286151560,0,56569050324413247,1.3649022447613106
2025-06-29 23:53:27+00:00,17305876,70127970041,51379681497621286151560,0,56569050324413247,1.3648969397415727
2025-06-29 23:53:31+00:00,17305880,70127833962,51379781497621286151560,0,56569050324413247,1.364891634761948
2025-06-29 23:53:35+00:00,17305884,70127971771,51379680833729506282655,0,56569050324413247,1.3648969910487008
2025-06-29 23:53:40+00:00,17305889,70128109580,51379580170232762921693,0,56569050324413247,1.3649023473459476
2025-06-29 23:53:44+00:00,17305893,70128109581,51379580170965416068597,0,56569050325219900,1.3649023473459476
2025-06-29 23:53:49+00:00,17305898,70128109580,51379580170057152983473,0,56569050324219900,1.3649023473506128
2025-06-29 23:54:22+00:00,17305931,70128109581,51379580169326697796023,0,56569050324219900,1.3649023473894804
2025-06-29 23:54:26+00:00,17305935,70128109582,51379580168596242608594,0,56569050324219900,1.364902347428348
2025-06-29 23:54:31+00:00,17305940,70128109648,51379580217434272108642,0,56569050377458998,1.364902347415519
2025-06-29 23:54:39+00:00,17305948,70128109649,51379580217434272108641,0,56569050377458998,1.364902347434982
2025-06-29 23:55:23+00:00,17305992,70128109648,51379580218434272108641,0,56569050377458998,1.3649023473889539
2025-06-29 23:55:31+00:00,17306000,70128109661,51379580228434272108641,0,56569050387945487,1.364902347376322
2025-06-29 23:56:16+00:00,17306045,70127973581,51379680228434272108641,0,56569050387945487,1.3648970423562532
2025-06-29 23:56:24+00:00,17306053,70128111390,51379579564941312762548,0,56569050387945487,1.3649023986535633
2025-06-29 23:56:33+00:00,17306062,70128111391,51379579565673965881911,0,56569050388752139,1.3649023986535633
2025-06-29 23:57:10+00:00,17306099,70128111392,51379579564943510721917,0,56569050388752139,1.364902398692431
2025-06-29 23:57:18+00:00,17306107,70128111458,51379579613781540221965,0,56569050441991236,1.3649023986796018
2025-06-29 23:57:22+00:00,17306111,70128111390,51379579563384653517105,0,56569050386504133,1.364902398694916
2025-06-29 23:57:27+00:00,17306116,70128111391,51379579563384653517104,0,56569050386504133,1.364902398714379
2025-06-29 23:58:11+00:00,17306160,70128111390,51379579564384653517104,0,56569050386504133,1.364902398668351
2025-06-29 23:58:15+00:00,17306164,70128111389,51379579565384653517104,0,56569050386504133,1.364902398622323
2025-06-29 23:58:20+00:00,17306169,70128111402,51379579575384653517104,0,56569050396990621,1.3649023986096909
2025-06-29 23:59:05+00:00,17306214,70127975322,51379679575384653517104,0,56569050396990621,1.364897093589455
2025-06-29 23:59:09+00:00,17306218,70127839243,51379779575384653517104,0,56569050396990621,1.3648917886093324
2025-06-29 23:59:13+00:00,17306222,70127977052,51379678911504220229895,0,56569050396990621,1.3648971448962854
2025-06-29 23:59:18+00:00,17306227,70128114861,51379578248018823376353,0,56569050396990621,1.3649025011937328
2025-06-29 23:59:26+00:00,17306235,70128114860,51379578247110560326374,0,56569050395990621,1.364902501198398
