timestamp,block,token0_reserve,token1_reserve,k_last,total_supply,price
2025-06-09 00:00:16+00:00,15491982,67552401739,51394562743496597978218,0,55908923442049430,1.3143881012500296
2025-06-09 00:00:34+00:00,15492000,67552401738,51394562744496597978218,0,55908923442049430,1.3143881012049978
2025-06-09 00:00:39+00:00,15492005,67552401737,51394562745496597978218,0,55908923442049430,1.3143881011599658
2025-06-09 00:00:44+00:00,15492010,67552401750,51394562755496597978218,0,55908923452808721,1.3143881011571663
2025-06-09 00:00:49+00:00,15492015,67552401749,51394562754700587413565,0,55908923451942791,1.3143881011580667
2025-06-09 00:01:05+00:00,15492031,67552401750,51394562753942059548693,0,55908923451942791,1.314388101196923
2025-06-09 00:01:49+00:00,15492075,67552401751,51394562753183531683843,0,55908923451942791,1.3143881012357792
2025-06-09 00:02:34+00:00,15492120,67552401752,51394562752425003819016,0,55908923451942791,1.3143881012746355
2025-06-09 00:02:35+00:00,15492121,67552401753,51394562751666475954211,0,55908923451942791,1.3143881013134917
2025-06-09 00:02:40+00:00,15492126,67552401754,51394562750907948089429,0,55908923451942791,1.314388101352348
2025-06-09 00:02:47+00:00,15492133,67552401818,51394562799745977589477,0,55908923504911612,1.3143881013486096
2025-06-09 00:02:52+00:00,15492138,67552401751,51394562748739175438137,0,55908923449424509,1.3143881013494412
2025-06-09 00:02:57+00:00,15492143,67552401752,51394562748739175438136,0,55908923449424509,1.3143881013688985
2025-06-09 00:03:18+00:00,15492164,67552401753,51394562747980647573386,0,55908923449424509,1.3143881014077547
2025-06-09 00:04:01+00:00,15492207,67552401753,51394562748222119708658,0,55908923449424509,1.3143881014015792
2025-06-09 00:04:01+00:00,15492207,67552401754,51394562747222119708658,0,55908923449424509,1.314388101446611
2025-06-09 00:04:07+00:00,15492213,67552401752,51394562749222119708658,0,55908923449424509,1.3143881013565475
2025-06-09 00:04:13+00:00,15492219,67552401765,51394562759222119708658,0,55908923460183800,1.314388101353748
2025-06-09 00:04:18+00:00,15492224,67552401764,51394562758426109144052,0,55908923459317870,1.3143881013546481
2025-06-09 00:04:45+00:00,15492251,67552401765,51394562757667581279293,0,55908923459317870,1.3143881013935044
2025-06-09 00:05:28+00:00,15492294,67552401766,51394562756909053414557,0,55908923459317870,1.3143881014323606
2025-06-09 00:06:09+00:00,15492335,67552401767,51394562756150525549843,0,55908923459317870,1.3143881014712169
2025-06-09 00:06:12+00:00,15492338,67552401768,51394562755391997685152,0,55908923459317870,1.3143881015100731
2025-06-09 00:06:14+00:00,15492340,67552401769,51394562754633469820483,0,55908923459317870,1.3143881015489294
2025-06-09 00:06:21+00:00,15492347,67552401833,51394562803471499320531,0,55908923512286691,1.314388101545191
2025-06-09 00:06:25+00:00,15492351,67552401766,51394562752464697172222,0,55908923456799588,1.3143881015460226
2025-06-09 00:06:30+00:00,15492356,67552401767,51394562752464697172221,0,55908923456799588,1.31438810156548
2025-06-09 00:06:56+00:00,15492382,67552401768,51394562751706169307584,0,55908923456799588,1.3143881016043362
2025-06-09 00:07:35+00:00,15492421,67552401767,51394562752706169307584,0,55908923456799588,1.3143881015593044
2025-06-09 00:07:40+00:00,15492426,67552401768,51394562751947641442944,0,55908923456799588,1.3143881015981607
2025-06-09 00:07:49+00:00,15492435,67552401767,51394562751151630878402,0,55908923455933658,1.3143881015990608
2025-06-09 00:08:23+00:00,15492469,67552401768,51394562750393103013784,0,55908923455933658,1.314388101637917
2025-06-09 00:09:07+00:00,15492513,67552401769,51394562749634575149189,0,55908923455933658,1.3143881016767733
2025-06-09 00:09:30+00:00,15492536,67552401770,51394562748876047284616,0,55908923455933658,1.3143881017156296
2025-06-09 00:09:35+00:00,15492541,67552401771,51394562748117519420066,0,55908923455933658,1.3143881017544858
2025-06-09 00:09:40+00:00,15492546,67552401835,51394562796955548920114,0,55908923508902479,1.3143881017507477
2025-06-09 00:09:45+00:00,15492551,67552401768,51394562745948746775184,0,55908923453415376,1.314388101751579
2025-06-09 00:10:32+00:00,15492598,67552401769,51394562745190218910654,0,55908923453415376,1.3143881017904353
2025-06-09 00:10:50+00:00,15492616,67552401768,51394562746190218910654,0,55908923453415376,1.3143881017454035
2025-06-09 00:10:55+00:00,15492621,67552401767,51394562747190218910654,0,55908923453415376,1.3143881017003718
2025-06-09 00:11:00+00:00,15492626,67552401780,51394562757190218910654,0,55908923464174667,1.3143881016975723
2025-06-09 00:11:05+00:00,15492631,67552401779,51394562756394208346136,0,55908923463308737,1.3143881016984726
2025-06-09 00:11:15+00:00,15492641,67552401780,51394562755635680481576,0,55908923463308737,1.314388101737329
2025-06-09 00:11:58+00:00,15492684,67552401781,51394562754877152617038,0,55908923463308737,1.3143881017761851
2025-06-09 00:12:41+00:00,15492727,67552401782,51394562754118624752523,0,55908923463308737,1.3143881018150414
2025-06-09 00:12:46+00:00,15492732,67552401783,51394562753360096888030,0,55908923463308737,1.3143881018538977
2025-06-09 00:12:52+00:00,15492738,67552401784,51394562752601569023560,0,55908923463308737,1.314388101892754
2025-06-09 00:12:58+00:00,15492744,67552401848,51394562801439598523608,0,55908923516277558,1.3143881018890156
2025-06-09 00:13:03+00:00,15492749,67552401781,51394562750432796380956,0,55908923460790455,1.3143881018898471
2025-06-09 00:13:24+00:00,15492770,67552401782,51394562749674268516506,0,55908923460790455,1.3143881019287034
2025-06-09 00:14:06+00:00,15492812,67552401783,51394562748915740652079,0,55908923460790455,1.3143881019675596
2025-06-09 00:14:08+00:00,15492814,67552401782,51394562749915740652079,0,55908923460790455,1.3143881019225279
2025-06-09 00:14:12+00:00,15492818,67552401781,51394562750915740652079,0,55908923460790455,1.314388101877496
2025-06-09 00:14:17+00:00,15492823,67552401794,51394562760915740652079,0,55908923471549746,1.3143881018746966
2025-06-09 00:14:22+00:00,15492828,67552401793,51394562760119730087608,0,55908923470683816,1.3143881018755967
2025-06-09 00:14:49+00:00,15492855,67552401794,51394562759361202223150,0,55908923470683816,1.314388101914453
2025-06-09 00:15:32+00:00,15492898,67552401795,51394562758602674358714,0,55908923470683816,1.3143881019533092
2025-06-09 00:16:02+00:00,15492928,67552401796,51394562757844146494301,0,55908923470683816,1.3143881019921655
2025-06-09 00:16:07+00:00,15492933,67552401797,51394562757085618629910,0,55908923470683816,1.3143881020310217
2025-06-09 00:16:13+00:00,15492939,67552401861,51394562805923648129958,0,55908923523652637,1.3143881020272834
2025-06-09 00:16:19+00:00,15492945,67552401794,51394562754916845989584,0,55908923468165534,1.314388102028115
2025-06-09 00:16:58+00:00,15492984,67552401795,51394562754158318125214,0,55908923468165534,1.3143881020669712
2025-06-09 00:17:27+00:00,15493013,67552401794,51394562755158318125214,0,55908923468165534,1.3143881020219395
2025-06-09 00:17:32+00:00,15493018,67552401793,51394562756158318125214,0,55908923468165534,1.3143881019769077
2025-06-09 00:17:37+00:00,15493023,67552401806,51394562766158318125214,0,55908923478924825,1.3143881019741082
2025-06-09 00:18:23+00:00,15493069,67552401807,51394562765399790260813,0,55908923478924825,1.3143881020129644
2025-06-09 00:19:06+00:00,15493112,67552401808,51394562764641262396434,0,55908923478924825,1.3143881020518207
2025-06-09 00:19:22+00:00,15493128,67552401809,51394562763882734532078,0,55908923478924825,1.314388102090677
2025-06-09 00:19:31+00:00,15493137,67552401873,51394562812720764032126,0,55908923531893646,1.3143881020869386
2025-06-09 00:19:36+00:00,15493142,67552401806,51394562761713961892525,0,55908923476406543,1.3143881020877701
2025-06-09 00:19:41+00:00,15493147,67552401807,51394562761713961892524,0,55908923476406543,1.3143881021072275
2025-06-09 00:19:49+00:00,15493155,67552401808,51394562760955434028200,0,55908923476406543,1.3143881021460837
2025-06-09 00:20:31+00:00,15493197,67552401809,51394562760196906163898,0,55908923476406543,1.31438810218494
2025-06-09 00:20:40+00:00,15493206,67552401808,51394562761196906163898,0,55908923476406543,1.3143881021399082
2025-06-09 00:20:44+00:00,15493210,67552401807,51394562762196906163898,0,55908923476406543,1.3143881020948764
2025-06-09 00:20:49+00:00,15493215,67552401820,51394562772196906163898,0,55908923487165834,1.314388102092077
2025-06-09 00:21:15+00:00,15493241,67552401821,51394562771438378299565,0,55908923487165834,1.3143881021309332
2025-06-09 00:21:58+00:00,15493284,67552401822,51394562770679850435254,0,55908923487165834,1.3143881021697894
2025-06-09 00:22:30+00:00,15493316,67552401823,51394562769921322570966,0,55908923487165834,1.3143881022086457
2025-06-09 00:22:35+00:00,15493321,67552401824,51394562769162794706700,0,55908923487165834,1.314388102247502
2025-06-09 00:22:40+00:00,15493326,67552401888,51394562818000824206748,0,55908923540134655,1.3143881022437636
2025-06-09 00:22:41+00:00,15493327,67552401889,51394562817242296342503,0,55908923540134655,1.3143881022826198
2025-06-09 00:22:49+00:00,15493335,67552401890,51394562817242296342502,0,55908923540134655,1.3143881023020771
2025-06-09 00:23:23+00:00,15493369,67552401891,51394562816483768478290,0,55908923540134655,1.3143881023409334
2025-06-09 00:23:49+00:00,15493395,67552401890,51394562817483768478290,0,55908923540134655,1.3143881022959016
2025-06-09 00:23:53+00:00,15493399,67552401889,51394562818483768478290,0,55908923540134655,1.3143881022508699
2025-06-09 00:23:57+00:00,15493403,67552401902,51394562828483768478290,0,55908923550893946,1.3143881022480703
2025-06-09 00:24:01+00:00,15493407,67552401901,51394562827687757913903,0,55908923550028016,1.3143881022489705
2025-06-09 00:24:05+00:00,15493411,67552401902,51394562826929230049661,0,55908923550028016,1.3143881022878268
2025-06-09 00:24:47+00:00,15493453,67552401903,51394562826170702185441,0,55908923550028016,1.314388102326683
2025-06-09 00:25:29+00:00,15493495,67552401904,51394562825412174321243,0,55908923550028016,1.3143881023655393
2025-06-09 00:25:37+00:00,15493503,67552401905,51394562824653646457068,0,55908923550028016,1.3143881024043955
2025-06-09 00:25:42+00:00,15493508,67552401906,51394562823895118592915,0,55908923550028016,1.3143881024432518
2025-06-09 00:25:47+00:00,15493513,67552401970,51394562872733148092963,0,55908923602996837,1.3143881024395137
2025-06-09 00:25:51+00:00,15493517,67552401903,51394562821726345958671,0,55908923547509734,1.3143881024403452
2025-06-09 00:25:56+00:00,15493522,67552401904,51394562821726345958670,0,55908923547509734,1.3143881024598023
2025-06-09 00:26:12+00:00,15493538,67552401905,51394562820967818094549,0,55908923547509734,1.3143881024986586
2025-06-09 00:26:54+00:00,15493580,67552401906,51394562820209290230451,0,55908923547509734,1.3143881025375148
2025-06-09 00:26:55+00:00,15493581,67552401905,51394562821209290230451,0,55908923547509734,1.314388102492483
2025-06-09 00:27:00+00:00,15493586,67552401904,51394562822209290230451,0,55908923547509734,1.3143881024474513
2025-06-09 00:27:05+00:00,15493591,67552401917,51394562832209290230451,0,55908923558269025,1.3143881024446518
2025-06-09 00:27:37+00:00,15493623,67552401918,51394562831450762366321,0,55908923558269025,1.314388102483508
2025-06-09 00:28:20+00:00,15493666,67552401919,51394562830692234502214,0,55908923558269025,1.3143881025223643
2025-06-09 00:28:44+00:00,15493690,67552401920,51394562829933706638129,0,55908923558269025,1.3143881025612205
2025-06-09 00:28:49+00:00,15493695,67552401921,51394562829175178774067,0,55908923558269025,1.3143881026000768
2025-06-09 00:28:54+00:00,15493700,67552401985,51394562878013208274115,0,55908923611237846,1.3143881025963386
2025-06-09 00:29:00+00:00,15493706,67552401918,51394562827006406142101,0,55908923555750743,1.31438810259717
2025-06-09 00:29:03+00:00,15493709,67552401919,51394562826247878278059,0,55908923555750743,1.3143881026360262
2025-06-09 00:29:46+00:00,15493752,67552401920,51394562825489350414040,0,55908923555750743,1.3143881026748825
2025-06-09 00:30:04+00:00,15493770,67552401919,51394562826489350414040,0,55908923555750743,1.3143881026298507
2025-06-09 00:30:10+00:00,15493776,67552401918,51394562827489350414040,0,55908923555750743,1.314388102584819
2025-06-09 00:30:15+00:00,15493781,67552401931,51394562837489350414040,0,55908923566510034,1.3143881025820194
2025-06-09 00:30:20+00:00,15493786,67552401930,51394562836693339849735,0,55908923565644104,1.3143881025829198
2025-06-09 00:30:30+00:00,15493796,67552401931,51394562835934811985685,0,55908923565644104,1.314388102621776
2025-06-09 00:31:13+00:00,15493839,67552401932,51394562835176284121658,0,55908923565644104,1.3143881026606323
2025-06-09 00:31:55+00:00,15493881,67552401933,51394562834417756257653,0,55908923565644104,1.3143881026994886
2025-06-09 00:31:57+00:00,15493883,67552401934,51394562833659228393671,0,55908923565644104,1.3143881027383448
2025-06-09 00:32:01+00:00,15493887,67552401935,51394562832900700529711,0,55908923565644104,1.314388102777201
2025-06-09 00:32:07+00:00,15493893,67552401999,51394562881738730029759,0,55908923618612925,1.3143881027734627
2025-06-09 00:32:12+00:00,15493898,67552401932,51394562830731927900776,0,55908923563125822,1.3143881027742943
2025-06-09 00:32:17+00:00,15493903,67552401933,51394562830731927900775,0,55908923563125822,1.3143881027937516
2025-06-09 00:32:39+00:00,15493925,67552401934,51394562829973400036847,0,55908923563125822,1.3143881028326079
2025-06-09 00:33:17+00:00,15493963,67552401933,51394562830973400036847,0,55908923563125822,1.3143881027875761
2025-06-09 00:33:21+00:00,15493967,67552401933,51394562831214872172915,0,55908923563125822,1.3143881027814006
2025-06-09 00:33:21+00:00,15493967,67552401934,51394562830214872172915,0,55908923563125822,1.3143881028264324
2025-06-09 00:33:26+00:00,15493972,67552401946,51394562841214872172915,0,55908923573885113,1.314388102778601
2025-06-09 00:33:31+00:00,15493977,67552401945,51394562840418861608658,0,55908923573019183,1.3143881027795012
2025-06-09 00:34:03+00:00,15494009,67552401946,51394562839660333744722,0,55908923573019183,1.3143881028183575
2025-06-09 00:34:46+00:00,15494052,67552401947,51394562838901805880808,0,55908923573019183,1.3143881028572137
2025-06-09 00:35:07+00:00,15494073,67552401948,51394562838143278016917,0,55908923573019183,1.31438810289607
2025-06-09 00:35:12+00:00,15494078,67552401949,51394562837384750153048,0,55908923573019183,1.3143881029349263
2025-06-09 00:35:17+00:00,15494083,67552402013,51394562886222779653096,0,55908923625988004,1.314388102931188
2025-06-09 00:35:22+00:00,15494088,67552401946,51394562835215977526392,0,55908923570500901,1.3143881029320195
2025-06-09 00:35:27+00:00,15494093,67552401947,51394562835215977526391,0,55908923570500901,1.3143881029514768
2025-06-09 00:35:30+00:00,15494096,67552401948,51394562834457449662554,0,55908923570500901,1.314388102990333
2025-06-09 00:36:12+00:00,15494138,67552401949,51394562833698921798739,0,55908923570500901,1.3143881030291893
2025-06-09 00:36:28+00:00,15494154,67552401948,51394562834698921798739,0,55908923570500901,1.3143881029841575
2025-06-09 00:36:37+00:00,15494163,67552401961,51394562844698921798739,0,55908923581260192,1.314388102981358
2025-06-09 00:36:42+00:00,15494168,67552401960,51394562843902911234533,0,55908923580394262,1.3143881029822582
2025-06-09 00:36:55+00:00,15494181,67552401961,51394562843144383370714,0,55908923580394262,1.3143881030211144
2025-06-09 00:37:37+00:00,15494223,67552401962,51394562842385855506917,0,55908923580394262,1.3143881030599707
2025-06-09 00:38:18+00:00,15494264,67552401963,51394562841627327643143,0,55908923580394262,1.314388103098827
2025-06-09 00:38:19+00:00,15494265,67552401964,51394562840868799779391,0,55908923580394262,1.3143881031376832
2025-06-09 00:38:28+00:00,15494274,67552402028,51394562889706829279439,0,55908923633363083,1.314388103133945
2025-06-09 00:38:33+00:00,15494279,67552401961,51394562838700027156005,0,55908923577875980,1.3143881031347764
2025-06-09 00:39:01+00:00,15494307,67552401962,51394562837941499292274,0,55908923577875980,1.3143881031736326
2025-06-09 00:39:36+00:00,15494342,67552401961,51394562838941499292274,0,55908923577875980,1.3143881031286009
2025-06-09 00:39:42+00:00,15494348,67552401960,51394562839941499292274,0,55908923577875980,1.3143881030835691
2025-06-09 00:39:44+00:00,15494350,67552401961,51394562839182971428513,0,55908923577875980,1.3143881031224254
2025-06-09 00:39:50+00:00,15494356,67552401960,51394562838386960864344,0,55908923577010050,1.3143881031233255
2025-06-09 00:40:27+00:00,15494393,67552401961,51394562837628433000606,0,55908923577010050,1.3143881031621818
2025-06-09 00:41:10+00:00,15494436,67552401962,51394562836869905136891,0,55908923577010050,1.314388103201038
2025-06-09 00:41:28+00:00,15494454,67552401963,51394562836111377273198,0,55908923577010050,1.3143881032398943
2025-06-09 00:41:33+00:00,15494459,67552401964,51394562835352849409527,0,55908923577010050,1.3143881032787506
2025-06-09 00:41:38+00:00,15494464,67552402028,51394562884190878909575,0,55908923629978871,1.3143881032750124
2025-06-09 00:41:43+00:00,15494469,67552401961,51394562833184076788528,0,55908923574491768,1.314388103275844
2025-06-09 00:41:53+00:00,15494479,67552401962,51394562832425548924878,0,55908923574491768,1.3143881033147002
2025-06-09 00:42:35+00:00,15494521,67552401963,51394562831667021061251,0,55908923574491768,1.3143881033535565
2025-06-09 00:42:46+00:00,15494532,67552401962,51394562832667021061251,0,55908923574491768,1.3143881033085245
2025-06-09 00:42:50+00:00,15494536,67552401961,51394562833667021061251,0,55908923574491768,1.3143881032634928
2025-06-09 00:42:55+00:00,15494541,67552401974,51394562843667021061251,0,55908923585251059,1.3143881032606932
2025-06-09 00:43:18+00:00,15494564,67552401975,51394562842908493197592,0,55908923585251059,1.3143881032995495
2025-06-09 00:44:00+00:00,15494606,67552401976,51394562842149965333956,0,55908923585251059,1.3143881033384057
2025-06-09 00:44:36+00:00,15494642,67552401977,51394562841391437470342,0,55908923585251059,1.314388103377262
2025-06-09 00:44:40+00:00,15494646,67552401978,51394562840632909606751,0,55908923585251059,1.3143881034161182
2025-06-09 00:44:45+00:00,15494651,67552402042,51394562889470939106799,0,55908923638219880,1.31438810341238
2025-06-09 00:44:50+00:00,15494656,67552401975,51394562838464136988030,0,55908923582732777,1.3143881034132117
2025-06-09 00:44:54+00:00,15494660,67552401976,51394562838464136988029,0,55908923582732777,1.3143881034326688
2025-06-09 00:45:27+00:00,15494693,67552401977,51394562837705609124470,0,55908923582732777,1.314388103471525
2025-06-09 00:45:56+00:00,15494722,67552401976,51394562838705609124470,0,55908923582732777,1.3143881034264933
2025-06-09 00:46:01+00:00,15494727,67552401975,51394562839705609124470,0,55908923582732777,1.3143881033814615
2025-06-09 00:46:06+00:00,15494732,67552401988,51394562849705609124470,0,55908923593492068,1.314388103378662
2025-06-09 00:46:11+00:00,15494737,67552401987,51394562848909598560360,0,55908923592626138,1.3143881033795624
2025-06-09 00:46:52+00:00,15494778,67552401988,51394562848151070696770,0,55908923592626138,1.3143881034184186
2025-06-09 00:47:35+00:00,15494821,67552401989,51394562847392542833202,0,55908923592626138,1.3143881034572749
2025-06-09 00:47:47+00:00,15494833,67552401990,51394562846634014969657,0,55908923592626138,1.314388103496131
2025-06-09 00:47:52+00:00,15494838,67552401991,51394562845875487106134,0,55908923592626138,1.3143881035349874
2025-06-09 00:47:57+00:00,15494843,67552402055,51394562894713516606182,0,55908923645594959,1.314388103531249
2025-06-09 00:48:02+00:00,15494848,67552401988,51394562843706714488939,0,55908923590107856,1.3143881035320806
2025-06-09 00:48:06+00:00,15494852,67552401989,51394562843706714488938,0,55908923590107856,1.314388103551538
2025-06-09 00:48:18+00:00,15494864,67552401990,51394562842948186625447,0,55908923590107856,1.3143881035903942
2025-06-09 00:49:00+00:00,15494906,67552401991,51394562842189658761979,0,55908923590107856,1.3143881036292504
2025-06-09 00:49:05+00:00,15494911,67552401990,51394562843189658761979,0,55908923590107856,1.3143881035842186
2025-06-09 00:49:10+00:00,15494916,67552401989,51394562844189658761979,0,55908923590107856,1.314388103539187
2025-06-09 00:49:14+00:00,15494920,67552402002,51394562854189658761979,0,55908923600867147,1.3143881035363874
2025-06-09 00:49:19+00:00,15494925,67552402001,51394562853393648197905,0,55908923600001217,1.3143881035372875
2025-06-09 00:49:42+00:00,15494948,67552402002,51394562852635120334406,0,55908923600001217,1.3143881035761438
2025-06-09 00:50:26+00:00,15494992,67552402003,51394562851876592470929,0,55908923600001217,1.314388103615
2025-06-09 00:50:57+00:00,15495023,67552402004,51394562851118064607475,0,55908923600001217,1.3143881036538563
2025-06-09 00:51:01+00:00,15495027,67552402005,51394562850359536744043,0,55908923600001217,1.3143881036927125
2025-06-09 00:51:07+00:00,15495033,67552402069,51394562899197566244091,0,55908923652970038,1.3143881036889742
2025-06-09 00:51:09+00:00,15495035,67552402070,51394562898439038380680,0,55908923652970038,1.3143881037278304
2025-06-09 00:51:12+00:00,15495038,67552402003,51394562847432236266468,0,55908923597482935,1.314388103728662
2025-06-09 00:51:17+00:00,15495043,67552402004,51394562847432236266467,0,55908923597482935,1.3143881037481193
2025-06-09 00:51:52+00:00,15495078,67552402005,51394562846673708403090,0,55908923597482935,1.3143881037869756
2025-06-09 00:52:16+00:00,15495102,67552402004,51394562847673708403090,0,55908923597482935,1.3143881037419438
2025-06-09 00:52:21+00:00,15495107,67552402003,51394562848673708403090,0,55908923597482935,1.314388103696912
2025-06-09 00:52:30+00:00,15495116,67552402002,51394562847877697839053,0,55908923596617005,1.3143881036978122
2025-06-09 00:52:34+00:00,15495120,67552402003,51394562847119169975647,0,55908923596617005,1.3143881037366685
2025-06-09 00:53:17+00:00,15495163,67552402004,51394562846360642112263,0,55908923596617005,1.3143881037755247
2025-06-09 00:53:59+00:00,15495205,67552402005,51394562845602114248901,0,55908923596617005,1.314388103814381
2025-06-09 00:54:06+00:00,15495212,67552402006,51394562844843586385562,0,55908923596617005,1.3143881038532372
2025-06-09 00:54:11+00:00,15495217,67552402007,51394562844085058522245,0,55908923596617005,1.3143881038920935
2025-06-09 00:54:17+00:00,15495223,67552402071,51394562892923088022293,0,55908923649585826,1.3143881038883554
2025-06-09 00:54:22+00:00,15495228,67552402004,51394562841916285910468,0,55908923594098723,1.3143881038891867
2025-06-09 00:54:43+00:00,15495249,67552402005,51394562841157758047172,0,55908923594098723,1.314388103928043
2025-06-09 00:55:26+00:00,15495292,67552402006,51394562840399230183899,0,55908923594098723,1.3143881039668992
2025-06-09 00:55:26+00:00,15495292,67552402005,51394562841399230183899,0,55908923594098723,1.3143881039218674
2025-06-09 00:55:31+00:00,15495297,67552402004,51394562842399230183899,0,55908923594098723,1.3143881038768357
2025-06-09 00:55:35+00:00,15495301,67552402017,51394562852399230183899,0,55908923604858014,1.3143881038740362
2025-06-09 00:55:40+00:00,15495306,67552402016,51394562851603219619909,0,55908923603992084,1.3143881038749363
2025-06-09 00:55:46+00:00,15495312,67552412016,51394570459706161604156,0,55908931880370411,1.3143881038749363
2025-06-09 00:56:09+00:00,15495335,67552412017,51394570458947633740852,0,55908931880370411,1.3143881039137926
2025-06-09 00:56:50+00:00,15495376,67552398913,51394580458947633740852,0,55908931880370411,1.3143875932007796
2025-06-09 00:56:51+00:00,15495377,67552398914,51394580458189105582840,0,55908931880370411,1.3143875932396358
2025-06-09 00:57:05+00:00,15495391,67552385810,51394590458189105582840,0,55908931880370411,1.3143870825268216
2025-06-09 00:57:15+00:00,15495401,67552385811,51394590457430577130120,0,55908915327615332,1.3143870825656778
2025-06-09 00:57:15+00:00,15495401,67552365812,51394575241220221910530,0,55908915327615332,1.314387082584947
2025-06-09 00:57:25+00:00,15495411,67552365876,51394575290058251410578,0,55908915380584173,1.3143870825812098
2025-06-09 00:57:34+00:00,15495420,67552365877,51394575290058251410577,0,55908915380584173,1.3143870826006672
2025-06-09 00:57:34+00:00,15495420,67552365878,51394575289299722957899,0,55908915380584173,1.3143870826395234
2025-06-09 00:57:47+00:00,15495433,67552465878,51394499436566406708041,0,55908915380584173,1.3143909682664883
2025-06-09 00:58:16+00:00,15495462,67552465879,51394499435807880497762,0,55908915380584173,1.3143909683053445
2025-06-09 00:58:26+00:00,15495472,67552452775,51394509435807880497762,0,55908915380584173,1.3143904575910683
2025-06-09 00:58:32+00:00,15495478,67552452774,51394509436807880497762,0,55908915380584173,1.3143904575460366
2025-06-09 00:58:37+00:00,15495483,67552452773,51394509437807880497762,0,55908915380584173,1.3143904575010046
2025-06-09 00:58:41+00:00,15495487,67552439669,51394519437807880497762,0,55908915380584173,1.3143899467869273
2025-06-09 00:58:45+00:00,15495491,67552439668,51394519437011870489093,0,55908915379718243,1.3143899467878275
2025-06-09 00:58:58+00:00,15495504,67552439669,51394519436253343689325,0,55908915379718243,1.3143899468266838
2025-06-09 00:59:05+00:00,15495511,67552426565,51394529436253343689325,0,55908915379718243,1.3143894361128052
2025-06-09 00:59:15+00:00,15495521,67552413461,51394539436253343689325,0,55908915379718243,1.3143889253991252
2025-06-09 00:59:31+00:00,15495537,67552423461,51394547044351530429155,0,55908923656093951,1.3143889253991252
2025-06-09 00:59:40+00:00,15495546,67552423462,51394547043593003039949,0,55908923656093951,1.3143889254379815
2025-06-09 00:59:45+00:00,15495551,67552410358,51394557043593003039949,0,55908923656093951,1.3143884147245761
2025-06-09 01:00:12+00:00,15495578,67552420358,51394564651694145726491,0,55908931932471264,1.3143884147245761
2025-06-09 01:00:22+00:00,15495588,67552400359,51394549435493336724436,0,55908915379718243,1.3143884147439955
2025-06-09 01:00:24+00:00,15495590,67552400360,51394549434734809040533,0,55908915379718243,1.314388414782852
2025-06-09 01:00:29+00:00,15495595,67552400361,51394549433976281356652,0,55908915379718243,1.3143884148217082
2025-06-09 01:00:34+00:00,15495600,67552400425,51394549482814310856700,0,55908915432687057,1.3143884148179696
2025-06-09 01:00:39+00:00,15495605,67552400358,51394549431807514557371,0,55908915377199954,1.3143884148188012
2025-06-09 01:00:44+00:00,15495610,67552400359,51394549431807514557370,0,55908915377199954,1.3143884148382585
2025-06-09 01:01:04+00:00,15495630,67552410359,51394557039908656585881,0,55908923653577267,1.3143884148382585
2025-06-09 01:01:10+00:00,15495636,67552410360,51394557039150128902032,0,55908923653577267,1.3143884148771148
2025-06-09 01:01:14+00:00,15495640,67552400360,51394549431048987014098,0,55908915377199954,1.3143884148771148
2025-06-09 01:01:45+00:00,15495671,67552400359,51394549432048987014098,0,55908915377199954,1.314388414832083
2025-06-09 01:01:52+00:00,15495678,67552400360,51394549431290459330246,0,55908915377199954,1.3143884148709393
2025-06-09 01:01:53+00:00,15495679,67552410360,51394557039391601169591,0,55908923653577266,1.3143884148709393
2025-06-09 01:01:54+00:00,15495680,67552410373,51394557049391601169591,0,55908923664336556,1.3143884148681397
2025-06-09 01:01:59+00:00,15495685,67552410372,51394557048595590696327,0,55908923663470626,1.31438841486904
2025-06-09 01:02:36+00:00,15495722,67552410373,51394557047837063012496,0,55908923663470626,1.3143884149078962
2025-06-09 01:02:53+00:00,15495739,67552397269,51394567047837063012496,0,55908923663470626,1.3143879041946893
2025-06-09 01:03:02+00:00,15495748,67552384165,51394577047837063012496,0,55908923663470626,1.3143873934816812
2025-06-09 01:03:11+00:00,15495757,67552371061,51394587047837063012496,0,55908923663470626,1.314386882768872
2025-06-09 01:03:19+00:00,15495765,67552371062,51394587047078534444496,0,55908923663470626,1.3143868828077283
2025-06-09 01:03:29+00:00,15495775,67552357958,51394597047078534444496,0,55908923663470626,1.3143863720951177
2025-06-09 01:03:38+00:00,15495784,67552344854,51394607047078534444496,0,55908923663470626,1.3143858613827057
2025-06-09 01:03:41+00:00,15495787,67552344855,51394607046320005287057,0,55908923663470626,1.314385861421562
2025-06-09 01:03:45+00:00,15495791,67552344856,51394607045561476129640,0,55908923663470626,1.3143858614604182
2025-06-09 01:03:51+00:00,15495797,67552344920,51394607094399505629688,0,55908923716439492,1.3143858614566821
2025-06-09 01:03:55+00:00,15495801,67552344853,51394607043392659710869,0,55908923660952389,1.3143858614575126
2025-06-09 01:04:00+00:00,15495806,67552344854,51394607043392659710868,0,55908923660952389,1.3143858614769697
2025-06-09 01:04:01+00:00,15495807,67552344855,51394607042634130553483,0,55908923660952389,1.314385861515826
2025-06-09 01:04:05+00:00,15495811,67552331751,51394617042634130553483,0,55908923660952389,1.3143853508036127
2025-06-09 01:04:36+00:00,15495842,67552321752,51394609434524108080199,0,55908915384575077,1.3143853508228436
2025-06-09 01:04:44+00:00,15495850,67552321753,51394609433765578628117,0,55908915384575077,1.3143853508616998
2025-06-09 01:05:02+00:00,15495868,67552321752,51394609434765578628117,0,55908915384575077,1.3143853508166683
2025-06-09 01:05:07+00:00,15495873,67552321751,51394609435765578628117,0,55908915384575077,1.3143853507716365
2025-06-09 01:05:09+00:00,15495875,67552331751,51394617043884456496998,0,55908923660962022,1.3143853507716365
2025-06-09 01:05:12+00:00,15495878,67552331764,51394617053884456496998,0,55908923671721325,1.3143853507688374
2025-06-09 01:05:17+00:00,15495883,67552331763,51394617053088445094476,0,55908923670855395,1.3143853507697376
2025-06-09 01:05:26+00:00,15495892,67552331764,51394617052329915642363,0,55908923670855395,1.3143853508085939
2025-06-09 01:05:30+00:00,15495896,67552318660,51394627052329915642363,0,55908923670855395,1.3143848400965796
2025-06-09 01:05:40+00:00,15495906,67552305556,51394637052329915642363,0,55908923670855395,1.314384329384764
2025-06-09 01:06:09+00:00,15495935,67552305557,51394637051571385600810,0,55908923670855395,1.3143843294236202
2025-06-09 01:06:34+00:00,15495960,67552292453,51394647051571385600810,0,55908923670855395,1.3143838187120034
2025-06-09 01:06:50+00:00,15495976,67552282454,51394639443448066957066,0,55908915394468450,1.3143838187313475
2025-06-09 01:06:51+00:00,15495977,67552282455,51394639442689536620815,0,55908915394468450,1.3143838187702035
2025-06-09 01:06:59+00:00,15495985,67552282456,51394639441931006284587,0,55908915394468450,1.3143838188090597
2025-06-09 01:07:04+00:00,15495990,67552282457,51394639441172475948381,0,55908915394468450,1.314383818847916
2025-06-09 01:07:10+00:00,15495996,67552282521,51394639490010505448429,0,55908915447437357,1.3143838188441819
2025-06-09 01:07:15+00:00,15496001,67552282454,51394639439003619834432,0,55908915391950254,1.3143838188450112
2025-06-09 01:07:20+00:00,15496006,67552282455,51394639439003619834431,0,55908915391950254,1.3143838188644685
2025-06-09 01:07:27+00:00,15496013,67552292455,51394647047131364924346,0,55908923668342014,1.3143838188644685
2025-06-09 01:07:33+00:00,15496019,67552292456,51394647046372834588172,0,55908923668342014,1.3143838189033246
2025-06-09 01:07:58+00:00,15496044,67552282457,51394639438245090151438,0,55908915391950254,1.3143838189227819
2025-06-09 01:08:15+00:00,15496061,67552282458,51394639437486559815298,0,55908915391950254,1.3143838189616381
2025-06-09 01:08:17+00:00,15496063,67552292458,51394647045614304342760,0,55908923668342014,1.3143838189616381
2025-06-09 01:08:21+00:00,15496067,67552292457,51394647046614304342760,0,55908923668342014,1.3143838189166064
2025-06-09 01:08:26+00:00,15496072,67552292456,51394647047614304342760,0,55908923668342014,1.3143838188715748
2025-06-09 01:08:31+00:00,15496077,67552292469,51394647057614304342760,0,55908923679101323,1.3143838188687762
2025-06-09 01:08:36+00:00,15496082,67552292468,51394647056818292475638,0,55908923678235393,1.3143838188696764
2025-06-09 01:08:37+00:00,15496083,67552279364,51394657056818292475638,0,55908923678235393,1.3143833081582583
2025-06-09 01:08:53+00:00,15496099,67552269365,51394649448689067504264,0,55908915401843633,1.3143833081776777
2025-06-09 01:08:58+00:00,15496104,67552269366,51394649447930536873373,0,55908915401843633,1.314383308216534
2025-06-09 01:09:13+00:00,15496119,67552279366,51394657056061237778912,0,55908923678236998,1.314383308216534
2025-06-09 01:09:40+00:00,15496146,67552279367,51394657055302707148043,0,55908923678236998,1.3143833082553902
2025-06-09 01:09:46+00:00,15496152,67552266263,51394667055302707148043,0,55908923678236998,1.3143827975441706
2025-06-09 01:10:17+00:00,15496183,67552266264,51394667054544176222465,0,55908923678236998,1.314382797583027
2025-06-09 01:10:22+00:00,15496188,67552266265,51394667053785645296910,0,55908923678236998,1.3143827976218831
2025-06-09 01:10:22+00:00,15496188,67552266266,51394667053027114371377,0,55908923678236998,1.3143827976607392
2025-06-09 01:10:28+00:00,15496194,67552266330,51394667101865143871425,0,55908923731205925,1.3143827976570062
2025-06-09 01:10:33+00:00,15496199,67552266263,51394667050858238411355,0,55908923675718822,1.3143827976578348
2025-06-09 01:11:05+00:00,15496231,67552253159,51394677050858238411355,0,55908923675718822,1.3143822869468142
2025-06-09 01:11:06+00:00,15496232,67552253160,51394677050099707191111,0,55908923675718822,1.3143822869856703
2025-06-09 01:11:38+00:00,15496264,67552263160,51394684658236319358512,0,55908931952115398,1.3143822869856703
2025-06-09 01:11:41+00:00,15496267,67552263159,51394684659236319358512,0,55908931952115398,1.3143822869406387
2025-06-09 01:11:45+00:00,15496271,67552263158,51394684660236319358512,0,55908931952115398,1.3143822868956072
2025-06-09 01:11:49+00:00,15496275,67552263159,51394684659477788138239,0,55908931952115398,1.3143822869344635
2025-06-09 01:11:50+00:00,15496276,67552263172,51394684669477788138239,0,55908931962874713,1.314382286931665
2025-06-09 01:11:55+00:00,15496281,67552263171,51394684668681775806518,0,55908931962008783,1.3143822869325652
2025-06-09 01:12:13+00:00,15496299,67552250067,51394694668681775806518,0,55908931962008783,1.3143817762218188
2025-06-09 01:12:28+00:00,15496314,67552236963,51394704668681775806518,0,55908931962008783,1.3143812655112714
2025-06-09 01:12:38+00:00,15496324,67552216964,51394689452405581539272,0,55908915409218842,1.3143812655305023
2025-06-09 01:13:14+00:00,15496360,67552216965,51394689451647049729567,0,55908915409218842,1.3143812655693583
2025-06-09 01:13:34+00:00,15496380,67552216966,51394689450888517919885,0,55908915409218842,1.3143812656082146
2025-06-09 01:13:44+00:00,15496390,67552217030,51394689499726547419933,0,55908915462187800,1.3143812656044827
2025-06-09 01:13:53+00:00,15496399,67552217031,51394689499726547419932,0,55908915462187800,1.31438126562394
2025-06-09 01:13:58+00:00,15496404,67552203927,51394699499726547419932,0,55908915462187800,1.3143807549134405
2025-06-09 01:14:22+00:00,15496428,67552190823,51394709499726547419932,0,55908915462187800,1.3143802442031396
2025-06-09 01:14:36+00:00,15496442,67552200823,51394717107874983995553,0,55908923738590797,1.3143802442031396
2025-06-09 01:14:39+00:00,15496445,67552200824,51394717107116451596438,0,55908923738590797,1.3143802442419958
2025-06-09 01:14:45+00:00,15496451,67552300824,51394641253988492482224,0,55908923738590797,1.3143841298582386
2025-06-09 01:14:54+00:00,15496460,67552300823,51394641254988492482224,0,55908923738590797,1.314384129813207
2025-06-09 01:14:59+00:00,15496465,67552300822,51394641255988492482224,0,55908923738590797,1.3143841297681753
2025-06-09 01:15:04+00:00,15496470,67552300835,51394641265988492482224,0,55908923749350104,1.3143841297653767
2025-06-09 01:15:08+00:00,15496474,67552300834,51394641265192480705804,0,55908923748484174,1.3143841297662768
2025-06-09 01:15:22+00:00,15496488,67552300835,51394641264433950549051,0,55908923748484174,1.314384129805133
2025-06-09 01:15:23+00:00,15496489,67552290835,51394633656296743253344,0,55908915472081177,1.314384129805421
2025-06-09 01:15:44+00:00,15496510,67552277731,51394643656296743253344,0,55908915472081177,1.3143836190938092
2025-06-09 01:16:04+00:00,15496530,67552277732,51394643655538212801883,0,55908915472081177,1.3143836191326654
2025-06-09 01:16:05+00:00,15496531,67552264628,51394653655538212801883,0,55908915472081177,1.3143831084212525
2025-06-09 01:16:47+00:00,15496573,67552264629,51394653654779682055713,0,55908923748475133,1.3143831084601085
2025-06-09 01:16:47+00:00,15496573,67552274629,51394661262911539224584,0,55908923748475133,1.3143831084601085
2025-06-09 01:16:50+00:00,15496576,67552274630,51394661262153008478436,0,55908923748475133,1.3143831084989648
2025-06-09 01:16:55+00:00,15496581,67552274631,51394661261394477732310,0,55908923748475133,1.314383108537821
2025-06-09 01:16:57+00:00,15496583,67552261527,51394671261394477732310,0,55908923748475133,1.3143825978266823
2025-06-09 01:17:05+00:00,15496591,67552261460,51394671210387568159849,0,55908923692988030,1.314382597827511
2025-06-09 01:17:10+00:00,15496596,67552261461,51394671210387568159848,0,55908923692988030,1.3143825978469683
2025-06-09 01:17:15+00:00,15496601,67552248357,51394681210387568159848,0,55908923692988030,1.3143820871360277
2025-06-09 01:17:29+00:00,15496615,67552248358,51394681209629036824293,0,55908923692988030,1.314382087174884
2025-06-09 01:17:47+00:00,15496633,67552258358,51394688817766805571486,0,55908931969385196,1.314382087174884
2025-06-09 01:18:08+00:00,15496654,67552268358,51394696425904574318679,0,55908940245782362,1.314382087174884
2025-06-09 01:18:12+00:00,15496658,67552268359,51394696425146042983147,0,55908940245782362,1.31438208721374
2025-06-09 01:18:21+00:00,15496667,67552268372,51394696435146042983147,0,55908940256541678,1.3143820872109417
2025-06-09 01:18:34+00:00,15496680,67552255268,51394706435146042983147,0,55908940256541678,1.3143815765003513
2025-06-09 01:18:45+00:00,15496691,67552225269,51394683610731249404291,0,55908915427353390,1.3143815765196196
2025-06-09 01:18:55+00:00,15496701,67552225270,51394683609972717774059,0,55908915427353390,1.3143815765584759
2025-06-09 01:19:06+00:00,15496712,67552235270,51394691218113442162177,0,55908923703752162,1.3143815765584759
2025-06-09 01:19:23+00:00,15496729,67552222166,51394701218113442162177,0,55908923703752162,1.314381065847933
2025-06-09 01:19:37+00:00,15496743,67552222167,51394701217354910237235,0,55908923703752162,1.314381065886789
2025-06-09 01:19:55+00:00,15496761,67552212168,51394693609212705666839,0,55908915427353390,1.3143810659062085
2025-06-09 01:20:04+00:00,15496770,67552212169,51394693608454173741931,0,55908915427353390,1.3143810659450648
2025-06-09 01:20:14+00:00,15496780,67552212233,51394693657292203241979,0,55908915480322352,1.314381065941333
2025-06-09 01:20:19+00:00,15496785,67552212166,51394693606285263899375,0,55908915424835249,1.314381065942161
2025-06-09 01:20:20+00:00,15496786,67552212167,51394693605526731974488,0,55908915424835249,1.3143810659810173
2025-06-09 01:20:24+00:00,15496790,67552212168,51394693605526731974487,0,55908915424835249,1.3143810660004747
2025-06-09 01:20:25+00:00,15496791,67552199064,51394703605526731974487,0,55908915424835249,1.3143805552900547
2025-06-09 01:21:02+00:00,15496828,67552199065,51394703604768199754901,0,55908915424835249,1.3143805553289107
2025-06-09 01:21:03+00:00,15496829,67552209065,51394711212914835412941,0,55908923701237231,1.3143805553289107
2025-06-09 01:21:26+00:00,15496852,67552209064,51394711213914835412941,0,55908923701237231,1.3143805552838792
2025-06-09 01:21:27+00:00,15496853,67552195960,51394721213914835412941,0,55908923701237231,1.3143800445737337
2025-06-09 01:21:36+00:00,15496862,67552182869,51394731223914835412941,0,55908923711996555,1.314379533860989
2025-06-09 01:21:36+00:00,15496862,67552195973,51394721223914835412941,0,55908923711996555,1.3143800445709357
2025-06-09 01:21:41+00:00,15496867,67552182868,51394731223118822242701,0,55908923711130625,1.314379533861889
2025-06-09 01:21:45+00:00,15496871,67552182869,51394731222360289433646,0,55908923711130625,1.3143795339007454
2025-06-09 01:21:50+00:00,15496876,67552192869,51394738830512837520372,0,55908931987535818,1.3143795339007454
2025-06-09 01:21:59+00:00,15496885,67552179765,51394748830512837520372,0,55908931987535818,1.3143790231910728
2025-06-09 01:22:09+00:00,15496895,67552166661,51394758830512837520372,0,55908931987535818,1.3143785124815992
2025-06-09 01:22:18+00:00,15496904,67552153557,51394768830512837520372,0,55908931987535818,1.3143780017723243
2025-06-09 01:22:28+00:00,15496914,67552153558,51394768829754303827142,0,55908931987535818,1.3143780018111804
2025-06-09 01:22:29+00:00,15496915,67552133559,51394753613443278027503,0,55908915434728643,1.3143780018303357
2025-06-09 01:22:50+00:00,15496936,67552143559,51394761221604694358657,0,55908923711138652,1.3143780018303357
2025-06-09 01:22:59+00:00,15496945,67552130455,51394771221604694358657,0,55908923711138652,1.3143774911211838
2025-06-09 01:23:11+00:00,15496957,67552130456,51394771220846160370728,0,55908923711138652,1.3143774911600399
2025-06-09 01:23:21+00:00,15496967,67552130457,51394771220087626382821,0,55908923711138652,1.3143774911988961
2025-06-09 01:23:24+00:00,15496970,67552117353,51394781220087626382821,0,55908923711138652,1.314376980489943
2025-06-09 01:23:26+00:00,15496972,67552117354,51394781219329092100204,0,55908923711138652,1.314376980528799
2025-06-09 01:23:31+00:00,15496977,67552117418,51394781268167121600252,0,55908923764107696,1.3143769805250713
2025-06-09 01:23:36+00:00,15496982,67552117351,51394781217160102865257,0,55908923708620593,1.3143769805258974
2025-06-09 01:23:40+00:00,15496986,67552107352,51394773608995726585515,0,55908915432210584,1.3143769805452792
2025-06-09 01:23:40+00:00,15496986,67552107353,51394773608995726585514,0,55908915432210584,1.3143769805647363
2025-06-09 01:23:53+00:00,15496999,67552107354,51394773608237192302940,0,55908915432210584,1.3143769806035923
2025-06-09 01:23:58+00:00,15497004,67552207354,51394697754920887697689,0,55908915432210584,1.3143808662155636
2025-06-09 01:24:23+00:00,15497029,67552217354,51394705363065723823111,0,55908923708611551,1.3143808662155636
2025-06-09 01:24:36+00:00,15497042,67552217355,51394705362307191782961,0,55908923708611551,1.3143808662544199
2025-06-09 01:24:43+00:00,15497049,67552227354,51394712971452027944128,0,55908931985012518,1.3143808662093883
2025-06-09 01:24:43+00:00,15497049,67552217354,51394705363307191782961,0,55908931985012518,1.3143808662093883
2025-06-09 01:24:48+00:00,15497054,67552227353,51394712972452027944128,0,55908931985012518,1.3143808661643568
2025-06-09 01:24:57+00:00,15497063,67552227352,51394712971656015174359,0,55908931984146588,1.314380866165257
2025-06-09 01:25:19+00:00,15497085,67552227353,51394712970897483134180,0,55908931984146588,1.314380866204113
2025-06-09 01:25:21+00:00,15497087,67552214249,51394722970897483134180,0,55908931984146588,1.3143803554939244
2025-06-09 01:25:30+00:00,15497096,67552201145,51394732970897483134180,0,55908931984146588,1.3143798447839345
2025-06-09 01:26:01+00:00,15497127,67552201146,51394732970138950504559,0,55908931984146588,1.3143798448227908
2025-06-09 01:26:12+00:00,15497138,67552211146,51394740578289698851004,0,55908940260550766,1.3143798448227908
2025-06-09 01:26:37+00:00,15497163,67552211147,51394740577531166221406,0,55908940260550766,1.3143798448616468
2025-06-09 01:26:41+00:00,15497167,67552198043,51394750577531166221406,0,55908940260550766,1.3143793341519312
2025-06-09 01:26:42+00:00,15497168,67552198044,51394750576772633297098,0,55908940260550766,1.3143793341907875
2025-06-09 01:26:48+00:00,15497174,67552198108,51394750625610662797146,0,55908940313519763,1.3143793341870575
2025-06-09 01:26:57+00:00,15497183,67552198109,51394750625610662797145,0,55908940313519763,1.3143793342065146
2025-06-09 01:27:23+00:00,15497209,67552208109,51394758233764366793836,0,55908948589925546,1.3143793342065146
2025-06-09 01:27:27+00:00,15497213,67552208110,51394758233005833869559,0,55908948589925546,1.314379334245371
2025-06-09 01:27:59+00:00,15497245,67552208109,51394758234005833869559,0,55908948589925546,1.3143793342003394
2025-06-09 01:28:04+00:00,15497250,67552208108,51394758235005833869559,0,55908948589925546,1.314379334155308
2025-06-09 01:28:09+00:00,15497255,67552208121,51394758245005833869559,0,55908948600684873,1.31437933415251
2025-06-09 01:28:11+00:00,15497257,67552208122,51394758244247300945251,0,55908948600684873,1.3143793341913663
2025-06-09 01:28:14+00:00,15497260,67552208121,51394758243451287710871,0,55908948599818943,1.3143793341922665
2025-06-09 01:28:46+00:00,15497292,67552195017,51394768243451287710871,0,55908948599818943,1.3143788234828258
2025-06-09 01:28:54+00:00,15497300,67552195018,51394768242692754491854,0,55908948599818943,1.3143788235216818
2025-06-09 01:28:55+00:00,15497301,67552181914,51394778242692754491854,0,55908948599818943,1.31437831281244
2025-06-09 01:29:09+00:00,15497315,67552191914,51394785850852370730886,0,55908956876227937,1.31437831281244
2025-06-09 01:29:30+00:00,15497336,67552178810,51394795850852370730886,0,55908956876227937,1.3143778021034724
2025-06-09 01:29:37+00:00,15497343,67552178811,51394795850093836922426,0,55908956876227937,1.3143778021423285
2025-06-09 01:29:43+00:00,15497349,67552165707,51394805850093836922426,0,55908956876227937,1.3143772914335596
2025-06-09 01:29:53+00:00,15497359,67552165708,51394805849335302819256,0,55908956876227937,1.3143772914724157
2025-06-09 01:29:58+00:00,15497364,67552165709,51394805848576768716108,0,55908956876227937,1.3143772915112717
2025-06-09 01:30:03+00:00,15497369,67552175709,51394813456742296668888,0,55908965152640142,1.3143772915112717
2025-06-09 01:30:04+00:00,15497370,67552175773,51394813505580326168936,0,55908965205609180,1.3143772915075438
2025-06-09 01:30:09+00:00,15497375,67552175706,51394813454573313247799,0,55908965150122077,1.31437729150837
2025-06-09 01:30:14+00:00,15497380,67552175707,51394813454573313247798,0,55908965150122077,1.3143772915278271
2025-06-09 01:30:21+00:00,15497387,67552175708,51394813453814779144682,0,55908965150122077,1.3143772915666831
2025-06-09 01:30:21+00:00,15497387,67552162604,51394823453814779144682,0,55908965150122077,1.3143767808581885
2025-06-09 01:30:44+00:00,15497410,67552102605,51394777804849626484716,0,55908915491688983,1.314376780876476
2025-06-09 01:31:05+00:00,15497431,67552102606,51394777804091092086901,0,55908915491688983,1.314376780915332
2025-06-09 01:31:13+00:00,15497439,67552089502,51394787804091092086901,0,55908915491688983,1.3143762702065824
2025-06-09 01:31:21+00:00,15497447,67552089501,51394787805091092086901,0,55908915491688983,1.3143762701615511
2025-06-09 01:31:26+00:00,15497452,67552089514,51394787815091092086901,0,55908915502448323,1.3143762701587538
2025-06-09 01:31:31+00:00,15497457,67552089513,51394787814295077923279,0,55908915501582393,1.314376270159654
2025-06-09 01:31:42+00:00,15497468,67552099513,51394795422466517891017,0,55908923777997808,1.314376270159654
2025-06-09 01:31:48+00:00,15497474,67552099514,51394795421707983198464,0,55908923777997808,1.31437627019851
2025-06-09 01:32:15+00:00,15497501,67552089515,51394787813536544091067,0,55908915501582393,1.3143762702179673
2025-06-09 01:32:31+00:00,15497517,67552089516,51394787812778009398548,0,55908915501582393,1.3143762702568234
2025-06-09 01:32:37+00:00,15497523,67552099516,51394795420949448803828,0,55908923777997808,1.3143762702568234
2025-06-09 01:33:13+00:00,15497559,67552099517,51394795420190914111331,0,55908923777997808,1.3143762702956794
2025-06-09 01:33:14+00:00,15497560,67552099518,51394795419432379418856,0,55908923777997808,1.3143762703345354
2025-06-09 01:33:24+00:00,15497570,67552099582,51394795468270408918904,0,55908923830966866,1.3143762703308086
2025-06-09 01:33:33+00:00,15497579,67552099583,51394795468270408918903,0,55908923830966866,1.3143762703502657
2025-06-09 01:33:58+00:00,15497604,67552099584,51394795467511874226460,0,55908923830966866,1.3143762703891217
2025-06-09 01:34:34+00:00,15497640,67552086480,51394805467511874226460,0,55908923830966866,1.3143757596806471
2025-06-09 01:34:36+00:00,15497642,67552086479,51394805468511874226460,0,55908923830966866,1.3143757596356158
2025-06-09 01:34:41+00:00,15497647,67552086478,51394805469511874226460,0,55908923830966866,1.3143757595905845
2025-06-09 01:34:41+00:00,15497647,67552086479,51394805468753339239254,0,55908923830966866,1.3143757596294405
2025-06-09 01:34:49+00:00,15497655,67552086478,51394805467957324920787,0,55908923830100936,1.3143757596303407
2025-06-09 01:34:55+00:00,15497661,67552096478,51394813076131720051470,0,55908932106517956,1.3143757596303407
2025-06-09 01:35:05+00:00,15497671,67552083374,51394823076131720051470,0,55908932106517956,1.3143752489221405
2025-06-09 01:35:24+00:00,15497690,67552083375,51394823075373184769554,0,55908932106517956,1.3143752489609966
2025-06-09 01:35:35+00:00,15497701,67552093375,51394830683550535876037,0,55908940382936581,1.3143752489609966
2025-06-09 01:35:49+00:00,15497715,67552103375,51394838291727886982520,0,55908948659355206,1.3143752489609966
2025-06-09 01:35:59+00:00,15497725,67552090271,51394848291727886982520,0,55908948659355206,1.314374738253146
2025-06-09 01:36:07+00:00,15497733,67552090272,51394848290969351405893,0,55908948659355206,1.3143747382920024
2025-06-09 01:36:14+00:00,15497740,67552100272,51394855899149658488449,0,55908956935775437,1.3143747382920024
2025-06-09 01:36:29+00:00,15497755,67552100273,51394855898391122911845,0,55908956935775437,1.3143747383308582
2025-06-09 01:36:34+00:00,15497760,67552100274,51394855897632587335263,0,55908956935775437,1.3143747383697142
2025-06-09 01:36:40+00:00,15497766,67552100338,51394855946470616835311,0,55908956988744526,1.3143747383659887
2025-06-09 01:36:45+00:00,15497771,67552100271,51394855895463554297084,0,55908956933257423,1.3143747383668136
2025-06-09 01:36:49+00:00,15497775,67552100272,51394855894705018720523,0,55908956933257423,1.3143747384056697
2025-06-09 01:37:32+00:00,15497818,67552100273,51394855893946483143984,0,55908956933257423,1.3143747384445257
2025-06-09 01:37:41+00:00,15497827,67552087169,51394865893946483143984,0,55908956933257423,1.3143742277369497
2025-06-09 01:37:52+00:00,15497838,67552087168,51394865894946483143984,0,55908956933257423,1.3143742276919184
2025-06-09 01:37:57+00:00,15497843,67552087167,51394865895946483143984,0,55908956933257423,1.314374227646887
2025-06-09 01:38:02+00:00,15497848,67552087180,51394865905946483143984,0,55908956944016771,1.3143742276440904
2025-06-09 01:38:06+00:00,15497852,67552087179,51394865905150468360906,0,55908956943150841,1.3143742276449903
2025-06-09 01:38:15+00:00,15497861,67552087180,51394865904391932489603,0,55908956943150841,1.3143742276838464
2025-06-09 01:38:53+00:00,15497899,67552097180,51394873512575195198367,0,55908965219572677,1.3143742276838464
2025-06-09 01:38:57+00:00,15497903,67552097181,51394873511816659327087,0,55908965219572677,1.3143742277227024
2025-06-09 01:39:03+00:00,15497909,67552037182,51394827862734794624173,0,55908915561060925,1.3143742277417068
2025-06-09 01:39:39+00:00,15497945,67552024078,51394837862734794624173,0,55908915561060925,1.3143737170339516
2025-06-09 01:39:41+00:00,15497947,67552024079,51394837861976258458192,0,55908915561060925,1.3143737170728076
2025-06-09 01:39:48+00:00,15497954,67552024080,51394837861217722292234,0,55908915561060925,1.3143737171116636
2025-06-09 01:39:58+00:00,15497964,67552024144,51394837910055751792282,0,55908915614030035,1.314373717107939
2025-06-09 01:40:03+00:00,15497969,67552024077,51394837859048669407234,0,55908915558542932,1.3143737171087635
2025-06-09 01:40:15+00:00,15497981,67552010973,51394847859048669407234,0,55908915558542932,1.3143732064012068
2025-06-09 01:40:24+00:00,15497990,67552010974,51394847858290132946563,0,55908915558542932,1.3143732064400628
2025-06-09 01:40:51+00:00,15498017,67552020974,51394855466479307073655,0,55908923834967978,1.3143732064400628
2025-06-09 01:41:07+00:00,15498033,67552020975,51394855465720770613006,0,55908915558542932,1.3143732064789189
2025-06-09 01:41:07+00:00,15498033,67552010976,51394847857531597313298,0,55908915558542932,1.3143732064983762
2025-06-09 01:41:09+00:00,15498035,67552010975,51394847858531597313298,0,55908915558542932,1.3143732064533449
2025-06-09 01:41:14+00:00,15498040,67552010974,51394847859531597313298,0,55908915558542932,1.3143732064083136
2025-06-09 01:41:19+00:00,15498045,67552010987,51394847869531597313298,0,55908915569302284,1.314373206405517
2025-06-09 01:41:24+00:00,15498050,67552010986,51394847868735582220491,0,55908915568436354,1.314373206406417
2025-06-09 01:41:29+00:00,15498055,67551997882,51394857868735582220491,0,55908915568436354,1.3143726956990593
2025-06-09 01:41:50+00:00,15498076,67551997883,51394857867977045465089,0,55908915568436354,1.3143726957379154
2025-06-09 01:42:21+00:00,15498107,67551984779,51394867867977045465089,0,55908915568436354,1.3143721850307564
2025-06-09 01:42:31+00:00,15498117,67551971675,51394877867977045465089,0,55908915568436354,1.314371674323796
2025-06-09 01:42:33+00:00,15498119,67551971676,51394877867218508120241,0,55908915568436354,1.3143716743626521
2025-06-09 01:42:56+00:00,15498142,67551981676,51394885475416550617671,0,55908923844866217,1.3143716743626521
2025-06-09 01:43:03+00:00,15498149,67551981677,51394885474658013272846,0,55908923844866217,1.3143716744015081
2025-06-09 01:43:08+00:00,15498154,67551981678,51394885473899475928043,0,55908923844866217,1.3143716744403642
2025-06-09 01:43:14+00:00,15498160,67551981742,51394885522737505428091,0,55908923897835368,1.3143716744366416
2025-06-09 01:43:15+00:00,15498161,67551981743,51394885521978968083308,0,55908923897835368,1.3143716744754974
2025-06-09 01:43:16+00:00,15498162,67552081743,51394809668356443291684,0,55908923897835368,1.3143755600790077
2025-06-09 01:43:24+00:00,15498170,67552081744,51394809668356443291683,0,55908923897835368,1.314375560098465
2025-06-09 01:43:30+00:00,15498176,67552091744,51394817276531993399189,0,55908932174252978,1.314375560098465
2025-06-09 01:43:45+00:00,15498191,67552078640,51394827276531993399189,0,55908932174252978,1.3143750493903452
2025-06-09 01:43:58+00:00,15498204,67552078641,51394827275773458002122,0,55908932174252978,1.3143750494292012
2025-06-09 01:44:22+00:00,15498228,67552058641,51394812059408134737475,0,55908915621405505,1.3143750494294137
2025-06-09 01:44:30+00:00,15498236,67552058640,51394812060408134737475,0,55908915621405505,1.3143750493843824
2025-06-09 01:44:35+00:00,15498241,67552058653,51394812070408134737475,0,55908915632164849,1.3143750493815856
2025-06-09 01:44:40+00:00,15498246,67552058652,51394812069612120200028,0,55908915631298919,1.3143750493824857
2025-06-09 01:44:41+00:00,15498247,67552058653,51394812068853584802956,0,55908915631298919,1.3143750494213418
2025-06-09 01:44:49+00:00,15498255,67552068653,51394819677032090932188,0,55908923907718134,1.3143750494213418
2025-06-09 01:44:59+00:00,15498265,67552058654,51394812068853585680587,0,55908915631298919,1.3143750494407989
2025-06-09 01:45:23+00:00,15498289,67552068654,51394819677032091697192,0,55908923907718134,1.3143750494407989
2025-06-09 01:45:24+00:00,15498290,67552068655,51394819676273556300154,0,55908923907718134,1.3143750494796549
2025-06-09 01:45:38+00:00,15498304,67552078655,51394827284452062091844,0,55908932184137349,1.3143750494796549
2025-06-09 01:45:48+00:00,15498314,67552058656,51394812068095051813219,0,55908915631298919,1.3143750494991122
2025-06-09 01:46:07+00:00,15498333,67552058657,51394812067336516416214,0,55908915631298919,1.3143750495379682
2025-06-09 01:46:20+00:00,15498346,67552058658,51394812066577981019232,0,55908915631298919,1.3143750495768243
2025-06-09 01:46:21+00:00,15498347,67552068658,51394819674756486248463,0,55908923907718134,1.3143750495768243
2025-06-09 01:46:31+00:00,15498357,67552068722,51394819723594515748511,0,55908923960687216,1.3143750495730984
2025-06-09 01:46:40+00:00,15498366,67552068723,51394819723594515748510,0,55908923960687216,1.3143750495925557
2025-06-09 01:46:50+00:00,15498376,67552068724,51394819722835980351559,0,55908923960687216,1.3143750496314117
2025-06-09 01:46:52+00:00,15498378,67552058725,51394812114657475527547,0,55908915684268001,1.314375049650869
2025-06-09 01:47:23+00:00,15498409,67552045621,51394822114657475527547,0,55908915684268001,1.3143745389427972
2025-06-09 01:47:32+00:00,15498418,67552045622,51394822113898939835897,0,55908915684268001,1.3143745389816532
2025-06-09 01:47:42+00:00,15498428,67552045621,51394822114898939835897,0,55908915684268001,1.314374538936622
2025-06-09 01:47:46+00:00,15498432,67552045620,51394822115898939835897,0,55908915684268001,1.3143745388915908
2025-06-09 01:47:50+00:00,15498436,67552055620,51394829724080401136097,0,55908923960688821,1.3143745388915908
2025-06-09 01:47:51+00:00,15498437,67552055633,51394829734080401136097,0,55908923971448168,1.314374538888794
2025-06-09 01:47:56+00:00,15498442,67552055632,51394829733284386443803,0,55908923970582238,1.314374538889694
2025-06-09 01:48:09+00:00,15498455,67552042528,51394839733284386443803,0,55908923970582238,1.3143740281818967
2025-06-09 01:48:15+00:00,15498461,67552042529,51394839732525850457388,0,55908923970582238,1.3143740282207528
2025-06-09 01:48:19+00:00,15498465,67552032530,51394832124342909453983,0,55908915694161418,1.3143740282401724
2025-06-09 01:48:28+00:00,15498474,67552019426,51394842124342909453983,0,55908915694161418,1.3143735175324982
2025-06-09 01:48:37+00:00,15498483,67552006322,51394852124342909453983,0,55908915694161418,1.3143730068250228
2025-06-09 01:48:46+00:00,15498492,67551993218,51394862124342909453983,0,55908915694161418,1.314372496117746
2025-06-09 01:48:58+00:00,15498504,67551993219,51394862123584372583401,0,55908915694161418,1.3143724961566021
2025-06-09 01:49:38+00:00,15498544,67551993220,51394862122825835712841,0,55908915694161418,1.3143724961954582
2025-06-09 01:49:41+00:00,15498547,67551993221,51394862122067298842304,0,55908915694161418,1.3143724962343142
2025-06-09 01:49:48+00:00,15498554,67551993285,51394862170905328342352,0,55908915747130552,1.314372496230591
2025-06-09 01:49:52+00:00,15498558,67551993218,51394862119898222000924,0,55908915691643449,1.3143724962314147
2025-06-09 01:49:57+00:00,15498563,67551993219,51394862119898222000923,0,55908915691643449,1.3143724962508718
2025-06-09 01:50:03+00:00,15498569,67552003219,51394869728091507027878,0,55908923968070690,1.3143724962508718
2025-06-09 01:50:23+00:00,15498589,67552013219,51394877336284792054833,0,55908932244497931,1.3143724962508718
2025-06-09 01:50:24+00:00,15498590,67552013220,51394877335526255184328,0,55908932244497931,1.3143724962897279
2025-06-09 01:50:39+00:00,15498605,67552000116,51394887335526255184328,0,55908932244497931,1.314371985582801
2025-06-09 01:51:00+00:00,15498626,67552000115,51394887336526255184328,0,55908932244497931,1.3143719855377698
2025-06-09 01:51:06+00:00,15498632,67551987011,51394897336526255184328,0,55908932244497931,1.3143714748310418
2025-06-09 01:51:08+00:00,15498634,67551987012,51394897335767717724351,0,55908932244497931,1.3143714748698978
2025-06-09 01:51:09+00:00,15498635,67551987025,51394897345767717724351,0,55908932255257290,1.3143714748671016
2025-06-09 01:51:14+00:00,15498640,67551987024,51394897344971702102815,0,55908932254391360,1.3143714748680018
2025-06-09 01:51:22+00:00,15498648,67551967025,51394882128579212299470,0,55908915701536878,1.3143714748873079
2025-06-09 01:51:50+00:00,15498676,67551967026,51394882127820674839525,0,55908915701536878,1.314371474926164
2025-06-09 01:52:32+00:00,15498718,67551967027,51394882127062137379603,0,55908915701536878,1.31437147496502
2025-06-09 01:52:54+00:00,15498740,67551967028,51394882126303599919703,0,55908915701536878,1.314371475003876
2025-06-09 01:53:04+00:00,15498750,67551967092,51394882175141629419751,0,55908915754506032,1.3143714750001534
2025-06-09 01:53:09+00:00,15498755,67551967025,51394882124134503231741,0,55908915699018929,1.3143714750009767
2025-06-09 01:53:14+00:00,15498760,67551967026,51394882124134503231740,0,55908915699018929,1.3143714750204338
2025-06-09 01:53:15+00:00,15498761,67551967027,51394882123375965771872,0,55908915699018929,1.3143714750592899
2025-06-09 01:53:30+00:00,15498776,67551953923,51394892123375965771872,0,55908915699018929,1.3143709643526094
2025-06-09 01:53:58+00:00,15498804,67551953924,51394892122617428017292,0,55908915699018929,1.3143709643914654
2025-06-09 01:54:15+00:00,15498821,67551953923,51394892123617428017292,0,55908915699018929,1.3143709643464343
2025-06-09 01:54:20+00:00,15498826,67551953922,51394892124617428017292,0,55908915699018929,1.3143709643014032
2025-06-09 01:54:25+00:00,15498831,67551953935,51394892134617428017292,0,55908915709778290,1.314370964298607
2025-06-09 01:54:30+00:00,15498836,67551953934,51394892133821412240897,0,55908915708912360,1.3143709642995072
2025-06-09 01:54:40+00:00,15498846,67551953935,51394892133062874486287,0,55908915708912360,1.314370964338363
2025-06-09 01:54:45+00:00,15498851,67551940831,51394902133062874486287,0,55908915708912360,1.3143704536318814
2025-06-09 01:55:23+00:00,15498889,67551940832,51394902132304336436965,0,55908915708912360,1.3143704536707375
2025-06-09 01:55:30+00:00,15498896,67551950832,51394909740509444876733,0,55908923985346022,1.3143704536707375
2025-06-09 01:55:58+00:00,15498924,67551937728,51394919740509444876733,0,55908923985346022,1.3143699429645301
2025-06-09 01:56:07+00:00,15498933,67551937729,51394919739750906532699,0,55908923985346022,1.3143699430033862
2025-06-09 01:56:09+00:00,15498935,67551937730,51394919738992368188687,0,55908923985346022,1.314369943042242
2025-06-09 01:56:14+00:00,15498940,67551937731,51394919738233829844698,0,55908923985346022,1.314369943081098
2025-06-09 01:56:20+00:00,15498946,67551937795,51394919787071859344746,0,55908924038315207,1.314369943077377
2025-06-09 01:56:25+00:00,15498951,67551937728,51394919736064703386108,0,55908923982828104,1.3143699430781997
2025-06-09 01:56:34+00:00,15498960,67551924624,51394929736064703386108,0,55908923982828104,1.3143694323721908
2025-06-09 01:56:45+00:00,15498971,67551914625,51394922127856635308496,0,55908915706394442,1.3143694323915727
2025-06-09 01:56:49+00:00,15498975,67551914626,51394922127098096669804,0,55908915706394442,1.3143694324304285
2025-06-09 01:57:31+00:00,15499017,67551914627,51394922126339558031134,0,55908915706394442,1.3143694324692845
2025-06-09 01:57:31+00:00,15499017,67551914626,51394922127339558031134,0,55908915706394442,1.3143694324242534
2025-06-09 01:57:36+00:00,15499022,67551914625,51394922128339558031134,0,55908915706394442,1.3143694323792223
2025-06-09 01:57:41+00:00,15499027,67551914638,51394922138339558031134,0,55908915717153809,1.3143694323764266
2025-06-09 01:57:46+00:00,15499032,67551914637,51394922137543541790140,0,55908915716287879,1.3143694323773265
2025-06-09 01:58:13+00:00,15499059,67551914638,51394922136785003151440,0,55908915716287879,1.3143694324161825
2025-06-09 01:58:31+00:00,15499077,67551924638,51394929744996023105832,0,55908923992724752,1.3143694324161825
2025-06-09 01:58:41+00:00,15499087,67551911534,51394939744996023105832,0,55908923992724752,1.3143689217103727
2025-06-09 01:58:55+00:00,15499101,67551898430,51394949744996023105832,0,55908923992724752,1.3143684110047615
2025-06-09 01:58:56+00:00,15499102,67551898431,51394949744237483877685,0,55908923992724752,1.3143684110436176
2025-06-09 01:59:25+00:00,15499131,67551898432,51394949743478944649560,0,55908923992724752,1.3143684110824736
2025-06-09 01:59:26+00:00,15499132,67551885328,51394959743478944649560,0,55908923992724752,1.3143679003770612
2025-06-09 01:59:36+00:00,15499142,67551885392,51394959792316974149608,0,55908924045693978,1.3143679003733422
2025-06-09 01:59:38+00:00,15499144,67551885393,51394959791558434626769,0,55908924045693978,1.314367900412198
2025-06-09 01:59:46+00:00,15499152,67551885394,51394959791558434626768,0,55908924045693978,1.3143679004316553
2025-06-09 01:59:48+00:00,15499154,67551872290,51394969791558434626768,0,55908924045693978,1.314367389726442
2025-06-09 01:59:57+00:00,15499163,67551859186,51394979791558434626768,0,55908924045693978,1.3143668790214276
2025-06-09 02:00:21+00:00,15499187,67551859187,51394979790799894514492,0,55908924045693978,1.3143668790602836
2025-06-09 02:00:46+00:00,15499212,67551959187,51394903936900621005043,0,55908924045693978,1.3143707646566667
2025-06-09 02:00:51+00:00,15499217,67551959186,51394903937900621005043,0,55908924045693978,1.3143707646116356
2025-06-09 02:00:56+00:00,15499222,67551959185,51394903938900621005043,0,55908924045693978,1.3143707645666045
2025-06-09 02:01:00+00:00,15499226,67551959198,51394903948900621005043,0,55908924056453340,1.3143707645638083
2025-06-09 02:01:00+00:00,15499226,67551946094,51394913948900621005043,0,55908924056453340,1.3143702538574829
2025-06-09 02:01:05+00:00,15499231,67551946094,51394913947346066845019,0,55908924055587410,1.314370253897239
2025-06-09 02:01:05+00:00,15499231,67551946095,51394913948142082840429,0,55908924055587410,1.3143702538963389
2025-06-09 02:01:20+00:00,15499246,67551956094,51394921555552331669562,0,55908932332021663,1.314370253897239
2025-06-09 02:01:47+00:00,15499273,67551966094,51394929163758596494105,0,55908940608455916,1.314370253897239
2025-06-09 02:01:47+00:00,15499273,67551966095,51394929163000058329514,0,55908940608455916,1.314370253936095
2025-06-09 02:02:08+00:00,15499294,67551952991,51394939163000058329514,0,55908940608455916,1.3143697432301196
2025-06-09 02:02:27+00:00,15499313,67551939887,51394949163000058329514,0,55908940608455916,1.3143692325243428
2025-06-09 02:02:41+00:00,15499327,67551909888,51394926338369975581967,0,55908915779150537,1.3143692325436351
2025-06-09 02:02:51+00:00,15499337,67551909889,51394926337611436827940,0,55908915779150537,1.314369232582491
2025-06-09 02:02:56+00:00,15499342,67551909890,51394926336852898073936,0,55908915779150537,1.314369232621347
2025-06-09 02:03:02+00:00,15499348,67551909954,51394926385690927573984,0,55908915832119736,1.3143692326176266
2025-06-09 02:03:07+00:00,15499353,67551909887,51394926334683757579786,0,55908915776632633,1.3143692326184488
2025-06-09 02:03:12+00:00,15499358,67551909888,51394926334683757579785,0,55908915776632633,1.314369232637906
2025-06-09 02:03:12+00:00,15499358,67551909889,51394926333925218825813,0,55908915776632633,1.314369232676762
2025-06-09 02:03:18+00:00,15499364,67551896785,51394936333925218825813,0,55908915776632633,1.3143687219709572
2025-06-09 02:03:46+00:00,15499392,67551906785,51394943942140351185729,0,55908924053071702,1.3143687219709572
2025-06-09 02:03:54+00:00,15499400,67551906786,51394943941381812137044,0,55908924053071702,1.314368722009813
2025-06-09 02:03:56+00:00,15499402,67551896787,51394936333166680296261,0,55908915776632633,1.3143687220292704
2025-06-09 02:04:05+00:00,15499411,67551883683,51394946333166680296261,0,55908915776632633,1.314368211323664
2025-06-09 02:04:15+00:00,15499421,67551883682,51394946334166680296261,0,55908915776632633,1.314368211278633
2025-06-09 02:04:20+00:00,15499426,67551883681,51394946335166680296261,0,55908915776632633,1.314368211233602
2025-06-09 02:04:25+00:00,15499431,67551883694,51394946345166680296261,0,55908915787392005,1.3143682112308064
2025-06-09 02:04:36+00:00,15499442,67551870590,51394956345166680296261,0,55908915787392005,1.314367700525399
2025-06-09 02:04:37+00:00,15499443,67551870591,51394956344408140658087,0,55908915787392005,1.3143677005642551
2025-06-09 02:04:52+00:00,15499458,67551857487,51394966344408140658087,0,55908915787392005,1.3143671898590465
2025-06-09 02:05:21+00:00,15499487,67551857488,51394966343649600725200,0,55908915787392005,1.3143671898979024
2025-06-09 02:06:04+00:00,15499530,67551857489,51394966342891060792335,0,55908915787392005,1.3143671899367584
2025-06-09 02:06:15+00:00,15499541,67551857490,51394966342132520859493,0,55908915787392005,1.3143671899756144
2025-06-09 02:06:20+00:00,15499546,67551857491,51394966341373980926673,0,55908915787392005,1.3143671900144702
2025-06-09 02:06:26+00:00,15499552,67551857555,51394966390212010426721,0,55908915840361245,1.3143671900107519
2025-06-09 02:06:31+00:00,15499557,67551867488,51394973947428800849666,0,55908924061318027,1.3143671900115732
2025-06-09 02:06:31+00:00,15499557,67551867555,51394973998436010539046,0,55908924061318027,1.3143671900107519
2025-06-09 02:06:37+00:00,15499563,67551867489,51394973947428800849665,0,55908924061318027,1.3143671900310303
2025-06-09 02:06:45+00:00,15499571,67551854385,51394983947428800849665,0,55908924061318027,1.314366679326096
2025-06-09 02:06:46+00:00,15499572,67551854386,51394983946670260622142,0,55908924061318027,1.314366679364952
2025-06-09 02:07:05+00:00,15499591,67551864386,51394991554897216612528,0,55908932337763517,1.314366679364952
2025-06-09 02:07:28+00:00,15499614,67551864387,51394991554138676385027,0,55908932337763517,1.3143666794038078
2025-06-09 02:07:40+00:00,15499626,67551851283,51395001554138676385027,0,55908932337763517,1.314366168699148
2025-06-09 02:07:41+00:00,15499627,67551851282,51395001555138676385027,0,55908932337763517,1.3143661686541168
2025-06-09 02:07:46+00:00,15499632,67551851281,51395001556138676385027,0,55908932337763517,1.314366168609086
2025-06-09 02:07:51+00:00,15499637,67551851294,51395001566138676385027,0,55908932348522898,1.3143661686062906
2025-06-09 02:07:56+00:00,15499642,67551851293,51395001565342659150630,0,55908932347656968,1.3143661686071908
2025-06-09 02:08:11+00:00,15499657,67551851294,51395001564584118628364,0,55908932347656968,1.3143661686460466
2025-06-09 02:08:15+00:00,15499661,67551838190,51395011564584118628364,0,55908932347656968,1.3143656579415854
2025-06-09 02:08:53+00:00,15499699,67551838191,51395011563825577811385,0,55908932347656968,1.3143656579804415
2025-06-09 02:09:06+00:00,15499712,67551825087,51395021563825577811385,0,55908932347656968,1.314365147276179
2025-06-09 02:09:36+00:00,15499742,67551825088,51395021563067036699693,0,55908932347656968,1.3143651473150348
2025-06-09 02:09:47+00:00,15499753,67551825089,51395021562308495588023,0,55908932347656968,1.3143651473538909
2025-06-09 02:09:52+00:00,15499758,67551825090,51395021561549954476375,0,55908932347656968,1.3143651473927467
2025-06-09 02:09:58+00:00,15499764,67551825154,51395021610387983976423,0,55908932400626249,1.3143651473890303
2025-06-09 02:10:03+00:00,15499769,67551825087,51395021559380734591871,0,55908932345139146,1.3143651473898503
2025-06-09 02:10:05+00:00,15499771,67551805088,51395006342919417706533,0,55908915792249771,1.3143651474090434
2025-06-09 02:10:09+00:00,15499775,67551805089,51395006342919417706532,0,55908915792249771,1.3143651474285005
2025-06-09 02:10:18+00:00,15499784,67551805090,51395006342160876594927,0,55908915792249771,1.3143651474673563
2025-06-09 02:10:22+00:00,15499788,67551815090,51395013950396700002866,0,55908924068700077,1.3143651474673563
2025-06-09 02:10:53+00:00,15499819,67551825090,51395021558632523410805,0,55908932345150383,1.3143651474673563
2025-06-09 02:11:00+00:00,15499826,67551825091,51395021557873982299223,0,55908932345150383,1.3143651475062124
2025-06-09 02:11:08+00:00,15499834,67551811987,51395031557873982299223,0,55908932345150383,1.3143646368021487
2025-06-09 02:11:14+00:00,15499840,67551811986,51395031558873982299223,0,55908932345150383,1.3143646367571176
2025-06-09 02:11:19+00:00,15499845,67551811985,51395031559873982299223,0,55908932345150383,1.3143646367120867
2025-06-09 02:11:24+00:00,15499850,67551811998,51395031569873982299223,0,55908932355909770,1.3143646367092918
2025-06-09 02:11:29+00:00,15499855,67551811997,51395031569077964600227,0,55908932355043840,1.3143646367101918
2025-06-09 02:11:43+00:00,15499869,67551811998,51395031568319423193879,0,55908932355043840,1.3143646367490478
2025-06-09 02:11:44+00:00,15499870,67551798894,51395041568319423193879,0,55908932355043840,1.3143641260451828
2025-06-09 02:11:53+00:00,15499879,67551785790,51395051568319423193879,0,55908932355043840,1.3143636153415166
2025-06-09 02:12:07+00:00,15499893,67551795790,51395059176564115361242,0,55908940631498962,1.3143636153415166
2025-06-09 02:12:24+00:00,15499910,67551795791,51395059175805573365445,0,55908940631498962,1.3143636153803724
2025-06-09 02:13:06+00:00,15499952,67551795792,51395059175047031369670,0,55908940631498962,1.3143636154192284
2025-06-09 02:13:11+00:00,15499957,67551795793,51395059174288489373917,0,55908940631498962,1.3143636154580842
2025-06-09 02:13:16+00:00,15499962,67551795794,51395059173529947378187,0,55908940631498962,1.31436361549694
2025-06-09 02:13:22+00:00,15499968,67551795858,51395059222367976878235,0,55908940684468274,1.3143636154932252
2025-06-09 02:13:27+00:00,15499973,67551795791,51395059171360697723063,0,55908940628981171,1.3143636154940446
2025-06-09 02:13:32+00:00,15499978,67551795792,51395059171360697723062,0,55908940628981171,1.3143636155135017
2025-06-09 02:13:34+00:00,15499980,67551805792,51395066779605388894883,0,55908948905436293,1.3143636155135017
2025-06-09 02:13:48+00:00,15499994,67551792689,51395076778846846604449,0,55908948905436293,1.3143631048490412
2025-06-09 02:13:48+00:00,15499994,67551792688,51395076779605388894883,0,55908948905436293,1.3143631048101854
2025-06-09 02:13:58+00:00,15500004,67551752690,51395046345871015705599,0,55908915799625437,1.3143631048681208
2025-06-09 02:14:07+00:00,15500013,67551739586,51395056345871015705599,0,55908915799625437,1.3143625941647008
2025-06-09 02:14:16+00:00,15500022,67551726482,51395066345871015705599,0,55908915799625437,1.3143620834614795
2025-06-09 02:14:30+00:00,15500036,67551726483,51395066345112472825726,0,55908915799625437,1.3143620835003353
2025-06-09 02:14:35+00:00,15500041,67551726482,51395066346112472825726,0,55908915799625437,1.3143620834553047
2025-06-09 02:14:44+00:00,15500050,67551726495,51395066356112472825726,0,55908924086844772,1.3143620834525103
2025-06-09 02:14:44+00:00,15500050,67551736495,51395073964366032402267,0,55908924086844772,1.3143620834525103
2025-06-09 02:14:49+00:00,15500055,67551736494,51395073963570013928923,0,55908924085978842,1.3143620834534102
2025-06-09 02:14:53+00:00,15500059,67551723390,51395083963570013928923,0,55908924085978842,1.3143615727504634
2025-06-09 02:15:08+00:00,15500074,67551713391,51395076355314974349115,0,55908915809518904,1.3143615727698827
2025-06-09 02:15:24+00:00,15500090,67551813391,51395000501109466612850,0,55908915809518904,1.3143654583589655
2025-06-09 02:15:55+00:00,15500121,67551813392,51395000500350925680688,0,55908915809518904,1.3143654583978213
2025-06-09 02:15:55+00:00,15500121,67551800288,51395010500350925680688,0,55908915809518904,1.3143649476934878
2025-06-09 02:16:19+00:00,15500145,67551810288,51395018108587905484882,0,55908924085969801,1.3143649476934878
2025-06-09 02:16:29+00:00,15500155,67551800289,51395010500350925784200,0,55908915809518904,1.3143649477129449
2025-06-09 02:16:34+00:00,15500160,67551800290,51395010499592384557336,0,55908915809518904,1.314364947751801
2025-06-09 02:16:38+00:00,15500164,67551800291,51395010498833843330495,0,55908915809518904,1.3143649477906567
2025-06-09 02:16:39+00:00,15500165,67551800292,51395010498075302103676,0,55908915809518904,1.3143649478295127
2025-06-09 02:16:43+00:00,15500169,67551810292,51395018106312281120487,0,55908924085969800,1.3143649478295127
2025-06-09 02:16:45+00:00,15500171,67551810356,51395018155150310620535,0,55908924138939085,1.3143649478257964
2025-06-09 02:16:50+00:00,15500176,67551810289,51395018104143057127787,0,55908924083451982,1.3143649478266166
2025-06-09 02:16:55+00:00,15500181,67551810290,51395018104143057127786,0,55908924083451982,1.3143649478460737
2025-06-09 02:17:21+00:00,15500207,67551810291,51395018103384515900999,0,55908924083451982,1.3143649478849295
2025-06-09 02:17:58+00:00,15500244,67551810290,51395018104384515900999,0,55908924083451982,1.3143649478398987
2025-06-09 02:18:02+00:00,15500248,67551800291,51395010496147537399196,0,55908915807001086,1.3143649478593558
2025-06-09 02:18:03+00:00,15500249,67551800290,51395010497147537399196,0,55908915807001086,1.314364947814325
2025-06-09 02:18:04+00:00,15500250,67551800291,51395010496388996172391,0,55908915807001086,1.3143649478531807
2025-06-09 02:18:13+00:00,15500259,67551800290,51395010495592978564167,0,55908915806135156,1.3143649478540809
2025-06-09 02:18:20+00:00,15500266,67551787186,51395020495592978564167,0,55908915806135156,1.3143644371499459
2025-06-09 02:18:46+00:00,15500292,67551787187,51395020494834437042649,0,55908915806135156,1.314364437188802
2025-06-09 02:19:29+00:00,15500335,67551787188,51395020494075895521154,0,55908915806135156,1.3143644372276577
2025-06-09 02:19:31+00:00,15500337,67551774084,51395030494075895521154,0,55908915806135156,1.3143639265237215
2025-06-09 02:19:51+00:00,15500357,67551760980,51395040494075895521154,0,55908915806135156,1.3143634158199842
2025-06-09 02:19:53+00:00,15500359,67551760981,51395040493317353410209,0,55908915806135156,1.31436341585884
2025-06-09 02:19:58+00:00,15500364,67551760982,51395040492558811299287,0,55908915806135156,1.314363415897696
2025-06-09 02:20:05+00:00,15500371,67551761046,51395040541396840799335,0,55908915859104472,1.3143634158939812
2025-06-09 02:20:10+00:00,15500376,67551760979,51395040490389557535314,0,55908915803617369,1.3143634158948005
2025-06-09 02:20:13+00:00,15500379,67551760980,51395040489631015424412,0,55908915803617369,1.3143634159336564
2025-06-09 02:20:16+00:00,15500382,67551760981,51395040489631015424411,0,55908915803617369,1.3143634159531135
2025-06-09 02:20:27+00:00,15500393,67551747877,51395050489631015424411,0,55908915803617369,1.3143629052495747
2025-06-09 02:20:45+00:00,15500411,67551734773,51395060489631015424411,0,55908915803617369,1.3143623945462348
2025-06-09 02:20:54+00:00,15500420,67551721669,51395070489631015424411,0,55908915803617369,1.3143618838430935
2025-06-09 02:20:56+00:00,15500422,67551721670,51395070488872472429335,0,55908915803617369,1.3143618838819493
2025-06-09 02:21:03+00:00,15500429,67551708566,51395080488872472429335,0,55908915803617369,1.3143613731790067
2025-06-09 02:21:21+00:00,15500447,67551708565,51395080489872472429335,0,55908915803617369,1.314361373133976
2025-06-09 02:21:26+00:00,15500452,67551708564,51395080490872472429335,0,55908915803617369,1.3143613730889452
2025-06-09 02:21:31+00:00,15500457,67551708577,51395080500872472429335,0,55908915814376769,1.3143613730861508
2025-06-09 02:21:35+00:00,15500461,67551708576,51395080500076453736970,0,55908915813510839,1.314361373087051
2025-06-09 02:21:40+00:00,15500466,67551708577,51395080499317910447127,0,55908915813510839,1.3143613731259067
2025-06-09 02:21:59+00:00,15500485,67551718577,51395088107575581788530,0,55908924089972973,1.3143613731259067
2025-06-09 02:22:09+00:00,15500495,67551708578,51395080499317910590897,0,55908915813510839,1.3143613731453638
2025-06-09 02:22:24+00:00,15500510,67551708579,51395080498559367301087,0,55908915813510839,1.3143613731842196
2025-06-09 02:22:54+00:00,15500540,67551718579,51395088106817038304942,0,55908924089972972,1.3143613731842196
2025-06-09 02:23:10+00:00,15500556,67551718580,51395088106058495015155,0,55908924089972972,1.3143613732230754
2025-06-09 02:23:14+00:00,15500560,67551728580,51395095714316165794090,0,55908932366435105,1.3143613732230754
2025-06-09 02:23:15+00:00,15500561,67551728581,51395095713557622504325,0,55908932366435105,1.3143613732619315
2025-06-09 02:23:20+00:00,15500566,67551728582,51395095712799079214582,0,55908932366435105,1.3143613733007873
2025-06-09 02:23:26+00:00,15500572,67551728646,51395095761637108714630,0,55908932419404462,1.3143613732970745
2025-06-09 02:23:31+00:00,15500577,67551728579,51395095710629785755427,0,55908932363917359,1.3143613732978927
2025-06-09 02:23:36+00:00,15500582,67551728580,51395095710629785755426,0,55908932363917359,1.3143613733173498
2025-06-09 02:23:37+00:00,15500583,67551708581,51395080494114446054031,0,55908915810993093,1.314361373336807
2025-06-09 02:23:53+00:00,15500599,67551708582,51395080493355902764332,0,55908915810993093,1.3143613733756627
2025-06-09 02:24:23+00:00,15500629,67551695478,51395090493355902764332,0,55908915810993093,1.3143608626729189
2025-06-09 02:24:38+00:00,15500644,67551695479,51395090492597359179919,0,55908915810993093,1.3143608627117749
2025-06-09 02:24:39+00:00,15500645,67551695478,51395090493597359179919,0,55908915810993093,1.314360862666744
2025-06-09 02:24:44+00:00,15500650,67551695477,51395090494597359179919,0,55908915810993093,1.3143608626217131
2025-06-09 02:24:47+00:00,15500653,67551682373,51395100494597359179919,0,55908915810993093,1.3143603519191682
2025-06-09 02:24:48+00:00,15500654,67551682386,51395100504597359179919,0,55908915821752497,1.314360351916374
2025-06-09 02:24:53+00:00,15500659,67551682385,51395100503801340177837,0,55908915820886567,1.3143603519172742
2025-06-09 02:25:15+00:00,15500681,67551692385,51395108112064922849722,0,55908924097351911,1.3143603519172742
2025-06-09 02:25:21+00:00,15500687,67551692386,51395108111306378970541,0,55908924097351911,1.31436035195613
2025-06-09 02:25:25+00:00,15500691,67551682387,51395100503042796690161,0,55908915820886567,1.314360351975587
2025-06-09 02:25:39+00:00,15500705,67551692387,51395108111306379024498,0,55908924097351911,1.314360351975587
2025-06-09 02:25:48+00:00,15500714,67551679283,51395118111306379024498,0,55908924097351911,1.3143598412733164
2025-06-09 02:25:58+00:00,15500724,67551669284,51395110503041316396306,0,55908915820886567,1.3143598412927358
2025-06-09 02:26:05+00:00,15500731,67551669285,51395110502282772222433,0,55908915820886567,1.3143598413315916
2025-06-09 02:26:16+00:00,15500742,67551656181,51395120502282772222433,0,55908915820886567,1.314359330629444
2025-06-09 02:26:36+00:00,15500762,67551656182,51395120501524227753846,0,55908915820886567,1.3143593306683
2025-06-09 02:26:37+00:00,15500763,67551643078,51395130501524227753846,0,55908915820886567,1.314358819966351
2025-06-09 02:26:48+00:00,15500774,67551643142,51395130550362257253894,0,55908915873855976,1.3143588199626406
2025-06-09 02:26:49+00:00,15500775,67551643143,51395130549603712490590,0,55908915873855976,1.3143588200014964
2025-06-09 02:26:57+00:00,15500783,67551643144,51395130549603712490589,0,55908915873855976,1.3143588200209535
2025-06-09 02:27:01+00:00,15500787,67551630040,51395140549603712490589,0,55908915873855976,1.314358309319204
2025-06-09 02:27:10+00:00,15500796,67551730040,51395064695209864729288,0,55908915873855976,1.3143621949034334
2025-06-09 02:27:24+00:00,15500810,67551716936,51395074695209864729288,0,55908915873855976,1.314361684200373
2025-06-09 02:27:33+00:00,15500819,67551716937,51395074694451321618994,0,55908915873855976,1.3143616842392287
2025-06-09 02:27:58+00:00,15500844,67551726937,51395082302707192063165,0,55908924150317094,1.3143616842392287
2025-06-09 02:28:00+00:00,15500846,67551726936,51395082303707192063165,0,55908924150317094,1.3143616841941979
2025-06-09 02:28:05+00:00,15500851,67551726935,51395082304707192063165,0,55908924150317094,1.314361684149167
2025-06-09 02:28:10+00:00,15500856,67551726948,51395082314707192063165,0,55908924161076493,1.3143616841463728
2025-06-09 02:28:11+00:00,15500857,67551716949,51395074706451322059795,0,55908915884615375,1.3143616841658299
2025-06-09 02:28:17+00:00,15500863,67551716950,51395074705692778949481,0,55908915884615375,1.3143616842046857
2025-06-09 02:28:35+00:00,15500881,67551703846,51395084705692778949481,0,55908915884615375,1.314361173501824
2025-06-09 02:28:50+00:00,15500896,67551713846,51395092313951605826737,0,55908924161078099,1.314361173501824
2025-06-09 02:29:00+00:00,15500906,67551713847,51395092313193062421709,0,55908924161078099,1.3143611735406797
2025-06-09 02:29:11+00:00,15500917,67551723847,51395099921451889074045,0,55908932437540823,1.3143611735406797
2025-06-09 02:29:25+00:00,15500931,67551733847,51395107529710715726381,0,55908940714003547,1.3143611735406797
2025-06-09 02:29:35+00:00,15500941,67551703848,51395084704934236331565,0,55908915884615375,1.3143611735601368
2025-06-09 02:29:43+00:00,15500949,67551703849,51395084704175692926571,0,55908915884615375,1.3143611735989926
2025-06-09 02:29:55+00:00,15500961,67551703850,51395084703417149521599,0,55908915884615375,1.3143611736378484
2025-06-09 02:30:00+00:00,15500966,67551703851,51395084702658606116650,0,55908915884615375,1.3143611736767045
2025-06-09 02:30:06+00:00,15500972,67551703915,51395084751496635616698,0,55908915937584736,1.3143611736729917
2025-06-09 02:30:11+00:00,15500977,67551703848,51395084700489308547727,0,55908915882097633,1.31436117367381
2025-06-09 02:30:16+00:00,15500982,67551703849,51395084700489308547726,0,55908915882097633,1.314361173693267
2025-06-09 02:30:28+00:00,15500994,67551703850,51395084699730765142809,0,55908915882097633,1.3143611737321228
2025-06-09 02:30:29+00:00,15500995,67551713850,51395092307989590686965,0,55908924158560356,1.3143611737321228
2025-06-09 02:30:55+00:00,15501021,67551723850,51395099916248416231121,0,55908932435023079,1.3143611737321228
2025-06-09 02:31:05+00:00,15501031,67551703851,51395084699730765995118,0,55908915882097633,1.31436117375158
2025-06-09 02:31:10+00:00,15501036,67551703852,51395084698972222590234,0,55908915882097633,1.314361173790436
2025-06-09 02:31:14+00:00,15501040,67551690748,51395094698972222590234,0,55908915882097633,1.3143606630877727
2025-06-09 02:31:19+00:00,15501045,67551690747,51395094699972222590234,0,55908915882097633,1.3143606630427418
2025-06-09 02:31:25+00:00,15501051,67551690746,51395094700972222590234,0,55908915882097633,1.3143606629977111
2025-06-09 02:31:33+00:00,15501059,67551677641,51395104700176203524017,0,55908915881231703,1.3143601522961468
2025-06-09 02:31:33+00:00,15501059,67551677642,51395104700972222590234,0,55908915881231703,1.3143601522952466
2025-06-09 02:31:53+00:00,15501079,67551677642,51395104699417659529631,0,55908915881231703,1.3143601523350026
2025-06-09 02:32:24+00:00,15501110,67551664538,51395114699417659529631,0,55908915881231703,1.3143596416327368
2025-06-09 02:32:33+00:00,15501119,67551651434,51395124699417659529631,0,55908915881231703,1.31435913093067
2025-06-09 02:32:48+00:00,15501134,67551638330,51395134699417659529631,0,55908915881231703,1.3143586202288016
2025-06-09 02:33:03+00:00,15501149,67551625226,51395144699417659529631,0,55908915881231703,1.3143581095271322
2025-06-09 02:33:08+00:00,15501154,67551625227,51395144698659114356320,0,55908915881231703,1.314358109565988
2025-06-09 02:33:13+00:00,15501159,67551625228,51395144697900569183031,0,55908915881231703,1.3143581096048438
2025-06-09 02:33:18+00:00,15501164,67551625292,51395144746738598683079,0,55908915934201126,1.314358109601134
2025-06-09 02:33:19+00:00,15501165,67551625293,51395144745980053509810,0,55908915934201126,1.31435810963999
2025-06-09 02:33:23+00:00,15501169,67551635293,51395152354256615777194,0,55908924210673482,1.31435810963999
2025-06-09 02:33:27+00:00,15501173,67551635294,51395152354256615777193,0,55908924210673482,1.314358109659447
2025-06-09 02:33:39+00:00,15501185,67551622190,51395162354256615777193,0,55908924210673482,1.3143575989580523
2025-06-09 02:34:01+00:00,15501207,67551622191,51395162353498070309221,0,55908924210673482,1.314357598996908
2025-06-09 02:34:09+00:00,15501215,67551609087,51395172353498070309221,0,55908924210673482,1.314357088295712
2025-06-09 02:34:19+00:00,15501225,67551595983,51395182353498070309221,0,55908924210673482,1.3143565775947148
2025-06-09 02:34:28+00:00,15501234,67551695982,51395106500004280995151,0,55908924210673482,1.314360463130753
2025-06-09 02:34:28+00:00,15501234,67551695983,51395106499004280995151,0,55908924210673482,1.3143604631757837
2025-06-09 02:34:33+00:00,15501239,67551695981,51395106501004280995151,0,55908924210673482,1.3143604630857222
2025-06-09 02:34:38+00:00,15501244,67551695994,51395106511004280995151,0,55908924221432886,1.3143604630829282
2025-06-09 02:34:43+00:00,15501249,67551695995,51395106510245737180126,0,55908924221432886,1.314360463121784
2025-06-09 02:34:44+00:00,15501250,67551685995,51395098901975962912903,0,55908915944960530,1.3143604631219588
2025-06-09 02:35:11+00:00,15501277,67551672891,51395108901975962912903,0,55908915944960530,1.314359952419575
2025-06-09 02:35:27+00:00,15501293,67551672892,51395108901217418803164,0,55908915944960530,1.3143599524584308
2025-06-09 02:35:54+00:00,15501320,67551659788,51395118901217418803164,0,55908915944960530,1.3143594417562456
2025-06-09 02:36:10+00:00,15501336,67551659789,51395118900458874398711,0,55908915944960530,1.3143594417951017
2025-06-09 02:36:25+00:00,15501351,67551659790,51395118899700329994280,0,55908915944960530,1.3143594418339575
2025-06-09 02:36:35+00:00,15501361,67551659854,51395118948538359494328,0,55908915997929926,1.3143594418302464
2025-06-09 02:36:40+00:00,15501366,67551659787,51395118897530998541374,0,55908915942442823,1.3143594418310638
2025-06-09 02:36:44+00:00,15501370,67551659788,51395118897530998541373,0,55908915942442823,1.314359441850521
2025-06-09 02:36:53+00:00,15501379,67551659789,51395118896772454136974,0,55908915942442823,1.3143594418893767
2025-06-09 02:36:54+00:00,15501380,67551646685,51395128896772454136974,0,55908915942442823,1.3143589311873902
2025-06-09 02:37:03+00:00,15501389,67551633581,51395138896772454136974,0,55908915942442823,1.3143584204856027
2025-06-09 02:37:12+00:00,15501398,67551620477,51395148896772454136974,0,55908915942442823,1.3143579097840137
2025-06-09 02:37:36+00:00,15501422,67551607374,51395158896013908848386,0,55908915942442823,1.3143573991214792
2025-06-09 02:37:36+00:00,15501422,67551620478,51395148896013908848386,0,55908915942442823,1.3143579098228695
2025-06-09 02:37:45+00:00,15501431,67551607373,51395158897013908848386,0,55908915942442823,1.3143573990764486
2025-06-09 02:37:50+00:00,15501436,67551607372,51395158898013908848386,0,55908915942442823,1.314357399031418
2025-06-09 02:37:54+00:00,15501440,67551607385,51395158908013908848386,0,55908915953202239,1.3143573990286244
2025-06-09 02:37:59+00:00,15501445,67551607384,51395158907217888943610,0,55908915952336309,1.3143573990295245
2025-06-09 02:38:14+00:00,15501460,67551594280,51395168907217888943610,0,55908915952336309,1.3143568883283332
2025-06-09 02:38:19+00:00,15501465,67551594281,51395168906459343065517,0,55908915952336309,1.3143568883671888
2025-06-09 02:38:25+00:00,15501471,67551581177,51395178906459343065517,0,55908915952336309,1.3143563776661962
2025-06-09 02:38:40+00:00,15501486,67551591177,51395186514745931027487,0,55908924228814072,1.3143563776661962
2025-06-09 02:38:50+00:00,15501496,67551578073,51395196514745931027487,0,55908924228814072,1.314355866965478
2025-06-09 02:39:03+00:00,15501509,67551578074,51395196513987384559941,0,55908924228814072,1.3143558670043338
2025-06-09 02:39:14+00:00,15501520,67551568075,51395188905699317128196,0,55908915952336309,1.314355867023753
2025-06-09 02:39:24+00:00,15501530,67551554971,51395198905699317128196,0,55908915952336309,1.3143553563231578
2025-06-09 02:39:34+00:00,15501540,67551541867,51395208905699317128196,0,55908915952336309,1.3143548456227614
2025-06-09 02:39:44+00:00,15501550,67551541868,51395208904940770071208,0,55908915952336309,1.3143548456616172
2025-06-09 02:39:45+00:00,15501551,67551641868,51395133050347026934968,0,55908915952336309,1.3143587312406788
2025-06-09 02:39:46+00:00,15501552,67551641869,51395133049588482120461,0,55908915952336309,1.3143587312795346
2025-06-09 02:39:54+00:00,15501560,67551641933,51395133098426511620509,0,55908916005305719,1.3143587312758245
2025-06-09 02:39:59+00:00,15501565,67551641866,51395133047419136631152,0,55908915949818616,1.3143587312766414
2025-06-09 02:40:04+00:00,15501570,67551641867,51395133047419136631151,0,55908915949818616,1.3143587312960985
2025-06-09 02:40:18+00:00,15501584,67551651867,51395140655692100389628,0,55908924226288943,1.3143587312960985
2025-06-09 02:40:29+00:00,15501595,67551651868,51395140654933555575153,0,55908924226288943,1.3143587313349543
2025-06-09 02:40:35+00:00,15501601,67551641869,51395133046660592552634,0,55908915949818616,1.3143587313544114
2025-06-09 02:41:06+00:00,15501632,67551641868,51395133047660592552634,0,55908915949818616,1.3143587313093807
2025-06-09 02:41:11+00:00,15501637,67551641867,51395133048660592552634,0,55908915949818616,1.3143587312643499
2025-06-09 02:41:13+00:00,15501639,67551641868,51395133047902047738141,0,55908915949818616,1.314358731303206
2025-06-09 02:41:16+00:00,15501642,67551641881,51395133057902047738141,0,55908915960578027,1.314358731300412
2025-06-09 02:41:21+00:00,15501647,67551641880,51395133057106028233843,0,55908915959712097,1.314358731301312
2025-06-09 02:41:33+00:00,15501659,67551628776,51395143057106028233843,0,55908915959712097,1.3143582205996045
2025-06-09 02:41:56+00:00,15501682,67551628777,51395143056347483124634,0,55908915959712097,1.3143582206384603
2025-06-09 02:42:40+00:00,15501726,67551628778,51395143055588938015447,0,55908915959712097,1.3143582206773161
2025-06-09 02:42:49+00:00,15501735,67551615674,51395153055588938015447,0,55908915959712097,1.3143577099758075
2025-06-09 02:42:58+00:00,15501744,67551615675,51395153054830392611546,0,55908915959712097,1.3143577100146633
2025-06-09 02:42:59+00:00,15501745,67551602571,51395163054830392611546,0,55908915959712097,1.3143571993133532
2025-06-09 02:43:08+00:00,15501754,67551602635,51395163103668422111594,0,55908916012681537,1.3143571993096443
2025-06-09 02:43:09+00:00,15501755,67551589531,51395173103668422111594,0,55908916012681537,1.3143566886085336
2025-06-09 02:43:18+00:00,15501764,67551589532,51395173103668422111593,0,55908916012681537,1.3143566886279907
2025-06-09 02:43:23+00:00,15501769,67551589533,51395173102909876118248,0,55908916012681537,1.3143566886668465
2025-06-09 02:43:25+00:00,15501771,67551576429,51395183102909876118248,0,55908916012681537,1.3143561779659345
2025-06-09 02:43:35+00:00,15501781,67551563325,51395193102909876118248,0,55908916012681537,1.314355667265221
2025-06-09 02:44:05+00:00,15501811,67551563326,51395193102151329535450,0,55908916012681537,1.3143556673040768
2025-06-09 02:44:20+00:00,15501826,67551563325,51395193103151329535450,0,55908916012681537,1.3143556672590464
2025-06-09 02:44:29+00:00,15501835,67551563338,51395193113151329535450,0,55908916023440960,1.314355667256253
2025-06-09 02:44:37+00:00,15501843,67551550234,51395203113151329535450,0,55908916023440960,1.3143551565557385
2025-06-09 02:44:47+00:00,15501853,67551550235,51395203112392782657909,0,55908916023440960,1.3143551565945943
2025-06-09 02:45:02+00:00,15501868,67551537131,51395213112392782657909,0,55908916023440960,1.3143546458942785
2025-06-09 02:45:26+00:00,15501892,67551524027,51395223112392782657909,0,55908916023440960,1.3143541351941614
2025-06-09 02:45:41+00:00,15501907,67551534027,51395230720692351421209,0,55908924299925736,1.3143541351941614
2025-06-09 02:46:04+00:00,15501930,67551544027,51395238328991920184509,0,55908932576410512,1.3143541351941614
2025-06-09 02:46:12+00:00,15501938,67551544028,51395238328233372717515,0,55908932576410512,1.3143541352330173
2025-06-09 02:46:12+00:00,15501938,67551544029,51395238327474825250543,0,55908932576410512,1.314354135271873
2025-06-09 02:46:14+00:00,15501940,67551530925,51395248327474825250543,0,55908932576410512,1.314353624572106
2025-06-09 02:46:16+00:00,15501942,67551530926,51395248326716277488856,0,55908932576410512,1.3143536246109617
2025-06-09 02:46:22+00:00,15501948,67551530990,51395248375554306988904,0,55908932629380024,1.3143536246072562
2025-06-09 02:46:25+00:00,15501951,67551510991,51395233158952210189729,0,55908916076410472,1.3143536246266379
2025-06-09 02:46:27+00:00,15501953,67551510924,51395233107944735959639,0,55908916020923369,1.3143536246274523
2025-06-09 02:46:32+00:00,15501958,67551510925,51395233107944735959638,0,55908916020923369,1.3143536246469092
2025-06-09 02:46:54+00:00,15501980,67551520926,51395240715488712327617,0,55908924297409750,1.314353624685765
2025-06-09 02:46:54+00:00,15501980,67551520925,51395240716247260089261,0,55908924297409750,1.3143536246469092
2025-06-09 02:47:03+00:00,15501989,67551510927,51395233107186188616453,0,55908916020923369,1.314353624705222
2025-06-09 02:47:12+00:00,15501998,67551497823,51395243107186188616453,0,55908916020923369,1.3143531140055025
2025-06-09 02:47:32+00:00,15502018,67551497822,51395243108186188616453,0,55908916020923369,1.3143531139604718
2025-06-09 02:47:36+00:00,15502022,67551497822,51395243108427640560078,0,55908916020923369,1.3143531139542972
2025-06-09 02:47:36+00:00,15502022,67551497823,51395243107427640560078,0,55908916020923369,1.3143531139993276
2025-06-09 02:47:41+00:00,15502027,67551497835,51395243118427640560078,0,55908916031682803,1.3143531139515046
2025-06-09 02:47:43+00:00,15502029,67551507835,51395250726733120915921,0,55908924308170789,1.3143531139515046
2025-06-09 02:47:45+00:00,15502031,67551507834,51395250725937099707993,0,55908924307304859,1.3143531139524045
2025-06-09 02:48:04+00:00,15502050,67551517834,51395258334242580058627,0,55908932583792845,1.3143531139524045
2025-06-09 02:48:18+00:00,15502064,67551517835,51395258333484032002248,0,55908932583792845,1.31435311399126
2025-06-09 02:48:37+00:00,15502083,67551504731,51395268333484032002248,0,55908932583792845,1.3143526032918904
2025-06-09 02:48:46+00:00,15502092,67551491627,51395278333484032002248,0,55908932583792845,1.3143520925927197
2025-06-09 02:48:56+00:00,15502102,67551471628,51395263116867151446181,0,55908916030816873,1.3143520926120256
2025-06-09 02:49:01+00:00,15502107,67551471629,51395263116108602800359,0,55908916030816873,1.3143520926508814
2025-06-09 02:49:11+00:00,15502117,67551571629,51395187261355976546648,0,55908916030816873,1.3143559782258445
2025-06-09 02:49:23+00:00,15502129,67551571630,51395187260597430143313,0,55908916030816873,1.3143559782647003
2025-06-09 02:49:28+00:00,15502134,67551571631,51395187259838883740001,0,55908916030816873,1.314355978303556
2025-06-09 02:49:29+00:00,15502135,67551558527,51395197259838883740001,0,55908916030816873,1.314355467602923
2025-06-09 02:49:38+00:00,15502144,67551558460,51395197208831445096582,0,55908915975329770,1.3143554676037383
2025-06-09 02:49:39+00:00,15502145,67551545356,51395207208831445096582,0,55908915975329770,1.3143549569033033
2025-06-09 02:49:44+00:00,15502150,67551545357,51395207208072898103817,0,55908915975329770,1.314354956942159
2025-06-09 02:49:55+00:00,15502161,67551555357,51395214816367710081362,0,55908924251811925,1.314354956942159
2025-06-09 02:50:24+00:00,15502190,67551545358,51395207208072898966779,0,55908915975329770,1.3143549569616162
2025-06-09 02:50:26+00:00,15502192,67551545359,51395207207314351974048,0,55908915975329770,1.314354957000472
2025-06-09 02:50:44+00:00,15502210,67551545358,51395207208314351974048,0,55908915975329770,1.3143549569554414
2025-06-09 02:50:49+00:00,15502215,67551545357,51395207209314351974048,0,55908915975329770,1.3143549569104107
2025-06-09 02:50:58+00:00,15502224,67551545356,51395207208518331321486,0,55908915974463840,1.3143549569113109
2025-06-09 02:51:10+00:00,15502236,67551545357,51395207207759784328726,0,55908915974463840,1.3143549569501665
2025-06-09 02:51:53+00:00,15502279,67551545358,51395207207001237335988,0,55908915974463840,1.3143549569890223
2025-06-09 02:52:04+00:00,15502290,67551532254,51395217207001237335988,0,55908915974463840,1.314354446288786
2025-06-09 02:52:19+00:00,15502305,67551542254,51395224815299005290454,0,55908924250947601,1.314354446288786
2025-06-09 02:52:29+00:00,15502315,67551529150,51395234815299005290454,0,55908924250947601,1.314353935588824
2025-06-09 02:52:37+00:00,15502323,67551529151,51395234814540457708263,0,55908924250947601,1.3143539356276799
2025-06-09 02:52:38+00:00,15502324,67551529152,51395234813781910126094,0,55908924250947601,1.3143539356665357
2025-06-09 02:52:43+00:00,15502329,67551529153,51395234813023362543947,0,55908924250947601,1.3143539357053913
2025-06-09 02:52:48+00:00,15502334,67551529217,51395234861861392043995,0,55908924303917107,1.3143539357016856
2025-06-09 02:52:50+00:00,15502336,67551539217,51395242470162115594052,0,55908932580402473,1.3143539357016856
2025-06-09 02:52:53+00:00,15502339,67551539150,51395242419154647180115,0,55908932524915370,1.3143539357025003
2025-06-09 02:52:57+00:00,15502343,67551539151,51395242419154647180114,0,55908932524915370,1.3143539357219574
2025-06-09 02:53:06+00:00,15502352,67551519152,51395227202554676150075,0,55908915971946243,1.3143539357413767
2025-06-09 02:53:20+00:00,15502366,67551519153,51395227201796128567972,0,55908915971946243,1.3143539357802323
2025-06-09 02:53:27+00:00,15502373,67551529153,51395234810096851663351,0,55908924248431608,1.3143539357802323
2025-06-09 02:53:45+00:00,15502391,67551516049,51395244810096851663351,0,55908924248431608,1.3143534250804692
2025-06-09 02:53:58+00:00,15502404,67551516048,51395244811096851663351,0,55908924248431608,1.3143534250354385
2025-06-09 02:54:01+00:00,15502407,67551506049,51395237202794648968617,0,55908915971946243,1.3143534250548579
2025-06-09 02:54:02+00:00,15502408,67551506050,51395237202036101091783,0,55908915971946243,1.3143534250937137
2025-06-09 02:54:03+00:00,15502409,67551506049,51395237203036101091783,0,55908915971946243,1.314353425048683
2025-06-09 02:54:07+00:00,15502413,67551506062,51395237213036101091783,0,55908915982705676,1.3143534250458904
2025-06-09 02:54:12+00:00,15502418,67551506061,51395237212240079974621,0,55908915981839746,1.3143534250467903
2025-06-09 02:54:33+00:00,15502439,67551492957,51395247212240079974621,0,55908915981839746,1.3143529143471502
2025-06-09 02:54:46+00:00,15502452,67551492958,51395247211481531803044,0,55908915981839746,1.314352914386006
2025-06-09 02:55:12+00:00,15502478,67551502958,51395254819788167370139,0,55908924258328322,1.314352914386006
2025-06-09 02:55:28+00:00,15502494,67551502959,51395254819029619198585,0,55908924258328322,1.3143529144248618
2025-06-09 02:55:35+00:00,15502501,67551492960,51395247210722984557101,0,55908915981839746,1.3143529144443187
2025-06-09 02:55:44+00:00,15502510,67551479856,51395257210722984557101,0,55908915981839746,1.3143524037448775
2025-06-09 02:55:53+00:00,15502519,67551479857,51395257209964436090842,0,55908915981839746,1.314352403783733
2025-06-09 02:55:53+00:00,15502519,67551466753,51395267209964436090842,0,55908915981839746,1.3143518930844906
2025-06-09 02:55:58+00:00,15502524,67551466754,51395267209205887329867,0,55908915981839746,1.3143518931233462
2025-06-09 02:56:04+00:00,15502530,67551466818,51395267258043916829915,0,55908916034809293,1.3143518931196425
2025-06-09 02:56:12+00:00,15502538,67551466819,51395267257285368068960,0,55908916034809293,1.3143518931584983
2025-06-09 02:56:13+00:00,15502539,67551466820,51395267257285368068959,0,55908916034809293,1.3143518931779552
2025-06-09 02:56:26+00:00,15502552,67551453716,51395277257285368068959,0,55908916034809293,1.314351382478912
2025-06-09 02:56:53+00:00,15502579,67551440612,51395287257285368068959,0,55908916034809293,1.3143508717800672
2025-06-09 02:56:55+00:00,15502581,67551440613,51395287256526818718560,0,55908916034809293,1.314350871818923
2025-06-09 02:57:02+00:00,15502588,67551427509,51395297256526818718560,0,55908916034809293,1.314350361120277
2025-06-09 02:57:11+00:00,15502597,67551414405,51395307256526818718560,0,55908916034809293,1.3143498504218296
2025-06-09 02:57:20+00:00,15502606,67551414404,51395307257526818718560,0,55908916034809293,1.3143498503767992
2025-06-09 02:57:25+00:00,15502611,67551424417,51395314875851190767928,0,55908924322066949,1.3143498503740072
2025-06-09 02:57:25+00:00,15502611,67551414417,51395307267526818718560,0,55908924322066949,1.3143498503740072
2025-06-09 02:57:29+00:00,15502615,67551424416,51395314875055168566641,0,55908924321201019,1.3143498503749071
2025-06-09 02:57:35+00:00,15502621,67551524416,51395239020173134464287,0,55908924321201019,1.3143537359459572
2025-06-09 02:57:37+00:00,15502623,67551524417,51395239019414586766877,0,55908924321201019,1.314353735984813
2025-06-09 02:57:44+00:00,15502630,67551511313,51395249019414586766877,0,55908924321201019,1.3143532252851304
2025-06-09 02:58:20+00:00,15502666,67551511314,51395249018656038774751,0,55908924321201019,1.3143532253239862
2025-06-09 02:58:26+00:00,15502672,67551498210,51395259018656038774751,0,55908924321201019,1.3143527146245024
2025-06-09 02:58:52+00:00,15502698,67551485106,51395269018656038774751,0,55908924321201019,1.3143522039252171
2025-06-09 02:59:02+00:00,15502708,67551485107,51395269017897490193171,0,55908924321201019,1.314352203964073
2025-06-09 02:59:09+00:00,15502715,67551485108,51395269017138941611613,0,55908924321201019,1.3143522040029287
2025-06-09 02:59:19+00:00,15502725,67551495172,51395276674287718827893,0,55908932650661332,1.3143522039992246
2025-06-09 02:59:19+00:00,15502725,67551495108,51395276625449689327845,0,55908932650661332,1.3143522040029287
2025-06-09 02:59:24+00:00,15502730,67551495105,51395276623280216531998,0,55908932595174229,1.3143522040000384
2025-06-09 02:59:28+00:00,15502734,67551482001,51395286623280216531998,0,55908932595174229,1.3143516933010275
2025-06-09 02:59:29+00:00,15502735,67551482002,51395286623280216531997,0,55908932595174229,1.3143516933204846
2025-06-09 02:59:45+00:00,15502751,67551482003,51395286622521667655732,0,55908932595174229,1.3143516933593402
2025-06-09 03:00:26+00:00,15502792,67551492003,51395294230835371304628,0,55908940871666607,1.3143516933593402
2025-06-09 03:00:31+00:00,15502797,67551492004,51395294230076822428386,0,55908940871666607,1.314351693398196
2025-06-09 03:00:32+00:00,15502798,67551492003,51395294231076822428386,0,55908940871666607,1.3143516933531656
2025-06-09 03:00:38+00:00,15502804,67551492002,51395294232076822428386,0,55908940871666607,1.3143516933081352
2025-06-09 03:00:47+00:00,15502813,67551492001,51395294231280800782465,0,55908940870800677,1.3143516933090351
2025-06-09 03:01:01+00:00,15502827,67551502001,51395301839594504722559,0,55908949147293055,1.3143516933090351
2025-06-09 03:01:15+00:00,15502841,67551502002,51395301838835955846288,0,55908949147293055,1.3143516933478907
2025-06-09 03:01:24+00:00,15502850,67551512002,51395309447149659561461,0,55908957423785433,1.3143516933478907
2025-06-09 03:01:39+00:00,15502865,67551498898,51395319447149659561461,0,55908957423785433,1.3143511826493055
2025-06-09 03:01:48+00:00,15502874,67551485794,51395329447149659561461,0,55908957423785433,1.3143506719509188
2025-06-09 03:01:57+00:00,15502883,67551485795,51395329446391110095735,0,55908957423785433,1.3143506719897744
2025-06-09 03:02:06+00:00,15502892,67551472691,51395339446391110095735,0,55908957423785433,1.3143501612915867
2025-06-09 03:02:21+00:00,15502907,67551459587,51395349446391110095735,0,55908957423785433,1.3143496505935974
2025-06-09 03:02:30+00:00,15502916,67551459588,51395349445632560040554,0,55908957423785433,1.3143496506324532
2025-06-09 03:02:30+00:00,15502916,67551446484,51395359445632560040554,0,55908957423785433,1.3143491399346627
2025-06-09 03:02:35+00:00,15502921,67551446485,51395359444874009690657,0,55908957423785433,1.3143491399735183
2025-06-09 03:02:40+00:00,15502926,67551446486,51395359444115459340782,0,55908957423785433,1.3143491400123741
2025-06-09 03:02:41+00:00,15502927,67551446550,51395359492953488840830,0,55908957476755035,1.3143491400086729
2025-06-09 03:02:50+00:00,15502936,67551446551,51395359492953488840829,0,55908957476755035,1.31434914002813
2025-06-09 03:03:03+00:00,15502949,67551433447,51395369492953488840829,0,55908957476755035,1.3143486293305386
2025-06-09 03:03:22+00:00,15502968,67551433448,51395369492194938196247,0,55908957476755035,1.3143486293693942
2025-06-09 03:03:26+00:00,15502972,67551383449,51395331450578129041235,0,55908916094288919,1.3143486293878184
2025-06-09 03:03:53+00:00,15502999,67551383448,51395331451578129041235,0,55908916094288919,1.314348629342788
2025-06-09 03:03:58+00:00,15503004,67551383447,51395331452578129041235,0,55908916094288919,1.3143486292977578
2025-06-09 03:04:03+00:00,15503009,67551383460,51395331462578129041235,0,55908916105048371,1.314348629294966
2025-06-09 03:04:05+00:00,15503011,67551383461,51395331461819578396632,0,55908916105048371,1.3143486293338216
2025-06-09 03:04:27+00:00,15503033,67551483461,51395255606867074529847,0,55908916105048371,1.3143525149036177
2025-06-09 03:04:46+00:00,15503052,67551483462,51395255606108526127741,0,55908916105048371,1.3143525149424735
2025-06-09 03:05:04+00:00,15503070,67551470358,51395265606108526127741,0,55908916105048371,1.3143520042431933
2025-06-09 03:05:13+00:00,15503079,67551457254,51395275606108526127741,0,55908916105048371,1.3143514935441118
2025-06-09 03:05:23+00:00,15503089,67551444150,51395285606108526127741,0,55908916105048371,1.314350982845229
2025-06-09 03:05:29+00:00,15503095,67551444151,51395285605349976841441,0,55908916105048371,1.314350982884085
2025-06-09 03:05:41+00:00,15503107,67551431047,51395295605349976841441,0,55908916105048371,1.314350472185401
2025-06-09 03:05:51+00:00,15503117,67551431048,51395295604591427260425,0,55908916105048371,1.3143504722242565
2025-06-09 03:05:56+00:00,15503122,67551431049,51395295603832877679431,0,55908916105048371,1.3143504722631123
2025-06-09 03:06:02+00:00,15503128,67551431113,51395295652670907179479,0,55908916158017946,1.31435047225941
2025-06-09 03:06:07+00:00,15503133,67551431046,51395295601663371001617,0,55908916102530843,1.3143504722602228
2025-06-09 03:06:12+00:00,15503138,67551431047,51395295600904821420644,0,55908916102530843,1.3143504722990784
2025-06-09 03:06:12+00:00,15503138,67551431048,51395295600904821420643,0,55908916102530843,1.3143504723185355
2025-06-09 03:06:54+00:00,15503180,67551431049,51395295600146271839704,0,55908916102530843,1.314350472357391
2025-06-09 03:06:55+00:00,15503181,67551417945,51395305600146271839704,0,55908916102530843,1.3143499616589058
2025-06-09 03:07:04+00:00,15503190,67551404841,51395315600146271839704,0,55908916102530843,1.3143494509606193
2025-06-09 03:07:15+00:00,15503201,67551404840,51395315601146271839704,0,55908916102530843,1.3143494509155889
2025-06-09 03:07:20+00:00,15503206,67551404839,51395315602146271839704,0,55908916102530843,1.3143494508705584
2025-06-09 03:07:25+00:00,15503211,67551404852,51395315612146271839704,0,55908916113290292,1.3143494508677664
2025-06-09 03:07:28+00:00,15503214,67551414852,51395323220472956495560,0,55908924389789683,1.3143494508677664
2025-06-09 03:07:30+00:00,15503216,67551414851,51395323219676934165994,0,55908924388923753,1.3143494508686664
2025-06-09 03:07:37+00:00,15503223,67551414852,51395323218918383995546,0,55908924388923753,1.3143494509075222
2025-06-09 03:07:52+00:00,15503238,67551424852,51395330827245068421271,0,55908932665423144,1.3143494509075222
2025-06-09 03:08:20+00:00,15503266,67551424853,51395330826486518250845,0,55908932665423144,1.3143494509463778
2025-06-09 03:08:25+00:00,15503271,67551434853,51395338434813202451647,0,55908940941922534,1.3143494509463778
2025-06-09 03:09:02+00:00,15503308,67551434854,51395338434054652281244,0,55908940941922534,1.3143494509852334
2025-06-09 03:09:06+00:00,15503312,67551434855,51395338433296102110863,0,55908940941922534,1.3143494510240892
2025-06-09 03:09:11+00:00,15503317,67551434856,51395338432537551940505,0,55908940941922534,1.3143494510629448
2025-06-09 03:09:17+00:00,15503323,67551434920,51395338481375581440553,0,55908940994892130,1.3143494510592433
2025-06-09 03:09:22+00:00,15503328,67551434853,51395338430368025416616,0,55908940939405027,1.3143494510600557
2025-06-09 03:09:27+00:00,15503333,67551434854,51395338430368025416615,0,55908940939405027,1.3143494510795128
2025-06-09 03:09:33+00:00,15503339,67551404854,51395315605387974565298,0,55908916109906855,1.3143494510795128
2025-06-09 03:09:46+00:00,15503352,67551404855,51395315604629424394972,0,55908916109906855,1.3143494511183684
2025-06-09 03:10:19+00:00,15503385,67551414855,51395323212956107600178,0,55908924386406245,1.3143494511183684
2025-06-09 03:10:29+00:00,15503395,67551414854,51395323213956107600178,0,55908924386406245,1.314349451073338
2025-06-09 03:10:29+00:00,15503395,67551414855,51395323213197557429848,0,55908924386406245,1.3143494511121938
2025-06-09 03:10:34+00:00,15503400,67551414854,51395323214197557429848,0,55908924386406245,1.3143494510671634
2025-06-09 03:10:41+00:00,15503407,67551401750,51395333214197557429848,0,55908924386406245,1.314348940369151
2025-06-09 03:10:43+00:00,15503409,67551401749,51395333213401534945449,0,55908924385540315,1.314348940370051
2025-06-09 03:10:50+00:00,15503416,67551388645,51395343213401534945449,0,55908924385540315,1.3143484296722376
2025-06-09 03:11:06+00:00,15503432,67551378646,51395335605071891161916,0,55908916109040925,1.314348429691619
2025-06-09 03:11:12+00:00,15503438,67551378647,51395335604313340402116,0,55908916109040925,1.3143484297304748
2025-06-09 03:11:36+00:00,15503462,67551365543,51395345604313340402116,0,55908916109040925,1.3143479190327845
2025-06-09 03:11:46+00:00,15503472,67551352439,51395355604313340402116,0,55908916109040925,1.3143474083352926
2025-06-09 03:11:54+00:00,15503480,67551352440,51395355603554789052859,0,55908916109040925,1.3143474083741484
2025-06-09 03:12:07+00:00,15503493,67551339336,51395365603554789052859,0,55908916109040925,1.3143468976768553
2025-06-09 03:12:23+00:00,15503509,67551339337,51395365602796237408885,0,55908916109040925,1.3143468977157111
2025-06-09 03:12:25+00:00,15503511,67551439337,51395289747743796673346,0,55908916109040925,1.314350783282926
2025-06-09 03:12:33+00:00,15503519,67551439401,51395289796581826173394,0,55908916162010494,1.3143507832792234
2025-06-09 03:12:37+00:00,15503523,67551439334,51395289745574295811081,0,55908916106523391,1.3143507832800365
2025-06-09 03:12:42+00:00,15503528,67551439335,51395289745574295811080,0,55908916106523391,1.3143507832994934
2025-06-09 03:13:19+00:00,15503565,67551439336,51395289744815746409617,0,55908916106523391,1.3143507833383492
2025-06-09 03:13:32+00:00,15503578,67551426232,51395299744815746409617,0,55908916106523391,1.3143502726397451
2025-06-09 03:13:43+00:00,15503589,67551426231,51395299745815746409617,0,55908916106523391,1.3143502725947147
2025-06-09 03:13:52+00:00,15503598,67551426244,51395299755815746409617,0,55908916117282836,1.3143502725919227
2025-06-09 03:13:55+00:00,15503601,67551413140,51395309755815746409617,0,55908916117282836,1.3143497618935174
2025-06-09 03:14:01+00:00,15503607,67551413141,51395309755057196418671,0,55908916117282836,1.3143497619323732
2025-06-09 03:14:27+00:00,15503633,67551400037,51395319755057196418671,0,55908916117282836,1.3143492512341666
2025-06-09 03:14:36+00:00,15503642,67551386933,51395329755057196418671,0,55908916117282836,1.314348740536159
2025-06-09 03:14:44+00:00,15503650,67551386934,51395329754298645838269,0,55908916117282836,1.3143487405750145
2025-06-09 03:14:46+00:00,15503652,67551373830,51395339754298645838269,0,55908916117282836,1.3143482298772056
2025-06-09 03:14:56+00:00,15503662,67551360726,51395349754298645838269,0,55908916117282836,1.3143477191795954
2025-06-09 03:15:27+00:00,15503693,67551360727,51395349753540094668410,0,55908916117282836,1.314347719218451
2025-06-09 03:15:35+00:00,15503701,67551360728,51395349752781543498574,0,55908916117282836,1.3143477192573065
2025-06-09 03:15:40+00:00,15503706,67551360729,51395349752022992328760,0,55908916117282836,1.3143477192961623
2025-06-09 03:15:45+00:00,15503711,67551360793,51395349800861021828808,0,55908916170252466,1.3143477192924624
2025-06-09 03:15:46+00:00,15503712,67551370793,51395357409197730004619,0,55908924446757263,1.3143477192924624
2025-06-09 03:15:55+00:00,15503721,67551370794,51395357409197730004618,0,55908924446757263,1.3143477193119195
2025-06-09 03:16:10+00:00,15503736,67551370795,51395357408439178834836,0,55908924446757263,1.314347719350775
2025-06-09 03:16:13+00:00,15503739,67551380795,51395365016775886673094,0,55908932723262060,1.314347719350775
2025-06-09 03:16:54+00:00,15503780,67551380796,51395365016017335503334,0,55908932723262060,1.3143477193896307
2025-06-09 03:16:55+00:00,15503781,67551360797,51395349799343921108219,0,55908916170252466,1.3143477194090878
2025-06-09 03:16:57+00:00,15503783,67551360796,51395349800343921108219,0,55908916170252466,1.3143477193640576
2025-06-09 03:17:02+00:00,15503788,67551360795,51395349801343921108219,0,55908916170252466,1.3143477193190272
2025-06-09 03:17:06+00:00,15503792,67551360808,51395349811343921108219,0,55908916181011922,1.3143477193162356
2025-06-09 03:17:11+00:00,15503797,67551360807,51395349810547898249933,0,55908916180145992,1.3143477193171356
2025-06-09 03:17:35+00:00,15503821,67551347703,51395359810547898249933,0,55908916180145992,1.3143472086197245
2025-06-09 03:17:37+00:00,15503823,67551347704,51395359809789346785414,0,55908916180145992,1.3143472086585801
2025-06-09 03:18:06+00:00,15503852,67551334600,51395369809789346785414,0,55908916180145992,1.3143466979613678
2025-06-09 03:18:20+00:00,15503866,67551334601,51395369809030795026178,0,55908916180145992,1.3143466980002234
2025-06-09 03:18:21+00:00,15503867,67551344601,51395377417373415139261,0,55908924456654000,1.3143466980002234
2025-06-09 03:18:43+00:00,15503889,67551331497,51395387417373415139261,0,55908924456654000,1.3143461873032856
2025-06-09 03:18:50+00:00,15503896,67551331498,51395387416614863085308,0,55908924456654000,1.3143461873421411
2025-06-09 03:18:58+00:00,15503904,67551341498,51395395024960439239722,0,55908932733163613,1.3143461873421411
2025-06-09 03:19:00+00:00,15503906,67551341562,51395395073798468739770,0,55908932786133274,1.3143461873384428
2025-06-09 03:19:05+00:00,15503911,67551341495,51395395022790849061277,0,55908932730646171,1.3143461873392535
2025-06-09 03:19:08+00:00,15503914,67551441495,51395319167697410262475,0,55908932730646171,1.3143500729042443
2025-06-09 03:19:47+00:00,15503953,67551441496,51395319166938860451022,0,55908932730646171,1.3143500729431001
2025-06-09 03:19:47+00:00,15503953,67551428392,51395329166938860451022,0,55908932730646171,1.3143495622449266
2025-06-09 03:19:58+00:00,15503964,67551408392,51395313950268682966101,0,55908916177628550,1.3143495622453893
2025-06-09 03:20:07+00:00,15503973,67551395288,51395323950268682966101,0,55908916177628550,1.3143490515472636
2025-06-09 03:20:09+00:00,15503975,67551395287,51395323951268682966101,0,55908916177628550,1.3143490515022331
2025-06-09 03:20:14+00:00,15503980,67551395286,51395323952268682966101,0,55908916177628550,1.314349051457203
2025-06-09 03:20:19+00:00,15503985,67551395299,51395323962268682966101,0,55908916188388000,1.314349051454411
2025-06-09 03:20:24+00:00,15503990,67551395298,51395323961472660508276,0,55908916187522070,1.314349051455311
2025-06-09 03:20:31+00:00,15503997,67551395299,51395323960714110107315,0,55908916187522070,1.3143490514941665
2025-06-09 03:20:37+00:00,15504003,67551382195,51395333960714110107315,0,55908916187522070,1.3143485407962394
2025-06-09 03:20:52+00:00,15504018,67551392195,51395341569046062864645,0,55908924464024248,1.3143485407962394
2025-06-09 03:21:02+00:00,15504028,67551379091,51395351569046062864645,0,55908924464024248,1.3143480300985868
2025-06-09 03:21:12+00:00,15504038,67551365987,51395361569046062864645,0,55908924464024248,1.3143475194011327
2025-06-09 03:21:15+00:00,15504041,67551365988,51395361568287511579488,0,55908924464024248,1.3143475194399883
2025-06-09 03:21:32+00:00,15504058,67551352884,51395371568287511579488,0,55908924464024248,1.3143470087427331
2025-06-09 03:21:42+00:00,15504068,67551339780,51395381568287511579488,0,55908924464024248,1.3143464980456765
2025-06-09 03:21:57+00:00,15504083,67551339781,51395381567528959704874,0,55908924464024248,1.314346498084532
2025-06-09 03:22:02+00:00,15504088,67551349781,51395389175872737067645,0,55908932740532848,1.314346498084532
2025-06-09 03:22:12+00:00,15504098,67551349845,51395389224710766567693,0,55908932793502503,1.3143464980808335
2025-06-09 03:22:12+00:00,15504098,67551336741,51395399224710766567693,0,55908932793502503,1.3143459873840517
2025-06-09 03:22:20+00:00,15504106,67551336742,51395399224710766567692,0,55908932793502503,1.3143459874035088
2025-06-09 03:22:34+00:00,15504120,67551323638,51395409224710766567692,0,55908932793502503,1.3143454767069258
2025-06-09 03:22:40+00:00,15504126,67551323639,51395409223952214103630,0,55908932793502503,1.3143454767457814
2025-06-09 03:22:59+00:00,15504145,67551333639,51395416832301903683902,0,55908941070014313,1.3143454767457814
2025-06-09 03:23:15+00:00,15504161,67551303640,51395394007264642483834,0,55908916240491725,1.3143454767649363
2025-06-09 03:23:20+00:00,15504166,67551303639,51395394008264642483834,0,55908916240491725,1.314345476719906
2025-06-09 03:23:23+00:00,15504169,67551303640,51395394007506090019780,0,55908916240491725,1.3143454767587617
2025-06-09 03:23:25+00:00,15504171,67551303639,51395394008506090019780,0,55908916240491725,1.3143454767137315
2025-06-09 03:23:29+00:00,15504175,67551313639,51395401616855779785578,0,55908924517003535,1.3143454767137315
2025-06-09 03:23:34+00:00,15504180,67551313638,51395401616059756243603,0,55908924516137605,1.3143454767146314
2025-06-09 03:23:39+00:00,15504185,67551300534,51395411616059756243603,0,55908924516137605,1.3143449660181716
2025-06-09 03:23:54+00:00,15504200,67551310534,51395419224412402273172,0,55908932792651021,1.3143449660181716
2025-06-09 03:24:05+00:00,15504211,67551310535,51395419223653849514375,0,55908932792651021,1.3143449660570272
2025-06-09 03:24:11+00:00,15504217,67551410535,51395343368489926624753,0,55908932792651021,1.3143488516201884
2025-06-09 03:24:48+00:00,15504254,67551410536,51395343367731376108461,0,55908932792651021,1.314348851659044
2025-06-09 03:24:53+00:00,15504259,67551390536,51395328151050020015463,0,55908916239625795,1.3143488516595823
2025-06-09 03:25:13+00:00,15504279,67551390537,51395328150291469499193,0,55908916239625795,1.314348851698438
2025-06-09 03:25:18+00:00,15504284,67551390538,51395328149532918982946,0,55908916239625795,1.3143488517372937
2025-06-09 03:25:24+00:00,15504290,67551390602,51395328198370948482994,0,55908916292595402,1.3143488517335928
2025-06-09 03:25:31+00:00,15504297,67551390603,51395328197612397966767,0,55908916292595402,1.3143488517724484
2025-06-09 03:25:33+00:00,15504299,67551390604,51395328197612397966766,0,55908916292595402,1.3143488517919055
2025-06-09 03:25:43+00:00,15504309,67551400604,51395335805942550472770,0,55908924569096565,1.3143488517919055
2025-06-09 03:26:06+00:00,15504332,67551387500,51395345805942550472770,0,55908924569096565,1.314348341094135
2025-06-09 03:26:15+00:00,15504341,67551387501,51395345805183999661838,0,55908924569096565,1.3143483411329906
2025-06-09 03:26:21+00:00,15504347,67551374397,51395355805183999661838,0,55908924569096565,1.3143478304354188
2025-06-09 03:26:33+00:00,15504359,67551374396,51395355806183999661838,0,55908924569096565,1.3143478303903886
2025-06-09 03:26:38+00:00,15504364,67551374395,51395355807183999661838,0,55908924569096565,1.3143478303453582
2025-06-09 03:26:43+00:00,15504369,67551374408,51395355817183999661838,0,55908924579856020,1.3143478303425666
2025-06-09 03:26:48+00:00,15504374,67551374407,51395355816387976830113,0,55908924578990090,1.3143478303434666
2025-06-09 03:26:58+00:00,15504384,67551374408,51395355815629425724411,0,55908924578990090,1.3143478303823222
2025-06-09 03:27:04+00:00,15504390,67551364409,51395348207296312826258,0,55908916302488927,1.3143478304017038
2025-06-09 03:27:36+00:00,15504422,67551351305,51395358207296312826258,0,55908916302488927,1.3143473197042552
2025-06-09 03:27:41+00:00,15504427,67551351306,51395358206537761425850,0,55908916302488927,1.3143473197431108
2025-06-09 03:27:51+00:00,15504437,67551338202,51395368206537761425850,0,55908916302488927,1.314346809045861
2025-06-09 03:28:24+00:00,15504470,67551338203,51395368205779209730724,0,55908916302488927,1.3143468090847166
2025-06-09 03:28:32+00:00,15504478,67551325099,51395378205779209730724,0,55908916302488927,1.3143462983876655
2025-06-09 03:28:33+00:00,15504479,67551325100,51395378205020657740881,0,55908916302488927,1.314346298426521
2025-06-09 03:28:38+00:00,15504484,67551325164,51395378253858687240929,0,55908916355458585,1.3143462984228227
2025-06-09 03:28:43+00:00,15504489,67551325097,51395378202851069265208,0,55908916299971482,1.3143462984236336
2025-06-09 03:28:48+00:00,15504494,67551325098,51395378202851069265207,0,55908916299971482,1.3143462984430905
2025-06-09 03:29:05+00:00,15504511,67551311994,51395388202851069265207,0,55908916299971482,1.3143457877462381
2025-06-09 03:29:06+00:00,15504512,67551311995,51395388202092516980656,0,55908916299971482,1.3143457877850937
2025-06-09 03:29:20+00:00,15504526,67551298891,51395398202092516980656,0,55908916299971482,1.31434527708844
2025-06-09 03:29:47+00:00,15504553,67551285787,51395408202092516980656,0,55908916299971482,1.314344766391985
2025-06-09 03:29:49+00:00,15504555,67551285787,51395408202333964106622,0,55908916299971482,1.3143447663858105
2025-06-09 03:29:49+00:00,15504555,67551285786,51395408203092516980656,0,55908916299971482,1.3143447663469547
2025-06-09 03:29:57+00:00,15504563,67551285800,51395408212333964106622,0,55908916310730950,1.3143447663830194
2025-06-09 03:30:02+00:00,15504568,67551272695,51395418211537940190772,0,55908916309865020,1.3143442556876632
2025-06-09 03:30:02+00:00,15504568,67551272696,51395418212333964106622,0,55908916309865020,1.3143442556867633
2025-06-09 03:30:11+00:00,15504577,67551259591,51395428211537940190772,0,55908916309865020,1.3143437449916058
2025-06-09 03:30:32+00:00,15504598,67551259592,51395428210779386727278,0,55908916309865020,1.3143437450304614
2025-06-09 03:30:41+00:00,15504607,67551246488,51395438210779386727278,0,55908916309865020,1.3143432343346027
2025-06-09 03:31:05+00:00,15504631,67551256488,51395445819142056971922,0,55908924586383843,1.3143432343346027
2025-06-09 03:31:14+00:00,15504640,67551243385,51395455819142056971922,0,55908924586383843,1.3143427236584753
2025-06-09 03:31:16+00:00,15504642,67551243386,51395455818383502918981,0,55908924586383843,1.3143427236973309
2025-06-09 03:31:23+00:00,15504649,67551230283,51395465818383502918981,0,55908924586383843,1.3143422130214022
2025-06-09 03:31:42+00:00,15504668,67551217180,51395475818383502918981,0,55908924586383843,1.314341702345672
2025-06-09 03:31:44+00:00,15504670,67551217181,51395475817624948276604,0,55908924586383843,1.3143417023845276
2025-06-09 03:31:48+00:00,15504674,67551217182,51395475816866393634249,0,55908924586383843,1.3143417024233832
2025-06-09 03:31:54+00:00,15504680,67551217246,51395475865704423134297,0,55908924639353594,1.3143417024196893
2025-06-09 03:31:58+00:00,15504684,67551217247,51395475864945868491962,0,55908924639353594,1.3143417024585446
2025-06-09 03:32:03+00:00,15504689,67551217248,51395475864945868491961,0,55908924639353594,1.3143417024780017
2025-06-09 03:32:06+00:00,15504692,67551227248,51395483473317406233206,0,55908932915877232,1.3143417024780017
2025-06-09 03:32:17+00:00,15504703,67551207249,51395468256578758805953,0,55908916362834771,1.3143417024973454
2025-06-09 03:32:37+00:00,15504723,67551217249,51395475864950296435222,0,55908924639358409,1.3143417024973454
2025-06-09 03:32:42+00:00,15504728,67551217250,51395475864191741792932,0,55908924639358409,1.314341702536201
2025-06-09 03:32:52+00:00,15504738,67551227250,51395483472563279197277,0,55908932915882047,1.314341702536201
2025-06-09 03:33:04+00:00,15504750,67551227249,51395483473563279197277,0,55908932915882047,1.314341702491171
2025-06-09 03:33:09+00:00,15504755,67551227248,51395483474563279197277,0,55908932915882047,1.3143417024461408
2025-06-09 03:33:14+00:00,15504760,67551237248,51395491082934817122955,0,55908941203165165,1.3143417024461408
2025-06-09 03:33:14+00:00,15504760,67551237261,51395491092934817122955,0,55908941203165165,1.3143417024433504
2025-06-09 03:33:19+00:00,15504765,67551237260,51395491092138792432730,0,55908941202299235,1.3143417024442503
2025-06-09 03:33:24+00:00,15504770,67551224157,51395501092138792432730,0,55908941202299235,1.3143411917688708
2025-06-09 03:33:26+00:00,15504772,67551224158,51395501091380237495680,0,55908941202299235,1.3143411918077264
2025-06-09 03:33:38+00:00,15504784,67551234158,51395508699754731371308,0,55908949478824479,1.3143411918077264
2025-06-09 03:33:48+00:00,15504794,67551334158,51395432844372983662064,0,55908949478824479,1.314345077364123
2025-06-09 03:34:04+00:00,15504810,67551294158,51395402410924355329537,0,55908916372728321,1.314345077365162
2025-06-09 03:34:10+00:00,15504816,67551294159,51395402410165802635002,0,55908916372728321,1.3143450774040175
2025-06-09 03:34:29+00:00,15504835,67551281055,51395412410165802635002,0,55908916372728321,1.3143445667076432
2025-06-09 03:34:53+00:00,15504859,67551281056,51395412409407249645749,0,55908916372728321,1.3143445667464988
2025-06-09 03:34:59+00:00,15504865,67551281057,51395412408648696656518,0,55908916372728321,1.3143445667853544
2025-06-09 03:35:09+00:00,15504875,67551281121,51395412457486726156566,0,55908916425698014,1.3143445667816576
2025-06-09 03:35:14+00:00,15504880,67551281054,51395412406479074299353,0,55908916370210911,1.3143445667824676
2025-06-09 03:35:19+00:00,15504885,67551281055,51395412406479074299352,0,55908916370210911,1.3143445668019247
2025-06-09 03:35:35+00:00,15504901,67551281056,51395412405720521310153,0,55908916370210911,1.3143445668407803
2025-06-09 03:35:48+00:00,15504914,67551267952,51395422405720521310153,0,55908916370210911,1.3143440561446045
2025-06-09 03:36:04+00:00,15504930,67551254848,51395432405720521310153,0,55908916370210911,1.3143435454486276
2025-06-09 03:36:14+00:00,15504940,67551241744,51395442405720521310153,0,55908916370210911,1.3143430347528495
2025-06-09 03:36:19+00:00,15504945,67551241745,51395442404961967436756,0,55908916370210911,1.3143430347917051
2025-06-09 03:36:21+00:00,15504947,67551241744,51395442405961967436756,0,55908916370210911,1.314343034746675
2025-06-09 03:36:25+00:00,15504951,67551241743,51395442406961967436756,0,55908916370210911,1.3143430347016447
2025-06-09 03:36:30+00:00,15504956,67551241756,51395442416961967436756,0,55908916380970386,1.314343034698854
2025-06-09 03:36:35+00:00,15504961,67551241755,51395442416165943147020,0,55908916380104456,1.314343034699754
2025-06-09 03:37:01+00:00,15504987,67551241756,51395442415407389273592,0,55908916380104456,1.3143430347386096
2025-06-09 03:37:08+00:00,15504994,67551251756,51395450023771214923380,0,55908924656623869,1.3143430347386096
2025-06-09 03:37:23+00:00,15505009,67551261756,51395457632135040573168,0,55908932933143282,1.3143430347386096
2025-06-09 03:37:39+00:00,15505025,67551248653,51395467632135040573168,0,55908932933143282,1.3143425240626383
2025-06-09 03:37:44+00:00,15505030,67551248654,51395467631376486405033,0,55908932933143282,1.3143425241014939
2025-06-09 03:37:49+00:00,15505035,67551235551,51395477631376486405033,0,55908932933143282,1.3143420134257215
2025-06-09 03:37:59+00:00,15505045,67551222448,51395487631376486405033,0,55908932933143282,1.3143415027501477
2025-06-09 03:38:15+00:00,15505061,67551222449,51395487630617931647462,0,55908932933143282,1.3143415027890033
2025-06-09 03:38:20+00:00,15505066,67551222450,51395487629859376889913,0,55908932933143282,1.3143415028278589
2025-06-09 03:38:21+00:00,15505067,67551209347,51395497629859376889913,0,55908932933143282,1.3143409921524838
2025-06-09 03:38:25+00:00,15505071,67551209411,51395497678697406389961,0,55908932986113047,1.3143409921487903
2025-06-09 03:38:26+00:00,15505072,67551209412,51395497677938851337703,0,55908932986113047,1.3143409921876459
2025-06-09 03:38:34+00:00,15505080,67551209413,51395497677938851337702,0,55908932986113047,1.3143409922071028
2025-06-09 03:38:35+00:00,15505081,67551219413,51395505286314500648869,0,55908941262638881,1.3143409922071028
2025-06-09 03:39:00+00:00,15505106,67551229413,51395512894690149960036,0,55908949539164715,1.3143409922071028
2025-06-09 03:39:09+00:00,15505115,67551229414,51395512893931594907811,0,55908949539164715,1.3143409922459584
2025-06-09 03:39:21+00:00,15505127,67551216311,51395522893931594907811,0,55908949539164715,1.3143404815709336
2025-06-09 03:39:37+00:00,15505143,67551216310,51395522894931594907811,0,55908949539164715,1.3143404815259037
2025-06-09 03:39:44+00:00,15505150,67551203207,51395532894931594907811,0,55908949539164715,1.3143399708510777
2025-06-09 03:39:46+00:00,15505152,67551203220,51395532904931594907811,0,55908949549924202,1.3143399708482877
2025-06-09 03:39:51+00:00,15505157,67551203221,51395532904173039266122,0,55908949549924202,1.314339970887143
2025-06-09 03:40:04+00:00,15505170,67551163222,51395502470670406677060,0,55908916443833708,1.3143399709059962
2025-06-09 03:40:26+00:00,15505192,67551173222,51395510079051968037348,0,55908924720362753,1.3143399709059962
2025-06-09 03:40:34+00:00,15505200,67551173223,51395510078293412395692,0,55908924720362753,1.3143399709448518
2025-06-09 03:40:41+00:00,15505207,67551273223,51395434222841204311871,0,55908924720362753,1.3143438565011443
2025-06-09 03:41:17+00:00,15505243,67551283223,51395441831200273011404,0,55908932996879545,1.3143438565011443
2025-06-09 03:41:18+00:00,15505244,67551283224,51395441830441719612266,0,55908932996879545,1.3143438565399999
2025-06-09 03:41:31+00:00,15505257,67551283225,51395441829683166213151,0,55908932996879545,1.3143438565788554
2025-06-09 03:41:36+00:00,15505262,67551283226,51395441828924612814058,0,55908932996879545,1.314343856617711
2025-06-09 03:41:42+00:00,15505268,67551283290,51395441877762642314106,0,55908933049849252,1.3143438566140149
2025-06-09 03:41:47+00:00,15505273,67551283223,51395441826754976425379,0,55908932994362149,1.3143438566148247
2025-06-09 03:42:00+00:00,15505286,67551283224,51395441825996423026307,0,55908932994362149,1.3143438566536803
2025-06-09 03:42:01+00:00,15505287,67551293224,51395449434355490842854,0,55908941270878941,1.3143438566536803
2025-06-09 03:42:43+00:00,15505329,67551293225,51395449433596937443804,0,55908941270878941,1.3143438566925358
2025-06-09 03:42:48+00:00,15505334,67551280121,51395459433596937443804,0,55908941270878941,1.314343345996866
2025-06-09 03:42:53+00:00,15505339,67551280120,51395459434596937443804,0,55908941270878941,1.314343345951836
2025-06-09 03:42:58+00:00,15505344,67551280119,51395459435596937443804,0,55908941270878941,1.314343345906806
2025-06-09 03:43:03+00:00,15505349,67551280132,51395459445596937443804,0,55908941281638414,1.3143433459040152
2025-06-09 03:43:08+00:00,15505354,67551280131,51395459444800913244857,0,55908941280772484,1.314343345904915
2025-06-09 03:43:16+00:00,15505362,67551267027,51395469444800913244857,0,55908941280772484,1.3143428352094444
2025-06-09 03:43:26+00:00,15505372,67551267028,51395469444042359256296,0,55908941280772484,1.3143428352483
2025-06-09 03:44:03+00:00,15505409,67551253925,51395479444042359256296,0,55908941280772484,1.314342324572485
2025-06-09 03:44:09+00:00,15505415,67551253926,51395479443283804973028,0,55908941280772484,1.3143423246113406
2025-06-09 03:44:20+00:00,15505426,67551223927,51395456618182015335540,0,55908916451209855,1.3143423246307457
2025-06-09 03:44:30+00:00,15505436,67551210824,51395466618182015335540,0,55908916451209855,1.3143418139549028
2025-06-09 03:44:48+00:00,15505454,67551210825,51395466617423460757576,0,55908916451209855,1.3143418139937584
2025-06-09 03:44:50+00:00,15505456,67551197722,51395476617423460757576,0,55908916451209855,1.314341303318114
2025-06-09 03:44:58+00:00,15505464,67551197786,51395476666261490257624,0,55908916504179613,1.3143413033144202
2025-06-09 03:45:07+00:00,15505473,67551184683,51395486666261490257624,0,55908916504179613,1.314340792638975
2025-06-09 03:45:07+00:00,15505473,67551184684,51395486666261490257623,0,55908916504179613,1.314340792658432
2025-06-09 03:45:17+00:00,15505483,67551171581,51395496666261490257623,0,55908916504179613,1.3143402819831855
2025-06-09 03:45:29+00:00,15505495,67551158478,51395506666261490257623,0,55908916504179613,1.3143397713081377
2025-06-09 03:45:34+00:00,15505500,67551158479,51395506665502934500772,0,55908916504179613,1.3143397713469933
2025-06-09 03:45:57+00:00,15505523,67551168479,51395514273885651057814,0,55908924780709248,1.3143397713469933
2025-06-09 03:46:07+00:00,15505533,67551155376,51395524273885651057814,0,55908924780709248,1.31433926067222
2025-06-09 03:46:09+00:00,15505535,67551155375,51395524274885651057814,0,55908924780709248,1.31433926062719
2025-06-09 03:46:14+00:00,15505540,67551155374,51395524275885651057814,0,55908924780709248,1.31433926058216
2025-06-09 03:46:16+00:00,15505542,67551155375,51395524275127095006203,0,55908924780709248,1.3143392606210156
2025-06-09 03:46:19+00:00,15505545,67551155388,51395524285127095006203,0,55908924791468738,1.3143392606182256
2025-06-09 03:46:24+00:00,15505550,67551155387,51395524284331069568222,0,55908924790602808,1.3143392606191253
2025-06-09 03:46:33+00:00,15505559,67551255387,51395448428837865950026,0,55908924790602808,1.3143431461743438
2025-06-09 03:46:56+00:00,15505582,67551242284,51395458428837865950026,0,55908924790602808,1.3143426354982595
2025-06-09 03:47:06+00:00,15505592,67551232284,51395450820463417973082,0,55908916514073173,1.3143426354984722
2025-06-09 03:47:16+00:00,15505602,67551219181,51395460820463417973082,0,55908916514073173,1.314342124822511
2025-06-09 03:47:42+00:00,15505628,67551219182,51395460819704863574531,0,55908916514073173,1.3143421248613665
2025-06-09 03:48:02+00:00,15505648,67551219183,51395460818946309176003,0,55908916514073173,1.314342124900222
2025-06-09 03:48:07+00:00,15505653,67551219184,51395460818187754777497,0,55908916514073173,1.3143421249390776
2025-06-09 03:48:10+00:00,15505656,67551229184,51395468426556847005686,0,55908924790595371,1.3143421249390776
2025-06-09 03:48:14+00:00,15505660,67551229248,51395468475394876505734,0,55908924843565113,1.3143421249353833
2025-06-09 03:48:19+00:00,15505665,67551216078,51395478424387176733169,0,55908924788078010,1.314341614260505
2025-06-09 03:48:19+00:00,15505665,67551229181,51395468424387176733169,0,55908924788078010,1.314342124936192
2025-06-09 03:48:24+00:00,15505670,67551216079,51395478424387176733168,0,55908924788078010,1.314341614279962
2025-06-09 03:48:25+00:00,15505671,67551216080,51395478423628622039965,0,55908924788078010,1.3143416143188176
2025-06-09 03:48:52+00:00,15505698,67551202977,51395488423628622039965,0,55908924788078010,1.3143411036433292
2025-06-09 03:49:07+00:00,15505713,67551202978,51395488422870067052054,0,55908924788078010,1.3143411036821848
2025-06-09 03:49:09+00:00,15505715,67551192979,51395480814498015160206,0,55908916511555812,1.3143411037015664
2025-06-09 03:49:29+00:00,15505735,67551202978,51395488423873019319857,0,55908924788081221,1.3143411036565362
2025-06-09 03:49:29+00:00,15505735,67551192978,51395480815498015160206,0,55908924788081221,1.3143411036565362
2025-06-09 03:49:34+00:00,15505740,67551202977,51395488424873019319857,0,55908924788081221,1.3143411036115062
2025-06-09 03:49:39+00:00,15505745,67551202990,51395488434873019319857,0,55908924798840704,1.314341103608716
2025-06-09 03:49:44+00:00,15505750,67551202989,51395488434076994437237,0,55908924797974774,1.3143411036096158
2025-06-09 03:49:49+00:00,15505755,67551202990,51395488433318439449307,0,55908924797974774,1.3143411036484713
2025-06-09 03:50:12+00:00,15505778,67551212990,51395496041693443655644,0,55908933074500183,1.3143411036484713
2025-06-09 03:50:33+00:00,15505799,67551212991,51395496040934888667736,0,55908933074500183,1.314341103687327
2025-06-09 03:50:39+00:00,15505805,67551199888,51395506040934888667736,0,55908933074500183,1.314340593012113
2025-06-09 03:51:00+00:00,15505826,67551209888,51395513649312848814812,0,55908941351027197,1.314340593012113
2025-06-09 03:51:14+00:00,15505840,67551219888,51395521257690808961888,0,55908949627554211,1.314340593012113
2025-06-09 03:51:16+00:00,15505842,67551219889,51395521256932253679273,0,55908949627554211,1.3143405930509686
2025-06-09 03:51:24+00:00,15505850,67551179890,51395490823423366789909,0,55908916521449365,1.31434059307035
2025-06-09 03:51:25+00:00,15505851,67551179891,51395490822664811507328,0,55908916521449365,1.3143405931092056
2025-06-09 03:51:31+00:00,15505857,67551179892,51395490821906256224769,0,55908916521449365,1.3143405931480612
2025-06-09 03:51:36+00:00,15505862,67551179956,51395490870744285724817,0,55908916574419137,1.3143405931443681
2025-06-09 03:51:41+00:00,15505867,67551179889,51395490819736556181631,0,55908916518932034,1.3143405931451762
2025-06-09 03:51:58+00:00,15505884,67551179890,51395490818978000899093,0,55908916518932034,1.3143405931840317
2025-06-09 03:52:03+00:00,15505889,67551166787,51395500818978000899093,0,55908916518932034,1.3143400825088654
2025-06-09 03:52:29+00:00,15505915,67551176787,51395508427358916218663,0,55908924795460653,1.3143400825088654
2025-06-09 03:52:38+00:00,15505924,67551163684,51395518427358916218663,0,55908924795460653,1.3143395718339732
2025-06-09 03:52:41+00:00,15505927,67551163685,51395518426600360346687,0,55908924795460653,1.3143395718728288
2025-06-09 03:52:48+00:00,15505934,67551150582,51395528426600360346687,0,55908924795460653,1.3143390611981354
2025-06-09 03:52:48+00:00,15505934,67551150581,51395528427600360346687,0,55908924795460653,1.3143390611531054
2025-06-09 03:52:53+00:00,15505939,67551150580,51395528428600360346687,0,55908924795460653,1.3143390611080754
2025-06-09 03:52:57+00:00,15505943,67551137477,51395538428600360346687,0,55908924795460653,1.314338550433581
2025-06-09 03:53:02+00:00,15505948,67551137476,51395538427804334689705,0,55908924794594723,1.3143385504344807
2025-06-09 03:53:23+00:00,15505969,67551124373,51395548427804334689705,0,55908924794594723,1.314338039760185
2025-06-09 03:53:24+00:00,15505970,67551124374,51395548427045777933510,0,55908924794594723,1.3143380397990403
2025-06-09 03:53:38+00:00,15505984,67551224374,51395472571482116153639,0,55908924794594723,1.3143419253524338
2025-06-09 03:53:49+00:00,15505995,67551214374,51395464963106509080140,0,55908916518066104,1.3143419253525708
2025-06-09 03:53:58+00:00,15506004,67551201271,51395474963106509080140,0,55908916518066104,1.3143414146768881
2025-06-09 03:54:06+00:00,15506012,67551201272,51395474962347954271738,0,55908916518066104,1.3143414147157437
2025-06-09 03:54:49+00:00,15506055,67551201274,51395474960830844655002,0,55908916518066104,1.314341414793455
2025-06-09 03:54:49+00:00,15506055,67551201273,51395474961589399463359,0,55908916518066104,1.3143414147545993
2025-06-09 03:54:54+00:00,15506060,67551201275,51395474960072289846668,0,55908916518066104,1.3143414148323105
2025-06-09 03:54:59+00:00,15506065,67551201339,51395475008910319346716,0,55908916571035860,1.3143414148286168
2025-06-09 03:55:04+00:00,15506070,67551201272,51395474957902605542605,0,55908916515548757,1.3143414148294252
2025-06-09 03:55:09+00:00,15506075,67551201273,51395474957902605542604,0,55908916515548757,1.3143414148488821
2025-06-09 03:55:10+00:00,15506076,67551188170,51395484957902605542604,0,55908916515548757,1.3143409041733982
2025-06-09 03:55:25+00:00,15506091,67551175067,51395494957902605542604,0,55908916515548757,1.314340393498113
2025-06-09 03:55:32+00:00,15506098,67551175068,51395494957144050144842,0,55908916515548757,1.3143403935369686
2025-06-09 03:55:53+00:00,15506119,67551161965,51395504957144050144842,0,55908916515548757,1.3143398828618822
2025-06-09 03:56:12+00:00,15506138,67551161964,51395504958144050144842,0,55908916515548757,1.3143398828168522
2025-06-09 03:56:14+00:00,15506140,67551161965,51395504957385494452346,0,55908916515548757,1.3143398828557078
2025-06-09 03:56:17+00:00,15506143,67551161964,51395504958385494452346,0,55908916515548757,1.3143398828106778
2025-06-09 03:56:22+00:00,15506148,67551161977,51395504968385494452346,0,55908916526308244,1.3143398828078876
2025-06-09 03:56:27+00:00,15506153,67551161976,51395504967589469195868,0,55908916525442314,1.3143398828087876
2025-06-09 03:56:28+00:00,15506154,67551148873,51395514967589469195868,0,55908916525442314,1.3143393721338998
2025-06-09 03:56:42+00:00,15506168,67551135770,51395524967589469195868,0,55908916525442314,1.314338861459211
2025-06-09 03:56:57+00:00,15506183,67551135771,51395524966830912913908,0,55908916525442314,1.3143388614980667
2025-06-09 03:57:27+00:00,15506213,67551235771,51395449111314674534346,0,55908916525442314,1.3143427470532336
2025-06-09 03:57:40+00:00,15506226,67551235772,51395449110556120494907,0,55908916525442314,1.3143427470920892
2025-06-09 03:57:45+00:00,15506231,67551222669,51395459110556120494907,0,55908916525442314,1.3143422364160893
2025-06-09 03:57:59+00:00,15506245,67551232669,51395466718924567413050,0,55908924801964087,1.3143422364160893
2025-06-09 03:58:08+00:00,15506254,67551219567,51395476718166013078904,0,55908924801964087,1.3143417257792191
2025-06-09 03:58:08+00:00,15506254,67551232670,51395466718166013078904,0,55908924801964087,1.3143422364549449
2025-06-09 03:58:13+00:00,15506259,67551219568,51395476717407458450051,0,55908924801964087,1.3143417258180747
2025-06-09 03:58:19+00:00,15506265,67551219632,51395476766245487950099,0,55908924854933836,1.3143417258143806
2025-06-09 03:58:24+00:00,15506270,67551219565,51395476715237779959608,0,55908924799446733,1.3143417258151893
2025-06-09 03:59:05+00:00,15506311,67551219566,51395476714479225330776,0,55908924799446733,1.3143417258540449
2025-06-09 03:59:30+00:00,15506336,67551219565,51395476715479225330776,0,55908924799446733,1.3143417258090149
2025-06-09 03:59:35+00:00,15506341,67551219564,51395476716479225330776,0,55908924799446733,1.3143417257639847
2025-06-09 03:59:40+00:00,15506346,67551219577,51395476726479225330776,0,55908924810206213,1.3143417257611942
2025-06-09 03:59:46+00:00,15506352,67551219578,51395476725720670701912,0,55908924810206213,1.3143417258000498
2025-06-09 04:00:31+00:00,15506397,67551219579,51395476724962116073071,0,55908924810206213,1.3143417258389054
2025-06-09 04:01:15+00:00,15506441,67551219580,51395476724203561444252,0,55908924810206213,1.314341725877761
2025-06-09 04:01:26+00:00,15506452,67551219581,51395476723445006815456,0,55908924810206213,1.3143417259166166
2025-06-09 04:01:31+00:00,15506457,67551219582,51395476722686452186682,0,55908924810206213,1.3143417259554722
2025-06-09 04:01:36+00:00,15506462,67551219646,51395476771524481686730,0,55908924863175962,1.314341725951778
2025-06-09 04:01:41+00:00,15506467,67551219579,51395476720516773698520,0,55908924807688859,1.3143417259525865
2025-06-09 04:01:46+00:00,15506472,67551219580,51395476720516773698519,0,55908924807688859,1.3143417259720436
2025-06-09 04:01:58+00:00,15506484,67551219581,51395476719758219069777,0,55908924807688859,1.3143417260108992
2025-06-09 04:02:41+00:00,15506527,67551219582,51395476718999664441058,0,55908924807688859,1.3143417260497547
2025-06-09 04:02:49+00:00,15506535,67551219581,51395476719999664441058,0,55908924807688859,1.3143417260047245
2025-06-09 04:02:58+00:00,15506544,67551219594,51395476729999664441058,0,55908924818448339,1.314341726001934
2025-06-09 04:03:03+00:00,15506549,67551219593,51395476729203639740005,0,55908924817582409,1.314341726002834
2025-06-09 04:03:24+00:00,15506570,67551219594,51395476728445085111281,0,55908924817582409,1.3143417260416896
2025-06-09 04:04:06+00:00,15506612,67551219595,51395476727686530482579,0,55908924817582409,1.314341726080545
2025-06-09 04:04:43+00:00,15506649,67551219596,51395476726927975853900,0,55908924817582409,1.3143417261194006
2025-06-09 04:04:49+00:00,15506655,67551219597,51395476726169421225243,0,55908924817582409,1.3143417261582562
2025-06-09 04:04:57+00:00,15506663,67551219530,51395476675161713240449,0,55908924762095306,1.3143417261590649
2025-06-09 04:05:02+00:00,15506668,67551219531,51395476675161713240448,0,55908924762095306,1.3143417261785217
2025-06-09 04:05:32+00:00,15506698,67551219532,51395476674403158611825,0,55908924762095306,1.3143417262173773
2025-06-09 04:06:02+00:00,15506728,67551219531,51395476675403158611825,0,55908924762095306,1.3143417261723473
2025-06-09 04:06:08+00:00,15506734,67551219530,51395476676403158611825,0,55908924762095306,1.3143417261273171
2025-06-09 04:06:12+00:00,15506738,67551219543,51395476686403158611825,0,55908924772854786,1.3143417261245267
2025-06-09 04:06:17+00:00,15506743,67551219542,51395476685607133910798,0,55908924771988856,1.3143417261254267
2025-06-09 04:06:59+00:00,15506785,67551219543,51395476684848579282145,0,55908924771988856,1.3143417261642822
2025-06-09 04:07:42+00:00,15506828,67551219544,51395476684090024653514,0,55908924771988856,1.3143417262031378
2025-06-09 04:07:55+00:00,15506841,67551219545,51395476683331470024906,0,55908924771988856,1.3143417262419932
2025-06-09 04:08:00+00:00,15506846,67551219546,51395476682572915396320,0,55908924771988856,1.3143417262808488
2025-06-09 04:08:06+00:00,15506852,67551219610,51395476731410944896368,0,55908924824958605,1.3143417262771548
2025-06-09 04:08:11+00:00,15506857,67551219543,51395476680403236913102,0,55908924769471502,1.3143417262779633
2025-06-09 04:08:16+00:00,15506862,67551219544,51395476680403236913101,0,55908924769471502,1.3143417262974204
2025-06-09 04:08:25+00:00,15506871,67551219545,51395476679644682284547,0,55908924769471502,1.3143417263362758
2025-06-09 04:09:09+00:00,15506915,67551219546,51395476678886127656015,0,55908924769471502,1.3143417263751314
2025-06-09 04:09:18+00:00,15506924,67551219545,51395476679886127656015,0,55908924769471502,1.3143417263301014
2025-06-09 04:09:23+00:00,15506929,67551219544,51395476680886127656015,0,55908924769471502,1.3143417262850714
2025-06-09 04:09:28+00:00,15506934,67551219557,51395476690886127656015,0,55908924780230982,1.3143417262822807
2025-06-09 04:09:51+00:00,15506957,67551219558,51395476690127573027452,0,55908924780230982,1.3143417263211363
2025-06-09 04:10:36+00:00,15507002,67551219559,51395476689369018398912,0,55908924780230982,1.314341726359992
2025-06-09 04:11:15+00:00,15507041,67551219560,51395476688610463770394,0,55908924780230982,1.3143417263988475
2025-06-09 04:11:19+00:00,15507045,67551219561,51395476687851909141898,0,55908924780230982,1.314341726437703
2025-06-09 04:11:20+00:00,15507046,67551219562,51395476687093354513425,0,55908924780230982,1.3143417264765587
2025-06-09 04:11:26+00:00,15507052,67551219626,51395476735931384013473,0,55908924833200731,1.3143417264728645
2025-06-09 04:11:30+00:00,15507056,67551219559,51395476684923676033240,0,55908924777713628,1.3143417264736732
2025-06-09 04:11:35+00:00,15507061,67551219560,51395476684923676033239,0,55908924777713628,1.31434172649313
2025-06-09 04:12:02+00:00,15507088,67551219561,51395476684165121404798,0,55908924777713628,1.3143417265319857
2025-06-09 04:12:38+00:00,15507124,67551219560,51395476685165121404798,0,55908924777713628,1.3143417264869557
2025-06-09 04:12:45+00:00,15507131,67551219561,51395476684406566776353,0,55908924777713628,1.3143417265258113
2025-06-09 04:12:47+00:00,15507133,67551219574,51395476694406566776353,0,55908924788473108,1.3143417265230206
2025-06-09 04:12:51+00:00,15507137,67551219573,51395476693610542075425,0,55908924787607178,1.3143417265239206
2025-06-09 04:13:28+00:00,15507174,67551219574,51395476692851987447002,0,55908924787607178,1.3143417265627761
2025-06-09 04:14:11+00:00,15507217,67551219575,51395476692093432818601,0,55908924787607178,1.3143417266016317
2025-06-09 04:14:33+00:00,15507239,67551219576,51395476691334878190223,0,55908924787607178,1.3143417266404873
2025-06-09 04:14:43+00:00,15507249,67551219640,51395476740172907690271,0,55908924840576927,1.3143417266367932
2025-06-09 04:14:48+00:00,15507254,67551219573,51395476689165199712558,0,55908924785089824,1.3143417266376018
2025-06-09 04:14:53+00:00,15507259,67551219574,51395476688406645084200,0,55908924785089824,1.3143417266764572
2025-06-09 04:15:36+00:00,15507302,67551219575,51395476687648090455865,0,55908924785089824,1.3143417267153128
2025-06-09 04:15:55+00:00,15507321,67551219574,51395476688648090455865,0,55908924785089824,1.3143417266702828
2025-06-09 04:15:59+00:00,15507325,67551219573,51395476689648090455865,0,55908924785089824,1.3143417266252528
2025-06-09 04:16:04+00:00,15507330,67551219586,51395476699648090455865,0,55908924795849304,1.3143417266224622
2025-06-09 04:16:09+00:00,15507335,67551219585,51395476698852065754961,0,55908924794983374,1.3143417266233621
2025-06-09 04:16:20+00:00,15507346,67551219586,51395476698093511126595,0,55908924794983374,1.3143417266622177
2025-06-09 04:17:03+00:00,15507389,67551219587,51395476697334956498251,0,55908924794983374,1.3143417267010733
2025-06-09 04:17:47+00:00,15507433,67551219588,51395476696576401869930,0,55908924794983374,1.3143417267399289
2025-06-09 04:17:55+00:00,15507441,67551219589,51395476695817847241631,0,55908924794983374,1.3143417267787845
2025-06-09 04:18:01+00:00,15507447,67551219653,51395476744655876741679,0,55908924847953123,1.3143417267750903
2025-06-09 04:18:06+00:00,15507452,67551219586,51395476693648168766246,0,55908924792466020,1.3143417267758988
2025-06-09 04:18:11+00:00,15507457,67551219587,51395476693648168766245,0,55908924792466020,1.3143417267953559
2025-06-09 04:18:30+00:00,15507476,67551219588,51395476692889614137978,0,55908924792466020,1.3143417268342115
2025-06-09 04:19:13+00:00,15507519,67551219588,51395476693131059509708,0,55908924792466020,1.3143417268280368
2025-06-09 04:19:13+00:00,15507519,67551219587,51395476693889614137978,0,55908924792466020,1.3143417267891813
2025-06-09 04:19:18+00:00,15507524,67551219587,51395476694131059509708,0,55908924792466020,1.3143417267830069
2025-06-09 04:19:23+00:00,15507529,67551219600,51395476704131059509708,0,55908924803225500,1.3143417267802164
2025-06-09 04:19:28+00:00,15507534,67551219599,51395476703335034808839,0,55908924802359570,1.3143417267811162
2025-06-09 04:19:57+00:00,15507563,67551219600,51395476702576480180564,0,55908924802359570,1.3143417268199717
2025-06-09 04:20:42+00:00,15507608,67551219601,51395476701817925552312,0,55908924802359570,1.3143417268588273
2025-06-09 04:21:09+00:00,15507635,67551219602,51395476701059370924082,0,55908924802359570,1.314341726897683
2025-06-09 04:21:13+00:00,15507639,67551219603,51395476700300816295874,0,55908924802359570,1.3143417269365385
2025-06-09 04:21:19+00:00,15507645,67551219667,51395476749138845795922,0,55908924855329319,1.3143417269328443
2025-06-09 04:21:24+00:00,15507650,67551219600,51395476698131137822770,0,55908924799842216,1.314341726933653
2025-06-09 04:21:25+00:00,15507651,67551219601,51395476697372583194583,0,55908924799842216,1.3143417269725086
2025-06-09 04:22:09+00:00,15507695,67551219602,51395476696614028566419,0,55908924799842216,1.314341727011364
2025-06-09 04:22:32+00:00,15507718,67551219601,51395476697614028566419,0,55908924799842216,1.314341726966334
2025-06-09 04:22:36+00:00,15507722,67551219600,51395476698614028566419,0,55908924799842216,1.314341726921304
2025-06-09 04:22:41+00:00,15507727,67551219613,51395476708614028566419,0,55908924810601696,1.3143417269185136
2025-06-09 04:22:46+00:00,15507732,67551219612,51395476707818003865586,0,55908924809735766,1.3143417269194133
2025-06-09 04:22:53+00:00,15507739,67551219613,51395476707059449237391,0,55908924809735766,1.314341726958269
2025-06-09 04:23:35+00:00,15507781,67551219614,51395476706300894609218,0,55908924809735766,1.3143417269971245
2025-06-09 04:24:18+00:00,15507824,67551219615,51395476705542339981068,0,55908924809735766,1.31434172703598
2025-06-09 04:24:25+00:00,15507831,67551219616,51395476704783785352940,0,55908924809735766,1.3143417270748357
2025-06-09 04:24:30+00:00,15507836,67551219617,51395476704025230724835,0,55908924809735766,1.3143417271136912
2025-06-09 04:24:36+00:00,15507842,67551219681,51395476752863260224883,0,55908924862705515,1.314341727109997
2025-06-09 04:24:41+00:00,15507847,67551219614,51395476701855552254764,0,55908924807218412,1.3143417271108055
2025-06-09 04:24:45+00:00,15507851,67551219615,51395476701855552254763,0,55908924807218412,1.3143417271302626
2025-06-09 04:25:02+00:00,15507868,67551219616,51395476701096997626690,0,55908924807218412,1.3143417271691182
2025-06-09 04:25:46+00:00,15507912,67551219617,51395476700338442998639,0,55908924807218412,1.3143417272079738
2025-06-09 04:25:47+00:00,15507913,67551219616,51395476701338442998639,0,55908924807218412,1.3143417271629436
2025-06-09 04:25:52+00:00,15507918,67551219615,51395476702338442998639,0,55908924807218412,1.3143417271179136
2025-06-09 04:26:01+00:00,15507927,67551219614,51395476701542418297855,0,55908924806352482,1.3143417271188134
2025-06-09 04:26:30+00:00,15507956,67551219615,51395476700783863669775,0,55908924806352482,1.314341727157669
2025-06-09 04:27:13+00:00,15507999,67551219616,51395476700025309041717,0,55908924806352482,1.3143417271965245
2025-06-09 04:27:40+00:00,15508026,67551219617,51395476699266754413682,0,55908924806352482,1.3143417272353801
2025-06-09 04:27:45+00:00,15508031,67551219618,51395476698508199785669,0,55908924806352482,1.3143417272742357
2025-06-09 04:27:50+00:00,15508036,67551219682,51395476747346229285717,0,55908924859322231,1.3143417272705415
2025-06-09 04:27:55+00:00,15508041,67551219615,51395476696338521317987,0,55908924803835128,1.3143417272713502
2025-06-09 04:27:57+00:00,15508043,67551219616,51395476695579966689995,0,55908924803835128,1.3143417273102058
2025-06-09 04:28:42+00:00,15508088,67551219617,51395476694821412062025,0,55908924803835128,1.3143417273490614
2025-06-09 04:29:01+00:00,15508107,67551219616,51395476695821412062025,0,55908924803835128,1.3143417273040312
2025-06-09 04:29:06+00:00,15508112,67551219615,51395476696821412062025,0,55908924803835128,1.3143417272590012
2025-06-09 04:29:11+00:00,15508117,67551219628,51395476706821412062025,0,55908924814594608,1.3143417272562108
2025-06-09 04:29:16+00:00,15508122,67551219627,51395476706025387361276,0,55908924813728678,1.3143417272571105
2025-06-09 04:29:26+00:00,15508132,67551219628,51395476705266832733276,0,55908924813728678,1.314341727295966
2025-06-09 04:30:10+00:00,15508176,67551219629,51395476704508278105298,0,55908924813728678,1.3143417273348217
2025-06-09 04:30:54+00:00,15508220,67551219630,51395476703749723477343,0,55908924813728678,1.3143417273736773
2025-06-09 04:30:56+00:00,15508222,67551219631,51395476702991168849410,0,55908924813728678,1.3143417274125329
2025-06-09 04:31:01+00:00,15508227,67551219632,51395476702232614221500,0,55908924813728678,1.3143417274513884
2025-06-09 04:31:07+00:00,15508233,67551219696,51395476751070643721548,0,55908924866698427,1.3143417274476943
2025-06-09 04:31:12+00:00,15508238,67551219629,51395476700062935756851,0,55908924811211324,1.314341727448503
2025-06-09 04:31:17+00:00,15508243,67551219630,51395476700062935756850,0,55908924811211324,1.3143417274679599
2025-06-09 04:31:38+00:00,15508264,67551219631,51395476699304381128972,0,55908924811211324,1.3143417275068154
2025-06-09 04:32:17+00:00,15508303,67551219630,51395476700304381128972,0,55908924811211324,1.3143417274617855
2025-06-09 04:32:22+00:00,15508308,67551219631,51395476699545826501090,0,55908924811211324,1.3143417275006408
2025-06-09 04:32:23+00:00,15508309,67551219630,51395476700545826501090,0,55908924811211324,1.3143417274556108
2025-06-09 04:32:32+00:00,15508318,67551219629,51395476699749801800390,0,55908924810345394,1.3143417274565108
2025-06-09 04:33:05+00:00,15508351,67551219630,51395476698991247172505,0,55908924810345394,1.3143417274953662
2025-06-09 04:33:48+00:00,15508394,67551219631,51395476698232692544642,0,55908924810345394,1.3143417275342217
2025-06-09 04:34:12+00:00,15508418,67551219632,51395476697474137916802,0,55908924810345394,1.3143417275730773
2025-06-09 04:34:17+00:00,15508423,67551219633,51395476696715583288984,0,55908924810345394,1.314341727611933
2025-06-09 04:34:23+00:00,15508429,67551219697,51395476745553612789032,0,55908924863315143,1.3143417276082388
2025-06-09 04:34:28+00:00,15508434,67551219630,51395476694545904826724,0,55908924807828040,1.3143417276090474
2025-06-09 04:34:33+00:00,15508439,67551219631,51395476694545904826723,0,55908924807828040,1.3143417276285043
2025-06-09 04:35:15+00:00,15508481,67551219632,51395476693787350198937,0,55908924807828040,1.31434172766736
2025-06-09 04:35:35+00:00,15508501,67551219631,51395476694787350198937,0,55908924807828040,1.31434172762233
2025-06-09 04:35:40+00:00,15508506,67551219630,51395476695787350198937,0,55908924807828040,1.3143417275773
2025-06-09 04:35:45+00:00,15508511,67551219643,51395476705787350198937,0,55908924818587520,1.3143417275745093
2025-06-09 04:35:49+00:00,15508515,67551219642,51395476704991325498261,0,55908924817721590,1.3143417275754092
2025-06-09 04:35:58+00:00,15508524,67551219643,51395476704232770870445,0,55908924817721590,1.3143417276142648
2025-06-09 04:36:41+00:00,15508567,67551219644,51395476703474216242651,0,55908924817721590,1.3143417276531204
2025-06-09 04:37:24+00:00,15508610,67551219645,51395476702715661614879,0,55908924817721590,1.314341727691976
2025-06-09 04:37:32+00:00,15508618,67551219646,51395476701957106987130,0,55908924817721590,1.3143417277308316
2025-06-09 04:37:37+00:00,15508623,67551219647,51395476701198552359403,0,55908924817721590,1.314341727769687
2025-06-09 04:37:43+00:00,15508629,67551219711,51395476750036581859451,0,55908924870691339,1.314341727765993
2025-06-09 04:37:48+00:00,15508634,67551219644,51395476699028873899423,0,55908924815204236,1.3143417277668015
2025-06-09 04:37:53+00:00,15508639,67551219645,51395476699028873899422,0,55908924815204236,1.3143417277862586
2025-06-09 04:38:07+00:00,15508653,67551219646,51395476698270319271727,0,55908924815204236,1.3143417278251142
2025-06-09 04:38:50+00:00,15508696,67551219647,51395476697511764644055,0,55908924815204236,1.3143417278639695
2025-06-09 04:38:55+00:00,15508701,67551219646,51395476698511764644055,0,55908924815204236,1.3143417278189395
2025-06-09 04:39:00+00:00,15508706,67551219645,51395476699511764644055,0,55908924815204236,1.3143417277739096
2025-06-09 04:39:05+00:00,15508711,67551219658,51395476709511764644055,0,55908924825963716,1.3143417277711191
2025-06-09 04:39:10+00:00,15508716,67551219657,51395476708715739943427,0,55908924825097786,1.3143417277720189
2025-06-09 04:39:33+00:00,15508739,67551219658,51395476707957185315724,0,55908924825097786,1.3143417278108744
2025-06-09 04:40:17+00:00,15508783,67551219659,51395476707198630688043,0,55908924825097786,1.31434172784973
2025-06-09 04:40:51+00:00,15508817,67551219660,51395476706440076060385,0,55908924825097786,1.3143417278885856
2025-06-09 04:40:57+00:00,15508823,67551219661,51395476705681521432749,0,55908924825097786,1.3143417279274412
2025-06-09 04:41:02+00:00,15508828,67551219725,51395476754519550932797,0,55908924878067535,1.314341727923747
2025-06-09 04:41:07+00:00,15508833,67551219658,51395476703511842975050,0,55908924822580432,1.3143417279245557
2025-06-09 04:41:12+00:00,15508838,67551219659,51395476703511842975049,0,55908924822580432,1.3143417279440126
2025-06-09 04:41:45+00:00,15508871,67551219660,51395476702753288347445,0,55908924822580432,1.3143417279828682
2025-06-09 04:42:15+00:00,15508901,67551219659,51395476703753288347445,0,55908924822580432,1.314341727937838
2025-06-09 04:42:20+00:00,15508906,67551219658,51395476704753288347445,0,55908924822580432,1.314341727892808
2025-06-09 04:42:25+00:00,15508911,67551219671,51395476714753288347445,0,55908924833339912,1.3143417278900176
2025-06-09 04:43:11+00:00,15508957,67551219672,51395476713994733719810,0,55908924833339912,1.3143417279288732
2025-06-09 04:43:54+00:00,15509000,67551219673,51395476713236179092198,0,55908924833339912,1.3143417279677287
2025-06-09 04:44:12+00:00,15509018,67551219674,51395476712477624464608,0,55908924833339912,1.3143417280065843
2025-06-09 04:44:17+00:00,15509023,67551219675,51395476711719069837040,0,55908924833339912,1.3143417280454397
2025-06-09 04:44:23+00:00,15509029,67551219739,51395476760557099337088,0,55908924886309661,1.3143417280417458
2025-06-09 04:44:28+00:00,15509034,67551219672,51395476709549391380868,0,55908924830822558,1.3143417280425542
2025-06-09 04:44:33+00:00,15509039,67551219673,51395476709549391380867,0,55908924830822558,1.3143417280620113
2025-06-09 04:44:38+00:00,15509044,67551219674,51395476708790836753331,0,55908924830822558,1.314341728100867
2025-06-09 04:45:21+00:00,15509087,67551219675,51395476708032282125818,0,55908924830822558,1.3143417281397225
2025-06-09 04:45:39+00:00,15509105,67551219674,51395476709032282125818,0,55908924830822558,1.3143417280946923
2025-06-09 04:45:44+00:00,15509110,67551219673,51395476710032282125818,0,55908924830822558,1.3143417280496623
2025-06-09 04:45:48+00:00,15509114,67551219686,51395476720032282125818,0,55908924841582038,1.3143417280468719
2025-06-09 04:45:53+00:00,15509119,67551219685,51395476719236257425249,0,55908924840716108,1.3143417280477716
2025-06-09 04:46:03+00:00,15509129,67551219686,51395476718477702797705,0,55908924840716108,1.3143417280866272
2025-06-09 04:46:46+00:00,15509172,67551219687,51395476717719148170184,0,55908924840716108,1.3143417281254828
2025-06-09 04:47:29+00:00,15509215,67551219688,51395476716960593542685,0,55908924840716108,1.3143417281643384
2025-06-09 04:47:37+00:00,15509223,67551219689,51395476716202038915208,0,55908924840716108,1.314341728203194
2025-06-09 04:47:41+00:00,15509227,67551219690,51395476715443484287754,0,55908924840716108,1.3143417282420495
2025-06-09 04:47:47+00:00,15509233,67551219754,51395476764281513787802,0,55908924893685857,1.3143417282383554
2025-06-09 04:47:52+00:00,15509238,67551219687,51395476713273805834615,0,55908924838198754,1.314341728239164
2025-06-09 04:47:57+00:00,15509243,67551219688,51395476713273805834614,0,55908924838198754,1.314341728258621
2025-06-09 04:48:12+00:00,15509258,67551219689,51395476712515251207192,0,55908924838198754,1.3143417282974765
2025-06-09 04:48:55+00:00,15509301,67551219690,51395476711756696579792,0,55908924838198754,1.3143417283363321
2025-06-09 04:49:00+00:00,15509306,67551219689,51395476712756696579792,0,55908924838198754,1.314341728291302
2025-06-09 04:49:05+00:00,15509311,67551219688,51395476713756696579792,0,55908924838198754,1.314341728246272
2025-06-09 04:49:10+00:00,15509316,67551219701,51395476723756696579792,0,55908924848958234,1.3143417282434815
2025-06-09 04:49:15+00:00,15509321,67551219700,51395476722960671879270,0,55908924848092304,1.3143417282443812
2025-06-09 04:49:38+00:00,15509344,67551219701,51395476722202117251840,0,55908924848092304,1.3143417282832368
2025-06-09 04:50:21+00:00,15509387,67551219702,51395476721443562624432,0,55908924848092304,1.3143417283220924
2025-06-09 04:50:57+00:00,15509423,67551219703,51395476720685007997046,0,55908924848092304,1.314341728360948
2025-06-09 04:51:05+00:00,15509431,67551219704,51395476719926453369683,0,55908924848092304,1.3143417283998036
2025-06-09 04:51:07+00:00,15509433,67551219768,51395476768764482869731,0,55908924901062053,1.3143417283961094
2025-06-09 04:51:12+00:00,15509438,67551219701,51395476717756774918825,0,55908924845574950,1.314341728396918
2025-06-09 04:51:17+00:00,15509443,67551219702,51395476717756774918824,0,55908924845574950,1.314341728416375
2025-06-09 04:51:48+00:00,15509474,67551219703,51395476716998220291493,0,55908924845574950,1.3143417284552306
2025-06-09 04:52:19+00:00,15509505,67551219702,51395476717998220291493,0,55908924845574950,1.3143417284102006
2025-06-09 04:52:24+00:00,15509510,67551219701,51395476718998220291493,0,55908924845574950,1.3143417283651704
2025-06-09 04:52:32+00:00,15509518,67551219702,51395476718239665664132,0,55908924845574950,1.314341728404026
2025-06-09 04:52:33+00:00,15509519,67551219701,51395476717443640963648,0,55908924844709020,1.314341728404926
2025-06-09 04:53:14+00:00,15509560,67551219702,51395476716685086336310,0,55908924844709020,1.3143417284437815
2025-06-09 04:53:57+00:00,15509603,67551219703,51395476715926531708995,0,55908924844709020,1.3143417284826369
2025-06-09 04:54:14+00:00,15509620,67551219704,51395476715167977081702,0,55908924844709020,1.3143417285214924
2025-06-09 04:54:19+00:00,15509625,67551219705,51395476714409422454432,0,55908924844709020,1.314341728560348
2025-06-09 04:54:25+00:00,15509631,67551219769,51395476763247451954480,0,55908924897678769,1.314341728556654
2025-06-09 04:54:29+00:00,15509635,67551219702,51395476712239744005963,0,55908924842191666,1.3143417285574626
2025-06-09 04:54:34+00:00,15509640,67551219703,51395476712239744005962,0,55908924842191666,1.3143417285769197
2025-06-09 04:54:41+00:00,15509647,67551219704,51395476711481189378724,0,55908924842191666,1.314341728615775
2025-06-09 04:55:25+00:00,15509691,67551219705,51395476710722634751508,0,55908924842191666,1.3143417286546306
2025-06-09 04:55:36+00:00,15509702,67551219704,51395476711722634751508,0,55908924842191666,1.3143417286096006
2025-06-09 04:55:41+00:00,15509707,67551219703,51395476712722634751508,0,55908924842191666,1.3143417285645707
2025-06-09 04:55:50+00:00,15509716,67551219702,51395476711926610051061,0,55908924841325736,1.3143417285654704
2025-06-09 04:56:08+00:00,15509734,67551219703,51395476711168055423816,0,55908924841325736,1.314341728604326
2025-06-09 04:56:52+00:00,15509778,67551219704,51395476710409500796593,0,55908924841325736,1.3143417286431816
2025-06-09 04:57:33+00:00,15509819,67551219705,51395476709650946169393,0,55908924841325736,1.3143417286820371
2025-06-09 04:57:35+00:00,15509821,67551219706,51395476708892391542215,0,55908924841325736,1.3143417287208927
2025-06-09 04:57:38+00:00,15509824,67551219707,51395476708133836915060,0,55908924841325736,1.3143417287597483
2025-06-09 04:57:43+00:00,15509829,67551219771,51395476756971866415108,0,55908924894295485,1.3143417287560542
2025-06-09 04:57:48+00:00,15509834,67551219704,51395476705964158469732,0,55908924838808382,1.3143417287568626
2025-06-09 04:57:52+00:00,15509838,67551219705,51395476705964158469731,0,55908924838808382,1.3143417287763197
2025-06-09 04:58:18+00:00,15509864,67551219706,51395476705205603842608,0,55908924838808382,1.3143417288151753
2025-06-09 04:58:54+00:00,15509900,67551219705,51395476706205603842608,0,55908924838808382,1.314341728770145
2025-06-09 04:58:59+00:00,15509905,67551219704,51395476707205603842608,0,55908924838808382,1.3143417287251151
2025-06-09 04:59:01+00:00,15509907,67551219705,51395476706447049215455,0,55908924838808382,1.3143417287639707
2025-06-09 04:59:08+00:00,15509914,67551219704,51395476705651024515057,0,55908924837942452,1.3143417287648704
2025-06-09 04:59:43+00:00,15509949,67551219705,51395476704892469887927,0,55908924837942452,1.314341728803726
2025-06-09 05:00:28+00:00,15509994,67551219706,51395476704133915260819,0,55908924837942452,1.3143417288425816
2025-06-09 05:00:52+00:00,15510018,67551219707,51395476703375360633734,0,55908924837942452,1.3143417288814372
2025-06-09 05:00:56+00:00,15510022,67551219708,51395476702616806006671,0,55908924837942452,1.3143417289202928
2025-06-09 05:01:02+00:00,15510028,67551219772,51395476751454835506719,0,55908924890912201,1.3143417289165986
2025-06-09 05:01:07+00:00,15510033,67551219705,51395476700447127563732,0,55908924835425098,1.3143417289174073
2025-06-09 05:01:12+00:00,15510038,67551219706,51395476700447127563731,0,55908924835425098,1.3143417289368642
2025-06-09 05:01:12+00:00,15510038,67551219707,51395476699688572936700,0,55908924835425098,1.3143417289757198
2025-06-09 05:01:55+00:00,15510081,67551219708,51395476698930018309692,0,55908924835425098,1.3143417290145754
2025-06-09 05:02:15+00:00,15510101,67551219707,51395476699930018309692,0,55908924835425098,1.3143417289695454
2025-06-09 05:02:20+00:00,15510106,67551219706,51395476700930018309692,0,55908924835425098,1.3143417289245152
2025-06-09 05:02:25+00:00,15510111,67551219719,51395476710930018309692,0,55908924846184578,1.3143417289217247
2025-06-09 05:02:30+00:00,15510116,67551219718,51395476710133993609330,0,55908924845318648,1.3143417289226247
2025-06-09 05:02:39+00:00,15510125,67551219719,51395476709375438982291,0,55908924845318648,1.3143417289614803
2025-06-09 05:03:22+00:00,15510168,67551219720,51395476708616884355274,0,55908924845318648,1.3143417290003356
2025-06-09 05:04:05+00:00,15510211,67551219721,51395476707858329728280,0,55908924845318648,1.3143417290391912
2025-06-09 05:04:11+00:00,15510217,67551219722,51395476707099775101308,0,55908924845318648,1.3143417290780468
2025-06-09 05:04:16+00:00,15510222,67551219723,51395476706341220474359,0,55908924845318648,1.3143417291169024
2025-06-09 05:04:22+00:00,15510228,67551219787,51395476755179249974407,0,55908924898288397,1.3143417291132082
2025-06-09 05:04:27+00:00,15510233,67551219720,51395476704171542034453,0,55908924842801294,1.314341729114017
2025-06-09 05:04:32+00:00,15510238,67551219721,51395476704171542034452,0,55908924842801294,1.3143417291334738
2025-06-09 05:04:48+00:00,15510254,67551219722,51395476703412987407535,0,55908924842801294,1.3143417291723294
2025-06-09 05:05:32+00:00,15510298,67551219723,51395476702654432780640,0,55908924842801294,1.314341729211185
2025-06-09 05:05:35+00:00,15510301,67551219722,51395476703654432780640,0,55908924842801294,1.314341729166155
2025-06-09 05:05:44+00:00,15510310,67551219735,51395476713654432780640,0,55908924853560774,1.3143417291633646
2025-06-09 05:05:49+00:00,15510315,67551219734,51395476712858408080340,0,55908924852694844,1.3143417291642643
2025-06-09 05:06:15+00:00,15510341,67551219735,51395476712099853453441,0,55908924852694844,1.3143417292031199
2025-06-09 05:06:58+00:00,15510384,67551219736,51395476711341298826564,0,55908924852694844,1.3143417292419755
2025-06-09 05:07:29+00:00,15510415,67551219737,51395476710582744199709,0,55908924852694844,1.314341729280831
2025-06-09 05:07:34+00:00,15510420,67551219738,51395476709824189572877,0,55908924852694844,1.3143417293196866
2025-06-09 05:07:40+00:00,15510426,67551219802,51395476758662219072925,0,55908924905664593,1.3143417293159925
2025-06-09 05:07:42+00:00,15510428,67551219803,51395476757903664446113,0,55908924905664593,1.314341729354848
2025-06-09 05:07:49+00:00,15510435,67551219804,51395476757903664446112,0,55908924905664593,1.314341729374305
2025-06-09 05:08:24+00:00,15510470,67551219805,51395476757145109819334,0,55908924905664593,1.3143417294131605
2025-06-09 05:08:49+00:00,15510495,67551219804,51395476758145109819334,0,55908924905664593,1.3143417293681305
2025-06-09 05:08:54+00:00,15510500,67551219803,51395476759145109819334,0,55908924905664593,1.3143417293231003
2025-06-09 05:08:59+00:00,15510505,67551219816,51395476769145109819334,0,55908924916424073,1.31434172932031
2025-06-09 05:09:08+00:00,15510514,67551219817,51395476768386555192525,0,55908924916424073,1.3143417293591655
2025-06-09 05:09:51+00:00,15510557,67551219818,51395476767628000565738,0,55908924916424073,1.314341729398021
2025-06-09 05:10:34+00:00,15510600,67551219819,51395476766869445938973,0,55908924916424073,1.3143417294368767
2025-06-09 05:10:44+00:00,15510610,67551219820,51395476766110891312231,0,55908924916424073,1.3143417294757322
2025-06-09 05:10:49+00:00,15510615,67551219821,51395476765352336685511,0,55908924916424073,1.3143417295145878
2025-06-09 05:10:54+00:00,15510620,67551219885,51395476814190366185559,0,55908924969393822,1.3143417295108937
2025-06-09 05:10:59+00:00,15510625,67551219818,51395476763182658251911,0,55908924913906719,1.3143417295117024
2025-06-09 05:11:04+00:00,15510630,67551219819,51395476763182658251910,0,55908924913906719,1.3143417295311592
2025-06-09 05:11:19+00:00,15510645,67551219820,51395476762424103625222,0,55908924913906719,1.3143417295700148
2025-06-09 05:12:01+00:00,15510687,67551219821,51395476761665548998557,0,55908924913906719,1.3143417296088704
2025-06-09 05:12:06+00:00,15510692,67551219820,51395476762665548998557,0,55908924913906719,1.3143417295638402
2025-06-09 05:12:11+00:00,15510697,67551219819,51395476763665548998557,0,55908924913906719,1.3143417295188102
2025-06-09 05:12:16+00:00,15510702,67551219832,51395476773665548998557,0,55908924924666199,1.3143417295160198
2025-06-09 05:12:44+00:00,15510730,67551219833,51395476772906994371861,0,55908924924666199,1.3143417295548754
2025-06-09 05:13:27+00:00,15510773,67551219834,51395476772148439745187,0,55908924924666199,1.314341729593731
2025-06-09 05:14:01+00:00,15510807,67551219835,51395476771389885118535,0,55908924924666199,1.3143417296325863
2025-06-09 05:14:06+00:00,15510812,67551219836,51395476770631330491906,0,55908924924666199,1.314341729671442
2025-06-09 05:14:11+00:00,15510817,67551219837,51395476769872775865299,0,55908924977635948,1.3143417297102975
2025-06-09 05:14:11+00:00,15510817,67551219901,51395476818710805365347,0,55908924977635948,1.3143417297066033
2025-06-09 05:14:16+00:00,15510822,67551219834,51395476767703097434733,0,55908924922148845,1.314341729707412
2025-06-09 05:14:21+00:00,15510827,67551219835,51395476767703097434732,0,55908924922148845,1.314341729726869
2025-06-09 05:14:53+00:00,15510859,67551219836,51395476766944542808157,0,55908924922148845,1.3143417297657245
2025-06-09 05:15:23+00:00,15510889,67551219835,51395476767944542808157,0,55908924922148845,1.3143417297206945
2025-06-09 05:15:29+00:00,15510895,67551219834,51395476768944542808157,0,55908924922148845,1.3143417296756645
2025-06-09 05:15:33+00:00,15510899,67551219847,51395476778944542808157,0,55908924932908325,1.3143417296728739
2025-06-09 05:15:38+00:00,15510904,67551219846,51395476778148518107976,0,55908924932042395,1.3143417296737738
2025-06-09 05:16:19+00:00,15510945,67551219847,51395476777389963481371,0,55908924932042395,1.3143417297126294
2025-06-09 05:17:03+00:00,15510989,67551219848,51395476776631408854788,0,55908924932042395,1.314341729751485
2025-06-09 05:17:17+00:00,15511003,67551219849,51395476775872854228227,0,55908924932042395,1.3143417297903406
2025-06-09 05:17:22+00:00,15511008,67551219850,51395476775114299601689,0,55908924932042395,1.3143417298291962
2025-06-09 05:17:28+00:00,15511014,67551219914,51395476823952329101737,0,55908924985012144,1.314341729825502
2025-06-09 05:17:33+00:00,15511019,67551219847,51395476772944621172650,0,55908924929525041,1.3143417298263105
2025-06-09 05:17:37+00:00,15511023,67551219848,51395476772944621172649,0,55908924929525041,1.3143417298457676
2025-06-09 05:17:45+00:00,15511031,67551219849,51395476772186066546143,0,55908924929525041,1.3143417298846232
2025-06-09 05:18:28+00:00,15511074,67551219850,51395476771427511919659,0,55908924929525041,1.3143417299234788
2025-06-09 05:18:39+00:00,15511085,67551219849,51395476772427511919659,0,55908924929525041,1.3143417298784486
2025-06-09 05:18:44+00:00,15511090,67551219848,51395476773427511919659,0,55908924929525041,1.3143417298334186
2025-06-09 05:18:49+00:00,15511095,67551219861,51395476783427511919659,0,55908924940284521,1.3143417298306281
2025-06-09 05:18:53+00:00,15511099,67551219860,51395476782631487219514,0,55908924939418591,1.3143417298315279
2025-06-09 05:19:11+00:00,15511117,67551219861,51395476781872932593000,0,55908924939418591,1.3143417298703834
2025-06-09 05:19:54+00:00,15511160,67551219862,51395476781114377966508,0,55908924939418591,1.314341729909239
2025-06-09 05:20:33+00:00,15511199,67551219863,51395476780355823340038,0,55908924939418591,1.3143417299480946
2025-06-09 05:20:38+00:00,15511204,67551219864,51395476779597268713591,0,55908924939418591,1.3143417299869502
2025-06-09 05:20:39+00:00,15511205,67551219865,51395476778838714087166,0,55908924939418591,1.3143417300258058
2025-06-09 05:20:44+00:00,15511210,67551219929,51395476827676743587214,0,55908924992388340,1.3143417300221116
2025-06-09 05:20:49+00:00,15511215,67551219862,51395476776669035661160,0,55908924936901237,1.3143417300229203
2025-06-09 05:20:54+00:00,15511220,67551219863,51395476776669035661159,0,55908924936901237,1.3143417300423772
2025-06-09 05:21:23+00:00,15511249,67551219864,51395476775910481034766,0,55908924936901237,1.3143417300812328
2025-06-09 05:21:56+00:00,15511282,67551219863,51395476776910481034766,0,55908924936901237,1.3143417300362026
2025-06-09 05:22:01+00:00,15511287,67551219862,51395476777910481034766,0,55908924936901237,1.3143417299911726
2025-06-09 05:22:06+00:00,15511292,67551219875,51395476787910481034766,0,55908924947660717,1.3143417299883822
2025-06-09 05:22:07+00:00,15511293,67551219876,51395476787151926408342,0,55908924947660717,1.3143417300272378
2025-06-09 05:22:49+00:00,15511335,67551219877,51395476786393371781941,0,55908924947660717,1.3143417300660933
2025-06-09 05:23:32+00:00,15511378,67551219878,51395476785634817155562,0,55908924947660717,1.314341730104949
2025-06-09 05:23:50+00:00,15511396,67551219879,51395476784876262529205,0,55908924947660717,1.3143417301438043
2025-06-09 05:23:54+00:00,15511400,67551219880,51395476784117707902871,0,55908924947660717,1.3143417301826599
2025-06-09 05:24:00+00:00,15511406,67551219944,51395476832955737402919,0,55908925000630466,1.314341730178966
2025-06-09 05:24:05+00:00,15511411,67551219877,51395476781948029479146,0,55908924945143363,1.3143417301797744
2025-06-09 05:24:15+00:00,15511421,67551219878,51395476781189474852833,0,55908924945143363,1.31434173021863
2025-06-09 05:24:57+00:00,15511463,67551219879,51395476780430920226542,0,55908924945143363,1.3143417302574856
2025-06-09 05:25:11+00:00,15511477,67551219878,51395476781430920226542,0,55908924945143363,1.3143417302124556
2025-06-09 05:25:16+00:00,15511482,67551219877,51395476782430920226542,0,55908924945143363,1.3143417301674254
2025-06-09 05:25:21+00:00,15511487,67551219890,51395476792430920226542,0,55908924955902843,1.314341730164635
2025-06-09 05:25:26+00:00,15511492,67551219889,51395476791634895526479,0,55908924955036913,1.314341730165535
2025-06-09 05:25:41+00:00,15511507,67551219890,51395476790876340900157,0,55908924955036913,1.3143417302043905
2025-06-09 05:26:24+00:00,15511550,67551219891,51395476790117786273858,0,55908924955036913,1.3143417302432459
2025-06-09 05:27:05+00:00,15511591,67551219892,51395476789359231647581,0,55908924955036913,1.3143417302821014
2025-06-09 05:27:07+00:00,15511593,67551219893,51395476788600677021327,0,55908924955036913,1.314341730320957
2025-06-09 05:27:10+00:00,15511596,67551219894,51395476787842122395095,0,55908924955036913,1.3143417303598126
2025-06-09 05:27:16+00:00,15511602,67551219958,51395476836680151895143,0,55908925008006662,1.3143417303561185
2025-06-09 05:27:21+00:00,15511607,67551219891,51395476785672443974403,0,55908924952519559,1.3143417303569271
2025-06-09 05:27:26+00:00,15511612,67551219892,51395476785672443974402,0,55908924952519559,1.314341730376384
2025-06-09 05:27:49+00:00,15511635,67551219893,51395476784913889348202,0,55908924952519559,1.3143417304152396
2025-06-09 05:28:28+00:00,15511674,67551219892,51395476785913889348202,0,55908924952519559,1.3143417303702096
2025-06-09 05:28:32+00:00,15511678,67551219893,51395476785155334721999,0,55908924952519559,1.3143417304090652
2025-06-09 05:28:37+00:00,15511683,67551219906,51395476795155334721999,0,55908924963279039,1.3143417304062748
2025-06-09 05:28:42+00:00,15511688,67551219905,51395476794359310021999,0,55908924962413109,1.3143417304071745
2025-06-09 05:29:15+00:00,15511721,67551219906,51395476793600755395817,0,55908924962413109,1.31434173044603
2025-06-09 05:29:58+00:00,15511764,67551219907,51395476792842200769657,0,55908924962413109,1.3143417304848857
2025-06-09 05:30:22+00:00,15511788,67551219908,51395476792083646143520,0,55908924962413109,1.3143417305237413
2025-06-09 05:30:27+00:00,15511793,67551219909,51395476791325091517405,0,55908924962413109,1.3143417305625968
2025-06-09 05:30:32+00:00,15511798,67551219973,51395476840163121017453,0,55908925015382858,1.3143417305589027
2025-06-09 05:30:37+00:00,15511803,67551219906,51395476789155413099986,0,55908924959895755,1.3143417305597114
2025-06-09 05:30:41+00:00,15511807,67551219907,51395476788396858473892,0,55908924959895755,1.314341730598567
2025-06-09 05:30:42+00:00,15511808,67551219908,51395476788396858473891,0,55908924959895755,1.3143417306180238
2025-06-09 05:31:26+00:00,15511852,67551219909,51395476787638303847831,0,55908924959895755,1.3143417306568794
2025-06-09 05:31:44+00:00,15511870,67551219908,51395476788638303847831,0,55908924959895755,1.3143417306118492
2025-06-09 05:31:49+00:00,15511875,67551219907,51395476789638303847831,0,55908924959895755,1.3143417305668192
2025-06-09 05:31:54+00:00,15511880,67551219920,51395476799638303847831,0,55908924970655235,1.3143417305640288
2025-06-09 05:32:09+00:00,15511895,67551219921,51395476798879749221739,0,55908924970655235,1.3143417306028844
2025-06-09 05:32:51+00:00,15511937,67551219922,51395476798121194595670,0,55908924970655235,1.31434173064174
2025-06-09 05:33:34+00:00,15511980,67551219923,51395476797362639969623,0,55908924970655235,1.3143417306805956
2025-06-09 05:33:41+00:00,15511987,67551219924,51395476796604085343599,0,55908924970655235,1.314341730719451
2025-06-09 05:33:51+00:00,15511997,67551219988,51395476845442114843647,0,55908925023624984,1.314341730715757
2025-06-09 05:33:56+00:00,15512002,67551219921,51395476794434406928460,0,55908924968137881,1.3143417307165655
2025-06-09 05:34:00+00:00,15512006,67551219922,51395476794434406928459,0,55908924968137881,1.3143417307360226
2025-06-09 05:34:16+00:00,15512022,67551219923,51395476793675852302467,0,55908924968137881,1.3143417307748781
2025-06-09 05:34:58+00:00,15512064,67551219924,51395476792917297676497,0,55908924968137881,1.3143417308137335
2025-06-09 05:35:03+00:00,15512069,67551219923,51395476793917297676497,0,55908924968137881,1.3143417307687035
2025-06-09 05:35:08+00:00,15512074,67551219922,51395476794917297676497,0,55908924968137881,1.3143417307236736
2025-06-09 05:35:13+00:00,15512079,67551219935,51395476804917297676497,0,55908924978897361,1.3143417307208831
2025-06-09 05:35:18+00:00,15512084,67551219934,51395476804121272976568,0,55908924978031431,1.3143417307217828
2025-06-09 05:35:42+00:00,15512108,67551219935,51395476803362718350567,0,55908924978031431,1.3143417307606384
2025-06-09 05:36:25+00:00,15512151,67551219936,51395476802604163724589,0,55908924978031431,1.314341730799494
2025-06-09 05:37:00+00:00,15512186,67551219937,51395476801845609098633,0,55908924978031431,1.3143417308383496
2025-06-09 05:37:05+00:00,15512191,67551219938,51395476801087054472700,0,55908924978031431,1.3143417308772052
2025-06-09 05:37:07+00:00,15512193,67551219939,51395476800328499846789,0,55908924978031431,1.3143417309160608
2025-06-09 05:37:16+00:00,15512202,67551219872,51395476749320791934779,0,55908924922544328,1.3143417309168692
2025-06-09 05:37:20+00:00,15512206,67551219873,51395476749320791934778,0,55908924922544328,1.3143417309363263
2025-06-09 05:37:49+00:00,15512235,67551219874,51395476748562237308901,0,55908924922544328,1.3143417309751817
2025-06-09 05:38:22+00:00,15512268,67551219873,51395476749562237308901,0,55908924922544328,1.3143417309301517
2025-06-09 05:38:27+00:00,15512273,67551219872,51395476750562237308901,0,55908924922544328,1.3143417308851217
2025-06-09 05:38:32+00:00,15512278,67551219886,51395476759803682682993,0,55908924933303808,1.3143417309211867
2025-06-09 05:38:32+00:00,15512278,67551219885,51395476760562237308901,0,55908924933303808,1.3143417308823313
2025-06-09 05:39:15+00:00,15512321,67551219887,51395476759045128057107,0,55908924933303808,1.3143417309600423
2025-06-09 05:39:58+00:00,15512364,67551219888,51395476758286573431244,0,55908924933303808,1.3143417309988978
2025-06-09 05:40:16+00:00,15512382,67551219889,51395476757528018805403,0,55908924933303808,1.3143417310377534
2025-06-09 05:40:21+00:00,15512387,67551219890,51395476756769464179585,0,55908924933303808,1.314341731076609
2025-06-09 05:40:27+00:00,15512393,67551219954,51395476805607493679633,0,55908924986273557,1.3143417310729149
2025-06-09 05:40:32+00:00,15512398,67551219887,51395476754599785769903,0,55908924930786454,1.3143417310737235
2025-06-09 05:40:36+00:00,15512402,67551219888,51395476754599785769902,0,55908924930786454,1.3143417310931804
2025-06-09 05:40:42+00:00,15512408,67551219889,51395476753841231144116,0,55908924930786454,1.314341731132036
2025-06-09 05:41:26+00:00,15512452,67551219890,51395476753082676518352,0,55908924930786454,1.3143417311708916
2025-06-09 05:41:38+00:00,15512464,67551219889,51395476754082676518352,0,55908924930786454,1.3143417311258616
2025-06-09 05:41:43+00:00,15512469,67551219888,51395476755082676518352,0,55908924930786454,1.3143417310808314
2025-06-09 05:41:52+00:00,15512478,67551219887,51395476754286651818510,0,55908924929920524,1.3143417310817314
2025-06-09 05:42:09+00:00,15512495,67551219888,51395476753528097192717,0,55908924929920524,1.314341731120587
2025-06-09 05:42:51+00:00,15512537,67551219889,51395476752769542566947,0,55908924929920524,1.3143417311594425
2025-06-09 05:43:31+00:00,15512577,67551219890,51395476752010987941199,0,55908924929920524,1.3143417311982981
2025-06-09 05:43:33+00:00,15512579,67551219891,51395476751252433315473,0,55908924929920524,1.3143417312371535
2025-06-09 05:43:36+00:00,15512582,67551219892,51395476750493878689770,0,55908924929920524,1.314341731276009
2025-06-09 05:43:42+00:00,15512588,67551219956,51395476799331908189818,0,55908924982890273,1.3143417312723151
2025-06-09 05:43:50+00:00,15512596,67551219957,51395476799331908189817,0,55908924982890273,1.314341731291772
2025-06-09 05:44:15+00:00,15512621,67551219958,51395476798573353564145,0,55908924982890273,1.3143417313306276
2025-06-09 05:44:53+00:00,15512659,67551219957,51395476799573353564145,0,55908924982890273,1.3143417312855974
2025-06-09 05:44:57+00:00,15512663,67551219956,51395476800573353564145,0,55908924982890273,1.3143417312405674
2025-06-09 05:44:58+00:00,15512664,67551219957,51395476799814798938444,0,55908924982890273,1.314341731279423
2025-06-09 05:45:07+00:00,15512673,67551219956,51395476799018774238651,0,55908924982024343,1.3143417312803227
2025-06-09 05:45:41+00:00,15512707,67551219957,51395476798260219612973,0,55908924982024343,1.3143417313191783
2025-06-09 05:46:24+00:00,15512750,67551219958,51395476797501664987317,0,55908924982024343,1.314341731358034
2025-06-09 05:46:48+00:00,15512774,67551219959,51395476796743110361684,0,55908924982024343,1.3143417313968895
2025-06-09 05:46:53+00:00,15512779,67551219960,51395476795984555736073,0,55908924982024343,1.314341731435745
2025-06-09 05:46:58+00:00,15512784,67551220024,51395476844822585236121,0,55908925034994092,1.314341731432051
2025-06-09 05:47:03+00:00,15512789,67551219957,51395476793814877331922,0,55908924979506989,1.3143417314328596
2025-06-09 05:47:08+00:00,15512794,67551219959,51395476793056322706331,0,55908924979506989,1.314341731491172
2025-06-09 05:47:08+00:00,15512794,67551219958,51395476793056322706332,0,55908924979506989,1.3143417314717152
2025-06-09 05:47:50+00:00,15512836,67551219960,51395476792297768080774,0,55908924979506989,1.3143417315300276
2025-06-09 05:48:10+00:00,15512856,67551219959,51395476793297768080774,0,55908924979506989,1.3143417314849977
2025-06-09 05:48:15+00:00,15512861,67551219958,51395476794297768080774,0,55908924979506989,1.3143417314399675
2025-06-09 05:48:20+00:00,15512866,67551219971,51395476804297768080774,0,55908924990266469,1.314341731437177
2025-06-09 05:48:33+00:00,15512879,67551219972,51395476803539213455186,0,55908924990266469,1.3143417314760326
2025-06-09 05:49:15+00:00,15512921,67551219973,51395476802780658829621,0,55908924990266469,1.3143417315148882
2025-06-09 05:49:58+00:00,15512964,67551219974,51395476802022104204078,0,55908924990266469,1.3143417315537438
2025-06-09 05:50:03+00:00,15512969,67551219975,51395476801263549578558,0,55908924990266469,1.3143417315925994
2025-06-09 05:50:08+00:00,15512974,67551219976,51395476800504994953060,0,55908924990266469,1.314341731631455
2025-06-09 05:50:14+00:00,15512980,67551220040,51395476849343024453108,0,55908925043236218,1.3143417316277608
2025-06-09 05:50:19+00:00,15512985,67551219973,51395476798335316551942,0,55908924987749115,1.3143417316285693
2025-06-09 05:50:23+00:00,15512989,67551219974,51395476798335316551941,0,55908924987749115,1.3143417316480264
2025-06-09 05:50:42+00:00,15513008,67551219975,51395476797576761926475,0,55908924987749115,1.314341731686882
2025-06-09 05:51:25+00:00,15513051,67551219975,51395476797818207301031,0,55908924987749115,1.3143417316807073
2025-06-09 05:51:25+00:00,15513051,67551219976,51395476796818207301031,0,55908924987749115,1.3143417317257375
2025-06-09 05:51:30+00:00,15513056,67551219974,51395476798818207301031,0,55908924987749115,1.3143417316356774
2025-06-09 05:51:35+00:00,15513061,67551219987,51395476808818207301031,0,55908924998508595,1.314341731632887
2025-06-09 05:51:40+00:00,15513066,67551219986,51395476808022182601321,0,55908924997642665,1.3143417316337866
2025-06-09 05:52:07+00:00,15513093,67551219987,51395476807263627975847,0,55908924997642665,1.3143417316726422
2025-06-09 05:52:50+00:00,15513136,67551219988,51395476806505073350395,0,55908924997642665,1.3143417317114978
2025-06-09 05:53:23+00:00,15513169,67551219989,51395476805746518724966,0,55908924997642665,1.3143417317503534
2025-06-09 05:53:32+00:00,15513178,67551219990,51395476804987964099559,0,55908924997642665,1.314341731789209
2025-06-09 05:53:33+00:00,15513179,67551220054,51395476853825993599607,0,55908925050612414,1.3143417317855148
2025-06-09 05:53:38+00:00,15513184,67551219987,51395476802818285700721,0,55908924995125311,1.3143417317863235
2025-06-09 05:54:14+00:00,15513220,67551219988,51395476802059731075335,0,55908924995125311,1.314341731825179
2025-06-09 05:54:43+00:00,15513249,67551219987,51395476803059731075335,0,55908924995125311,1.314341731780149
2025-06-09 05:54:48+00:00,15513254,67551219986,51395476804059731075335,0,55908924995125311,1.314341731735119
2025-06-09 05:54:53+00:00,15513259,67551219999,51395476814059731075335,0,55908925005884791,1.3143417317323285
2025-06-09 05:54:57+00:00,15513263,67551220000,51395476813301176449918,0,55908925005884791,1.314341731771184
2025-06-09 05:55:40+00:00,15513306,67551220001,51395476812542621824523,0,55908925005884791,1.3143417318100394
2025-06-09 05:56:23+00:00,15513349,67551220002,51395476811784067199150,0,55908925005884791,1.314341731848895
2025-06-09 05:56:37+00:00,15513363,67551220003,51395476811025512573800,0,55908925005884791,1.3143417318877506
2025-06-09 05:56:42+00:00,15513368,67551220004,51395476810266957948472,0,55908925005884791,1.3143417319266062
2025-06-09 05:56:48+00:00,15513374,67551220068,51395476859104987448520,0,55908925058854540,1.314341731922912
2025-06-09 05:56:57+00:00,15513383,67551220069,51395476859104987448519,0,55908925058854540,1.3143417319423691
2025-06-09 05:57:06+00:00,15513392,67551220070,51395476858346432823223,0,55908925058854540,1.3143417319812247
2025-06-09 05:57:48+00:00,15513434,67551220071,51395476857587878197949,0,55908925058854540,1.31434173202008
2025-06-09 05:58:01+00:00,15513447,67551220070,51395476858587878197949,0,55908925058854540,1.31434173197505
2025-06-09 05:58:06+00:00,15513452,67551220069,51395476859587878197949,0,55908925058854540,1.3143417319300201
2025-06-09 05:58:11+00:00,15513457,67551220082,51395476869587878197949,0,55908925069614020,1.3143417319272297
2025-06-09 05:58:32+00:00,15513478,67551220083,51395476868829323572644,0,55908925069614020,1.314341731966085
2025-06-09 05:59:15+00:00,15513521,67551220084,51395476868070768947362,0,55908925069614020,1.3143417320049406
2025-06-09 05:59:58+00:00,15513564,67551220086,51395476866553659696864,0,55908925069614020,1.3143417320826518
2025-06-09 05:59:58+00:00,15513564,67551220085,51395476867312214322102,0,55908925069614020,1.3143417320437962
2025-06-09 06:00:04+00:00,15513570,67551220087,51395476865795105071649,0,55908925069614020,1.3143417321215074
2025-06-09 06:00:10+00:00,15513576,67551220151,51395476914633134571697,0,55908925122583769,1.3143417321178132
2025-06-09 06:00:16+00:00,15513582,67551220084,51395476863625426678125,0,55908925067096666,1.314341732118622
2025-06-09 06:00:21+00:00,15513587,67551220085,51395476863625426678124,0,55908925067096666,1.3143417321380788
2025-06-09 06:00:42+00:00,15513608,67551220086,51395476862866872052941,0,55908925067096666,1.3143417321769344
2025-06-09 06:01:24+00:00,15513650,67551220085,51395476863866872052941,0,55908925067096666,1.3143417321319044
2025-06-09 06:01:26+00:00,15513652,67551220086,51395476863108317427754,0,55908925067096666,1.31434173217076
2025-06-09 06:01:29+00:00,15513655,67551220085,51395476864108317427754,0,55908925067096666,1.3143417321257298
2025-06-09 06:01:34+00:00,15513660,67551220098,51395476874108317427754,0,55908925077856146,1.3143417321229394
2025-06-09 06:02:09+00:00,15513695,67551220099,51395476873349762802562,0,55908925077856146,1.314341732161795
2025-06-09 06:02:52+00:00,15513738,67551220100,51395476872591208177392,0,55908925077856146,1.3143417322006505
2025-06-09 06:03:19+00:00,15513765,67551220101,51395476871832653552245,0,55908925077856146,1.3143417322395061
2025-06-09 06:03:23+00:00,15513769,67551220102,51395476871074098927120,0,55908925077856146,1.3143417322783617
2025-06-09 06:03:29+00:00,15513775,67551220166,51395476919912128427168,0,55908925130825895,1.3143417322746676
2025-06-09 06:03:35+00:00,15513781,67551220100,51395476868145865910772,0,55908925075338792,1.3143417323143316
2025-06-09 06:03:35+00:00,15513781,67551220099,51395476868904420535876,0,55908925075338792,1.3143417322754762
2025-06-09 06:04:19+00:00,15513825,67551220101,51395476867387311285691,0,55908925075338792,1.3143417323531872
2025-06-09 06:04:41+00:00,15513847,67551220100,51395476868387311285691,0,55908925075338792,1.3143417323081572
2025-06-09 06:04:46+00:00,15513852,67551220099,51395476869387311285691,0,55908925075338792,1.314341732263127
2025-06-09 06:04:55+00:00,15513861,67551220098,51395476868591286586137,0,55908925074472862,1.314341732264027
2025-06-09 06:05:02+00:00,15513868,67551220099,51395476867832731961026,0,55908925074472862,1.3143417323028825
2025-06-09 06:05:46+00:00,15513912,67551220100,51395476867074177335938,0,55908925074472862,1.3143417323417381
2025-06-09 06:06:29+00:00,15513955,67551220101,51395476866315622710872,0,55908925074472862,1.3143417323805937
2025-06-09 06:06:40+00:00,15513966,67551220102,51395476865557068085829,0,55908925074472862,1.3143417324194493
2025-06-09 06:06:45+00:00,15513971,67551220103,51395476864798513460808,0,55908925074472862,1.3143417324583047
2025-06-09 06:06:50+00:00,15513976,67551220167,51395476913636542960856,0,55908925127442611,1.3143417324546107
2025-06-09 06:06:55+00:00,15513981,67551220100,51395476862628835072706,0,55908925071955508,1.3143417324554192
2025-06-09 06:07:00+00:00,15513986,67551220101,51395476862628835072705,0,55908925071955508,1.3143417324748763
2025-06-09 06:07:12+00:00,15513998,67551220102,51395476861870280447716,0,55908925071955508,1.3143417325137319
2025-06-09 06:07:55+00:00,15514041,67551220103,51395476861111725822750,0,55908925071955508,1.3143417325525875
2025-06-09 06:08:02+00:00,15514048,67551220102,51395476862111725822750,0,55908925071955508,1.3143417325075573
2025-06-09 06:08:06+00:00,15514052,67551220101,51395476863111725822750,0,55908925071955508,1.3143417324625273
2025-06-09 06:08:11+00:00,15514057,67551220114,51395476873111725822750,0,55908925082714988,1.3143417324597368
2025-06-09 06:08:17+00:00,15514063,67551220113,51395476872315701123243,0,55908925081849058,1.3143417324606366
2025-06-09 06:08:37+00:00,15514083,67551220114,51395476871557146498246,0,55908925081849058,1.3143417324994922
2025-06-09 06:09:20+00:00,15514126,67551220115,51395476870798591873271,0,55908925081849058,1.3143417325383477
2025-06-09 06:09:59+00:00,15514165,67551220116,51395476870040037248319,0,55908925081849058,1.3143417325772033
2025-06-09 06:10:02+00:00,15514168,67551220117,51395476869281482623389,0,55908925081849058,1.314341732616059
2025-06-09 06:10:10+00:00,15514176,67551220181,51395476918119512123437,0,55908925134818807,1.3143417326123648
2025-06-09 06:10:15+00:00,15514181,67551220114,51395476867111804237567,0,55908925079331704,1.3143417326131734
2025-06-09 06:10:21+00:00,15514187,67551220115,51395476867111804237566,0,55908925079331704,1.3143417326326303
2025-06-09 06:10:45+00:00,15514211,67551220116,51395476866353249612668,0,55908925079331704,1.314341732671486
2025-06-09 06:11:23+00:00,15514249,67551220115,51395476867353249612668,0,55908925079331704,1.314341732626456
2025-06-09 06:11:28+00:00,15514254,67551220114,51395476868353249612668,0,55908925079331704,1.3143417325814257
2025-06-09 06:11:31+00:00,15514257,67551220115,51395476867594694987741,0,55908925079331704,1.3143417326202813
2025-06-09 06:11:33+00:00,15514259,67551220128,51395476877594694987741,0,55908925090091184,1.3143417326174909
2025-06-09 06:12:14+00:00,15514300,67551220129,51395476876836140362834,0,55908925090091184,1.3143417326563465
2025-06-09 06:12:58+00:00,15514344,67551220130,51395476876077585737950,0,55908925090091184,1.314341732695202
2025-06-09 06:13:19+00:00,15514365,67551220131,51395476875319031113088,0,55908925090091184,1.3143417327340576
2025-06-09 06:13:23+00:00,15514369,67551220132,51395476874560476488249,0,55908925090091184,1.314341732772913
2025-06-09 06:13:29+00:00,15514375,67551220196,51395476923398505988297,0,55908925143060933,1.314341732769219
2025-06-09 06:13:34+00:00,15514380,67551220129,51395476872390798104708,0,55908925087573830,1.3143417327700275
2025-06-09 06:13:39+00:00,15514385,67551220130,51395476872390798104707,0,55908925087573830,1.3143417327894846
2025-06-09 06:13:41+00:00,15514387,67551220131,51395476871632243479900,0,55908925087573830,1.3143417328283402
2025-06-09 06:14:23+00:00,15514429,67551220132,51395476870873688855115,0,55908925087573830,1.3143417328671956
2025-06-09 06:14:41+00:00,15514447,67551220131,51395476871873688855115,0,55908925087573830,1.3143417328221656
2025-06-09 06:14:46+00:00,15514452,67551220130,51395476872873688855115,0,55908925087573830,1.3143417327771356
2025-06-09 06:14:51+00:00,15514457,67551220143,51395476882873688855115,0,55908925098333310,1.3143417327743452
2025-06-09 06:15:07+00:00,15514473,67551220144,51395476882115134230299,0,55908925098333310,1.3143417328132005
2025-06-09 06:15:50+00:00,15514516,67551220145,51395476881356579605505,0,55908925098333310,1.3143417328520561
2025-06-09 06:16:33+00:00,15514559,67551220146,51395476880598024980734,0,55908925098333310,1.3143417328909117
2025-06-09 06:16:38+00:00,15514564,67551220147,51395476879839470355985,0,55908925098333310,1.3143417329297673
2025-06-09 06:16:43+00:00,15514569,67551220148,51395476879080915731259,0,55908925098333310,1.3143417329686229
2025-06-09 06:16:49+00:00,15514575,67551220212,51395476927918945231307,0,55908925151303059,1.3143417329649287
2025-06-09 06:16:54+00:00,15514580,67551220145,51395476876911237350751,0,55908925095815956,1.3143417329657374
2025-06-09 06:17:16+00:00,15514602,67551220146,51395476876152682726045,0,55908925095815956,1.314341733004593
2025-06-09 06:17:58+00:00,15514644,67551220147,51395476875394128101362,0,55908925095815956,1.3143417330434486
2025-06-09 06:18:00+00:00,15514646,67551220146,51395476876394128101362,0,55908925095815956,1.3143417329984184
2025-06-09 06:18:05+00:00,15514651,67551220145,51395476877394128101362,0,55908925095815956,1.3143417329533884
2025-06-09 06:18:10+00:00,15514656,67551220158,51395476887394128101362,0,55908925106575436,1.314341732950598
2025-06-09 06:18:15+00:00,15514661,67551220157,51395476886598103401974,0,55908925105709506,1.3143417329514977
2025-06-09 06:18:42+00:00,15514688,67551220158,51395476885839548777260,0,55908925105709506,1.3143417329903533
2025-06-09 06:19:24+00:00,15514730,67551220159,51395476885080994152569,0,55908925105709506,1.3143417330292089
2025-06-09 06:19:56+00:00,15514762,67551220160,51395476884322439527900,0,55908925105709506,1.3143417330680645
2025-06-09 06:20:06+00:00,15514772,67551220224,51395476933160469027948,0,55908925158679255,1.3143417330643703
2025-06-09 06:20:07+00:00,15514773,67551220225,51395476932401914403299,0,55908925158679255,1.3143417331032259
2025-06-09 06:20:16+00:00,15514782,67551220226,51395476932401914403298,0,55908925158679255,1.3143417331226828
2025-06-09 06:20:51+00:00,15514817,67551220227,51395476931643359778683,0,55908925158679255,1.3143417331615384
2025-06-09 06:21:19+00:00,15514845,67551220226,51395476932643359778683,0,55908925158679255,1.3143417331165084
2025-06-09 06:21:24+00:00,15514850,67551220225,51395476933643359778683,0,55908925158679255,1.3143417330714784
2025-06-09 06:21:29+00:00,15514855,67551220238,51395476943643359778683,0,55908925169438735,1.3143417330686877
2025-06-09 06:21:35+00:00,15514861,67551220239,51395476942884805154037,0,55908925169438735,1.3143417331075433
2025-06-09 06:22:18+00:00,15514904,67551220240,51395476942126250529413,0,55908925169438735,1.314341733146399
2025-06-09 06:23:00+00:00,15514946,67551220241,51395476941367695904812,0,55908925169438735,1.3143417331852545
2025-06-09 06:23:15+00:00,15514961,67551220242,51395476940609141280233,0,55908925169438735,1.31434173322411
2025-06-09 06:23:20+00:00,15514966,67551220243,51395476939850586655677,0,55908925169438735,1.3143417332629657
2025-06-09 06:23:26+00:00,15514972,67551220307,51395476988688616155725,0,55908925222408484,1.3143417332592715
2025-06-09 06:23:31+00:00,15514977,67551220240,51395476937680908279730,0,55908925166921381,1.3143417332600802
2025-06-09 06:23:36+00:00,15514982,67551220241,51395476937680908279729,0,55908925166921381,1.314341733279537
2025-06-09 06:23:42+00:00,15514988,67551220242,51395476936922353655205,0,55908925166921381,1.3143417333183927
2025-06-09 06:24:24+00:00,15515030,67551220243,51395476936163799030703,0,55908925166921381,1.3143417333572482
2025-06-09 06:24:39+00:00,15515045,67551220242,51395476937163799030703,0,55908925166921381,1.314341733312218
2025-06-09 06:24:44+00:00,15515050,67551220241,51395476938163799030703,0,55908925166921381,1.314341733267188
2025-06-09 06:24:49+00:00,15515055,67551220254,51395476948163799030703,0,55908925177680861,1.3143417332643976
2025-06-09 06:24:54+00:00,15515060,67551220253,51395476947367774331386,0,55908925176814931,1.3143417332652976
2025-06-09 06:25:06+00:00,15515072,67551220254,51395476946609219706853,0,55908925176814931,1.314341733304153
2025-06-09 06:25:49+00:00,15515115,67551220255,51395476945850665082343,0,55908925176814931,1.3143417333430085
2025-06-09 06:26:31+00:00,15515157,67551220256,51395476945092110457855,0,55908925176814931,1.314341733381864
2025-06-09 06:26:38+00:00,15515164,67551220257,51395476944333555833390,0,55908925176814931,1.3143417334207197
2025-06-09 06:26:42+00:00,15515168,67551220258,51395476943575001208947,0,55908925176814931,1.3143417334595753
2025-06-09 06:26:48+00:00,15515174,67551220322,51395476992413030708995,0,55908925229784680,1.3143417334558811
2025-06-09 06:26:53+00:00,15515179,67551220255,51395476941405322836033,0,55908925174297577,1.3143417334566898
2025-06-09 06:26:58+00:00,15515184,67551220256,51395476941405322836032,0,55908925174297577,1.3143417334761467
2025-06-09 06:27:14+00:00,15515200,67551220257,51395476940646768211621,0,55908925174297577,1.3143417335150023
2025-06-09 06:27:57+00:00,15515243,67551220258,51395476939888213587232,0,55908925174297577,1.3143417335538579
2025-06-09 06:28:00+00:00,15515246,67551220257,51395476940888213587232,0,55908925174297577,1.3143417335088279
2025-06-09 06:28:05+00:00,15515251,67551220256,51395476941888213587232,0,55908925174297577,1.3143417334637977
2025-06-09 06:28:14+00:00,15515260,67551220255,51395476941092188887964,0,55908925173431647,1.3143417334646976
2025-06-09 06:28:40+00:00,15515286,67551220256,51395476940333634263546,0,55908925173431647,1.3143417335035532
2025-06-09 06:29:23+00:00,15515329,67551220257,51395476939575079639151,0,55908925173431647,1.3143417335424088
2025-06-09 06:29:56+00:00,15515362,67551220258,51395476938816525014778,0,55908925173431647,1.3143417335812642
2025-06-09 06:30:01+00:00,15515367,67551220259,51395476938057970390428,0,55908925173431647,1.3143417336201197
2025-06-09 06:30:06+00:00,15515372,67551220260,51395476937299415766100,0,55908925173431647,1.3143417336589753
2025-06-09 06:30:07+00:00,15515373,67551220324,51395476986137445266148,0,55908925226401396,1.3143417336552812
2025-06-09 06:30:12+00:00,15515378,67551220257,51395476935129737396328,0,55908925170914293,1.3143417336560899
2025-06-09 06:30:18+00:00,15515384,67551220258,51395476935129737396327,0,55908925170914293,1.3143417336755467
2025-06-09 06:30:50+00:00,15515416,67551220259,51395476934371182772031,0,55908925170914293,1.3143417337144023
2025-06-09 06:31:22+00:00,15515448,67551220258,51395476935371182772031,0,55908925170914293,1.3143417336693723
2025-06-09 06:31:27+00:00,15515453,67551220257,51395476936371182772031,0,55908925170914293,1.3143417336243424
2025-06-09 06:31:32+00:00,15515458,67551220270,51395476946371182772031,0,55908925181673773,1.3143417336215517
2025-06-09 06:31:34+00:00,15515460,67551220271,51395476945612628147704,0,55908925181673773,1.3143417336604073
2025-06-09 06:31:37+00:00,15515463,67551220270,51395476944816603448483,0,55908925180807843,1.3143417336613072
2025-06-09 06:32:09+00:00,15515495,67551207167,51395486944816603448483,0,55908925180807843,1.3143412229857812
2025-06-09 06:32:17+00:00,15515503,67551207168,51395486944058048529449,0,55908925180807843,1.3143412230246367
2025-06-09 06:32:32+00:00,15515518,67551197169,51395479335686659689824,0,55908916904286070,1.3143412230440188
2025-06-09 06:32:54+00:00,15515540,67551184066,51395489335686659689824,0,55908916904286070,1.3143407123686157
2025-06-09 06:33:00+00:00,15515546,67551184067,51395489334928104476094,0,55908916904286070,1.3143407124074713
2025-06-09 06:33:24+00:00,15515570,67551184068,51395489334169549262387,0,55908916904286070,1.3143407124463269
2025-06-09 06:33:29+00:00,15515575,67551184069,51395489333410994048702,0,55908916904286070,1.3143407124851825
2025-06-09 06:33:35+00:00,15515581,67551184133,51395489382249023548750,0,55908916957255839,1.3143407124814892
2025-06-09 06:33:43+00:00,15515589,67551171031,51395499381490468040355,0,55908916957255839,1.3143402018451409
2025-06-09 06:33:43+00:00,15515589,67551171030,51395499382249023548750,0,55908916957255839,1.3143402018062855
2025-06-09 06:33:45+00:00,15515591,67551171032,51395499381490468040354,0,55908916957255839,1.314340201864598
2025-06-09 06:34:23+00:00,15515629,67551157929,51395509381490468040354,0,55908916957255839,1.3143396911895928
2025-06-09 06:34:39+00:00,15515645,67551144826,51395519381490468040354,0,55908916957255839,1.3143391805147864
2025-06-09 06:34:49+00:00,15515655,67551144825,51395519382490468040354,0,55908916957255839,1.3143391804697564
2025-06-09 06:34:54+00:00,15515660,67551144824,51395519383490468040354,0,55908916957255839,1.3143391804247264
2025-06-09 06:34:59+00:00,15515665,67551144837,51395519393490468040354,0,55908916968015329,1.3143391804219364
2025-06-09 06:35:04+00:00,15515670,67551144836,51395519392694442566746,0,55908916967149399,1.3143391804228362
2025-06-09 06:35:09+00:00,15515675,67551144837,51395519391935886468872,0,55908916967149399,1.3143391804616917
2025-06-09 06:35:52+00:00,15515718,67551144838,51395519391177330371020,0,55908916967149399,1.3143391805005473
2025-06-09 06:36:04+00:00,15515730,67551131735,51395529391177330371020,0,55908916967149399,1.3143386698259396
2025-06-09 06:36:14+00:00,15515740,67551118632,51395539391177330371020,0,55908916967149399,1.3143381591515308
2025-06-09 06:36:35+00:00,15515761,67551118633,51395539390418773683730,0,55908916967149399,1.3143381591903862
2025-06-09 06:36:49+00:00,15515775,67551118634,51395539389660216996463,0,55908916967149399,1.3143381592292418
2025-06-09 06:36:50+00:00,15515776,67551105531,51395549389660216996463,0,55908916967149399,1.3143376485550315
2025-06-09 06:36:55+00:00,15515781,67551105532,51395549388901660014488,0,55908916967149399,1.3143376485938871
2025-06-09 06:37:00+00:00,15515786,67551105596,51395549437739689514536,0,55908917020119230,1.314337648590197
2025-06-09 06:37:05+00:00,15515791,67551105529,51395549386731902252851,0,55908916964632127,1.3143376485910034
2025-06-09 06:37:11+00:00,15515797,67551105530,51395549386731902252850,0,55908916964632127,1.3143376486104605
2025-06-09 06:37:17+00:00,15515803,67551105531,51395549385973345270907,0,55908916964632127,1.314337648649316
2025-06-09 06:37:18+00:00,15515804,67551115531,51395556994368349611334,0,55908925241168317,1.314337648649316
2025-06-09 06:37:38+00:00,15515824,67551125531,51395564602763353951761,0,55908933517704507,1.314337648649316
2025-06-09 06:37:58+00:00,15515844,67551105532,51395549385973346481811,0,55908916964632127,1.3143376486687728
2025-06-09 06:38:00+00:00,15515846,67551105533,51395549385214789499901,0,55908916964632127,1.3143376487076284
2025-06-09 06:38:07+00:00,15515853,67551092430,51395559385214789499901,0,55908916964632127,1.3143371380336168
2025-06-09 06:38:15+00:00,15515861,67551092429,51395559386214789499901,0,55908916964632127,1.3143371379885869
2025-06-09 06:38:20+00:00,15515866,67551092428,51395559387214789499901,0,55908916964632127,1.3143371379435569
2025-06-09 06:38:25+00:00,15515871,67551092441,51395559397214789499901,0,55908916975391626,1.3143371379407673
2025-06-09 06:38:30+00:00,15515876,67551192440,51395483540803051945132,0,55908916974525696,1.3143410234942312
2025-06-09 06:38:30+00:00,15515876,67551092440,51395559396418763406811,0,55908916974525696,1.3143371379416673
2025-06-09 06:38:43+00:00,15515889,67551192441,51395483540044496910964,0,55908916974525696,1.3143410235330868
2025-06-09 06:38:56+00:00,15515902,67551202441,51395491148419964884221,0,55908925251051239,1.3143410235330868
2025-06-09 06:39:16+00:00,15515922,67551212441,51395498756795432857478,0,55908933527576782,1.3143410235330868
2025-06-09 06:39:26+00:00,15515932,67551212442,51395498756036877823333,0,55908933527576782,1.3143410235719424
2025-06-09 06:39:44+00:00,15515950,67551199339,51395508756036877823333,0,55908933527576782,1.3143405128967711
2025-06-09 06:39:53+00:00,15515959,67551186236,51395518756036877823333,0,55908933527576782,1.3143400022217986
2025-06-09 06:40:10+00:00,15515976,67551186237,51395518755278322199751,0,55908933527576782,1.3143400022606542
2025-06-09 06:40:20+00:00,15515986,67551186238,51395518754519766576191,0,55908933527576782,1.3143400022995095
2025-06-09 06:40:26+00:00,15515992,67551186302,51395518803357796076239,0,55908933580546566,1.3143400022958172
2025-06-09 06:40:31+00:00,15515997,67551186235,51395518752350054326491,0,55908933525059463,1.314340002296625
2025-06-09 06:40:36+00:00,15516002,67551186236,51395518752350054326490,0,55908933525059463,1.3143400023160818
2025-06-09 06:40:42+00:00,15516008,67551173133,51395528752350054326490,0,55908933525059463,1.314339491641308
2025-06-09 06:40:52+00:00,15516018,67551153134,51395513535590238145979,0,55908916972008377,1.3143394916605384
2025-06-09 06:40:55+00:00,15516021,67551153135,51395513534831682227732,0,55908916972008377,1.314339491699394
2025-06-09 06:41:36+00:00,15516062,67551163135,51395521143216017594812,0,55908925248538736,1.314339491699394
2025-06-09 06:41:39+00:00,15516065,67551163136,51395521142457461676588,0,55908925248538736,1.3143394917382496
2025-06-09 06:41:45+00:00,15516071,67551163135,51395521143457461676588,0,55908925248538736,1.3143394916932196
2025-06-09 06:41:50+00:00,15516076,67551163148,51395521153457461676588,0,55908925259298225,1.3143394916904296
2025-06-09 06:41:55+00:00,15516081,67551163147,51395521152661436293772,0,55908925258432295,1.3143394916913294
2025-06-09 06:42:22+00:00,15516108,67551163148,51395521151902880375543,0,55908925258432295,1.314339491730185
2025-06-09 06:42:28+00:00,15516114,67551173148,51395528760287215564382,0,55908933534962654,1.314339491730185
2025-06-09 06:42:42+00:00,15516128,67551183148,51395536368671550753221,0,55908941811493013,1.314339491730185
2025-06-09 06:43:04+00:00,15516150,67551183149,51395536367912994835014,0,55908941811493013,1.3143394917690405
2025-06-09 06:43:05+00:00,15516151,67551170046,51395546367912994835014,0,55908941811493013,1.314338981094541
2025-06-09 06:43:21+00:00,15516167,67551140047,51395523542755548697438,0,55908916981901936,1.3143389811138846
2025-06-09 06:43:30+00:00,15516176,67551126944,51395533542755548697438,0,55908916981901936,1.314338470439357
2025-06-09 06:43:41+00:00,15516187,67551126945,51395533541996992189805,0,55908916981901936,1.3143384704782126
2025-06-09 06:43:47+00:00,15516193,67551126946,51395533541238435682194,0,55908916981901936,1.3143384705170682
2025-06-09 06:43:49+00:00,15516195,67551113843,51395543541238435682194,0,55908916981901936,1.3143379598427392
2025-06-09 06:43:56+00:00,15516202,67551113776,51395543490230654237656,0,55908916926414833,1.314337959843546
2025-06-09 06:44:01+00:00,15516207,67551113777,51395543490230654237655,0,55908916926414833,1.314337959863003
2025-06-09 06:44:29+00:00,15516235,67551113778,51395543489472097435348,0,55908916926414833,1.3143379599018585
2025-06-09 06:44:30+00:00,15516236,67551123778,51395551097865300007614,0,55908925202950007,1.3143379599018585
2025-06-09 06:44:40+00:00,15516246,67551110675,51395561097865300007614,0,55908925202950007,1.3143374492278033
2025-06-09 06:44:50+00:00,15516256,67551097572,51395571097865300007614,0,55908925202950007,1.314336938553947
2025-06-09 06:44:59+00:00,15516265,67551084469,51395581097865300007614,0,55908925202950007,1.3143364278802894
2025-06-09 06:45:06+00:00,15516272,67551084468,51395581098865300007614,0,55908925202950007,1.3143364278352596
2025-06-09 06:45:09+00:00,15516275,67551071365,51395591098865300007614,0,55908925202950007,1.3143359171618005
2025-06-09 06:45:11+00:00,15516277,67551071364,51395591099865300007614,0,55908925202950007,1.3143359171167708
2025-06-09 06:45:17+00:00,15516283,67551071377,51395591109865300007614,0,55908925213709511,1.3143359171139815
2025-06-09 06:45:18+00:00,15516284,67551171377,51395515254179129701513,0,55908925213709511,1.314339802664148
2025-06-09 06:45:34+00:00,15516300,67551158274,51395525254179129701513,0,55908925213709511,1.3143392919893782
2025-06-09 06:45:55+00:00,15516321,67551145171,51395535254179129701513,0,55908925213709511,1.314338781314807
2025-06-09 06:45:56+00:00,15516322,67551145172,51395535253420573373298,0,55908925213709511,1.3143387813536627
2025-06-09 06:46:15+00:00,15516341,67551155172,51395542861809020757319,0,55908933490242065,1.3143387813536627
2025-06-09 06:46:24+00:00,15516350,67551142069,51395552861809020757319,0,55908933490242065,1.3143382706793658
2025-06-09 06:46:40+00:00,15516366,67551142070,51395552861050464134396,0,55908933490242065,1.3143382707182214
2025-06-09 06:46:43+00:00,15516369,67551128967,51395562861050464134396,0,55908933490242065,1.3143377600441233
2025-06-09 06:46:58+00:00,15516384,67551115864,51395572861050464134396,0,55908933490242065,1.314337249370224
2025-06-09 06:47:09+00:00,15516395,67551115865,51395572860291906922035,0,55908933490242065,1.3143372494090795
2025-06-09 06:47:14+00:00,15516400,67551115866,51395572859533349709696,0,55908933490242065,1.314337249447935
2025-06-09 06:47:20+00:00,15516406,67551115930,51395572908371379209744,0,55908933543211904,1.3143372494442451
2025-06-09 06:47:22+00:00,15516408,67551115931,51395572907612821997426,0,55908933543211904,1.3143372494831007
2025-06-09 06:47:25+00:00,15516411,67551115864,51395572856605026517576,0,55908933487724801,1.314337249483907
2025-06-09 06:47:30+00:00,15516416,67551115865,51395572856605026517575,0,55908933487724801,1.3143372495033638
2025-06-09 06:48:05+00:00,15516451,67551115866,51395572855846469305291,0,55908933487724801,1.3143372495422194
2025-06-09 06:48:19+00:00,15516465,67551102763,51395582855846469305291,0,55908933487724801,1.3143367388685188
2025-06-09 06:48:35+00:00,15516481,67551102762,51395582856846469305291,0,55908933487724801,1.3143367388234888
2025-06-09 06:48:40+00:00,15516486,67551102761,51395582857846469305291,0,55908933487724801,1.314336738778459
2025-06-09 06:48:45+00:00,15516491,67551102774,51395582867846469305291,0,55908933498484301,1.3143367387756695
2025-06-09 06:48:50+00:00,15516496,67551102773,51395582867050443083937,0,55908933497618371,1.3143367387765694
2025-06-09 06:49:23+00:00,15516529,67551112773,51395590475450714469754,0,55908941774157347,1.3143367387765694
2025-06-09 06:49:32+00:00,15516538,67551099671,51395600474692156962709,0,55908941774157347,1.3143362281419986
2025-06-09 06:49:32+00:00,15516538,67551112774,51395590474692156962709,0,55908941774157347,1.3143367388154248
2025-06-09 06:50:00+00:00,15516566,67551109671,51395608083095384298551,0,55908950050697928,1.3143362281419986
2025-06-09 06:50:16+00:00,15516582,67551109672,51395608082336826496797,0,55908950050697928,1.314336228180854
2025-06-09 06:50:29+00:00,15516595,67551119672,51395615690740053607713,0,55908958327238509,1.314336228180854
2025-06-09 06:50:37+00:00,15516603,67551119673,51395615689981495805982,0,55908958327238509,1.3143362282197095
2025-06-09 06:50:40+00:00,15516606,67551069674,51395577647979186791596,0,55908916944550643,1.314336228238813
2025-06-09 06:50:42+00:00,15516608,67551069675,51395577647220628989898,0,55908916944550643,1.3143362282776683
2025-06-09 06:50:48+00:00,15516614,67551069739,51395577696058658489946,0,55908916997520502,1.3143362282739794
2025-06-09 06:50:52+00:00,15516618,67551069672,51395577645050843162524,0,55908916942033399,1.3143362282747852
2025-06-09 06:50:54+00:00,15516620,67551079672,51395585253454069729692,0,55908925218573979,1.3143362282747852
2025-06-09 06:50:57+00:00,15516623,67551079673,51395585253454069729691,0,55908925218573979,1.3143362282942423
2025-06-09 06:51:02+00:00,15516628,67551079674,51395585252695511928025,0,55908925218573979,1.3143362283330977
2025-06-09 06:51:09+00:00,15516635,67551089674,51395592861098738157636,0,55908933495114559,1.3143362283330977
2025-06-09 06:51:25+00:00,15516651,67551076571,51395602861098738157636,0,55908933495114559,1.3143357176597945
2025-06-09 06:51:46+00:00,15516672,67551076572,51395602860340180061262,0,55908933495114559,1.31433571769865
2025-06-09 06:51:54+00:00,15516680,67551086572,51395610468746362242482,0,55908941771656744,1.31433571769865
2025-06-09 06:52:04+00:00,15516690,67551086571,51395610469746362242482,0,55908941771656744,1.3143357176536201
2025-06-09 06:52:09+00:00,15516695,67551086570,51395610470746362242482,0,55908941771656744,1.3143357176085904
2025-06-09 06:52:14+00:00,15516700,67551086583,51395610480746362242482,0,55908941782416248,1.314335717605801
2025-06-09 06:52:19+00:00,15516705,67551086582,51395610479950335711399,0,55908941781550318,1.3143357176067008
2025-06-09 06:52:30+00:00,15516716,67551086583,51395610479191777614994,0,55908941781550318,1.3143357176455563
2025-06-09 06:52:42+00:00,15516728,67551096583,51395618087597960103562,0,55908950058092504,1.3143357176455563
2025-06-09 06:52:59+00:00,15516745,67551083480,51395628087597960103562,0,55908950058092504,1.314335206972603
2025-06-09 06:53:14+00:00,15516760,67551093481,51395635695248540377823,0,55908958334636295,1.3143352070114587
2025-06-09 06:53:14+00:00,15516760,67551093480,51395635696007098768936,0,55908958334636295,1.314335206972603
2025-06-09 06:53:29+00:00,15516775,67551080378,51395645695248540377823,0,55908958334636295,1.3143346963387796
2025-06-09 06:54:00+00:00,15516806,67551080379,51395645694489981692001,0,55908958334636295,1.3143346963776352
2025-06-09 06:54:05+00:00,15516811,67551080380,51395645693731423006202,0,55908958334636295,1.3143346964164906
2025-06-09 06:54:10+00:00,15516816,67551080381,51395645692972864320425,0,55908958334636295,1.314334696455346
2025-06-09 06:54:16+00:00,15516822,67551080445,51395645741810893820473,0,55908958387606185,1.3143346964516587
2025-06-09 06:54:21+00:00,15516827,67551080378,51395645690803048722441,0,55908958332119082,1.3143346964524638
2025-06-09 06:54:26+00:00,15516832,67551080379,51395645690803048722440,0,55908958332119082,1.3143346964719207
2025-06-09 06:54:45+00:00,15516851,67551080380,51395645690044490036695,0,55908958332119082,1.314334696510776
2025-06-09 06:54:50+00:00,15516856,67551030381,51395607648000254958581,0,55908916949409760,1.314334696529818
2025-06-09 06:54:59+00:00,15516865,67551017278,51395617648000254958581,0,55908916949409760,1.3143341858569595
2025-06-09 06:55:29+00:00,15516895,67551017279,51395617647241695978138,0,55908916949409760,1.314334185895815
2025-06-09 06:55:31+00:00,15516897,67551017278,51395617648241695978138,0,55908916949409760,1.3143341858507853
2025-06-09 06:55:36+00:00,15516902,67551017277,51395617649241695978138,0,55908916949409760,1.3143341858057556
2025-06-09 06:55:41+00:00,15516907,67551017290,51395617659241695978138,0,55908916960169271,1.3143341858029665
2025-06-09 06:55:46+00:00,15516912,67551017289,51395617658445668982456,0,55908916959303341,1.3143341858038662
2025-06-09 06:55:57+00:00,15516923,67551004186,51395627658445668982456,0,55908916959303341,1.314333675131207
2025-06-09 06:56:06+00:00,15516932,67550991083,51395637658445668982456,0,55908916959303341,1.3143331644587462
2025-06-09 06:56:13+00:00,15516939,67550991084,51395637657687109412520,0,55908916959303341,1.3143331644976015
2025-06-09 06:56:17+00:00,15516943,67550977981,51395647657687109412520,0,55908916959303341,1.3143326538253397
2025-06-09 06:56:31+00:00,15516957,67550987981,51395655266111027737302,0,55908925235855158,1.3143326538253397
2025-06-09 06:56:41+00:00,15516967,67550974878,51395665266111027737302,0,55908925235855158,1.314332143153352
2025-06-09 06:56:50+00:00,15516976,67551074878,51395589410207046306053,0,55908925235855158,1.3143360286979122
2025-06-09 06:56:56+00:00,15516982,67551074879,51395589409448488389192,0,55908925235855158,1.3143360287367676
2025-06-09 06:57:10+00:00,15516996,67551064879,51395581801034319845027,0,55908916959303341,1.314336028737018
2025-06-09 06:57:32+00:00,15517018,67551064880,51395581800275761928188,0,55908916959303341,1.3143360287758734
2025-06-09 06:57:37+00:00,15517023,67551064881,51395581799517204011372,0,55908916959303341,1.314336028814729
2025-06-09 06:57:39+00:00,15517025,67551064882,51395581798758646094578,0,55908916959303341,1.3143360288535844
2025-06-09 06:57:48+00:00,15517034,67551064815,51395581747750826660543,0,55908916903816238,1.3143360288543902
2025-06-09 06:57:53+00:00,15517039,67551064816,51395581747750826660542,0,55908916903816238,1.314336028873847
2025-06-09 06:57:59+00:00,15517045,67551074816,51395589356155207516042,0,55908925180357408,1.314336028873847
2025-06-09 06:58:12+00:00,15517058,67551064817,51395581747750826812957,0,55908916903816238,1.314336028893304
2025-06-09 06:58:22+00:00,15517068,67551064818,51395581746992268896209,0,55908916903816238,1.3143360289321595
2025-06-09 06:58:59+00:00,15517105,67551064817,51395581747992268896209,0,55908916903816238,1.3143360288871297
2025-06-09 06:59:00+00:00,15517106,67551051714,51395591747992268896209,0,55908916903816238,1.3143355182137548
2025-06-09 06:59:06+00:00,15517112,67551051715,51395591747233710684726,0,55908916903816238,1.3143355182526102
2025-06-09 06:59:09+00:00,15517115,67551051728,51395591757233710684726,0,55908916914575743,1.314335518249821
2025-06-09 06:59:14+00:00,15517120,67551051727,51395591756437684089571,0,55908916913709813,1.3143355182507208
2025-06-09 06:59:15+00:00,15517121,67551061727,51395599364845020832040,0,55908925190252588,1.3143355182507208
2025-06-09 06:59:31+00:00,15517137,67551051728,51395591756437684393655,0,55908916913709813,1.3143355182701777
2025-06-09 06:59:49+00:00,15517155,67551051729,51395591755679126182205,0,55908916913709813,1.3143355183090333
2025-06-09 06:59:58+00:00,15517164,67551038626,51395601755679126182205,0,55908916913709813,1.314335007635857
2025-06-09 07:00:34+00:00,15517200,67551038627,51395601754920567676046,0,55908916913709813,1.3143350076747127
2025-06-09 07:00:39+00:00,15517205,67551025524,51395611754920567676046,0,55908916913709813,1.3143344970017354
2025-06-09 07:00:49+00:00,15517215,67551012421,51395621754920567676046,0,55908916913709813,1.3143339863289567
2025-06-09 07:01:03+00:00,15517229,67551012422,51395621754162008580447,0,55908925190257404,1.314333986367812
2025-06-09 07:01:03+00:00,15517229,67551022422,51395629362578213075924,0,55908925190257404,1.314333986367812
2025-06-09 07:01:08+00:00,15517234,67551022423,51395629361819653980347,0,55908925190257404,1.3143339864066677
2025-06-09 07:01:14+00:00,15517240,67551022487,51395629410657683480395,0,55908925243227308,1.3143339864029808
2025-06-09 07:01:19+00:00,15517245,67551022488,51395629409899124384839,0,55908925243227308,1.3143339864418364
2025-06-09 07:01:20+00:00,15517246,67551022421,51395629358891265256616,0,55908925187740205,1.314333986442641
2025-06-09 07:01:25+00:00,15517251,67551022422,51395629358891265256615,0,55908925187740205,1.314333986462098
2025-06-09 07:01:33+00:00,15517259,67551009319,51395639358891265256615,0,55908925187740205,1.3143334757895937
2025-06-09 07:02:04+00:00,15517290,67551009320,51395639358132705866362,0,55908925187740205,1.314333475828449
2025-06-09 07:02:16+00:00,15517302,67551019320,51395646966551865773106,0,55908933464289401,1.314333475828449
2025-06-09 07:02:32+00:00,15517318,67551019319,51395646967551865773106,0,55908933464289401,1.3143334757834193
2025-06-09 07:02:33+00:00,15517319,67550999320,51395631750715021125168,0,55908916911192614,1.3143334758028384
2025-06-09 07:02:42+00:00,15517328,67550999333,51395631760715021125168,0,55908916921952127,1.3143334758000496
2025-06-09 07:02:47+00:00,15517333,67550999332,51395631759918993910535,0,55908916921086197,1.3143334758009495
2025-06-09 07:02:48+00:00,15517334,67550999333,51395631759160434520288,0,55908916921086197,1.3143334758398049
2025-06-09 07:02:55+00:00,15517341,67550986230,51395641759160434520288,0,55908916921086197,1.3143329651674238
2025-06-09 07:03:21+00:00,15517367,67550973127,51395651759160434520288,0,55908916921086197,1.3143324544952413
2025-06-09 07:03:32+00:00,15517378,67550973128,51395651758401874540600,0,55908916921086197,1.3143324545340966
2025-06-09 07:03:55+00:00,15517401,67550983128,51395659366826946524986,0,55908925197638603,1.3143324545340966
2025-06-09 07:04:10+00:00,15517416,67550993128,51395666975252018509372,0,55908933474191009,1.3143324545340966
2025-06-09 07:04:16+00:00,15517422,67550993129,51395666974493458529707,0,55908933474191009,1.3143324545729522
2025-06-09 07:04:34+00:00,15517440,67550993130,51395666973734898550064,0,55908933474191009,1.3143324546118076
2025-06-09 07:04:39+00:00,15517445,67550993131,51395666972976338570444,0,55908933474191009,1.314332454650663
2025-06-09 07:04:45+00:00,15517451,67550993195,51395667021814368070492,0,55908933527160944,1.3143324546469777
2025-06-09 07:04:50+00:00,15517456,67550993128,51395666970806479171884,0,55908933471673841,1.3143324546477817
2025-06-09 07:04:55+00:00,15517461,67550993129,51395666970806479171883,0,55908933471673841,1.3143324546672386
2025-06-09 07:04:57+00:00,15517463,67550980026,51395676970806479171883,0,55908933471673841,1.314331943995406
2025-06-09 07:05:00+00:00,15517466,67550980027,51395676970047918897563,0,55908933471673841,1.3143319440342613
2025-06-09 07:05:12+00:00,15517478,67550966924,51395686970047918897563,0,55908933471673841,1.3143314333626275
2025-06-09 07:05:26+00:00,15517492,67550976924,51395694578478902257430,0,55908941748229457,1.3143314333626275
2025-06-09 07:05:35+00:00,15517501,67550963821,51395704578478902257430,0,55908941748229457,1.3143309226912678
2025-06-09 07:05:44+00:00,15517510,67550963822,51395704577720341393669,0,55908941748229457,1.3143309227301234
2025-06-09 07:05:50+00:00,15517516,67550973822,51395712186154280715462,0,55908950024786679,1.3143309227301234
2025-06-09 07:05:59+00:00,15517525,67550960719,51395722186154280715462,0,55908950024786679,1.314330412059038
2025-06-09 07:06:01+00:00,15517527,67550960718,51395722187154280715462,0,55908950024786679,1.3143304120140085
2025-06-09 07:06:06+00:00,15517532,67550960717,51395722188154280715462,0,55908950024786679,1.3143304119689787
2025-06-09 07:06:11+00:00,15517537,67550960730,51395722198154280715462,0,55908950035546205,1.3143304119661905
2025-06-09 07:06:13+00:00,15517539,67550947627,51395732198154280715462,0,55908950035546205,1.314329901295304
2025-06-09 07:06:16+00:00,15517542,67550947626,51395732197358252416701,0,55908950034680275,1.314329901296204
2025-06-09 07:06:28+00:00,15517554,67550947627,51395732196599690963445,0,55908950034680275,1.3143299013350593
2025-06-09 07:06:29+00:00,15517555,67550934524,51395742196599690963445,0,55908950034680275,1.3143293906643716
2025-06-09 07:06:39+00:00,15517565,67550894525,51395711762856499784433,0,55908916928462625,1.3143293906831113
2025-06-09 07:06:54+00:00,15517580,67550994525,51395635906793660958126,0,55908916928462625,1.3143332762241564
2025-06-09 07:07:11+00:00,15517597,67550994526,51395635906035101452695,0,55908916928462625,1.3143332762630118
2025-06-09 07:07:42+00:00,15517628,67550981423,51395645906035101452695,0,55908916928462625,1.3143327655907107
2025-06-09 07:07:55+00:00,15517641,67550981424,51395645905276541652554,0,55908916928462625,1.314332765629566
2025-06-09 07:08:03+00:00,15517649,67550981425,51395645904517981852436,0,55908916928462625,1.3143327656684216
2025-06-09 07:08:08+00:00,15517654,67550981426,51395645903759422052340,0,55908916928462625,1.314332765707277
2025-06-09 07:08:10+00:00,15517656,67550968323,51395655903759422052340,0,55908916928462625,1.3143322550351746
2025-06-09 07:08:19+00:00,15517665,67550968256,51395655852751529044264,0,55908916872975522,1.3143322550359784
2025-06-09 07:08:25+00:00,15517671,67550968257,51395655852751529044263,0,55908916872975522,1.3143322550554353
2025-06-09 07:08:34+00:00,15517680,67550978257,51395663461177755773534,0,55908925149528518,1.3143322550554353
2025-06-09 07:08:38+00:00,15517684,67550978258,51395663460419195678741,0,55908925149528518,1.3143322550942906
2025-06-09 07:08:52+00:00,15517698,67550965155,51395673460419195678741,0,55908925149528518,1.314331744422462
2025-06-09 07:09:22+00:00,15517728,67550965156,51395673459660635289238,0,55908925149528518,1.3143317444613174
2025-06-09 07:09:30+00:00,15517736,67550965155,51395673460660635289238,0,55908925149528518,1.3143317444162879
2025-06-09 07:09:33+00:00,15517739,67550975155,51395681069089818015196,0,55908933426083119,1.3143317444162879
2025-06-09 07:09:35+00:00,15517741,67550975154,51395681070089818015196,0,55908933426083119,1.314331744371258
2025-06-09 07:09:40+00:00,15517746,67550975167,51395681080089818015196,0,55908933436842639,1.3143317443684697
2025-06-09 07:09:45+00:00,15517751,67550975166,51395681079293790271831,0,55908933435976709,1.3143317443693694
2025-06-09 07:09:50+00:00,15517756,67550962063,51395691079293790271831,0,55908933435976709,1.3143312336978152
2025-06-09 07:10:04+00:00,15517770,67550972063,51395698687725929455972,0,55908941712532916,1.3143312336978152
2025-06-09 07:10:05+00:00,15517771,67550972064,51395698686967368771707,0,55908941712532916,1.3143312337366706
2025-06-09 07:10:23+00:00,15517789,67550982064,51395706295399507730921,0,55908949989089123,1.3143312337366706
2025-06-09 07:10:38+00:00,15517804,67550992064,51395713903831646690135,0,55908958265645330,1.3143312337366706
2025-06-09 07:10:48+00:00,15517814,67550978961,51395723903831646690135,0,55908958265645330,1.3143307230655419
2025-06-09 07:10:48+00:00,15517814,67550978962,51395723903073085711161,0,55908958265645330,1.3143307231043972
2025-06-09 07:11:22+00:00,15517848,67550965859,51395733903073085711161,0,55908958265645330,1.3143302124334673
2025-06-09 07:11:32+00:00,15517858,67550965860,51395733902314524437477,0,55908958265645330,1.3143302124723226
2025-06-09 07:11:33+00:00,15517859,67550965861,51395733901555963163816,0,55908958265645330,1.314330212511178
2025-06-09 07:11:43+00:00,15517869,67550965925,51395733950393992663864,0,55908958318615310,1.3143302125074947
2025-06-09 07:11:48+00:00,15517874,67550965858,51395733899386059959875,0,55908958263128207,1.3143302125082976
2025-06-09 07:12:15+00:00,15517901,67550965859,51395733898627498686234,0,55908958263128207,1.314330212547153
2025-06-09 07:12:58+00:00,15517944,67550965860,51395733897868937412616,0,55908958263128207,1.3143302125860084
2025-06-09 07:12:59+00:00,15517945,67550965859,51395733898868937412616,0,55908958263128207,1.3143302125409788
2025-06-09 07:13:04+00:00,15517950,67550965858,51395733899868937412616,0,55908958263128207,1.3143302124959493
2025-06-09 07:13:09+00:00,15517955,67550965871,51395733909868937412616,0,55908958273887734,1.314330212493161
2025-06-09 07:13:15+00:00,15517961,67550965870,51395733909072909204640,0,55908958273021804,1.3143302124940608
2025-06-09 07:13:16+00:00,15517962,67550952767,51395743909072909204640,0,55908958273021804,1.3143297018233295
2025-06-09 07:13:37+00:00,15517983,67550902768,51395705866894438261638,0,55908916890245586,1.3143297018421072
2025-06-09 07:13:53+00:00,15517999,67550889665,51395715866894438261638,0,55908916890245586,1.3143291911711965
2025-06-09 07:14:17+00:00,15518023,67550899665,51395723475338401291186,0,55908925166808214,1.3143291911711965
2025-06-09 07:14:23+00:00,15518029,67550899666,51395723474579839428084,0,55908925166808214,1.3143291912100519
2025-06-09 07:14:34+00:00,15518040,67550886563,51395733474579839428084,0,55908925166808214,1.3143286805394157
2025-06-09 07:14:51+00:00,15518057,67550876564,51395725866134396322089,0,55908916890245586,1.3143286805588348
2025-06-09 07:15:01+00:00,15518067,67550876565,51395725865375834164288,0,55908916890245586,1.3143286805976901
2025-06-09 07:15:07+00:00,15518073,67550876566,51395725864617272006509,0,55908916890245586,1.3143286806365455
2025-06-09 07:15:07+00:00,15518073,67550876567,51395725863858709848753,0,55908916890245586,1.3143286806754009
2025-06-09 07:15:13+00:00,15518079,67550876631,51395725912696739348801,0,55908916943215597,1.3143286806717194
2025-06-09 07:15:18+00:00,15518084,67550863528,51395735912696739348801,0,55908916887728494,1.3143281700012066
2025-06-09 07:15:18+00:00,15518084,67550863461,51395735861688766948888,0,55908916887728494,1.3143281700020086
2025-06-09 07:15:23+00:00,15518089,67550863462,51395735861688766948887,0,55908916887728494,1.3143281700214653
2025-06-09 07:15:49+00:00,15518115,67550863463,51395735860930204496430,0,55908916887728494,1.3143281700603207
2025-06-09 07:15:57+00:00,15518123,67550850360,51395745860930204496430,0,55908916887728494,1.3143276593900064
2025-06-09 07:16:07+00:00,15518133,67550837257,51395755860930204496430,0,55908916887728494,1.3143271487198906
2025-06-09 07:16:24+00:00,15518150,67550937257,51395680004737971418188,0,55908916887728494,1.3143310342576018
2025-06-09 07:16:30+00:00,15518156,67550937256,51395680005737971418188,0,55908916887728494,1.314331034212572
2025-06-09 07:16:32+00:00,15518158,67550937257,51395680004979410618791,0,55908916887728494,1.3143310342514274
2025-06-09 07:16:35+00:00,15518161,67550937256,51395680005979410618791,0,55908916887728494,1.3143310342063979
2025-06-09 07:16:40+00:00,15518166,67550937269,51395680015979410618791,0,55908916898488017,1.3143310342036094
2025-06-09 07:16:45+00:00,15518171,67550937268,51395680015183382656435,0,55908916897622087,1.3143310342045091
2025-06-09 07:17:14+00:00,15518200,67550937269,51395680014424821857033,0,55908916897622087,1.3143310342433645
2025-06-09 07:17:36+00:00,15518222,67550924166,51395690014424821857033,0,55908916897622087,1.314330523571938
2025-06-09 07:17:57+00:00,15518243,67550934167,51395697622102510518051,0,55908925174180488,1.3143305236107934
2025-06-09 07:17:57+00:00,15518243,67550924167,51395690013666260762922,0,55908925174180488,1.3143305236107934
2025-06-09 07:18:20+00:00,15518266,67550921064,51395707622102510518051,0,55908925174180488,1.3143300129396411
2025-06-09 07:18:30+00:00,15518276,67550921065,51395707621343949129230,0,55908925174180488,1.3143300129784965
2025-06-09 07:18:35+00:00,15518281,67550921066,51395707620585387740431,0,55908925174180488,1.3143300130173519
2025-06-09 07:18:40+00:00,15518286,67550921067,51395707619826826351655,0,55908925174180488,1.3143300130562072
2025-06-09 07:18:42+00:00,15518288,67550921131,51395707668664855851703,0,55908925227150472,1.3143300130525242
2025-06-09 07:18:47+00:00,15518293,67550921064,51395707617656919040495,0,55908925171663369,1.314330013053327
2025-06-09 07:18:52+00:00,15518298,67550921065,51395707617656919040494,0,55908925171663369,1.314330013072784
2025-06-09 07:19:05+00:00,15518311,67550931065,51395715226096124214626,0,55908933448223375,1.314330013072784
2025-06-09 07:19:15+00:00,15518321,67550917962,51395725226096124214626,0,55908933448223375,1.314329502401906
2025-06-09 07:19:23+00:00,15518329,67550917963,51395725225337562531150,0,55908933448223375,1.3143295024407613
2025-06-09 07:19:25+00:00,15518331,67550904860,51395735225337562531150,0,55908933448223375,1.3143289917700818
2025-06-09 07:19:58+00:00,15518364,67550904859,51395735226337562531150,0,55908933448223375,1.3143289917250522
2025-06-09 07:20:03+00:00,15518369,67550904858,51395735227337562531150,0,55908933448223375,1.3143289916800227
2025-06-09 07:20:06+00:00,15518372,67550904859,51395735226579000552912,0,55908933448223375,1.314328991718878
2025-06-09 07:20:08+00:00,15518374,67550904872,51395735236579000552912,0,55908933458982907,1.31432899171609
2025-06-09 07:20:12+00:00,15518378,67550914872,51395742845024118196724,0,55908941735546124,1.31432899171609
2025-06-09 07:20:13+00:00,15518379,67550914871,51395742844228089614887,0,55908941734680194,1.3143289917169898
2025-06-09 07:20:49+00:00,15518415,67550914872,51395742843469527636670,0,55908941734680194,1.3143289917558452
2025-06-09 07:20:51+00:00,15518417,67550924872,51395750451914645050346,0,55908950011243411,1.3143289917558452
2025-06-09 07:21:21+00:00,15518447,67550911769,51395760451914645050346,0,55908950011243411,1.3143284810855158
2025-06-09 07:21:32+00:00,15518458,67550911770,51395760451156082777419,0,55908950011243411,1.3143284811243712
2025-06-09 07:22:00+00:00,15518486,67550911771,51395760450397520504515,0,55908950011243411,1.3143284811632265
2025-06-09 07:22:05+00:00,15518491,67550911772,51395760449638958231633,0,55908950011243411,1.314328481202082
2025-06-09 07:22:07+00:00,15518493,67550871773,51395730015859949808973,0,55908916904998570,1.314328481221199
2025-06-09 07:22:15+00:00,15518501,67550871774,51395730015101387536125,0,55908916904998570,1.3143284812600544
2025-06-09 07:22:16+00:00,15518502,67550871707,51395729964093420954445,0,55908916849511467,1.3143284812608564
2025-06-09 07:22:21+00:00,15518507,67550871708,51395729964093420954444,0,55908916849511467,1.3143284812803133
2025-06-09 07:22:31+00:00,15518517,67550881708,51395737572541493432339,0,55908925126076289,1.3143284812803133
2025-06-09 07:22:52+00:00,15518538,67550891708,51395745180989565910234,0,55908933402641111,1.3143284812803133
2025-06-09 07:22:58+00:00,15518544,67550891709,51395745180231003637420,0,55908933402641111,1.3143284813191687
2025-06-09 07:23:15+00:00,15518561,67550878606,51395755180231003637420,0,55908933402641111,1.3143279706488862
2025-06-09 07:23:24+00:00,15518570,67550865503,51395765180231003637420,0,55908933402641111,1.3143274599788026
2025-06-09 07:23:26+00:00,15518572,67550865502,51395765181231003637420,0,55908933402641111,1.314327459933773
2025-06-09 07:23:31+00:00,15518577,67550865501,51395765182231003637420,0,55908933402641111,1.3143274598887436
2025-06-09 07:23:36+00:00,15518582,67550865514,51395765192231003637420,0,55908933413400649,1.3143274598859558
2025-06-09 07:23:40+00:00,15518586,67550865515,51395765191472440775109,0,55908933413400649,1.3143274599248111
2025-06-09 07:23:41+00:00,15518587,67550865514,51395765190676411728675,0,55908933412534719,1.3143274599257109
2025-06-09 07:24:02+00:00,15518608,67550852411,51395775190676411728675,0,55908933412534719,1.314326949255826
2025-06-09 07:24:16+00:00,15518622,67550832412,51395759973771384983775,0,55908916859405075,1.3143269492750564
2025-06-09 07:24:23+00:00,15518629,67550832413,51395759973012821826766,0,55908916859405075,1.3143269493139118
2025-06-09 07:24:42+00:00,15518648,67550819310,51395769973012821826766,0,55908916859405075,1.3143264386440745
2025-06-09 07:24:51+00:00,15518657,67550806207,51395779973012821826766,0,55908916859405075,1.3143259279744357
2025-06-09 07:25:05+00:00,15518671,67550806208,51395779972254258080313,0,55908916859405075,1.314325928013291
2025-06-09 07:25:18+00:00,15518684,67550793105,51395789972254258080313,0,55908916859405075,1.3143254173438512
2025-06-09 07:25:27+00:00,15518693,67550893105,51395714115962098837852,0,55908916859405075,1.3143293028789835
2025-06-09 07:25:29+00:00,15518695,67550893106,51395714115203537039222,0,55908916859405075,1.314329302917839
2025-06-09 07:25:34+00:00,15518700,67550893107,51395714114444975240614,0,55908916859405075,1.3143293029566943
2025-06-09 07:25:40+00:00,15518706,67550893171,51395714163283004740662,0,55908916912375073,1.314329302953012
2025-06-09 07:25:45+00:00,15518711,67550893104,51395714112275053897934,0,55908916856887970,1.3143293029538146
2025-06-09 07:25:50+00:00,15518716,67550893105,51395714112275053897933,0,55908916856887970,1.3143293029732714
2025-06-09 07:26:32+00:00,15518758,67550893106,51395714111516492099357,0,55908916856887970,1.3143293030121268
2025-06-09 07:26:55+00:00,15518781,67550893105,51395714112516492099357,0,55908916856887970,1.3143293029670973
2025-06-09 07:27:00+00:00,15518786,67550893104,51395714113516492099357,0,55908916856887970,1.3143293029220675
2025-06-09 07:27:05+00:00,15518791,67550893117,51395714123516492099357,0,55908916867647500,1.3143293029192795
2025-06-09 07:27:10+00:00,15518796,67550893116,51395714122720463608297,0,55908916866781570,1.3143293029201792
2025-06-09 07:27:15+00:00,15518801,67550893117,51395714121961901809690,0,55908916866781570,1.3143293029590346
2025-06-09 07:27:25+00:00,15518811,67550880014,51395724121961901809690,0,55908916866781570,1.3143287922882838
2025-06-09 07:27:34+00:00,15518820,67550866911,51395734121961901809690,0,55908916866781570,1.3143282816177315
2025-06-09 07:27:47+00:00,15518833,67550876911,51395741730411130104139,0,55908925143346982,1.3143282816177315
2025-06-09 07:27:56+00:00,15518842,67550863808,51395751730411130104139,0,55908925143346982,1.3143277709474537
2025-06-09 07:27:58+00:00,15518844,67550863809,51395751729652567421357,0,55908925143346982,1.314327770986309
2025-06-09 07:28:25+00:00,15518871,67550873809,51395759338104751685647,0,55908933419913999,1.314327770986309
2025-06-09 07:28:34+00:00,15518880,67550860706,51395769338104751685647,0,55908933419913999,1.3143272603163056
2025-06-09 07:28:42+00:00,15518888,67550860707,51395769337346188708155,0,55908933419913999,1.314327260355161
2025-06-09 07:28:54+00:00,15518900,67550860708,51395769336587625730685,0,55908933419913999,1.3143272603940162
2025-06-09 07:29:00+00:00,15518906,67550840709,51395754119681774047187,0,55908916866781570,1.3143272604133598
2025-06-09 07:29:09+00:00,15518915,67550840642,51395754068673783507921,0,55908916811294467,1.3143272604141614
2025-06-09 07:29:09+00:00,15518915,67550827539,51395764068673783507921,0,55908916811294467,1.3143267497442048
2025-06-09 07:29:14+00:00,15518920,67550827540,51395764068673783507920,0,55908916811294467,1.3143267497636617
2025-06-09 07:29:18+00:00,15518924,67550814437,51395774068673783507920,0,55908916811294467,1.314326239093904
2025-06-09 07:29:25+00:00,15518931,67550814438,51395774067915219941030,0,55908916811294467,1.314326239132759
2025-06-09 07:29:27+00:00,15518933,67550801335,51395784067915219941030,0,55908916811294467,1.3143257284632
2025-06-09 07:29:50+00:00,15518956,67550811335,51395791676379228092713,0,55908925087867906,1.3143257284632
2025-06-09 07:30:09+00:00,15518975,67550811336,51395791675620664231112,0,55908925087867906,1.3143257285020553
2025-06-09 07:30:18+00:00,15518984,67550811335,51395791676620664231112,0,55908925087867906,1.3143257284570258
2025-06-09 07:30:20+00:00,15518986,67550798232,51395801676620664231112,0,55908925087867906,1.314325217787741
2025-06-09 07:30:29+00:00,15518995,67550788246,51395794078155175667481,0,55908916822054014,1.314325217804373
2025-06-09 07:30:29+00:00,15518995,67550798245,51395801686620664231112,0,55908916822054014,1.3143252177849538
2025-06-09 07:30:34+00:00,15519000,67550788245,51395794077359145937416,0,55908916821188084,1.3143252178052727
2025-06-09 07:30:53+00:00,15519019,67550788246,51395794076600581781088,0,55908916821188084,1.314325217844128
2025-06-09 07:31:22+00:00,15519048,67550798246,51395801685067545842601,0,55908925097763128,1.314325217844128
2025-06-09 07:31:38+00:00,15519064,67550798247,51395801684308981686296,0,55908925097763128,1.3143252178829832
2025-06-09 07:31:50+00:00,15519076,67550808247,51395809292775945522881,0,55908933374338172,1.3143252178829832
2025-06-09 07:32:04+00:00,15519090,67550818247,51395816901242909359466,0,55908941650913216,1.3143252178829832
2025-06-09 07:32:20+00:00,15519106,67550818248,51395816900484345203183,0,55908941650913216,1.3143252179218385
2025-06-09 07:32:20+00:00,15519106,67550818249,51395816899725781046923,0,55908941650913216,1.314325217960694
2025-06-09 07:32:24+00:00,15519110,67550828249,51395824508192744433651,0,55908949927488259,1.314325217960694
2025-06-09 07:32:25+00:00,15519111,67550828250,51395824507434180277413,0,55908949927488259,1.314325217999549
2025-06-09 07:32:31+00:00,15519117,67550828314,51395824556272209777461,0,55908949980458339,1.3143252179958709
2025-06-09 07:32:37+00:00,15519123,67550828247,51395824505264179544009,0,55908949924971236,1.3143252179966711
2025-06-09 07:32:52+00:00,15519138,67550838247,51395832113731142722468,0,55908958201546279,1.3143252179966711
2025-06-09 07:33:01+00:00,15519147,67550788248,51395794071396327244025,0,55908916818671061,1.314325218016128
2025-06-09 07:33:10+00:00,15519156,67550775145,51395804071396327244025,0,55908916818671061,1.3143247073469664
2025-06-09 07:33:19+00:00,15519165,67550762042,51395814071396327244025,0,55908916818671061,1.3143241966780035
2025-06-09 07:33:47+00:00,15519193,67550762041,51395814072396327244025,0,55908916818671061,1.314324196632974
2025-06-09 07:33:47+00:00,15519193,67550762042,51395814071637762498326,0,55908916818671061,1.3143241966718293
2025-06-09 07:33:51+00:00,15519197,67550772042,51395821680110638005219,0,55908925095249315,1.3143241966718293
2025-06-09 07:33:52+00:00,15519198,67550772041,51395821681110638005219,0,55908925095249315,1.3143241966267998
2025-06-09 07:33:57+00:00,15519203,67550772054,51395821691110638005219,0,55908925106008866,1.314324196624013
2025-06-09 07:34:15+00:00,15519221,67550758951,51395831691110638005219,0,55908925106008866,1.3143236859553242
2025-06-09 07:34:30+00:00,15519236,67550758952,51395831690352072964782,0,55908925106008866,1.3143236859941796
2025-06-09 07:34:32+00:00,15519238,67550768952,51395839298827904727494,0,55908933382588725,1.3143236859941796
2025-06-09 07:35:03+00:00,15519269,67550748953,51395824081877718216087,0,55908916829430612,1.3143236860135985
2025-06-09 07:35:12+00:00,15519278,67550735850,51395834081877718216087,0,55908916829430612,1.314323175345033
2025-06-09 07:35:14+00:00,15519280,67550735851,51395834081119152880949,0,55908916829430612,1.3143231753838884
2025-06-09 07:35:22+00:00,15519288,67550722748,51395844081119152880949,0,55908916829430612,1.3143226647155217
2025-06-09 07:35:36+00:00,15519302,67550732748,51395851689600896718523,0,55908925106013682,1.3143226647155217
2025-06-09 07:35:46+00:00,15519312,67550719645,51395861689600896718523,0,55908925106013682,1.3143221540474292
2025-06-09 07:35:48+00:00,15519314,67550719646,51395861688842330793940,0,55908925106013682,1.3143221540862846
2025-06-09 07:35:53+00:00,15519319,67550719647,51395861688083764869380,0,55908925106013682,1.3143221541251398
2025-06-09 07:35:58+00:00,15519324,67550719648,51395861687325198944842,0,55908925106013682,1.3143221541639951
2025-06-09 07:35:59+00:00,15519325,67550719712,51395861736163228444890,0,55908925158983823,1.3143221541603196
2025-06-09 07:36:04+00:00,15519330,67550719645,51395861685155138666402,0,55908925103496720,1.3143221541611185
2025-06-09 07:36:09+00:00,15519335,67550719646,51395861685155138666401,0,55908925103496720,1.3143221541805754
2025-06-09 07:36:10+00:00,15519336,67550819646,51395785828674645607908,0,55908925103496720,1.3143260397102863
2025-06-09 07:36:24+00:00,15519350,67550829646,51395793437136851990333,0,55908933380069143,1.3143260397102863
2025-06-09 07:36:42+00:00,15519368,67550829647,51395793436378288308368,0,55908933380069143,1.3143260397491416
2025-06-09 07:37:04+00:00,15519390,67550816544,51395803436378288308368,0,55908933380069143,1.3143255290798137
2025-06-09 07:37:13+00:00,15519399,67550816543,51395803437378288308368,0,55908933380069143,1.3143255290347842
2025-06-09 07:37:18+00:00,15519404,67550826543,51395811045843450925889,0,55908941656643171,1.3143255290347842
2025-06-09 07:37:19+00:00,15519405,67550826542,51395811046843450925889,0,55908941656643171,1.3143255289897549
2025-06-09 07:37:24+00:00,15519410,67550826555,51395811056843450925889,0,55908941667402717,1.3143255289869675
2025-06-09 07:37:25+00:00,15519411,67550826556,51395811056084886949160,0,55908941667402717,1.3143255290258227
2025-06-09 07:37:34+00:00,15519420,67550796556,51395788230682563530558,0,55908916837673196,1.3143255290259976
2025-06-09 07:37:54+00:00,15519440,67550806556,51395795839147726198944,0,55908925114247224,1.3143255290259976
2025-06-09 07:38:08+00:00,15519454,67550806557,51395795838389162222238,0,55908933390821252,1.3143255290648528
2025-06-09 07:38:08+00:00,15519454,67550816557,51395803446854324665696,0,55908933390821252,1.3143255290648528
2025-06-09 07:38:18+00:00,15519464,67550796558,51395788229924000387195,0,55908916837673196,1.3143255290843097
2025-06-09 07:38:51+00:00,15519497,67550796559,51395788229165436410522,0,55908916837673196,1.314325529123165
2025-06-09 07:38:58+00:00,15519504,67550806559,51395795837630598516418,0,55908925114247224,1.314325529123165
2025-06-09 07:39:13+00:00,15519519,67550806560,51395795836872034539768,0,55908925114247224,1.3143255291620204
2025-06-09 07:39:18+00:00,15519524,67550806561,51395795836113470563140,0,55908925114247224,1.3143255292008758
2025-06-09 07:39:21+00:00,15519527,67550793458,51395805836113470563140,0,55908925114247224,1.314325018531671
2025-06-09 07:39:25+00:00,15519531,67550793522,51395805884951500063188,0,55908925167217308,1.3143250185279927
2025-06-09 07:39:34+00:00,15519540,67550793523,51395805884951500063187,0,55908925167217308,1.3143250185474495
2025-06-09 07:39:35+00:00,15519541,67550793524,51395805884192935791857,0,55908925167217308,1.314325018586305
2025-06-09 07:39:41+00:00,15519547,67550803524,51395813492661053332565,0,55908933443792941,1.314325018586305
2025-06-09 07:40:01+00:00,15519567,67550813524,51395821101129170873273,0,55908941720368574,1.314325018586305
2025-06-09 07:40:18+00:00,15519584,67550813525,51395821100370606601966,0,55908941720368574,1.3143250186251603
2025-06-09 07:40:24+00:00,15519590,67550800422,51395831100370606601966,0,55908941720368574,1.314324507956306
2025-06-09 07:40:34+00:00,15519600,67550787319,51395841100370606601966,0,55908941720368574,1.3143239972876501
2025-06-09 07:40:40+00:00,15519606,67550787318,51395841101370606601966,0,55908941720368574,1.3143239972426208
2025-06-09 07:40:45+00:00,15519611,67550787317,51395841102370606601966,0,55908941720368574,1.3143239971975915
2025-06-09 07:40:50+00:00,15519616,67550787330,51395841112370606601966,0,55908941731128126,1.3143239971948044
2025-06-09 07:40:52+00:00,15519618,67550774227,51395851112370606601966,0,55908941731128126,1.3143234865263476
2025-06-09 07:40:54+00:00,15519620,67550774226,51395851111574576343197,0,55908941730262196,1.3143234865272473
2025-06-09 07:41:01+00:00,15519627,67550761123,51395861111574576343197,0,55908941730262196,1.3143229758589894
2025-06-09 07:41:02+00:00,15519628,67550761124,51395861110816010892926,0,55908941730262196,1.3143229758978445
2025-06-09 07:41:44+00:00,15519670,67550748021,51395871110816010892926,0,55908941730262196,1.3143224652297851
2025-06-09 07:41:46+00:00,15519672,67550748022,51395871110057445147943,0,55908941730262196,1.3143224652686405
2025-06-09 07:42:11+00:00,15519697,67550734919,51395881110057445147943,0,55908941730262196,1.3143219546007798
2025-06-09 07:42:29+00:00,15519715,67550734920,51395881109298879108249,0,55908941730262196,1.3143219546396352
2025-06-09 07:42:31+00:00,15519717,67550744920,51395888717784733505949,0,55908950006847461,1.3143219546396352
2025-06-09 07:42:40+00:00,15519726,67550744921,51395888717026167466277,0,55908950006847461,1.3143219546784903
2025-06-09 07:42:45+00:00,15519731,67550744922,51395888716267601426628,0,55908950006847461,1.3143219547173457
2025-06-09 07:42:51+00:00,15519737,67550744986,51395888765105630926676,0,55908950059817606,1.3143219547136704
2025-06-09 07:42:52+00:00,15519738,67550731883,51395898765105630926676,0,55908950059817606,1.3143214440460844
2025-06-09 07:43:00+00:00,15519746,67550731884,51395898765105630926675,0,55908950059817606,1.3143214440655413
2025-06-09 07:43:01+00:00,15519747,67550718781,51395908765105630926675,0,55908950059817606,1.314320933398154
2025-06-09 07:43:13+00:00,15519759,67550718782,51395908764347064297589,0,55908950059817606,1.3143209334370092
2025-06-09 07:43:15+00:00,15519761,67550728782,51395916372838830345583,0,55908958336406081,1.3143209334370092
2025-06-09 07:43:29+00:00,15519775,67550738782,51395923981330596393577,0,55908966612994556,1.3143209334370092
2025-06-09 07:43:38+00:00,15519784,67550725679,51395933981330596393577,0,55908966612994556,1.314320422769972
2025-06-09 07:43:47+00:00,15519793,67550712576,51395943981330596393577,0,55908966612994556,1.3143199121031335
2025-06-09 07:43:56+00:00,15519802,67550812576,51395868124720700982755,0,55908966612994556,1.3143237976266227
2025-06-09 07:43:56+00:00,15519802,67550812577,51395868123962136006769,0,55908966612994556,1.314323797665478
2025-06-09 07:44:04+00:00,15519810,67550812576,51395868124962136006769,0,55908966612994556,1.3143237976204487
2025-06-09 07:44:09+00:00,15519815,67550812575,51395868125962136006769,0,55908966612994556,1.3143237975754192
2025-06-09 07:44:14+00:00,15519820,67550812588,51395868135962136006769,0,55908966623754109,1.3143237975726323
2025-06-09 07:44:19+00:00,15519825,67550812587,51395868135166105838756,0,55908966622888179,1.314323797573532
2025-06-09 07:44:30+00:00,15519836,67550752587,51395822484304967803927,0,55908916963400670,1.3143237975737883
2025-06-09 07:44:39+00:00,15519845,67550752588,51395822483546402827910,0,55908916963400670,1.3143237976126436
2025-06-09 07:44:55+00:00,15519861,67550739485,51395832483546402827910,0,55908916963400670,1.3143232869440407
2025-06-09 07:45:17+00:00,15519883,67550749485,51395840092024544648862,0,55908925239981709,1.3143232869440407
2025-06-09 07:45:23+00:00,15519889,67550749486,51395840091265979378134,0,55908925239981709,1.3143232869828958
2025-06-09 07:45:34+00:00,15519900,67550739487,51395832482787838241412,0,55908916963400670,1.3143232870023527
2025-06-09 07:45:50+00:00,15519916,67550726384,51395842482787838241412,0,55908916963400670,1.3143227763339482
2025-06-09 07:46:07+00:00,15519933,67550726385,51395842482029272675984,0,55908916963400670,1.3143227763728036
2025-06-09 07:46:08+00:00,15519934,67550726386,51395842481270707110578,0,55908916963400670,1.314322776411659
2025-06-09 07:46:13+00:00,15519939,67550726387,51395842480512141545195,0,55908916963400670,1.314322776450514
2025-06-09 07:46:19+00:00,15519945,67550726451,51395842529350171045243,0,55908917016370798,1.3143227764468381
2025-06-09 07:46:20+00:00,15519946,67550736451,51395850137831268081516,0,55908925292953442,1.3143227764468381
2025-06-09 07:46:29+00:00,15519955,67550736452,51395850137831268081515,0,55908925292953442,1.314322776466295
2025-06-09 07:46:34+00:00,15519960,67550746452,51395857746312365005155,0,55908933569536086,1.314322776466295
2025-06-09 07:46:51+00:00,15519977,67550746453,51395857745553799439803,0,55908933569536086,1.3143227765051502
2025-06-09 07:46:56+00:00,15519982,67550756453,51395865354034896138513,0,55908941846118730,1.3143227765051502
2025-06-09 07:47:05+00:00,15519991,67550743350,51395875354034896138513,0,55908941846118730,1.3143222658371718
2025-06-09 07:47:33+00:00,15520019,67550730247,51395885354034896138513,0,55908941846118730,1.3143217551693922
2025-06-09 07:47:35+00:00,15520021,67550730248,51395885353276329983716,0,55908941846118730,1.3143217552082473
2025-06-09 07:47:42+00:00,15520028,67550730247,51395885354276329983716,0,55908941846118730,1.314321755163218
2025-06-09 07:47:47+00:00,15520033,67550730260,51395885364276329983716,0,55908941856878291,1.3143217551604316
2025-06-09 07:47:52+00:00,15520038,67550730259,51395885363480299196237,0,55908941856012361,1.3143217551613313
2025-06-09 07:47:53+00:00,15520039,67550740259,51395892971967308355203,0,55908950132598216,1.3143217551613313
2025-06-09 07:48:19+00:00,15520065,67550740260,51395892971208742200402,0,55908958409184070,1.3143217552001865
2025-06-09 07:48:19+00:00,15520065,67550750260,51395900579695751134438,0,55908958409184070,1.3143217552001865
2025-06-09 07:48:34+00:00,15520080,67550760260,51395908188182760068474,0,55908966685769924,1.3143217552001865
2025-06-09 07:48:44+00:00,15520090,67550700261,51395862537269563327294,0,55908917026264429,1.3143217552194169
2025-06-09 07:48:58+00:00,15520104,67550710261,51395870145756572150008,0,55908925302850283,1.3143217552194169
2025-06-09 07:49:03+00:00,15520109,67550710262,51395870144998005995240,0,55908925302850283,1.314321755258272
2025-06-09 07:49:13+00:00,15520119,67550697159,51395880144998005995240,0,55908925302850283,1.31432124459054
2025-06-09 07:49:22+00:00,15520128,67550797159,51395804288465015687630,0,55908925302850283,1.3143251301188552
2025-06-09 07:49:42+00:00,15520148,67550797160,51395804287706451480694,0,55908925302850283,1.3143251301577106
2025-06-09 07:49:46+00:00,15520152,67550797161,51395804286947887273780,0,55908925302850283,1.314325130196566
2025-06-09 07:49:47+00:00,15520153,67550797162,51395804286189323066889,0,55908925302850283,1.314325130235421
2025-06-09 07:49:53+00:00,15520159,67550797226,51395804335027352566937,0,55908925355820364,1.314325130231743
2025-06-09 07:50:03+00:00,15520169,67550797227,51395804335027352566936,0,55908925355820364,1.3143251302511998
2025-06-09 07:50:25+00:00,15520191,67550787227,51395796726550094115122,0,55908917079234510,1.31432513025145
2025-06-09 07:50:30+00:00,15520196,67550787228,51395796725791529908263,0,55908917079234510,1.3143251302903054
2025-06-09 07:51:06+00:00,15520232,67550774125,51395806725791529908263,0,55908917079234510,1.314324619621187
2025-06-09 07:51:08+00:00,15520234,67550774124,51395806726791529908263,0,55908917079234510,1.3143246195761575
2025-06-09 07:51:13+00:00,15520239,67550774123,51395806727791529908263,0,55908917079234510,1.3143246195311282
2025-06-09 07:51:13+00:00,15520239,67550774124,51395806727032965406641,0,55908917079234510,1.3143246195699836
2025-06-09 07:51:19+00:00,15520245,67550774137,51395806737032965406641,0,55908917089994059,1.3143246195671963
2025-06-09 07:51:20+00:00,15520246,67550784137,51395814345503392821272,0,55908925366570871,1.3143246195671963
2025-06-09 07:51:41+00:00,15520267,67550771034,51395824345503392821272,0,55908925366570871,1.3143241088983526
2025-06-09 07:51:56+00:00,15520282,67550771035,51395824344744828024937,0,55908925366570871,1.3143241089372077
2025-06-09 07:51:56+00:00,15520282,67550757932,51395834344744828024937,0,55908925366570871,1.3143235982685628
2025-06-09 07:52:22+00:00,15520308,67550767932,51395841953221167621669,0,55908933643150894,1.3143235982685628
2025-06-09 07:52:40+00:00,15520326,67550747934,51395826735512875878761,0,55908917089994059,1.3143235983267993
2025-06-09 07:52:40+00:00,15520326,67550747933,51395826736271440969796,0,55908917089994059,1.314323598287944
2025-06-09 07:52:49+00:00,15520335,67550734831,51395836735512875878761,0,55908917089994059,1.3143230876582774
2025-06-09 07:52:58+00:00,15520344,67550721728,51395846735512875878761,0,55908917089994059,1.314322576989954
2025-06-09 07:53:07+00:00,15520353,67550708625,51395856735512875878761,0,55908917089994059,1.3143220663218296
2025-06-09 07:53:08+00:00,15520354,67550708626,51395856734754309903547,0,55908917089994059,1.3143220663606847
2025-06-09 07:53:13+00:00,15520359,67550708627,51395856733995743928355,0,55908917089994059,1.31432206639954
2025-06-09 07:53:19+00:00,15520365,67550708691,51395856782833773428403,0,55908917142964201,1.3143220663958646
2025-06-09 07:53:24+00:00,15520370,67550708625,51395856731067115278098,0,55908917087477098,1.3143220664355189
2025-06-09 07:53:24+00:00,15520370,67550708692,51395856782075207453232,0,55908917087477098,1.31432206643472
2025-06-09 07:54:05+00:00,15520411,67550718625,51395864339552322500025,0,55908925364061937,1.3143220664355189
2025-06-09 07:54:07+00:00,15520413,67550718626,51395864338793756524877,0,55908925364061937,1.314322066474374
2025-06-09 07:54:33+00:00,15520439,67550718625,51395864339793756524877,0,55908925364061937,1.3143220664293447
2025-06-09 07:54:38+00:00,15520444,67550718624,51395864340793756524877,0,55908925364061937,1.3143220663843154
2025-06-09 07:54:43+00:00,15520449,67550718637,51395864350793756524877,0,55908925374821497,1.3143220663815287
2025-06-09 07:54:48+00:00,15520454,67550718636,51395864349997725828188,0,55908925373955567,1.3143220663824284
2025-06-09 07:54:49+00:00,15520455,67550705534,51395874349239159853009,0,55908925373955567,1.3143215557534336
2025-06-09 07:54:49+00:00,15520455,67550718637,51395864349239159853009,0,55908925373955567,1.3143220664212838
2025-06-09 07:54:59+00:00,15520465,67550695535,51395866740752472247661,0,55908917097370728,1.3143215557728527
2025-06-09 07:55:19+00:00,15520485,67550682432,51395876740752472247661,0,55908917097370728,1.3143210451051255
2025-06-09 07:55:28+00:00,15520494,67550669329,51395886740752472247661,0,55908917097370728,1.314320534437597
2025-06-09 07:55:33+00:00,15520499,67550669330,51395886739993905388313,0,55908917097370728,1.3143205344764524
2025-06-09 07:55:51+00:00,15520517,67550769330,51395810883419930609505,0,55908917097370728,1.314324420004269
2025-06-09 07:56:00+00:00,15520526,67550756227,51395820883419930609505,0,55908917097370728,1.3143239093354298
2025-06-09 07:56:10+00:00,15520536,67550743124,51395830883419930609505,0,55908917097370728,1.314323398666789
2025-06-09 07:56:16+00:00,15520542,67550743125,51395830882661365403258,0,55908917097370728,1.3143233987056442
2025-06-09 07:56:31+00:00,15520557,67550743126,51395830881902800197034,0,55908917097370728,1.3143233987444995
2025-06-09 07:56:36+00:00,15520562,67550743127,51395830881144234990832,0,55908917097370728,1.314323398783355
2025-06-09 07:56:42+00:00,15520568,67550743191,51395830929982264490880,0,55908917150340843,1.3143233987796783
2025-06-09 07:56:47+00:00,15520573,67550743124,51395830878974197979524,0,55908917094853740,1.3143233987804779
2025-06-09 07:56:53+00:00,15520579,67550753124,51395838487451692391254,0,55908925371434353,1.3143233987804779
2025-06-09 07:57:00+00:00,15520586,67550753125,51395838486693127185073,0,55908925371434353,1.314323398819333
2025-06-09 07:57:16+00:00,15520602,67550743126,51395830878215633085631,0,55908917094853740,1.31432339883879
2025-06-09 07:57:39+00:00,15520625,67550730023,51395840878215633085631,0,55908917094853740,1.314322888170348
2025-06-09 07:57:43+00:00,15520629,67550730024,51395840877457067584750,0,55908917094853740,1.314322888209203
2025-06-09 07:57:56+00:00,15520642,67550730023,51395840878457067584750,0,55908917094853740,1.3143228881641738
2025-06-09 07:58:01+00:00,15520647,67550730022,51395840879457067584750,0,55908917094853740,1.3143228881191444
2025-06-09 07:58:05+00:00,15520651,67550730035,51395840889457067584750,0,55908917105613296,1.3143228881163576
2025-06-09 07:58:06+00:00,15520652,67550740035,51395848497937518177569,0,55908925382195514,1.3143228881163576
2025-06-09 07:58:16+00:00,15520662,67550730036,51395840889457068068315,0,55908917105613296,1.3143228881358144
2025-06-09 07:58:27+00:00,15520673,67550730037,51395840888698502567414,0,55908917105613296,1.3143228881746698
2025-06-09 07:58:33+00:00,15520679,67550716934,51395850888698502567414,0,55908917105613296,1.3143223775064266
2025-06-09 07:58:48+00:00,15520694,67550703831,51395860888698502567414,0,55908917105613296,1.314321866838382
2025-06-09 07:59:05+00:00,15520711,67550713831,51395868497184865238322,0,55908925382198725,1.314321866838382
2025-06-09 07:59:11+00:00,15520717,67550713832,51395868496426299147975,0,55908925382198725,1.3143218668772372
2025-06-09 07:59:24+00:00,15520730,67550723832,51395876104912661593954,0,55908933658784154,1.3143218668772372
2025-06-09 07:59:38+00:00,15520744,67550733832,51395883713399024039933,0,55908941935369583,1.3143218668772372
2025-06-09 07:59:52+00:00,15520758,67550743832,51395891321885386485912,0,55908950211955012,1.3143218668772372
2025-06-09 07:59:54+00:00,15520760,67550743833,51395891321126820395588,0,55908950211955012,1.3143218669160925
2025-06-09 07:59:54+00:00,15520760,67550743834,51395891320368254305286,0,55908950211955012,1.3143218669549477
2025-06-09 07:59:59+00:00,15520765,67550743835,51395891319609688215007,0,55908950211955012,1.314321866993803
2025-06-09 08:00:05+00:00,15520771,67550743899,51395891368447717715055,0,55908950264925158,1.3143218669901278
2025-06-09 08:00:09+00:00,15520775,67550753899,51395898976934079507521,0,55908958541510586,1.3143218669901278
2025-06-09 08:00:11+00:00,15520777,67550753832,51395898925925983225539,0,55908958486023483,1.3143218669909267
2025-06-09 08:00:16+00:00,15520782,67550753833,51395898925925983225538,0,55908958486023483,1.3143218670103836
2025-06-09 08:00:27+00:00,15520793,67550740730,51395908925925983225538,0,55908958486023483,1.3143213563429157
2025-06-09 08:00:38+00:00,15520804,67550740731,51395908925167416840557,0,55908958486023483,1.3143213563817708
2025-06-09 08:00:52+00:00,15520818,67550690732,51395870882728205930139,0,55908917103096339,1.314321356401039
2025-06-09 08:01:06+00:00,15520832,67550700732,51395878491217523476234,0,55908925379683372,1.314321356401039
2025-06-09 08:01:20+00:00,15520846,67550710732,51395886099706841022329,0,55908933656270405,1.314321356401039
2025-06-09 08:01:22+00:00,15520848,67550710731,51395886100706841022329,0,55908933656270405,1.3143213563560097
2025-06-09 08:01:23+00:00,15520849,67550710732,51395886099948274637355,0,55908933656270405,1.3143213563948648
2025-06-09 08:01:32+00:00,15520858,67550710745,51395886109948274637355,0,55908933667029968,1.3143213563920784
2025-06-09 08:01:34+00:00,15520860,67550720745,51395893718437592235322,0,55908941943617001,1.3143213563920784
2025-06-09 08:01:37+00:00,15520863,67550720744,51395893717641561319687,0,55908941942751071,1.314321356392978
2025-06-09 08:01:54+00:00,15520880,67550730744,51395901326130878912446,0,55908950219338104,1.314321356392978
2025-06-09 08:02:03+00:00,15520889,67550717641,51395911326130878912446,0,55908950219338104,1.3143208457256335
2025-06-09 08:02:23+00:00,15520909,67550704538,51395921326130878912446,0,55908950219338104,1.3143203350584876
2025-06-09 08:02:43+00:00,15520929,67550714538,51395928934626108924236,0,55908958495928348,1.3143203350584876
2025-06-09 08:02:50+00:00,15520936,67550714539,51395928933867541949816,0,55908958495928348,1.3143203350973427
2025-06-09 08:02:52+00:00,15520938,67550701436,51395938933867541949816,0,55908958495928348,1.314319824430471
2025-06-09 08:03:01+00:00,15520947,67550688333,51395948933867541949816,0,55908958495928348,1.314319313763798
2025-06-09 08:03:24+00:00,15520970,67550688334,51395948933108974385949,0,55908958495928348,1.3143193138026534
2025-06-09 08:03:32+00:00,15520978,67550638335,51395910890629831624108,0,55908917112989972,1.3143193138214309
2025-06-09 08:03:33+00:00,15520979,67550638336,51395910889871264060275,0,55908917112989972,1.314319313860286
2025-06-09 08:03:35+00:00,15520981,67550638400,51395910938709293560323,0,55908917165960170,1.3143193138566132
2025-06-09 08:03:41+00:00,15520987,67550625297,51395920938709293560323,0,55908917165960170,1.3143188031897615
2025-06-09 08:03:44+00:00,15520990,67550625298,51395920938709293560322,0,55908917165960170,1.3143188032092183
2025-06-09 08:03:50+00:00,15520996,67550612195,51395930938709293560322,0,55908917165960170,1.3143182925425652
2025-06-09 08:04:16+00:00,15521022,67550612196,51395930937950725407051,0,55908917165960170,1.3143182925814205
2025-06-09 08:04:30+00:00,15521036,67550622196,51395938546457779173490,0,55908925442556835,1.3143182925814205
2025-06-09 08:04:49+00:00,15521055,67550622195,51395938547457779173490,0,55908925442556835,1.3143182925363912
2025-06-09 08:04:54+00:00,15521060,67550622194,51395938548457779173490,0,55908925442556835,1.3143182924913621
2025-06-09 08:04:54+00:00,15521060,67550722194,51395862691754407119952,0,55908925442556835,1.314322178015262
2025-06-09 08:04:59+00:00,15521065,67550722207,51395862701754407119952,0,55908925453316394,1.3143221780124754
2025-06-09 08:05:00+00:00,15521066,67550722208,51395862700995841209201,0,55908925453316394,1.3143221780513306
2025-06-09 08:05:04+00:00,15521070,67550712208,51395855092500017388511,0,55908917176719729,1.3143221780516188
2025-06-09 08:05:21+00:00,15521087,67550722208,51395862700984578475526,0,55908925453304142,1.3143221780516188
2025-06-09 08:05:30+00:00,15521096,67550709105,51395872700984578475526,0,55908925453304142,1.3143216673837304
2025-06-09 08:05:43+00:00,15521109,67550709106,51395872700226012270063,0,55908925453304142,1.3143216674225857
2025-06-09 08:05:49+00:00,15521115,67550696003,51395882700226012270063,0,55908925453304142,1.314321156754896
2025-06-09 08:06:11+00:00,15521137,67550682900,51395892700226012270063,0,55908925453304142,1.314320646087405
2025-06-09 08:06:23+00:00,15521149,67550669797,51395902700226012270063,0,55908925453304142,1.3143201354201128
2025-06-09 08:06:33+00:00,15521159,67550769797,51395826843629005775516,0,55908925453304142,1.314324020946723
2025-06-09 08:06:43+00:00,15521169,67550759797,51395819235149753164745,0,55908917176719729,1.31432402094686
2025-06-09 08:06:52+00:00,15521178,67550759798,51395819234391188317649,0,55908917176719729,1.3143240209857154
2025-06-09 08:06:52+00:00,15521178,67550746695,51395829234391188317649,0,55908917176719729,1.3143235103170365
2025-06-09 08:06:57+00:00,15521183,67550746696,51395829233632623175841,0,55908917176719729,1.314323510355892
2025-06-09 08:07:02+00:00,15521188,67550733593,51395839233632623175841,0,55908917176719729,1.314322999687412
2025-06-09 08:07:03+00:00,15521189,67550733657,51395839282470652675889,0,55908917229689852,1.3143229996837356
2025-06-09 08:07:08+00:00,15521194,67550733590,51395839231462577947455,0,55908917174202749,1.314322999684535
2025-06-09 08:07:10+00:00,15521196,67550733591,51395839230704012510935,0,55908917174202749,1.3143229997233903
2025-06-09 08:07:13+00:00,15521199,67550733592,51395839230704012510934,0,55908917174202749,1.3143229997428472
2025-06-09 08:07:28+00:00,15521214,67550720489,51395849230704012510934,0,55908917174202749,1.3143224890745657
2025-06-09 08:07:53+00:00,15521239,67550720490,51395849229945446779713,0,55908917174202749,1.3143224891134209
2025-06-09 08:08:07+00:00,15521253,67550707387,51395859229945446779713,0,55908917174202749,1.3143219784453384
2025-06-09 08:08:20+00:00,15521266,67550707386,51395859230945446779713,0,55908917174202749,1.3143219784003088
2025-06-09 08:08:25+00:00,15521271,67550707385,51395859231945446779713,0,55908917174202749,1.3143219783552795
2025-06-09 08:08:30+00:00,15521276,67550707398,51395859241945446779713,0,55908917184962309,1.314321978352493
2025-06-09 08:08:35+00:00,15521281,67550707397,51395859241149416045544,0,55908917184096379,1.3143219783533926
2025-06-09 08:08:36+00:00,15521282,67550707398,51395859240390850019559,0,55908917184096379,1.314321978392248
2025-06-09 08:08:50+00:00,15521296,67550694295,51395869240390850019559,0,55908917184096379,1.3143214677243642
2025-06-09 08:09:19+00:00,15521325,67550694296,51395869239632283698862,0,55908917184096379,1.3143214677632193
2025-06-09 08:09:20+00:00,15521326,67550681193,51395879239632283698862,0,55908917184096379,1.3143209570955343
2025-06-09 08:09:41+00:00,15521347,67550668090,51395889239632283698862,0,55908917184096379,1.3143204464280478
2025-06-09 08:10:03+00:00,15521369,67550668091,51395889238873716788719,0,55908917184096379,1.314320446466903
2025-06-09 08:10:22+00:00,15521388,67550668092,51395889238115149878598,0,55908917184096379,1.3143204465057583
2025-06-09 08:10:28+00:00,15521394,67550668093,51395889237356582968500,0,55908917184096379,1.3143204465446134
2025-06-09 08:10:34+00:00,15521400,67550668157,51395889286194612468548,0,55908917237066553,1.3143204465409397
2025-06-09 08:10:38+00:00,15521404,67550668090,51395889235186488120381,0,55908917181579450,1.3143204465417377
2025-06-09 08:10:44+00:00,15521410,67550668091,51395889235186488120380,0,55908917181579450,1.3143204465611946
2025-06-09 08:11:33+00:00,15521459,67550668092,51395889234427921210314,0,55908917181579450,1.3143204466000498
2025-06-09 08:11:41+00:00,15521467,67550678092,51395896842922505516981,0,55908925458169269,1.3143204466000498
2025-06-09 08:11:48+00:00,15521474,67550678091,51395896843922505516981,0,55908925458169269,1.3143204465550207
2025-06-09 08:11:50+00:00,15521476,67550664988,51395906843922505516981,0,55908925458169269,1.3143199358878084
2025-06-09 08:11:53+00:00,15521479,67550664987,51395906844922505516981,0,55908925458169269,1.314319935842779
2025-06-09 08:11:58+00:00,15521484,67550665000,51395906854922505516981,0,55908925468928837,1.3143199358399928
2025-06-09 08:12:03+00:00,15521489,67550664999,51395906854126474163318,0,55908925468062907,1.3143199358408926
2025-06-09 08:12:11+00:00,15521497,67550674999,51395914462624015214516,0,55908933744654331,1.3143199358408926
2025-06-09 08:12:15+00:00,15521501,67550675000,51395914461865448009685,0,55908933744654331,1.314319935879748
2025-06-09 08:12:21+00:00,15521507,67550661897,51395924461865448009685,0,55908933744654331,1.31431942521281
2025-06-09 08:12:37+00:00,15521523,67550641898,51395909244868882587956,0,55908917191473088,1.3143194252321535
2025-06-09 08:12:58+00:00,15521544,67550628795,51395919244868882587956,0,55908917191473088,1.3143189145652634
2025-06-09 08:12:59+00:00,15521545,67550628796,51395919244110314793689,0,55908917191473088,1.3143189146041185
2025-06-09 08:13:07+00:00,15521553,67550615693,51395929244110314793689,0,55908917191473088,1.314318403937427
2025-06-09 08:13:16+00:00,15521562,67550715693,51395853387413374929819,0,55908917191473088,1.3143222894620306
2025-06-09 08:13:37+00:00,15521583,67550702590,51395863387413374929819,0,55908917191473088,1.314321778794028
2025-06-09 08:13:43+00:00,15521589,67550702591,51395863386654808788657,0,55908917191473088,1.3143217788328831
2025-06-09 08:13:48+00:00,15521594,67550702592,51395863385896242647518,0,55908917191473088,1.3143217788717385
2025-06-09 08:13:53+00:00,15521599,67550702593,51395863385137676506401,0,55908917191473088,1.3143217789105937
2025-06-09 08:13:59+00:00,15521605,67550702657,51395863433975706006449,0,55908917244443235,1.3143217789069186
2025-06-09 08:14:04+00:00,15521610,67550702590,51395863382967607322185,0,55908917188956132,1.3143217789077175
2025-06-09 08:14:09+00:00,15521615,67550702591,51395863382967607322184,0,55908917188956132,1.3143217789271742
2025-06-09 08:14:27+00:00,15521633,67550702592,51395863382209041181099,0,55908917188956132,1.3143217789660295
2025-06-09 08:14:30+00:00,15521636,67550689489,51395873382209041181099,0,55908917188956132,1.3143212682982255
2025-06-09 08:14:55+00:00,15521661,67550699489,51395880990698868746571,0,55908925465543330,1.3143212682982255
2025-06-09 08:15:09+00:00,15521675,67550709489,51395888599188696312043,0,55908933742130528,1.3143212682982255
2025-06-09 08:15:11+00:00,15521677,67550709490,51395888598430129876246,0,55908933742130528,1.3143212683370809
2025-06-09 08:15:19+00:00,15521685,67550689491,51395873381450476298941,0,55908917188956132,1.3143212683565375
2025-06-09 08:15:21+00:00,15521687,67550689490,51395873382450476298941,0,55908917188956132,1.3143212683115082
2025-06-09 08:15:26+00:00,15521692,67550689503,51395873392450476298941,0,55908917199715695,1.3143212683087218
2025-06-09 08:15:31+00:00,15521697,67550689502,51395873391654445345816,0,55908917198849765,1.3143212683096215
2025-06-09 08:15:33+00:00,15521699,67550699502,51395881000144272845318,0,55908925475436963,1.3143212683096215
2025-06-09 08:15:48+00:00,15521714,67550686399,51395891000144272845318,0,55908925475436963,1.314320757642092
2025-06-09 08:15:54+00:00,15521720,67550686400,51395890999385706114794,0,55908925475436963,1.3143207576809472
2025-06-09 08:16:24+00:00,15521750,67550673297,51395900999385706114794,0,55908925475436963,1.3143202470136164
2025-06-09 08:16:37+00:00,15521763,67550673298,51395900998627139089558,0,55908925475436963,1.3143202470524717
2025-06-09 08:16:47+00:00,15521773,67550683298,51395908607122878561164,0,55908933752027372,1.3143202470524717
2025-06-09 08:16:56+00:00,15521782,67550670195,51395918607122878561164,0,55908933752027372,1.3143197363854153
2025-06-09 08:17:05+00:00,15521791,67550657092,51395928607122878561164,0,55908933752027372,1.3143192257185574
2025-06-09 08:17:18+00:00,15521804,67550657093,51395928606364310946482,0,55908933752027372,1.3143192257574128
2025-06-09 08:17:20+00:00,15521806,67550657094,51395928605605743331822,0,55908933752027372,1.314319225796268
2025-06-09 08:17:23+00:00,15521809,67550657095,51395928604847175717184,0,55908933752027372,1.314319225835123
2025-06-09 08:17:29+00:00,15521815,67550657159,51395928653685205217232,0,55908933804997571,1.3143192258314504
2025-06-09 08:17:34+00:00,15521820,67550657092,51395928602677056914237,0,55908933749510468,1.314319225832248
2025-06-09 08:17:36+00:00,15521822,67550637093,51395913385682609327337,0,55908917196332861,1.3143192258514784
2025-06-09 08:17:39+00:00,15521825,67550637094,51395913385682609327336,0,55908917196332861,1.314319225870935
2025-06-09 08:17:56+00:00,15521842,67550623991,51395923385682609327336,0,55908917196332861,1.314318715204125
2025-06-09 08:18:03+00:00,15521849,67550623992,51395923384924041418007,0,55908917196332861,1.31431871524298
2025-06-09 08:18:44+00:00,15521890,67550623991,51395923385924041418007,0,55908917196332861,1.3143187151979507
2025-06-09 08:18:48+00:00,15521894,67550633991,51395930994428648684358,0,55908925472928085,1.3143187151979507
2025-06-09 08:18:49+00:00,15521895,67550633990,51395930995428648684358,0,55908925472928085,1.3143187151529216
2025-06-09 08:18:54+00:00,15521900,67550634003,51395931005428648684358,0,55908925483687658,1.3143187151501357
2025-06-09 08:18:59+00:00,15521905,67550634002,51395931004632616956857,0,55908925482821728,1.3143187151510354
2025-06-09 08:19:18+00:00,15521924,67550620899,51395941004632616956857,0,55908925482821728,1.3143182044844994
2025-06-09 08:19:30+00:00,15521936,67550620900,51395941003874048752762,0,55908925482821728,1.3143182045233546
2025-06-09 08:19:44+00:00,15521950,67550610901,51395933395367961896368,0,55908917206226504,1.3143182045427737
2025-06-09 08:20:13+00:00,15521979,67550610902,51395933394609393692307,0,55908917206226504,1.3143182045816288
2025-06-09 08:20:36+00:00,15522002,67550597799,51395943394609393692307,0,55908917206226504,1.3143176939152161
2025-06-09 08:20:43+00:00,15522009,67550597800,51395943393850825193534,0,55908917206226504,1.3143176939540713
2025-06-09 08:20:48+00:00,15522014,67550597801,51395943393092256694783,0,55908917206226504,1.3143176939929264
2025-06-09 08:20:49+00:00,15522015,67550607801,51395951001602775654454,0,55908925482824939,1.3143176939929264
2025-06-09 08:20:54+00:00,15522020,67550607865,51395951050440805154502,0,55908925535795168,1.3143176939892554
2025-06-09 08:20:57+00:00,15522023,67550607866,51395951049682236655771,0,55908925535795168,1.3143176940281105
2025-06-09 08:20:58+00:00,15522024,67550597867,51395943441171718048350,0,55908917203709630,1.3143176940475672
2025-06-09 08:20:58+00:00,15522024,67550597800,51395943390163539973978,0,55908917203709630,1.314317694048364
2025-06-09 08:21:03+00:00,15522029,67550597801,51395943390163539973977,0,55908917203709630,1.3143176940678207
2025-06-09 08:21:13+00:00,15522039,67550584698,51395953390163539973977,0,55908917203709630,1.3143171834016067
2025-06-09 08:21:28+00:00,15522054,67550684698,51395877533396156118745,0,55908917203709630,1.3143210689243847
2025-06-09 08:21:40+00:00,15522066,67550684699,51395877532637589567879,0,55908917203709630,1.3143210689632399
2025-06-09 08:22:10+00:00,15522096,67550684698,51395877533637589567879,0,55908917203709630,1.3143210689182105
2025-06-09 08:22:15+00:00,15522101,67550684697,51395877534637589567879,0,55908917203709630,1.3143210688731812
2025-06-09 08:22:20+00:00,15522106,67550684710,51395877544637589567879,0,55908917214469194,1.3143210688703948
2025-06-09 08:22:25+00:00,15522111,67550684709,51395877543841558550654,0,55908917213603264,1.3143210688712945
2025-06-09 08:22:55+00:00,15522141,67550671606,51395887543841558550654,0,55908917213603264,1.3143205582037696
2025-06-09 08:23:04+00:00,15522150,67550658503,51395897543841558550654,0,55908917213603264,1.3143200475364432
2025-06-09 08:23:07+00:00,15522153,67550658504,51395897543082991410289,0,55908917213603264,1.3143200475752983
2025-06-09 08:23:19+00:00,15522165,67550668504,51395905151579885639616,0,55908925490194262,1.3143200475752983
2025-06-09 08:23:49+00:00,15522195,67550668505,51395905150821318499273,0,55908925490194262,1.3143200476141537
2025-06-09 08:23:50+00:00,15522196,67550655402,51395915150821318499273,0,55908925490194262,1.3143195369471017
2025-06-09 08:24:10+00:00,15522216,67550655403,51395915150062751064218,0,55908925490194262,1.3143195369859568
2025-06-09 08:24:15+00:00,15522221,67550655404,51395915149304183629185,0,55908925490194262,1.314319537024812
2025-06-09 08:24:21+00:00,15522227,67550665404,51395922757804033396857,0,55908933766786865,1.314319537024812
2025-06-09 08:24:22+00:00,15522228,67550665468,51395922806642062896905,0,55908933819757057,1.3143195370211391
2025-06-09 08:24:27+00:00,15522233,67550665401,51395922755633920410303,0,55908933764269954,1.3143195370219367
2025-06-09 08:24:32+00:00,15522238,67550665403,51395922754875352975301,0,55908933764269954,1.3143195370802487
2025-06-09 08:24:32+00:00,15522238,67550665402,51395922755633920410302,0,55908933764269954,1.3143195370413936
2025-06-09 08:24:42+00:00,15522248,67550652300,51395932754875352975301,0,55908933764269954,1.314319026413471
2025-06-09 08:25:14+00:00,15522280,67550639197,51395942754875352975301,0,55908933764269954,1.314318515746892
2025-06-09 08:25:16+00:00,15522282,67550639198,51395942754116784950854,0,55908933764269954,1.314318515785747
2025-06-09 08:25:36+00:00,15522302,67550639197,51395942755116784950854,0,55908933764269954,1.314318515740718
2025-06-09 08:25:41+00:00,15522307,67550639196,51395942756116784950854,0,55908933764269954,1.3143185156956887
2025-06-09 08:25:47+00:00,15522313,67550639209,51395942766116784950854,0,55908933775029528,1.314318515692903
2025-06-09 08:25:52+00:00,15522318,67550626106,51395952766116784950854,0,55908933775029528,1.3143180050265226
2025-06-09 08:25:59+00:00,15522325,67550626107,51395952765358216631641,0,55908933775029528,1.3143180050653778
2025-06-09 08:26:01+00:00,15522327,67550613004,51395962765358216631641,0,55908933775029528,1.3143174943991962
2025-06-09 08:26:16+00:00,15522342,67550599901,51395972765358216631641,0,55908933775029528,1.3143169837332136
2025-06-09 08:26:42+00:00,15522368,67550599902,51395972764599647722980,0,55908933775029528,1.3143169837720687
2025-06-09 08:26:56+00:00,15522382,67550586799,51395982764599647722980,0,55908933775029528,1.3143164731062846
2025-06-09 08:27:06+00:00,15522392,67550566800,51395967547583660982314,0,55908917221845927,1.3143164731252508
2025-06-09 08:27:20+00:00,15522406,67550576800,51395975156101247482218,0,55908925498448162,1.3143164731252508
2025-06-09 08:27:26+00:00,15522412,67550576801,51395975155342678278856,0,55908925498448162,1.314316473164106
2025-06-09 08:27:35+00:00,15522421,67550576802,51395975154584109075516,0,55908925498448162,1.314316473202961
2025-06-09 08:27:40+00:00,15522426,67550576803,51395975153825539872199,0,55908925498448162,1.3143164732418162
2025-06-09 08:27:46+00:00,15522432,67550576867,51395975202663569372247,0,55908925551418416,1.3143164732381463
2025-06-09 08:27:51+00:00,15522437,67550576800,51395975151655367341377,0,55908925495931313,1.3143164732389423
2025-06-09 08:28:00+00:00,15522446,67550563697,51395985151655367341377,0,55908925495931313,1.3143159625732814
2025-06-09 08:28:08+00:00,15522454,67550563698,51395985150896797843345,0,55908925495931313,1.3143159626121366
2025-06-09 08:28:09+00:00,15522455,67550663698,51395909294058955209746,0,55908925495931313,1.3143198481325133
2025-06-09 08:28:31+00:00,15522477,67550653698,51395901685551119300393,0,55908917219329078,1.3143198481327636
2025-06-09 08:28:40+00:00,15522486,67550640595,51395911685551119300393,0,55908917219329078,1.314319337465716
2025-06-09 08:28:49+00:00,15522495,67550627492,51395921685551119300393,0,55908917219329078,1.314318826798867
2025-06-09 08:28:59+00:00,15522505,67550627491,51395921686551119300393,0,55908917219329078,1.314318826753838
2025-06-09 08:29:04+00:00,15522510,67550614387,51395931687551119300393,0,55908917219329078,1.3143183160421585
2025-06-09 08:29:04+00:00,15522510,67550627490,51395921687551119300393,0,55908917219329078,1.3143188267088086
2025-06-09 08:29:09+00:00,15522515,67550614400,51395931697551119300393,0,55908917230088653,1.3143183160393725
2025-06-09 08:29:14+00:00,15522520,67550614399,51395931696755087444657,0,55908917229222723,1.3143183160402723
2025-06-09 08:29:24+00:00,15522530,67550601296,51395941696755087444657,0,55908917229222723,1.314317805373821
2025-06-09 08:29:37+00:00,15522543,67550601297,51395941695996519010213,0,55908917229222723,1.314317805412676
2025-06-09 08:29:54+00:00,15522560,67550588194,51395951695996519010213,0,55908917229222723,1.3143172947464234
2025-06-09 08:30:03+00:00,15522569,67550575091,51395961695996519010213,0,55908917229222723,1.3143167840803696
2025-06-09 08:30:21+00:00,15522587,67550575092,51395961695237949986321,0,55908917229222723,1.3143167841192247
2025-06-09 08:31:00+00:00,15522626,67550575093,51395961694479380962451,0,55908917229222723,1.3143167841580798
2025-06-09 08:31:02+00:00,15522628,67550585093,51395969302995166908045,0,55908925505823943,1.3143167841580798
2025-06-09 08:31:06+00:00,15522632,67550585094,51395969302236597884198,0,55908925505823943,1.3143167841969352
2025-06-09 08:31:11+00:00,15522637,67550571991,51395979302236597884198,0,55908925505823943,1.3143162735311555
2025-06-09 08:31:12+00:00,15522638,67550572055,51395979351074627384246,0,55908925558794201,1.3143162735274856
2025-06-09 08:31:17+00:00,15522643,67550571988,51395979300066421242993,0,55908925503307098,1.3143162735282816
2025-06-09 08:31:23+00:00,15522649,67550571989,51395979300066421242992,0,55908925503307098,1.3143162735477385
2025-06-09 08:31:37+00:00,15522663,67550581989,51395986908585163088107,0,55908933779909924,1.3143162735477385
2025-06-09 08:31:50+00:00,15522676,67550581990,51395986907826593769557,0,55908933779909924,1.3143162735865936
2025-06-09 08:31:59+00:00,15522685,67550561991,51395971690790586967553,0,55908917226705878,1.3143162736060126
2025-06-09 08:32:30+00:00,15522716,67550561990,51395971691790586967553,0,55908917226705878,1.3143162735609835
2025-06-09 08:32:32+00:00,15522718,67550561991,51395971691032017649010,0,55908917226705878,1.3143162735998386
2025-06-09 08:32:41+00:00,15522727,67550562004,51395971701032017649010,0,55908917237465461,1.3143162735970533
2025-06-09 08:32:46+00:00,15522732,67550562003,51395971700235985173796,0,55908917236599531,1.3143162735979528
2025-06-09 08:32:48+00:00,15522734,67550548900,51395981700235985173796,0,55908917236599531,1.3143157629322963
2025-06-09 08:33:04+00:00,15522750,67550535797,51395991700235985173796,0,55908917236599531,1.3143152522668387
2025-06-09 08:33:16+00:00,15522762,67550535798,51395991699477415265804,0,55908917236599531,1.3143152523056938
2025-06-09 08:33:23+00:00,15522769,67550522695,51396001699477415265804,0,55908917236599531,1.3143147416404346
2025-06-09 08:33:40+00:00,15522786,67550532695,51396009308005025264842,0,55908925513207173,1.3143147416404346
2025-06-09 08:33:50+00:00,15522796,67550632695,51395933451096713220890,0,55908925513207173,1.3143186271589853
2025-06-09 08:34:00+00:00,15522806,67550632696,51395933450338145260745,0,55908925513207173,1.3143186271978404
2025-06-09 08:34:34+00:00,15522840,67550632697,51395933449579577300622,0,55908925513207173,1.3143186272366958
2025-06-09 08:34:39+00:00,15522845,67550632698,51395933448821009340522,0,55908925513207173,1.314318627275551
2025-06-09 08:34:45+00:00,15522851,67550632763,51395933496900470880492,0,55908925566177383,1.314318627310734
2025-06-09 08:34:45+00:00,15522851,67550632699,51395933448062441380444,0,55908925566177383,1.314318627314406
2025-06-09 08:34:46+00:00,15522852,67550622763,51395925888384091064563,0,55908917289569741,1.3143186273110221
2025-06-09 08:34:55+00:00,15522861,67550622764,51395925888384091064562,0,55908917289569741,1.3143186273304788
2025-06-09 08:35:01+00:00,15522867,67550609661,51395935888384091064562,0,55908917289569741,1.3143181166639093
2025-06-09 08:35:21+00:00,15522887,67550596558,51395945888384091064562,0,55908917289569741,1.3143176059975383
2025-06-09 08:35:30+00:00,15522896,67550596559,51395945887625522515046,0,55908917289569741,1.3143176060363935
2025-06-09 08:36:02+00:00,15522928,67550596558,51395945888625522515046,0,55908917289569741,1.3143176059913644
2025-06-09 08:36:07+00:00,15522933,67550596557,51395945889625522515046,0,55908917289569741,1.314317605946335
2025-06-09 08:36:12+00:00,15522938,67550596570,51395945899625522515046,0,55908917300329319,1.3143176059435493
2025-06-09 08:36:13+00:00,15522939,67550596571,51395945898866953965499,0,55908917300329319,1.3143176059824047
2025-06-09 08:36:18+00:00,15522944,67550596570,51395945898070921890810,0,55908917299463389,1.3143176059833042
2025-06-09 08:36:19+00:00,15522945,67550606570,51395953506581950333222,0,55908925576061988,1.3143176059833042
2025-06-09 08:36:35+00:00,15522961,67550596571,51395945898070922731255,0,55908917299463389,1.314317606002761
2025-06-09 08:36:50+00:00,15522976,67550606571,51395953506581951061033,0,55908925576061988,1.314317606002761
2025-06-09 08:36:56+00:00,15522982,67550606572,51395953505823382511520,0,55908925576061988,1.3143176060416162
2025-06-09 08:37:18+00:00,15523004,67550593469,51395963505823382511520,0,55908925576061988,1.3143170953755197
2025-06-09 08:37:32+00:00,15523018,67550603469,51395971114337366834955,0,55908933852662193,1.3143170953755197
2025-06-09 08:37:39+00:00,15523025,67550603470,51395971113578797990730,0,55908933852662193,1.3143170954143748
2025-06-09 08:37:47+00:00,15523033,67550613470,51395978722092782089234,0,55908942129262397,1.3143170954143748
2025-06-09 08:38:04+00:00,15523050,67550583471,51395955896552307033842,0,55908917299463389,1.314317095433794
2025-06-09 08:38:05+00:00,15523051,67550583472,51395955895793738189650,0,55908917299463389,1.314317095472649
2025-06-09 08:38:10+00:00,15523056,67550583473,51395955895035169345481,0,55908917299463389,1.3143170955115042
2025-06-09 08:38:16+00:00,15523062,67550583537,51395955943873198845529,0,55908917352433630,1.3143170955078336
2025-06-09 08:38:21+00:00,15523067,67550583470,51395955892865008447848,0,55908917296946527,1.31431709550863
2025-06-09 08:38:22+00:00,15523068,67550593470,51395963501378992000714,0,55908925573546731,1.31431709550863
2025-06-09 08:38:23+00:00,15523069,67550593471,51395963500620423156565,0,55908925573546731,1.3143170955474852
2025-06-09 08:38:33+00:00,15523079,67550583472,51395955892106440278640,0,55908917296946527,1.314317095566942
2025-06-09 08:39:08+00:00,15523114,67550583473,51395955891347871434525,0,55908917296946527,1.3143170956057972
2025-06-09 08:39:26+00:00,15523132,67550570370,51395965891347871434525,0,55908917296946527,1.3143165849398237
2025-06-09 08:39:33+00:00,15523139,67550570369,51395965892347871434525,0,55908917296946527,1.3143165848947946
2025-06-09 08:39:39+00:00,15523145,67550570368,51395965893347871434525,0,55908917296946527,1.3143165848497655
2025-06-09 08:39:40+00:00,15523146,67550580368,51395973501864811166410,0,55908925573548336,1.3143165848497655
2025-06-09 08:39:49+00:00,15523155,67550580367,51395973501068778781994,0,55908925572682406,1.314316584850665
2025-06-09 08:39:52+00:00,15523158,67550580368,51395973500310209643115,0,55908925572682406,1.3143165848895204
2025-06-09 08:40:06+00:00,15523172,67550567265,51395983500310209643115,0,55908925572682406,1.3143160742238211
2025-06-09 08:40:21+00:00,15523187,67550577265,51395991108830105365741,0,55908933849285821,1.3143160742238211
2025-06-09 08:40:36+00:00,15523202,67550577266,51395991108071535932149,0,55908933849285821,1.3143160742626763
2025-06-09 08:41:05+00:00,15523231,67550564163,51396001108071535932149,0,55908933849285821,1.3143155635972514
2025-06-09 08:41:15+00:00,15523241,67550551060,51396011108071535932149,0,55908933849285821,1.3143150529320253
2025-06-09 08:41:21+00:00,15523247,67550551061,51396011107312965909109,0,55908933849285821,1.3143150529708805
2025-06-09 08:41:38+00:00,15523264,67550551062,51396011106554395886091,0,55908933849285821,1.3143150530097356
2025-06-09 08:41:43+00:00,15523269,67550551063,51396011105795825863096,0,55908933849285821,1.3143150530485908
2025-06-09 08:41:49+00:00,15523275,67550551127,51396011154633855363144,0,55908933902256103,1.3143150530449221
2025-06-09 08:41:54+00:00,15523280,67550551060,51396011103625625270400,0,55908933846769000,1.3143150530457175
2025-06-09 08:41:57+00:00,15523283,67550531061,51395995886581389996292,0,55908917293563776,1.3143150530649856
2025-06-09 08:41:59+00:00,15523285,67550531062,51395995886581389996291,0,55908917293563776,1.3143150530844423
2025-06-09 08:42:05+00:00,15523291,67550531063,51395995885822819973339,0,55908917293563776,1.3143150531232974
2025-06-09 08:42:06+00:00,15523292,67550517960,51396005885822819973339,0,55908917293563776,1.3143145424581189
2025-06-09 08:42:26+00:00,15523312,67550504857,51396015885822819973339,0,55908917293563776,1.3143140317931388
2025-06-09 08:42:48+00:00,15523334,67550504858,51396015885064249360938,0,55908917293563776,1.314314031831994
2025-06-09 08:42:54+00:00,15523340,67550514858,51396023493595968421424,0,55908925570173612,1.314314031831994
2025-06-09 08:43:05+00:00,15523351,67550514857,51396023494595968421424,0,55908925570173612,1.3143140317869648
2025-06-09 08:43:10+00:00,15523356,67550514856,51396023495595968421424,0,55908925570173612,1.314314031741936
2025-06-09 08:43:16+00:00,15523362,67550514869,51396023505595968421424,0,55908925580933204,1.3143140317391508
2025-06-09 08:43:21+00:00,15523367,67550514868,51396023504799935262644,0,55908925580067274,1.3143140317400503
2025-06-09 08:43:32+00:00,15523378,67550514869,51396023504041364650212,0,55908933856677110,1.3143140317789055
2025-06-09 08:43:32+00:00,15523378,67550524869,51396031112573084018025,0,55908933856677110,1.3143140317789055
2025-06-09 08:43:41+00:00,15523387,67550511766,51396041112573084018025,0,55908933856677110,1.3143135211142756
2025-06-09 08:44:02+00:00,15523408,67550498663,51396051112573084018025,0,55908933856677110,1.3143130104498444
2025-06-09 08:44:15+00:00,15523421,67550498664,51396051111814512816144,0,55908933856677110,1.3143130104886995
2025-06-09 08:44:16+00:00,15523422,67550508664,51396058720352144412526,0,55908942133290156,1.3143130104886995
2025-06-09 08:44:36+00:00,15523442,67550518664,51396066328889776008908,0,55908950409903202,1.3143130104886995
2025-06-09 08:44:45+00:00,15523451,67550505561,51396076328889776008908,0,55908950409903202,1.314312499824618
2025-06-09 08:44:59+00:00,15523465,67550505562,51396076328131204512314,0,55908950409903202,1.3143124998634732
2025-06-09 08:45:05+00:00,15523471,67550492459,51396086328131204512314,0,55908950409903202,1.3143119891995905
2025-06-09 08:45:08+00:00,15523474,67550492460,51396086327372632721006,0,55908950409903202,1.3143119892384456
2025-06-09 08:45:13+00:00,15523479,67550492461,51396086326614060929720,0,55908950409903202,1.3143119892773008
2025-06-09 08:45:20+00:00,15523486,67550492525,51396086375452090429768,0,55908950462873546,1.3143119892736348
2025-06-09 08:45:25+00:00,15523491,67550492458,51396086324443800792757,0,55908950407386443,1.3143119892744288
2025-06-09 08:45:30+00:00,15523496,67550492459,51396086324443800792756,0,55908950407386443,1.3143119892938855
2025-06-09 08:45:41+00:00,15523507,67550479356,51396096324443800792756,0,55908950407386443,1.3143114786302015
2025-06-09 08:45:43+00:00,15523509,67550479357,51396096323685228706766,0,55908950407386443,1.3143114786690566
2025-06-09 08:45:55+00:00,15523521,67550489357,51396103932231727993635,0,55908958684004305,1.3143114786690566
2025-06-09 08:46:05+00:00,15523531,67550439358,51396065889522845193893,0,55908917300940679,1.3143114786879095
2025-06-09 08:46:27+00:00,15523553,67550439359,51396065888764273107937,0,55908917300940679,1.3143114787267647
2025-06-09 08:46:35+00:00,15523561,67550439358,51396065889764273107937,0,55908917300940679,1.3143114786817358
2025-06-09 08:46:40+00:00,15523566,67550439357,51396065890764273107937,0,55908917300940679,1.3143114786367067
2025-06-09 08:46:45+00:00,15523571,67550439370,51396065900764273107937,0,55908917311700282,1.3143114786339223
2025-06-09 08:46:50+00:00,15523576,67550439369,51396065899968239174794,0,55908917310834352,1.3143114786348218
2025-06-09 08:47:11+00:00,15523597,67550439370,51396065899209667088807,0,55908917310834352,1.314311478673677
2025-06-09 08:47:36+00:00,15523622,67550539370,51395990042113029544479,0,55908917310834352,1.3143153641879493
2025-06-09 08:47:54+00:00,15523640,67550539371,51395990041354459701083,0,55908917310834352,1.3143153642268044
2025-06-09 08:47:56+00:00,15523642,67550526268,51396000041354459701083,0,55908917310834352,1.314314853561507
2025-06-09 08:48:18+00:00,15523664,67550513165,51396010041354459701083,0,55908917310834352,1.3143143428964086
2025-06-09 08:48:32+00:00,15523678,67550523165,51396017649884378017723,0,55908925587443172,1.3143143428964086
2025-06-09 08:48:38+00:00,15523684,67550523166,51396017649125807584879,0,55908925587443172,1.3143143429352637
2025-06-09 08:48:39+00:00,15523685,67550523167,51396017648367237152057,0,55908925587443172,1.3143143429741189
2025-06-09 08:48:44+00:00,15523690,67550523168,51396017647608666719257,0,55908925587443172,1.314314343012974
2025-06-09 08:48:50+00:00,15523696,67550510129,51396027696446696219305,0,55908925640413468,1.314313832344482
2025-06-09 08:48:50+00:00,15523696,67550523232,51396017696446696219305,0,55908925640413468,1.3143143430093058
2025-06-09 08:48:55+00:00,15523701,67550510062,51396027645438442171902,0,55908925584926365,1.314313832345277
2025-06-09 08:49:00+00:00,15523706,67550510063,51396027645438442171901,0,55908925584926365,1.3143138323647336
2025-06-09 08:49:05+00:00,15523711,67550496960,51396037645438442171901,0,55908925584926365,1.3143133217001082
2025-06-09 08:49:19+00:00,15523725,67550506960,51396045253974272170692,0,55908933861538396,1.3143133217001082
2025-06-09 08:49:21+00:00,15523727,67550506961,51396045253215701148453,0,55908933861538396,1.314313321738963
2025-06-09 08:49:50+00:00,15523756,67550493858,51396055253215701148453,0,55908933861538396,1.3143128110746118
2025-06-09 08:50:05+00:00,15523771,67550493859,51396055252457129831500,0,55908933861538396,1.314312811113467
2025-06-09 08:50:06+00:00,15523772,67550473860,51396040035385461623668,0,55908917308317545,1.3143128111327729
2025-06-09 08:50:07+00:00,15523773,67550473859,51396040036385461623668,0,55908917308317545,1.3143128110877438
2025-06-09 08:50:13+00:00,15523779,67550473858,51396040037385461623668,0,55908917308317545,1.3143128110427147
2025-06-09 08:50:18+00:00,15523784,67550473871,51396040047385461623668,0,55908917319077142,1.31431281103993
2025-06-09 08:50:23+00:00,15523789,67550460768,51396050047385461623668,0,55908917319077142,1.3143123003756263
2025-06-09 08:50:24+00:00,15523790,67550460767,51396050046589427936170,0,55908917318211212,1.3143123003765258
2025-06-09 08:50:49+00:00,15523815,67550460768,51396050045830856324462,0,55908917318211212,1.314312300415381
2025-06-09 08:51:01+00:00,15523827,67550447665,51396060045830856324462,0,55908917318211212,1.314311789751276
2025-06-09 08:51:33+00:00,15523859,67550447666,51396060045072284418040,0,55908917318211212,1.314311789790131
2025-06-09 08:51:38+00:00,15523864,67550434563,51396070045072284418040,0,55908917318211212,1.3143112791262248
2025-06-09 08:51:52+00:00,15523878,67550444563,51396077653619938858136,0,55908925594829664,1.3143112791262248
2025-06-09 08:52:14+00:00,15523900,67550444564,51396077652861366657000,0,55908925594829664,1.31431127916508
2025-06-09 08:52:19+00:00,15523905,67550444565,51396077652102794455886,0,55908925594829664,1.314311279203935
2025-06-09 08:52:25+00:00,15523911,67550444629,51396077700940823955934,0,55908925647800022,1.3143112792002698
2025-06-09 08:52:30+00:00,15523916,67550444562,51396077649932520288051,0,55908925592312919,1.3143112792010634
2025-06-09 08:52:36+00:00,15523922,67550444563,51396077649932520288050,0,55908925592312919,1.3143112792205203
2025-06-09 08:53:01+00:00,15523947,67550444564,51396077649173948086968,0,55908925592312919,1.3143112792593754
2025-06-09 08:53:10+00:00,15523956,67550454564,51396085257721601756255,0,55908933868931371,1.3143112792593754
2025-06-09 08:53:39+00:00,15523985,67550434565,51396070040626294524474,0,55908917315694467,1.314311279278832
2025-06-09 08:53:44+00:00,15523990,67550434564,51396070041626294524474,0,55908917315694467,1.3143112792338032
2025-06-09 08:53:45+00:00,15523991,67550434565,51396070040867722323400,0,55908917315694467,1.3143112792726583
2025-06-09 08:53:53+00:00,15523999,67550434578,51396070050867722323400,0,55908917326454070,1.3143112792698737
2025-06-09 08:53:58+00:00,15524004,67550434577,51396070050071688326189,0,55908917325588140,1.3143112792707734
2025-06-09 08:54:08+00:00,15524014,67550444577,51396077658619341929493,0,55908925602206591,1.3143112792707734
2025-06-09 08:54:17+00:00,15524023,67550431474,51396087658619341929493,0,55908925602206591,1.3143107686071414
2025-06-09 08:54:30+00:00,15524036,67550431475,51396087657860769433704,0,55908925602206591,1.3143107686459965
2025-06-09 08:54:47+00:00,15524053,67550441475,51396095266411379044857,0,55908933878826648,1.3143107686459965
2025-06-09 08:55:02+00:00,15524068,67550428372,51396105266411379044857,0,55908933878826648,1.314310257982639
2025-06-09 08:55:15+00:00,15524081,67550428373,51396105265652806254354,0,55908933878826648,1.3143102580214938
2025-06-09 08:55:30+00:00,15524096,67550438373,51396112874206371874065,0,55908942155448310,1.3143102580214938
2025-06-09 08:55:50+00:00,15524116,67550438374,51396112873447799083584,0,55908942155448310,1.314310258060349
2025-06-09 08:55:55+00:00,15524121,67550438375,51396112872689226293126,0,55908942155448310,1.314310258099204
2025-06-09 08:55:57+00:00,15524123,67550408376,51396090047032958961135,0,55908917325588140,1.3143102581185475
2025-06-09 08:56:01+00:00,15524127,67550408441,51396090095112415670758,0,55908917378558518,1.3143102581537385
2025-06-09 08:56:01+00:00,15524127,67550408377,51396090046274386170710,0,55908917378558518,1.3143102581574027
2025-06-09 08:56:07+00:00,15524133,67550408374,51396090044104092157800,0,55908917323071415,1.3143102581545316
2025-06-09 08:56:12+00:00,15524138,67550408375,51396090044104092157799,0,55908917323071415,1.3143102581739883
2025-06-09 08:56:12+00:00,15524138,67550395272,51396100044104092157799,0,55908917323071415,1.314309747510678
2025-06-09 08:56:31+00:00,15524157,67550495272,51396024186907538362309,0,55908917323071415,1.314313633022369
2025-06-09 08:56:47+00:00,15524173,67550495273,51396024186148967519753,0,55908917323071415,1.3143136330612242
2025-06-09 08:56:52+00:00,15524178,67550505273,51396031794682995055152,0,55908925599682429,1.3143136330612242
2025-06-09 08:57:13+00:00,15524199,67550492170,51396041794682995055152,0,55908925599682429,1.3143131223966786
2025-06-09 08:57:22+00:00,15524208,67550479066,51396051795682995055152,0,55908925599682429,1.3143126116873027
2025-06-09 08:57:22+00:00,15524208,67550492169,51396041795682995055152,0,55908925599682429,1.3143131223516495
2025-06-09 08:57:28+00:00,15524214,67550479065,51396051796682995055152,0,55908925599682429,1.3143126116422736
2025-06-09 08:57:33+00:00,15524219,67550479078,51396051806682995055152,0,55908925610442027,1.314312611639489
2025-06-09 08:57:37+00:00,15524223,67550465975,51396061806682995055152,0,55908925610442027,1.314312100975341
2025-06-09 08:57:39+00:00,15524225,67550465974,51396061805886961303577,0,55908925609576097,1.3143121009762404
2025-06-09 08:58:16+00:00,15524262,67550465975,51396061805128389576782,0,55908925609576097,1.3143121010150955
2025-06-09 08:58:19+00:00,15524265,67550475975,51396069413671286105393,0,55908933886191928,1.3143121010150955
2025-06-09 08:59:00+00:00,15524306,67550475976,51396069412912714378621,0,55908933886191928,1.3143121010539507
2025-06-09 08:59:20+00:00,15524326,67550462873,51396079412912714378621,0,55908933886191928,1.3143115903900768
2025-06-09 08:59:30+00:00,15524336,67550462874,51396079412154142357135,0,55908933886191928,1.314311590428932
2025-06-09 08:59:35+00:00,15524341,67550462875,51396079411395570335671,0,55908933886191928,1.3143115904677871
2025-06-09 08:59:41+00:00,15524347,67550472875,51396087019941422419970,0,55908942162809364,1.3143115904677871
2025-06-09 08:59:42+00:00,15524348,67550472939,51396087068779451920018,0,55908942215779715,1.3143115904641216
2025-06-09 08:59:43+00:00,15524349,67550472940,51396087068020879898575,0,55908942215779715,1.3143115905029767
2025-06-09 08:59:52+00:00,15524358,67550472941,51396087068020879898574,0,55908942215779715,1.3143115905224336
2025-06-09 08:59:57+00:00,15524363,67550459838,51396097068020879898574,0,55908942215779715,1.3143110798588344
2025-06-09 09:00:24+00:00,15524390,67550469838,51396104676569687897715,0,55908950492398756,1.3143110798588344
2025-06-09 09:01:02+00:00,15524428,67550469837,51396104677569687897715,0,55908950492398756,1.3143110798138056
2025-06-09 09:01:04+00:00,15524430,67550456734,51396114677569687897715,0,55908950492398756,1.3143105691504808
2025-06-09 09:01:13+00:00,15524439,67550456748,51396114686811115286805,0,55908950503158362,1.3143105691865515
2025-06-09 09:01:13+00:00,15524439,67550456747,51396114687569687897715,0,55908950503158362,1.3143105691476964
2025-06-09 09:01:18+00:00,15524444,67550456747,51396114686015081070634,0,55908950502292432,1.3143105691874513
2025-06-09 09:01:24+00:00,15524450,67550466747,51396122294566845348326,0,55908958778913078,1.3143105691874513
2025-06-09 09:01:33+00:00,15524459,67550453644,51396132294566845348326,0,55908958778913078,1.314310058524401
2025-06-09 09:01:56+00:00,15524482,67550440541,51396142294566845348326,0,55908958778913078,1.3143095478615492
2025-06-09 09:01:57+00:00,15524483,67550440542,51396142293808272147966,0,55908958778913078,1.3143095479004043
2025-06-09 09:02:16+00:00,15524502,67550450542,51396149902365948667089,0,55908967055536935,1.3143095479004043
2025-06-09 09:02:31+00:00,15524517,67550437439,51396159902365948667089,0,55908967055536935,1.314309037237827
2025-06-09 09:02:41+00:00,15524527,67550437440,51396159901607375172015,0,55908967055536935,1.3143090372766821
2025-06-09 09:02:48+00:00,15524534,67550424337,51396169901607375172015,0,55908967055536935,1.3143085266143035
2025-06-09 09:03:07+00:00,15524553,67550424338,51396169900848801382227,0,55908967055536935,1.3143085266531584
2025-06-09 09:03:12+00:00,15524558,67550424339,51396169900090227592461,0,55908967055536935,1.3143085266920136
2025-06-09 09:03:18+00:00,15524564,67550424403,51396169948928257092509,0,55908967108507348,1.314308526688351
2025-06-09 09:03:24+00:00,15524570,67550424336,51396169897919899699197,0,55908967053020245,1.3143085266891432
2025-06-09 09:03:24+00:00,15524570,67550424337,51396169897161325909452,0,55908967053020245,1.3143085267279984
2025-06-09 09:03:29+00:00,15524575,67550424338,51396169897161325909451,0,55908967053020245,1.314308526747455
2025-06-09 09:03:48+00:00,15524594,67550411235,51396179897161325909451,0,55908967053020245,1.3143080160852751
2025-06-09 09:03:57+00:00,15524603,67550398132,51396189897161325909451,0,55908967053020245,1.3143075054232938
2025-06-09 09:04:07+00:00,15524613,67550398133,51396189896402751530266,0,55908967053020245,1.314307505462149
2025-06-09 09:04:27+00:00,15524633,67550385030,51396199896402751530266,0,55908967053020245,1.3143069948003663
2025-06-09 09:04:36+00:00,15524642,67550385029,51396199897402751530266,0,55908967053020245,1.3143069947553376
2025-06-09 09:04:41+00:00,15524647,67550385028,51396199898402751530266,0,55908967053020245,1.3143069947103088
2025-06-09 09:04:46+00:00,15524652,67550385041,51396199908402751530266,0,55908967063779866,1.3143069947075252
2025-06-09 09:04:48+00:00,15524654,67550325042,51396154257044752822565,0,55908917404072041,1.3143069947250194
2025-06-09 09:04:51+00:00,15524657,67550325043,51396154256286178148622,0,55908917403206111,1.3143069947638744
2025-06-09 09:04:51+00:00,15524657,67550325042,51396154255490142848323,0,55908917403206111,1.314306994764774
2025-06-09 09:05:13+00:00,15524679,67550425042,51396078398134710316775,0,55908917403206111,1.3143108802723666
2025-06-09 09:05:35+00:00,15524701,67550425043,51396078397376137885435,0,55908917403206111,1.3143108803112218
2025-06-09 09:05:56+00:00,15524722,67550435043,51396086005926101066180,0,55908925679825742,1.3143108803112218
2025-06-09 09:06:14+00:00,15524740,67550421940,51396096005926101066180,0,55908925679825742,1.3143103696477503
2025-06-09 09:06:19+00:00,15524745,67550421941,51396096005167528340126,0,55908925679825742,1.3143103696866054
2025-06-09 09:06:44+00:00,15524770,67550421942,51396096004408955614095,0,55908925679825742,1.3143103697254606
2025-06-09 09:06:49+00:00,15524775,67550421943,51396096003650382888086,0,55908925679825742,1.3143103697643157
2025-06-09 09:06:55+00:00,15524781,67550422007,51396096052488412388134,0,55908925732796117,1.3143103697606513
2025-06-09 09:07:00+00:00,15524786,67550421940,51396096001480090584708,0,55908925677309014,1.3143103697614447
2025-06-09 09:07:02+00:00,15524788,67550421941,51396096000721517858720,0,55908925677309014,1.3143103698002996
2025-06-09 09:07:05+00:00,15524791,67550421942,51396096000721517858719,0,55908925677309014,1.3143103698197565
2025-06-09 09:07:35+00:00,15524821,67550408839,51396106000721517858719,0,55908925677309014,1.3143098591564837
2025-06-09 09:07:45+00:00,15524831,67550408840,51396105999962944838028,0,55908925677309014,1.3143098591953386
2025-06-09 09:07:54+00:00,15524840,67550395737,51396115999962944838028,0,55908925677309014,1.3143093485322646
2025-06-09 09:08:14+00:00,15524860,67550395736,51396116000962944838028,0,55908925677309014,1.3143093484872357
2025-06-09 09:08:19+00:00,15524865,67550395735,51396116001962944838028,0,55908925677309014,1.3143093484422068
2025-06-09 09:08:25+00:00,15524871,67550395748,51396116011962944838028,0,55908925688068625,1.3143093484394228
2025-06-09 09:08:29+00:00,15524875,67550395749,51396116011204371522569,0,55908925688068625,1.3143093484782777
2025-06-09 09:08:30+00:00,15524876,67550395748,51396116010408336932567,0,55908925687202695,1.3143093484791775
2025-06-09 09:08:30+00:00,15524876,67550382645,51396126010408336932567,0,55908925687202695,1.3143088378163021
2025-06-09 09:08:39+00:00,15524885,67550369542,51396136010408336932567,0,55908925687202695,1.3143083271536256
2025-06-09 09:08:53+00:00,15524899,67550379542,51396143618973080379657,0,55908933963830353,1.3143083271536256
2025-06-09 09:09:07+00:00,15524913,67550389542,51396151227537823826747,0,55908942240458011,1.3143083271536256
2025-06-09 09:09:12+00:00,15524918,67550389543,51396151226779249921837,0,55908942240458011,1.3143083271924807
2025-06-09 09:09:20+00:00,15524926,67550399543,51396158835343993143994,0,55908950517085669,1.3143083271924807
2025-06-09 09:09:34+00:00,15524940,67550359544,51396128401092399576340,0,55908917410583064,1.3143083272117486
2025-06-09 09:09:43+00:00,15524949,67550346441,51396138401092399576340,0,55908917410583064,1.3143078165491953
2025-06-09 09:09:56+00:00,15524962,67550346442,51396138400333825376726,0,55908917410583064,1.3143078165880504
2025-06-09 09:10:07+00:00,15524973,67550333339,51396148400333825376726,0,55908917410583064,1.3143073059256956
2025-06-09 09:10:20+00:00,15524986,67550333340,51396148399575250882398,0,55908917410583064,1.3143073059645507
2025-06-09 09:10:21+00:00,15524987,67550343340,51396156008145906023927,0,55908925687213932,1.3143073059645507
2025-06-09 09:10:25+00:00,15524991,67550343341,51396156007387331529621,0,55908925687213932,1.3143073060034056
2025-06-09 09:10:30+00:00,15524996,67550333342,51396148398816677048787,0,55908917410583064,1.3143073060228625
2025-06-09 09:10:32+00:00,15524998,67550333406,51396148447654706548835,0,55908917463553501,1.314307306019201
2025-06-09 09:10:37+00:00,15525003,67550333339,51396148396646325201130,0,55908917408066398,1.3143073060199928
2025-06-09 09:10:39+00:00,15525005,67550333340,51396148395887750706856,0,55908917408066398,1.3143073060588477
2025-06-09 09:10:42+00:00,15525008,67550333341,51396148395887750706855,0,55908917408066398,1.3143073060783046
2025-06-09 09:10:55+00:00,15525021,67550343341,51396156004458405189859,0,55908925684697266,1.3143073060783046
2025-06-09 09:11:10+00:00,15525036,67550333342,51396148395887750800127,0,55908917408066398,1.3143073060977613
2025-06-09 09:11:24+00:00,15525050,67550333343,51396148395129176305898,0,55908917408066398,1.3143073061366162
2025-06-09 09:11:48+00:00,15525074,67550333342,51396148396129176305898,0,55908917408066398,1.3143073060915875
2025-06-09 09:11:53+00:00,15525079,67550333341,51396148397129176305898,0,55908917408066398,1.3143073060465587
2025-06-09 09:11:58+00:00,15525084,67550333354,51396148407129176305898,0,55908917418826018,1.3143073060437749
2025-06-09 09:12:03+00:00,15525089,67550333353,51396148406333141096403,0,55908917417960088,1.3143073060446744
2025-06-09 09:12:07+00:00,15525093,67550333354,51396148405574566602143,0,55908917417960088,1.3143073060835295
2025-06-09 09:12:11+00:00,15525097,67550320251,51396158405574566602143,0,55908917417960088,1.3143067954213736
2025-06-09 09:12:50+00:00,15525136,67550320252,51396158404815991813168,0,55908917417960088,1.3143067954602285
2025-06-09 09:12:57+00:00,15525143,67550307149,51396168404815991813168,0,55908917417960088,1.3143062847982714
2025-06-09 09:13:18+00:00,15525164,67550294046,51396178404815991813168,0,55908917417960088,1.3143057741365127
2025-06-09 09:13:27+00:00,15525173,67550280943,51396188404815991813168,0,55908917417960088,1.3143052634749528
2025-06-09 09:13:34+00:00,15525180,67550280944,51396188404057416140003,0,55908917417960088,1.314305263513808
2025-06-09 09:13:46+00:00,15525192,67550267841,51396198404057416140003,0,55908917417960088,1.3143047528524467
2025-06-09 09:13:52+00:00,15525198,67550267842,51396198403298840172123,0,55908917417960088,1.3143047528913017
2025-06-09 09:13:57+00:00,15525203,67550267843,51396198402540264204265,0,55908917417960088,1.3143047529301568
2025-06-09 09:14:04+00:00,15525210,67550267907,51396198451378293704313,0,55908917470930576,1.314304752926498
2025-06-09 09:14:09+00:00,15525215,67550267840,51396198400369862736877,0,55908917415443473,1.3143047529272882
2025-06-09 09:14:15+00:00,15525221,67550267841,51396198400369862736876,0,55908917415443473,1.3143047529467449
2025-06-09 09:14:17+00:00,15525223,67550267842,51396198399611286769050,0,55908917415443473,1.3143047529856
2025-06-09 09:14:19+00:00,15525225,67550254739,51396208399611286769050,0,55908917415443473,1.3143042423244375
2025-06-09 09:14:28+00:00,15525234,67550354739,51396132542096992472436,0,55908917415443473,1.314308127827937
2025-06-09 09:14:42+00:00,15525248,67550364739,51396140150662889821245,0,55908925692071720,1.314308127827937
2025-06-09 09:14:51+00:00,15525257,67550351636,51396150150662889821245,0,55908925692071720,1.314307617165539
2025-06-09 09:15:01+00:00,15525267,67550351637,51396150149904315506554,0,55908925692071720,1.314307617204394
2025-06-09 09:15:19+00:00,15525285,67550341638,51396142541336938257269,0,55908917415443473,1.314307617223813
2025-06-09 09:15:28+00:00,15525294,67550341637,51396142542336938257269,0,55908917415443473,1.3143076171787842
2025-06-09 09:15:34+00:00,15525300,67550341650,51396142552336938257269,0,55908917426203091,1.3143076171760004
2025-06-09 09:15:39+00:00,15525305,67550341649,51396142551540903138559,0,55908917425337161,1.3143076171769
2025-06-09 09:15:41+00:00,15525307,67550328546,51396152551540903138559,0,55908917425337161,1.3143071065146252
2025-06-09 09:15:45+00:00,15525311,67550328547,51396152550782328529137,0,55908917425337161,1.3143071065534804
2025-06-09 09:15:57+00:00,15525323,67550315444,51396162550782328529137,0,55908917425337161,1.3143065958914044
2025-06-09 09:16:27+00:00,15525353,67550302341,51396172550782328529137,0,55908917425337161,1.3143060852295272
2025-06-09 09:16:29+00:00,15525355,67550302342,51396172550023753330263,0,55908917425337161,1.314306085268382
2025-06-09 09:16:42+00:00,15525368,67550289239,51396182550023753330263,0,55908917425337161,1.3143055746067036
2025-06-09 09:17:12+00:00,15525398,67550289240,51396182549265177836674,0,55908917425337161,1.3143055746455585
2025-06-09 09:17:18+00:00,15525404,67550276137,51396192549265177836674,0,55908917425337161,1.3143050639840788
2025-06-09 09:17:29+00:00,15525415,67550263034,51396202549265177836674,0,55908917425337161,1.3143045533227975
2025-06-09 09:17:30+00:00,15525416,67550263035,51396202548506601753631,0,55908917425337161,1.3143045533616526
2025-06-09 09:17:35+00:00,15525421,67550263036,51396202547748025670611,0,55908917425337161,1.3143045534005076
2025-06-09 09:17:41+00:00,15525427,67550263100,51396202596586055170659,0,55908917478307653,1.314304553396849
2025-06-09 09:17:46+00:00,15525432,67550263033,51396202545577620096020,0,55908917422820550,1.3143045533976392
2025-06-09 09:17:51+00:00,15525437,67550263034,51396202545577620096019,0,55908917422820550,1.3143045534170958
2025-06-09 09:17:55+00:00,15525441,67550263035,51396202544819044013031,0,55908917422820550,1.314304553455951
2025-06-09 09:18:01+00:00,15525447,67550273035,51396210153405633555841,0,55908925699460034,1.314304553455951
2025-06-09 09:18:16+00:00,15525462,67550283035,51396217761992223098651,0,55908933976099518,1.314304553455951
2025-06-09 09:18:39+00:00,15525485,67550269933,51396227761233646720947,0,55908933976099518,1.3143040428338746
2025-06-09 09:18:39+00:00,15525485,67550269932,51396227761992223098651,0,55908933976099518,1.3143040427950197
2025-06-09 09:18:54+00:00,15525500,67550256830,51396237761233646720947,0,55908933976099518,1.314303532173142
2025-06-09 09:19:03+00:00,15525509,67550256829,51396237762233646720947,0,55908933976099518,1.3143035321281133
2025-06-09 09:19:08+00:00,15525514,67550256842,51396237772233646720947,0,55908933986859153,1.3143035321253302
2025-06-09 09:19:14+00:00,15525520,67550256841,51396237771437610363242,0,55908933985993223,1.31430353212623
2025-06-09 09:19:22+00:00,15525528,67550256842,51396237770679033690796,0,55908933985993223,1.3143035321650849
2025-06-09 09:19:28+00:00,15525534,67550243739,51396247770679033690796,0,55908933985993223,1.314303021504551
2025-06-09 09:19:38+00:00,15525544,67550230636,51396257770679033690796,0,55908933985993223,1.314302510844216
2025-06-09 09:20:06+00:00,15525572,67550217533,51396267770679033690796,0,55908933985993223,1.3143020001840795
2025-06-09 09:20:06+00:00,15525572,67550217534,51396267769920456134158,0,55908933985993223,1.3143020002229346
2025-06-09 09:20:16+00:00,15525582,67550317534,51396191912276754619318,0,55908933985993223,1.3143058857219456
2025-06-09 09:20:48+00:00,15525614,67550304431,51396201912276754619318,0,55908933985993223,1.3143053750604983
2025-06-09 09:20:50+00:00,15525616,67550304432,51396201911518179010557,0,55908933985993223,1.3143053750993534
2025-06-09 09:20:58+00:00,15525624,67550291329,51396211911518179010557,0,55908933985993223,1.3143048644381046
2025-06-09 09:21:07+00:00,15525633,67550291330,51396211910759603107081,0,55908933985993223,1.3143048644769597
2025-06-09 09:21:12+00:00,15525638,67550291331,51396211910001027203627,0,55908933985993223,1.3143048645158146
2025-06-09 09:21:13+00:00,15525639,67550301331,51396219518585816002963,0,55908942262631692,1.3143048645158146
2025-06-09 09:21:19+00:00,15525645,67550301395,51396219567423845503011,0,55908942315602178,1.3143048645121556
2025-06-09 09:21:24+00:00,15525650,67550301328,51396219516415416245847,0,55908942260115075,1.314304864512946
2025-06-09 09:21:29+00:00,15525655,67550301329,51396219516415416245846,0,55908942260115075,1.3143048645324027
2025-06-09 09:21:34+00:00,15525660,67550301330,51396219515656840342424,0,55908942260115075,1.3143048645712578
2025-06-09 09:21:37+00:00,15525663,67550271330,51396196689900609606308,0,55908917430197638,1.3143048645713056
2025-06-09 09:22:18+00:00,15525704,67550271331,51396196689142033702908,0,55908917430197638,1.3143048646101605
2025-06-09 09:22:36+00:00,15525722,67550271330,51396196690142033702908,0,55908917430197638,1.3143048645651318
2025-06-09 09:22:41+00:00,15525727,67550271329,51396196691142033702908,0,55908917430197638,1.314304864520103
2025-06-09 09:22:46+00:00,15525732,67550271342,51396196701142033702908,0,55908917440957268,1.3143048645173199
2025-06-09 09:22:47+00:00,15525733,67550258239,51396206701142033702908,0,55908917440957268,1.3143043538561188
2025-06-09 09:23:01+00:00,15525747,67550258240,51396206700383457504739,0,55908917440957268,1.3143043538949737
2025-06-09 09:23:08+00:00,15525754,67550268240,51396214308971202317993,0,55908925717597342,1.3143043538949737
2025-06-09 09:23:45+00:00,15525791,67550255138,51396224308212626119847,0,55908925717597342,1.314303843272902
2025-06-09 09:23:45+00:00,15525791,67550268241,51396214308212626119847,0,55908925717597342,1.3143043539338288
2025-06-09 09:23:56+00:00,15525802,67550245139,51396216699623401738550,0,55908917440957268,1.3143038432923209
2025-06-09 09:24:13+00:00,15525819,67550232036,51396226699623401738550,0,55908917440957268,1.3143033326315172
2025-06-09 09:24:27+00:00,15525833,67550232037,51396226698864824950961,0,55908917440957268,1.3143033326703721
2025-06-09 09:24:42+00:00,15525848,67550232038,51396226698106248163395,0,55908917440957268,1.314303332709227
2025-06-09 09:24:47+00:00,15525853,67550232039,51396226697347671375851,0,55908917440957268,1.3143033327480822
2025-06-09 09:24:53+00:00,15525859,67550232103,51396226746185700875899,0,55908917493927785,1.3143033327444247
2025-06-09 09:24:58+00:00,15525864,67550232036,51396226695177241848112,0,55908917438440682,1.3143033327452143
2025-06-09 09:25:04+00:00,15525870,67550232037,51396226695177241848111,0,55908917438440682,1.314303332764671
2025-06-09 09:25:11+00:00,15525877,67550232038,51396226694418665060599,0,55908917438440682,1.314303332803526
2025-06-09 09:25:47+00:00,15525913,67550242038,51396234303012321038865,0,55908925715083966,1.314303332803526
2025-06-09 09:25:55+00:00,15525921,67550242039,51396234302253744251376,0,55908925715083966,1.314303332842381
2025-06-09 09:26:02+00:00,15525928,67550252039,51396241910847400004708,0,55908933991727250,1.314303332842381
2025-06-09 09:26:12+00:00,15525938,67550252038,51396241911847400004708,0,55908933991727250,1.3143033327973523
2025-06-09 09:26:17+00:00,15525943,67550252037,51396241912847400004708,0,55908933991727250,1.3143033327523237
2025-06-09 09:26:22+00:00,15525948,67550252050,51396241922847400004708,0,55908934002486886,1.3143033327495408
2025-06-09 09:26:27+00:00,15525953,67550252049,51396241922051363582940,0,55908934001620956,1.3143033327504403
2025-06-09 09:26:39+00:00,15525965,67550252050,51396241921292786795420,0,55908934001620956,1.3143033327892952
2025-06-09 09:26:49+00:00,15525975,67550262050,51396249529886442856069,0,55908942278264240,1.3143033327892952
2025-06-09 09:27:07+00:00,15525993,67550232051,51396226704105476881615,0,55908917448334388,1.314303332808752
2025-06-09 09:27:22+00:00,15526008,67550232052,51396226703346900094129,0,55908917448334388,1.3143033328476068
2025-06-09 09:27:32+00:00,15526018,67550218949,51396236703346900094129,0,55908917448334388,1.314302822187002
2025-06-09 09:27:42+00:00,15526028,67550205846,51396246703346900094129,0,55908917448334388,1.3143023115265957
2025-06-09 09:28:05+00:00,15526051,67550205847,51396246702588322717189,0,55908917448334388,1.3143023115654506
2025-06-09 09:28:16+00:00,15526062,67550205848,51396246701829745340271,0,55908917448334388,1.3143023116043056
2025-06-09 09:28:17+00:00,15526063,67550215848,51396254310429313116638,0,55908925724980883,1.3143023116043056
2025-06-09 09:28:28+00:00,15526074,67550205913,51396246750667775043992,0,55908917501304925,1.3143023116201056
2025-06-09 09:28:28+00:00,15526074,67550205849,51396246701829745543944,0,55908917501304925,1.3143023116237622
2025-06-09 09:28:33+00:00,15526079,67550205846,51396246699659296169381,0,55908917445817822,1.3143023116208947
2025-06-09 09:28:38+00:00,15526084,67550205847,51396246699659296169380,0,55908917445817822,1.3143023116403516
2025-06-09 09:28:48+00:00,15526094,67550205848,51396246698900718792505,0,55908917445817822,1.3143023116792065
2025-06-09 09:29:05+00:00,15526111,67550192745,51396256698900718792505,0,55908917445817822,1.3143018010189988
2025-06-09 09:29:25+00:00,15526131,67550202745,51396264307503242388563,0,55908925722465922,1.3143018010189988
2025-06-09 09:29:31+00:00,15526137,67550202746,51396264306744664716972,0,55908925722465922,1.3143018010578538
2025-06-09 09:29:47+00:00,15526153,67550202745,51396264307744664716972,0,55908925722465922,1.3143018010128251
2025-06-09 09:29:52+00:00,15526158,67550202744,51396264308744664716972,0,55908925722465922,1.3143018009677967
2025-06-09 09:29:54+00:00,15526160,67550212744,51396271917347188609444,0,55908933999114022,1.3143018009677967
2025-06-09 09:29:57+00:00,15526163,67550212757,51396271927347188609444,0,55908934009873664,1.314301800965014
2025-06-09 09:30:03+00:00,15526169,67550212756,51396271926551151723064,0,55908934009007734,1.3143018009659135
2025-06-09 09:30:15+00:00,15526181,67550212757,51396271925792574051443,0,55908934009007734,1.3143018010047685
2025-06-09 09:30:47+00:00,15526213,67550222757,51396279534395097729882,0,55908942285655834,1.3143018010047685
2025-06-09 09:30:59+00:00,15526225,67550222758,51396279533636520058283,0,55908942285655834,1.3143018010436234
2025-06-09 09:31:14+00:00,15526240,67550209655,51396289533636520058283,0,55908942285655834,1.3143012903838414
2025-06-09 09:31:23+00:00,15526249,67550196552,51396299533636520058283,0,55908942285655834,1.314300779724258
2025-06-09 09:31:39+00:00,15526265,67550183449,51396309533636520058283,0,55908942285655834,1.3143002690648735
2025-06-09 09:31:48+00:00,15526274,67550170346,51396319533636520058283,0,55908942285655834,1.3142997584056877
2025-06-09 09:31:57+00:00,15526283,67550170347,51396319532877941207752,0,55908942285655834,1.3142997584445426
2025-06-09 09:31:58+00:00,15526284,67550157244,51396329532877941207752,0,55908942285655834,1.3142992477855553
2025-06-09 09:32:09+00:00,15526295,67550157308,51396329581715970707800,0,55908942338626433,1.3142992477819015
2025-06-09 09:32:14+00:00,15526300,67550157241,51396329530707432287421,0,55908942283139330,1.3142992477826894
2025-06-09 09:32:16+00:00,15526302,67550257241,51396253672904867788794,0,55908942283139330,1.3143031332770314
2025-06-09 09:32:20+00:00,15526306,67550257242,51396253672904867788793,0,55908942283139330,1.314303133296488
2025-06-09 09:32:26+00:00,15526312,67550257243,51396253672146290886154,0,55908942283139330,1.314303133335343
2025-06-09 09:33:03+00:00,15526349,67550244140,51396263672146290886154,0,55908942283139330,1.3143026226750447
2025-06-09 09:33:09+00:00,15526355,67550244141,51396263671387713688799,0,55908942283139330,1.3143026227138999
2025-06-09 09:33:16+00:00,15526362,67550214141,51396240845587187436871,0,55908917453195030,1.3143026227140846
2025-06-09 09:33:29+00:00,15526375,67550214140,51396240846587187436871,0,55908917453195030,1.314302622669056
2025-06-09 09:33:34+00:00,15526380,67550214139,51396240847587187436871,0,55908917453195030,1.3143026226240273
2025-06-09 09:33:39+00:00,15526385,67550214152,51396240857587187436871,0,55908917463954669,1.3143026226212444
2025-06-09 09:33:44+00:00,15526390,67550214151,51396240856791150796124,0,55908917463088739,1.314302622622144
2025-06-09 09:33:53+00:00,15526399,67550214152,51396240856032573598739,0,55908917463088739,1.314302622660999
2025-06-09 09:34:29+00:00,15526435,67550224152,51396248464630340643842,0,55908925739734218,1.314302622660999
2025-06-09 09:34:36+00:00,15526442,67550224153,51396248463871763446479,0,55908925739734218,1.314302622699854
2025-06-09 09:35:14+00:00,15526480,67550234153,51396256072469530266647,0,55908934016379697,1.314302622699854
2025-06-09 09:35:20+00:00,15526486,67550234154,51396256071710953069307,0,55908934016379697,1.314302622738709
2025-06-09 09:35:26+00:00,15526492,67550221051,51396266071710953069307,0,55908934016379697,1.3143021120785339
2025-06-09 09:35:34+00:00,15526500,67550221052,51396266070952375577251,0,55908934016379697,1.3143021121173888
2025-06-09 09:35:39+00:00,15526505,67550221053,51396266070193798085217,0,55908934016379697,1.314302112156244
2025-06-09 09:35:46+00:00,15526512,67550221117,51396266119031827585265,0,55908934069350238,1.3143021121525875
2025-06-09 09:35:51+00:00,15526517,67550221050,51396266068023344604269,0,55908934013863135,1.3143021121533767
2025-06-09 09:35:56+00:00,15526522,67550207947,51396276068023344604269,0,55908934013863135,1.3143016014934001
2025-06-09 09:36:04+00:00,15526530,67550207948,51396276067264766817518,0,55908934013863135,1.314301601532255
2025-06-09 09:36:32+00:00,15526558,67550217948,51396283675868445259115,0,55908942290511825,1.314301601532255
2025-06-09 09:36:47+00:00,15526573,67550204845,51396293675868445259115,0,55908942290511825,1.3143010908725532
2025-06-09 09:36:48+00:00,15526574,67550204846,51396293675109867177648,0,55908942290511825,1.3143010909114081
2025-06-09 09:36:57+00:00,15526583,67550174847,51396270849300295379732,0,55908917460572177,1.3143010909306005
2025-06-09 09:37:03+00:00,15526589,67550174846,51396270850300295379732,0,55908917460572177,1.314301090885572
2025-06-09 09:37:08+00:00,15526594,67550174845,51396270851300295379732,0,55908917460572177,1.3143010908405433
2025-06-09 09:37:13+00:00,15526599,67550174858,51396270861300295379732,0,55908917471331822,1.3143010908377608
2025-06-09 09:37:19+00:00,15526605,67550174857,51396270860504258274386,0,55908917470465892,1.3143010908386603
2025-06-09 09:37:31+00:00,15526617,67550174858,51396270859745680192899,0,55908917470465892,1.3143010908775152
2025-06-09 09:37:36+00:00,15526622,67550184858,51396278468352314859336,0,55908925747116187,1.3143010908775152
2025-06-09 09:37:56+00:00,15526642,67550174859,51396270859745680722172,0,55908917470465892,1.314301090896972
2025-06-09 09:38:15+00:00,15526661,67550174860,51396270858987102640719,0,55908917470465892,1.314301090935827
2025-06-09 09:38:26+00:00,15526672,67550161757,51396280858987102640719,0,55908917470465892,1.314300580276097
2025-06-09 09:38:35+00:00,15526681,67550148654,51396290858987102640719,0,55908917470465892,1.3143000696165656
2025-06-09 09:39:00+00:00,15526706,67550148655,51396290858228523969811,0,55908917470465892,1.3143000696554206
2025-06-09 09:39:09+00:00,15526715,67550148656,51396290857469945298925,0,55908917470465892,1.3143000696942755
2025-06-09 09:39:14+00:00,15526720,67550148657,51396290856711366628061,0,55908917470465892,1.3143000697331304
2025-06-09 09:39:15+00:00,15526721,67550135554,51396300856711366628061,0,55908917470465892,1.3142995590737978
2025-06-09 09:39:21+00:00,15526727,67550135618,51396300905549396128109,0,55908917523436484,1.3142995590701436
2025-06-09 09:39:27+00:00,15526733,67550135551,51396300854540863527389,0,55908917467949381,1.3142995590709317
2025-06-09 09:39:32+00:00,15526738,67550135552,51396300854540863527388,0,55908917467949381,1.3142995590903883
2025-06-09 09:39:44+00:00,15526750,67550135553,51396300853782284561817,0,55908917467949381,1.3142995591292432
2025-06-09 09:39:52+00:00,15526758,67550145553,51396308462397786666416,0,55908925744604492,1.3142995591292432
2025-06-09 09:40:01+00:00,15526767,67550132450,51396318462397786666416,0,55908925744604492,1.3142990484701849
2025-06-09 09:40:12+00:00,15526778,67550122451,51396310853780804261945,0,55908917467949381,1.3142990484896035
2025-06-09 09:40:21+00:00,15526787,67550109348,51396320853780804261945,0,55908917467949381,1.3142985378306684
2025-06-09 09:40:28+00:00,15526794,67550109349,51396320853022224706930,0,55908917467949381,1.3142985378695233
2025-06-09 09:40:30+00:00,15526796,67550096246,51396330853022224706930,0,55908917467949381,1.3142980272107867
2025-06-09 09:40:42+00:00,15526808,67550096245,51396330854022224706930,0,55908917467949381,1.3142980271657583
2025-06-09 09:40:44+00:00,15526810,67550106245,51396338462646595516251,0,55908925744609308,1.3142980271657583
2025-06-09 09:40:47+00:00,15526813,67550106244,51396338463646595516251,0,55908925744609308,1.3142980271207299
2025-06-09 09:40:53+00:00,15526819,67550106257,51396338473646595516251,0,55908925755368965,1.3142980271179479
2025-06-09 09:40:58+00:00,15526824,67550106256,51396338472850557481659,0,55908925754503035,1.3142980271188474
2025-06-09 09:41:04+00:00,15526830,67550206256,51396262614977539582247,0,55908925754503035,1.3143019126125135
2025-06-09 09:41:11+00:00,15526837,67550206257,51396262614218961975065,0,55908925754503035,1.3143019126513684
2025-06-09 09:41:18+00:00,15526844,67550216257,51396270222820839322099,0,55908934031150709,1.3143019126513684
2025-06-09 09:41:56+00:00,15526882,67550216258,51396270222062261714939,0,55908934031150709,1.3143019126902233
2025-06-09 09:41:57+00:00,15526883,67550203155,51396280222062261714939,0,55908934031150709,1.314301402030327
2025-06-09 09:42:11+00:00,15526897,67550213155,51396287830667095090330,0,55908942307799989,1.314301402030327
2025-06-09 09:42:20+00:00,15526906,67550200052,51396297830667095090330,0,55908942307799989,1.314300891370705
2025-06-09 09:42:36+00:00,15526922,67550170052,51396275004839842757270,0,55908917477843108,1.3143008913708043
2025-06-09 09:42:45+00:00,15526931,67550156949,51396285004839842757270,0,55908917477843108,1.3143003807111544
2025-06-09 09:42:51+00:00,15526937,67550156950,51396285004081264265917,0,55908917477843108,1.3143003807500093
2025-06-09 09:42:56+00:00,15526942,67550156951,51396285003322685774586,0,55908917477843108,1.3143003807888642
2025-06-09 09:43:01+00:00,15526947,67550143848,51396295003322685774586,0,55908917477843108,1.3142998701294129
2025-06-09 09:43:02+00:00,15526948,67550143912,51396295052160715274634,0,55908917530813694,1.3142998701257587
2025-06-09 09:43:07+00:00,15526953,67550143845,51396295001152188489871,0,55908917475326591,1.3142998701265467
2025-06-09 09:43:13+00:00,15526959,67550143846,51396295001152188489870,0,55908917475326591,1.3142998701460034
2025-06-09 09:43:22+00:00,15526968,67550153846,51396302609765890086840,0,55908925751980687,1.3142998701460034
2025-06-09 09:43:23+00:00,15526969,67550153847,51396302609007311300802,0,55908925751980687,1.3142998701848583
2025-06-09 09:43:39+00:00,15526985,67550143847,51396295000393609882553,0,55908917475326591,1.3142998701848583
2025-06-09 09:43:55+00:00,15527001,67550130744,51396305000393609882553,0,55908917475326591,1.3142993595256056
2025-06-09 09:44:04+00:00,15527010,67550117641,51396315000393609882553,0,55908917475326591,1.3142988488665517
2025-06-09 09:44:08+00:00,15527014,67550117642,51396314999635030507060,0,55908917475326591,1.3142988489054066
2025-06-09 09:44:22+00:00,15527028,67550117641,51396315000635030507060,0,55908917475326591,1.314298848860378
2025-06-09 09:44:27+00:00,15527033,67550117640,51396315001635030507060,0,55908917475326591,1.3142988488153495
2025-06-09 09:44:32+00:00,15527038,67550117653,51396315011635030507060,0,55908917486086245,1.3142988488125675
2025-06-09 09:44:38+00:00,15527044,67550117652,51396315010838992718114,0,55908917485220315,1.314298848813467
2025-06-09 09:44:50+00:00,15527056,67550217652,51396239153013400852244,0,55908917485220315,1.3143027343089067
2025-06-09 09:44:51+00:00,15527057,67550217653,51396239152254823719321,0,55908917485220315,1.3143027343477618
2025-06-09 09:45:11+00:00,15527077,67550204550,51396249152254823719321,0,55908917485220315,1.314302223687397
2025-06-09 09:45:35+00:00,15527101,67550204551,51396249151496246291682,0,55908917485220315,1.3143022237262518
2025-06-09 09:46:06+00:00,15527132,67550191448,51396259151496246291682,0,55908917485220315,1.3143017130660857
2025-06-09 09:46:20+00:00,15527146,67550191449,51396259150737668569327,0,55908917485220315,1.3143017131049406
2025-06-09 09:46:26+00:00,15527152,67550201449,51396266759340701107220,0,55908925761868579,1.3143017131049406
2025-06-09 09:46:31+00:00,15527157,67550201450,51396266758582123384888,0,55908925761868579,1.3143017131437955
2025-06-09 09:46:36+00:00,15527162,67550191451,51396259149979091816243,0,55908917485220315,1.3143017131632522
2025-06-09 09:46:37+00:00,15527163,67550191452,51396259149220514093944,0,55908917485220315,1.3143017132021073
2025-06-09 09:46:43+00:00,15527169,67550191516,51396259198058543593992,0,55908917538190863,1.3143017131984511
2025-06-09 09:46:45+00:00,15527171,67550178413,51396269198058543593992,0,55908917538190863,1.3143012025384841
2025-06-09 09:46:48+00:00,15527174,67550178346,51396269147050042475001,0,55908917482703760,1.3143012025392729
2025-06-09 09:46:53+00:00,15527179,67550178347,51396269147050042475000,0,55908917482703760,1.3143012025587295
2025-06-09 09:47:03+00:00,15527189,67550178348,51396269146291464457995,0,55908917482703760,1.3143012025975844
2025-06-09 09:47:19+00:00,15527205,67550165245,51396279146291464457995,0,55908917482703760,1.3143006919378157
2025-06-09 09:47:36+00:00,15527222,67550152142,51396289146291464457995,0,55908917482703760,1.3143001812782455
2025-06-09 09:47:46+00:00,15527232,67550152143,51396289145532885851535,0,55908917482703760,1.3143001813171005
2025-06-09 09:48:03+00:00,15527249,67550152142,51396289146532885851535,0,55908917482703760,1.314300181272072
2025-06-09 09:48:09+00:00,15527255,67550152141,51396289147532885851535,0,55908917482703760,1.3143001812270434
2025-06-09 09:48:14+00:00,15527260,67550152154,51396289157532885851535,0,55908917493463409,1.3143001812242612
2025-06-09 09:48:20+00:00,15527266,67550152153,51396289156736848463128,0,55908917492597479,1.3143001812251607
2025-06-09 09:48:30+00:00,15527276,67550162154,51396296764590170585607,0,55908925769250559,1.3143001812640156
2025-06-09 09:48:30+00:00,15527276,67550162153,51396296765348749192098,0,55908925769250559,1.3143001812251607
2025-06-09 09:49:08+00:00,15527314,67550172154,51396304373202071089642,0,55908934045903639,1.3143001812640156
2025-06-09 09:49:12+00:00,15527318,67550172155,51396304372443492483173,0,55908934045903639,1.3143001813028705
2025-06-09 09:49:37+00:00,15527343,67550182155,51396311981055392762273,0,55908942322556719,1.3143001813028705
2025-06-09 09:49:48+00:00,15527354,67550152156,51396289155219693469263,0,55908917492597479,1.3143001813223272
2025-06-09 09:49:56+00:00,15527362,67550152157,51396289154461114862828,0,55908917492597479,1.314300181361182
2025-06-09 09:50:02+00:00,15527368,67550162157,51396296763073014804357,0,55908925769250559,1.314300181361182
2025-06-09 09:50:11+00:00,15527377,67550162158,51396296762314436197945,0,55908925769250559,1.314300181400037
2025-06-09 09:50:16+00:00,15527382,67550162159,51396296761555857591555,0,55908925769250559,1.314300181438892
2025-06-09 09:50:23+00:00,15527389,67550162223,51396296810393887091603,0,55908925822221138,1.3143001814352375
2025-06-09 09:50:28+00:00,15527394,67550162156,51396296759385366126541,0,55908925766734035,1.3143001814360256
2025-06-09 09:50:33+00:00,15527399,67550162157,51396296759385366126540,0,55908925766734035,1.3143001814554822
2025-06-09 09:50:34+00:00,15527400,67550152157,51396289150773466677942,0,55908917490080955,1.3143001814554822
2025-06-09 09:50:40+00:00,15527406,67550152158,51396289150014888071584,0,55908917490080955,1.3143001814943371
2025-06-09 09:51:24+00:00,15527450,67550152159,51396289149256309465248,0,55908917490080955,1.314300181533192
2025-06-09 09:51:25+00:00,15527451,67550162159,51396296757868208410994,0,55908925766734034,1.314300181533192
2025-06-09 09:51:39+00:00,15527465,67550172159,51396304366480107356740,0,55908934043387113,1.314300181533192
2025-06-09 09:51:41+00:00,15527467,67550172158,51396304367480107356740,0,55908934043387113,1.3143001814881636
2025-06-09 09:51:46+00:00,15527472,67550172157,51396304368480107356740,0,55908934043387113,1.314300181443135
2025-06-09 09:51:49+00:00,15527475,67550159054,51396314368480107356740,0,55908934043387113,1.314299670783915
2025-06-09 09:51:51+00:00,15527477,67550159067,51396314378480107356740,0,55908934054146764,1.3142996707811327
2025-06-09 09:51:56+00:00,15527482,67550159066,51396314377684069813498,0,55908934053280834,1.3142996707820322
2025-06-09 09:52:07+00:00,15527493,67550159067,51396314376925490912393,0,55908934053280834,1.3142996708208872
2025-06-09 09:52:49+00:00,15527535,67550159068,51396314376166912011310,0,55908934053280834,1.314299670859742
2025-06-09 09:52:55+00:00,15527541,67550145965,51396324376166912011310,0,55908934053280834,1.3142991602007206
2025-06-09 09:53:04+00:00,15527550,67550132862,51396334376166912011310,0,55908934053280834,1.314298649541898
2025-06-09 09:53:18+00:00,15527564,67550142862,51396341984787679814369,0,55908942329938730,1.314298649541898
2025-06-09 09:53:33+00:00,15527579,67550142863,51396341984029100323831,0,55908942329938730,1.314298649580753
2025-06-09 09:53:45+00:00,15527591,67550142864,51396341983270520833315,0,55908942329938730,1.3142986496196079
2025-06-09 09:53:50+00:00,15527596,67550142865,51396341982511941342822,0,55908942329938730,1.3142986496584628
2025-06-09 09:53:56+00:00,15527602,67550142929,51396342031349970842870,0,55908942382909340,1.3142986496548097
2025-06-09 09:54:01+00:00,15527607,67550152862,51396349588962187252035,0,55908950604080132,1.314298649655597
2025-06-09 09:54:01+00:00,15527607,67550142862,51396341980341420107192,0,55908950604080132,1.314298649655597
2025-06-09 09:54:07+00:00,15527613,67550152863,51396349588962187252034,0,55908950604080132,1.3142986496750537
2025-06-09 09:54:16+00:00,15527622,67550152864,51396349588203607761573,0,55908950604080132,1.3142986497139084
2025-06-09 09:54:39+00:00,15527645,67550112865,51396319153729395843133,0,55908917497458183,1.3142986497331388
2025-06-09 09:54:49+00:00,15527655,67550099762,51396329153729395843133,0,55908917497458183,1.3142981390743635
2025-06-09 09:54:58+00:00,15527664,67550086659,51396339153729395843133,0,55908917497458183,1.314297628415787
2025-06-09 09:55:00+00:00,15527666,67550086660,51396339152970815763226,0,55908917497458183,1.314297628454642
2025-06-09 09:55:16+00:00,15527682,67550086659,51396339153970815763226,0,55908917497458183,1.3142976284096135
2025-06-09 09:55:21+00:00,15527687,67550096659,51396346762597495019018,0,55908925774119289,1.3142976284096135
2025-06-09 09:55:22+00:00,15527688,67550096658,51396346763597495019018,0,55908925774119289,1.314297628364585
2025-06-09 09:55:27+00:00,15527693,67550096671,51396346773597495019018,0,55908925784878948,1.314297628361803
2025-06-09 09:55:33+00:00,15527699,67550096670,51396346772801456856295,0,55908925784013018,1.3142976283627026
2025-06-09 09:55:43+00:00,15527709,67550096671,51396346772042876776358,0,55908925784013018,1.3142976284015575
2025-06-09 09:56:17+00:00,15527743,67550083568,51396356772042876776358,0,55908925784013018,1.3142971177432554
2025-06-09 09:56:27+00:00,15527753,67550073570,51396349162656137056395,0,55908917507351912,1.3142971178015292
2025-06-09 09:56:27+00:00,15527753,67550083569,51396356771284296401704,0,55908917507351912,1.3142971177821103
2025-06-09 09:56:52+00:00,15527778,67550060467,51396359162656137056395,0,55908917507351912,1.3142966071433502
2025-06-09 09:57:09+00:00,15527795,67550047364,51396369162656137056395,0,55908917507351912,1.3142960964853698
2025-06-09 09:57:10+00:00,15527796,67550047365,51396369161897556092295,0,55908917507351912,1.3142960965242247
2025-06-09 09:57:24+00:00,15527810,67550057365,51396376770533103626756,0,55908925784017834,1.3142960965242247
2025-06-09 09:57:27+00:00,15527813,67550057366,51396376769774522662679,0,55908925784017834,1.3142960965630797
2025-06-09 09:57:32+00:00,15527818,67550057367,51396376769015941698624,0,55908925784017834,1.3142960966019346
2025-06-09 09:57:38+00:00,15527824,67550057431,51396376817853971198672,0,55908925836988495,1.314296096598284
2025-06-09 09:57:40+00:00,15527826,67550047432,51396369209218424114511,0,55908917560322573,1.3142960966177404
2025-06-09 09:57:49+00:00,15527835,67550047433,51396369209218424114510,0,55908917560322573,1.314296096637197
2025-06-09 09:57:53+00:00,15527839,67550047434,51396369208459843150498,0,55908917560322573,1.314296096676052
2025-06-09 09:58:19+00:00,15527865,67550034331,51396379208459843150498,0,55908917560322573,1.3142955860182708
2025-06-09 09:58:36+00:00,15527882,67550034332,51396379207701261891768,0,55908917560322573,1.3142955860571257
2025-06-09 09:58:57+00:00,15527903,67550034331,51396379208701261891768,0,55908917560322573,1.3142955860120973
2025-06-09 09:59:02+00:00,15527908,67550034330,51396379209701261891768,0,55908917560322573,1.3142955859670689
2025-06-09 09:59:08+00:00,15527914,67550034343,51396379219701261891768,0,55908917571082240,1.3142955859642875
2025-06-09 09:59:08+00:00,15527914,67550134343,51396303361687346740672,0,55908917571082240,1.3142994714548732
2025-06-09 09:59:13+00:00,15527919,67550134342,51396303360891309133373,0,55908917570216310,1.3142994714557727
2025-06-09 09:59:19+00:00,15527925,67550134343,51396303360132730117222,0,55908917570216310,1.3142994714946277
2025-06-09 09:59:52+00:00,15527958,67550121240,51396313360132730117222,0,55908917570216310,1.3142989608355355
2025-06-09 10:00:03+00:00,15527969,67550121241,51396313359374150806354,0,55908917570216310,1.3142989608743905
2025-06-09 10:00:23+00:00,15527989,67550108138,51396323359374150806354,0,55908917570216310,1.314298450215497
2025-06-09 10:00:32+00:00,15527998,67550095035,51396333359374150806354,0,55908917570216310,1.3142979395568024
2025-06-09 10:00:47+00:00,15528013,67550095036,51396333358615570906030,0,55908917570216310,1.3142979395956573
2025-06-09 10:00:53+00:00,15528019,67550081933,51396343358615570906030,0,55908917570216310,1.3142974289371614
2025-06-09 10:01:02+00:00,15528028,67550068830,51396353358615570906030,0,55908917570216310,1.3142969182788642
2025-06-09 10:01:13+00:00,15528039,67550068831,51396353357856990416250,0,55908917570216310,1.314296918317719
2025-06-09 10:01:17+00:00,15528043,67550055728,51396363357856990416250,0,55908917570216310,1.3142964076596206
2025-06-09 10:01:19+00:00,15528045,67550055729,51396363357098409631753,0,55908917570216310,1.3142964076984756
2025-06-09 10:01:25+00:00,15528051,67550055793,51396363405936439131801,0,55908917623186965,1.3142964076948245
2025-06-09 10:01:26+00:00,15528052,67550042690,51396373405936439131801,0,55908917623186965,1.3142958970369252
2025-06-09 10:01:31+00:00,15528057,67550042623,51396373354927834668693,0,55908917567699862,1.3142958970377112
2025-06-09 10:01:33+00:00,15528059,67550042624,51396373354169253589477,0,55908917567699862,1.3142958970765661
2025-06-09 10:01:36+00:00,15528062,67550042625,51396373354169253589476,0,55908917567699862,1.3142958970960228
2025-06-09 10:01:40+00:00,15528066,67550052625,51396380962805955640595,0,55908925844366373,1.3142958970960228
2025-06-09 10:01:55+00:00,15528081,67550062625,51396388571442657691714,0,55908934121032884,1.3142958970960228
2025-06-09 10:02:17+00:00,15528103,67550062626,51396388570684076612531,0,55908934121032884,1.3142958971348777
2025-06-09 10:02:19+00:00,15528105,67550049523,51396398570684076612531,0,55908934121032884,1.3142953864773277
2025-06-09 10:02:36+00:00,15528122,67550029524,51396383353407713765272,0,55908917567699862,1.3142953864967089
2025-06-09 10:02:46+00:00,15528132,67550029523,51396383354407713765272,0,55908917567699862,1.3142953864516804
2025-06-09 10:02:51+00:00,15528137,67550029522,51396383355407713765272,0,55908917567699862,1.314295386406652
2025-06-09 10:02:51+00:00,15528137,67550016419,51396393355407713765272,0,55908917567699862,1.3142948757491497
2025-06-09 10:02:57+00:00,15528143,67550016432,51396393365407713765272,0,55908917578459532,1.3142948757463684
2025-06-09 10:03:02+00:00,15528148,67550016431,51396393364611674764080,0,55908917577593602,1.3142948757472679
2025-06-09 10:03:09+00:00,15528155,67550003328,51396403364611674764080,0,55908917577593602,1.3142943650899641
2025-06-09 10:03:24+00:00,15528170,67549990225,51396413364611674764080,0,55908917577593602,1.3142938544328593
2025-06-09 10:03:44+00:00,15528190,67549990226,51396413363853092505918,0,55908917577593602,1.3142938544717142
2025-06-09 10:04:06+00:00,15528212,67550090226,51396337505739239664956,0,55908917577593602,1.3142977399597184
2025-06-09 10:04:27+00:00,15528233,67550090227,51396337504980659649430,0,55908917577593602,1.3142977399985734
2025-06-09 10:04:39+00:00,15528245,67550077124,51396347504980659649430,0,55908917577593602,1.3142972293401576
2025-06-09 10:04:57+00:00,15528263,67550077125,51396347504222079339187,0,55908917577593602,1.3142972293790125
2025-06-09 10:05:02+00:00,15528268,67550077126,51396347503463499028966,0,55908917577593602,1.3142972294178674
2025-06-09 10:05:05+00:00,15528271,67550064023,51396357503463499028966,0,55908917577593602,1.3142967187596502
2025-06-09 10:05:11+00:00,15528277,67550064024,51396357502704918424028,0,55908917577593602,1.314296718798505
2025-06-09 10:05:21+00:00,15528287,67550064025,51396357502704918424027,0,55908917577593602,1.3142967188179617
2025-06-09 10:05:51+00:00,15528317,67550050922,51396367502704918424027,0,55908917577593602,1.3142962081599432
2025-06-09 10:05:57+00:00,15528323,67550050923,51396367501946337524383,0,55908917577593602,1.314296208198798
2025-06-09 10:06:31+00:00,15528357,67550050922,51396367502946337524383,0,55908917577593602,1.3142962081537697
2025-06-09 10:06:37+00:00,15528363,67550050921,51396367503946337524383,0,55908917577593602,1.3142962081087413
2025-06-09 10:06:42+00:00,15528368,67550050934,51396367513946337524383,0,55908917588353267,1.3142962081059597
2025-06-09 10:06:48+00:00,15528374,67550050933,51396367513150298923725,0,55908917587487337,1.3142962081068592
2025-06-09 10:07:02+00:00,15528388,67550060933,51396375121785200491475,0,55908925864152833,1.3142962081068592
2025-06-09 10:07:11+00:00,15528397,67550047830,51396385121785200491475,0,55908925864152833,1.3142956974491151
2025-06-09 10:07:21+00:00,15528407,67550037831,51396377513148819420249,0,55908917587487337,1.3142956974685338
2025-06-09 10:07:24+00:00,15528410,67550037832,51396377512390238225846,0,55908917587487337,1.3142956975073887
2025-06-09 10:07:30+00:00,15528416,67550024729,51396387512390238225846,0,55908917587487337,1.3142951868497679
2025-06-09 10:07:45+00:00,15528431,67550011626,51396397512390238225846,0,55908917587487337,1.3142946761923455
2025-06-09 10:08:07+00:00,15528453,67549998524,51396407511631656441985,0,55908917587487337,1.3142941655739768
2025-06-09 10:08:07+00:00,15528453,67550011627,51396397511631656441985,0,55908917587487337,1.3142946762312004
2025-06-09 10:08:43+00:00,15528489,67549998525,51396407510873074363407,0,55908917587487337,1.3142941656128315
2025-06-09 10:08:48+00:00,15528494,67549998526,51396407510114492284851,0,55908917587487337,1.3142941656516864
2025-06-09 10:08:49+00:00,15528495,67549998527,51396407509355910206317,0,55908917587487337,1.3142941656905414
2025-06-09 10:08:50+00:00,15528496,67550008527,51396415118002635611139,0,55908925864159255,1.3142941656905414
2025-06-09 10:09:00+00:00,15528506,67550008460,51396415066993997269340,0,55908925808672152,1.3142941656913265
2025-06-09 10:09:05+00:00,15528511,67550008461,51396415066993997269339,0,55908925808672152,1.3142941657107832
2025-06-09 10:09:07+00:00,15528513,67549995358,51396425066993997269339,0,55908925808672152,1.3142936550538333
2025-06-09 10:09:16+00:00,15528522,67549982255,51396435066993997269339,0,55908925808672152,1.3142931443970822
2025-06-09 10:09:30+00:00,15528536,67549992255,51396442675646635100294,0,55908934085347280,1.3142931443970822
2025-06-09 10:09:32+00:00,15528538,67549992256,51396442674888052432314,0,55908934085347280,1.314293144435937
2025-06-09 10:09:39+00:00,15528545,67549979153,51396452674888052432314,0,55908934085347280,1.3142926337794603
2025-06-09 10:09:57+00:00,15528563,67549959154,51396437457582768772617,0,55908917532000234,1.3142926337987657
2025-06-09 10:10:16+00:00,15528582,67549959155,51396437456824185809930,0,55908917532000234,1.3142926338376206
2025-06-09 10:10:17+00:00,15528583,67549959154,51396437457824185809930,0,55908917532000234,1.3142926337925924
2025-06-09 10:10:23+00:00,15528589,67549959153,51396437458824185809930,0,55908917532000234,1.314292633747564
2025-06-09 10:10:28+00:00,15528594,67549959166,51396437468824185809930,0,55908917542759913,1.3142926337447833
2025-06-09 10:10:33+00:00,15528599,67549959165,51396437468028146125146,0,55908917541893983,1.3142926337456826
2025-06-09 10:11:00+00:00,15528626,67549959166,51396437467269563162428,0,55908917541893983,1.3142926337845375
2025-06-09 10:11:25+00:00,15528651,67549946063,51396447467269563162428,0,55908917541893983,1.3142921231281084
2025-06-09 10:11:43+00:00,15528669,67549946064,51396447466510979904992,0,55908917541893983,1.314292123166963
2025-06-09 10:11:49+00:00,15528675,67549956064,51396455075169529804582,0,55908925818572322,1.314292123166963
2025-06-09 10:12:03+00:00,15528689,67549966064,51396462683828079704172,0,55908934095250661,1.314292123166963
2025-06-09 10:12:25+00:00,15528711,67549966065,51396462683069496446759,0,55908934095250661,1.314292123205818
2025-06-09 10:12:29+00:00,15528715,67549976065,51396470291728046121412,0,55908942371929000,1.314292123205818
2025-06-09 10:12:29+00:00,15528715,67549976066,51396470290969462864021,0,55908942371929000,1.3142921232446727
2025-06-09 10:12:35+00:00,15528721,67549976067,51396470290210879606653,0,55908942371929000,1.3142921232835276
2025-06-09 10:12:41+00:00,15528727,67549976131,51396470339048909106701,0,55908942424899741,1.3142921232798808
2025-06-09 10:12:47+00:00,15528733,67549976064,51396470288040231069731,0,55908942369412638,1.3142921232806648
2025-06-09 10:12:52+00:00,15528738,67549976065,51396470288040231069730,0,55908942369412638,1.3142921233001215
2025-06-09 10:12:53+00:00,15528739,67549962962,51396480288040231069730,0,55908942369412638,1.3142916126441178
2025-06-09 10:13:08+00:00,15528754,67549962963,51396480287281647517653,0,55908942369412638,1.3142916126829725
2025-06-09 10:13:08+00:00,15528754,67549949860,51396490287281647517653,0,55908942369412638,1.3142911020271673
2025-06-09 10:13:24+00:00,15528770,67549936757,51396500287281647517653,0,55908942369412638,1.314290591371561
2025-06-09 10:13:47+00:00,15528793,67549906758,51396477461292676875979,0,55908917539377621,1.314290591390678
2025-06-09 10:14:01+00:00,15528807,67550006758,51396401602990485936463,0,55908917539377621,1.3142944768738367
2025-06-09 10:14:03+00:00,15528809,67550006757,51396401603990485936463,0,55908917539377621,1.3142944768288083
2025-06-09 10:14:08+00:00,15528814,67550006756,51396401604990485936463,0,55908917539377621,1.3142944767837799
2025-06-09 10:14:13+00:00,15528819,67550006769,51396401614990485936463,0,55908917550137293,1.3142944767809988
2025-06-09 10:14:19+00:00,15528825,67550006768,51396401614194446807096,0,55908917549271363,1.3142944767818983
2025-06-09 10:14:34+00:00,15528840,67550006769,51396401613435864908140,0,55908917549271363,1.3142944768207532
2025-06-09 10:14:41+00:00,15528847,67550016769,51396409222080789133767,0,55908925825942265,1.3142944768207532
2025-06-09 10:15:12+00:00,15528878,67550006770,51396401613435865422945,0,55908917549271363,1.3142944768402096
2025-06-09 10:15:18+00:00,15528884,67550006771,51396401612677283524023,0,55908917549271363,1.3142944768790645
2025-06-09 10:15:27+00:00,15528893,67549993668,51396411612677283524023,0,55908917549271363,1.3142939662219204
2025-06-09 10:16:01+00:00,15528927,67549993669,51396411611918701330383,0,55908917549271363,1.3142939662607753
2025-06-09 10:16:06+00:00,15528932,67549980566,51396421611918701330383,0,55908917549271363,1.31429345560383
2025-06-09 10:16:15+00:00,15528941,67549967463,51396431611918701330383,0,55908917549271363,1.3142929449470833
2025-06-09 10:16:23+00:00,15528949,67549967464,51396431611160118547285,0,55908917549271363,1.3142929449859382
2025-06-09 10:16:29+00:00,15528955,67549967465,51396431610401535764209,0,55908917549271363,1.314292945024793
2025-06-09 10:16:30+00:00,15528956,67549954362,51396441610401535764209,0,55908917549271363,1.3142924343682452
2025-06-09 10:16:36+00:00,15528962,67549954426,51396441659239565264257,0,55908917602242097,1.3142924343645979
2025-06-09 10:16:41+00:00,15528967,67549954359,51396441608230893043686,0,55908917546754994,1.3142924343653821
2025-06-09 10:16:47+00:00,15528973,67549954360,51396441608230893043685,0,55908917546754994,1.3142924343848388
2025-06-09 10:16:54+00:00,15528980,67549941257,51396451608230893043685,0,55908917546754994,1.3142919237284896
2025-06-09 10:17:17+00:00,15529003,67549928154,51396461608230893043685,0,55908917546754994,1.3142914130723389
2025-06-09 10:17:29+00:00,15529015,67549928155,51396461607472309376419,0,55908917546754994,1.3142914131111938
2025-06-09 10:17:41+00:00,15529027,67549915052,51396471607472309376419,0,55908917546754994,1.3142909024552418
2025-06-09 10:17:57+00:00,15529043,67549915051,51396471608472309376419,0,55908917546754994,1.3142909024102136
2025-06-09 10:18:02+00:00,15529048,67549915050,51396471609472309376419,0,55908917546754994,1.3142909023651854
2025-06-09 10:18:08+00:00,15529054,67549915063,51396471619472309376419,0,55908917557514680,1.314290902362405
2025-06-09 10:18:13+00:00,15529059,67549915064,51396471618713725414381,0,55908917557514680,1.31429090240126
2025-06-09 10:18:14+00:00,15529060,67549915063,51396471617917685200886,0,55908917556648750,1.3142909024021592
2025-06-09 10:18:36+00:00,15529082,67549901960,51396481617917685200886,0,55908917556648750,1.3142903917464062
2025-06-09 10:18:56+00:00,15529102,67549901961,51396481617159100944130,0,55908917556648750,1.314290391785261
2025-06-09 10:18:56+00:00,15529102,67549888858,51396491617159100944130,0,55908917556648750,1.3142898811297066
2025-06-09 10:19:04+00:00,15529110,67549875755,51396501617159100944130,0,55908917556648750,1.314289370474351
2025-06-09 10:19:24+00:00,15529130,67549975755,51396425758786441069677,0,55908917556648750,1.3142932559556837
2025-06-09 10:19:39+00:00,15529145,67549975756,51396425758027858466086,0,55908917556648750,1.3142932559945384
2025-06-09 10:19:49+00:00,15529155,67549962653,51396435758027858466086,0,55908917556648750,1.3142927453378719
2025-06-09 10:19:58+00:00,15529164,67549949550,51396445758027858466086,0,55908917556648750,1.3142922346814039
2025-06-09 10:20:08+00:00,15529174,67549949551,51396445757269275273037,0,55908917556648750,1.3142922347202588
2025-06-09 10:20:12+00:00,15529178,67549959551,51396453365927179371857,0,55908925833326664,1.3142922347202588
2025-06-09 10:20:14+00:00,15529180,67549959552,51396453365168596178830,0,55908925833326664,1.3142922347591137
2025-06-09 10:20:20+00:00,15529186,67549959616,51396453414006625678878,0,55908925886297402,1.3142922347554666
2025-06-09 10:20:26+00:00,15529192,67549959549,51396453362997949350210,0,55908925830810299,1.314292234756251
2025-06-09 10:20:28+00:00,15529194,67549949550,51396445754340045695207,0,55908917554132385,1.3142922347757076
2025-06-09 10:20:32+00:00,15529198,67549949551,51396445754340045695206,0,55908917554132385,1.314292234795164
2025-06-09 10:21:06+00:00,15529232,67549949552,51396445753581462502222,0,55908917554132385,1.314292234834019
2025-06-09 10:21:44+00:00,15529270,67549949551,51396445754581462502222,0,55908917554132385,1.3142922347889907
2025-06-09 10:21:49+00:00,15529275,67549949551,51396445754822879309235,0,55908917554132385,1.3142922347828172
2025-06-09 10:21:49+00:00,15529275,67549949552,51396445753822879309235,0,55908917554132385,1.3142922348278454
2025-06-09 10:21:55+00:00,15529281,67549949564,51396445764822879309235,0,55908917564892066,1.3142922347800363
2025-06-09 10:22:00+00:00,15529286,67549949563,51396445764026839496276,0,55908917564026136,1.3142922347809358
2025-06-09 10:22:18+00:00,15529304,67549936460,51396455764026839496276,0,55908917564026136,1.3142917241246668
2025-06-09 10:22:27+00:00,15529313,67549923357,51396465764026839496276,0,55908917564026136,1.3142912134685962
2025-06-09 10:22:32+00:00,15529318,67549923358,51396465763268255713803,0,55908917564026136,1.3142912135074512
2025-06-09 10:23:04+00:00,15529350,67549910255,51396475763268255713803,0,55908917564026136,1.3142907028515793
2025-06-09 10:23:13+00:00,15529359,67549897152,51396485763268255713803,0,55908917564026136,1.3142901921959063
2025-06-09 10:23:22+00:00,15529368,67549884049,51396495763268255713803,0,55908917564026136,1.3142896815404321
2025-06-09 10:23:31+00:00,15529377,67549870946,51396505763268255713803,0,55908917564026136,1.3142891708851565
2025-06-09 10:23:47+00:00,15529393,67549857843,51396515763268255713803,0,55908917564026136,1.3142886602300796
2025-06-09 10:23:53+00:00,15529399,67549857844,51396515762509670457646,0,55908917564026136,1.3142886602689343
2025-06-09 10:23:59+00:00,15529405,67549857846,51396515760992499945400,0,55908917564026136,1.314288660346644
2025-06-09 10:23:59+00:00,15529405,67549857845,51396515761751085201512,0,55908917564026136,1.314288660307789
2025-06-09 10:24:05+00:00,15529411,67549857910,51396515809830529445448,0,55908917616996946,1.3142886603430002
2025-06-09 10:24:11+00:00,15529417,67549857843,51396515758821783647190,0,55908917561509843,1.3142886603437827
2025-06-09 10:24:17+00:00,15529423,67549857844,51396515758821783647189,0,55908917561509843,1.3142886603632393
2025-06-09 10:24:35+00:00,15529441,67549867844,51396523367500380353812,0,55908925838198994,1.3142886603632393
2025-06-09 10:24:43+00:00,15529449,67549867845,51396523366741795097732,0,55908925838198994,1.314288660402094
2025-06-09 10:25:05+00:00,15529471,67549877845,51396530975420391579417,0,55908934114888145,1.314288660402094
2025-06-09 10:25:14+00:00,15529480,67549864742,51396540975420391579417,0,55908934114888145,1.314288149747367
2025-06-09 10:25:25+00:00,15529491,67549864743,51396540974661806028618,0,55908934114888145,1.3142881497862218
2025-06-09 10:25:29+00:00,15529495,67549864742,51396540975661806028618,0,55908934114888145,1.3142881497411936
2025-06-09 10:25:34+00:00,15529500,67549864741,51396540976661806028618,0,55908934114888145,1.3142881496961656
2025-06-09 10:25:39+00:00,15529505,67549864754,51396540986661806028618,0,55908934125647842,1.3142881496933856
2025-06-09 10:25:45+00:00,15529511,67549864753,51396540985865764976636,0,55908934124781912,1.314288149694285
2025-06-09 10:26:03+00:00,15529529,67549874753,51396548594547318048607,0,55908942401472669,1.314288149694285
2025-06-09 10:26:08+00:00,15529534,67549874754,51396548593788732497777,0,55908942401472669,1.3142881497331398
2025-06-09 10:26:13+00:00,15529539,67549861651,51396558593788732497777,0,55908942401472669,1.314287639078687
2025-06-09 10:26:29+00:00,15529555,67549831652,51396535767742585627739,0,55908917571403610,1.314287639097955
2025-06-09 10:26:44+00:00,15529570,67549841652,51396543376427094646918,0,55908925848095972,1.314287639097955
2025-06-09 10:26:51+00:00,15529577,67549841653,51396543375668508801380,0,55908925848095972,1.3142876391368097
2025-06-09 10:26:54+00:00,15529580,67549828550,51396553375668508801380,0,55908925848095972,1.3142871284824045
2025-06-09 10:27:17+00:00,15529603,67549838550,51396560984355973881335,0,55908934124789939,1.3142871284824045
2025-06-09 10:27:31+00:00,15529617,67549848550,51396568593043438961290,0,55908942401483906,1.3142871284824045
2025-06-09 10:27:38+00:00,15529624,67549848551,51396568592284852821033,0,55908942401483906,1.3142871285212592
2025-06-09 10:27:44+00:00,15529630,67549848552,51396568591526266680799,0,55908942401483906,1.314287128560114
2025-06-09 10:27:50+00:00,15529636,67549848616,51396568640364296180847,0,55908942454454747,1.314287128556472
2025-06-09 10:27:55+00:00,15529641,67549848549,51396568589355520611221,0,55908942398967644,1.3142871285572535
2025-06-09 10:28:00+00:00,15529646,67549848550,51396568589355520611220,0,55908942398967644,1.3142871285767102
2025-06-09 10:28:02+00:00,15529648,67549818551,51396545763294603455799,0,55908917568887348,1.3142871285961288
2025-06-09 10:28:18+00:00,15529664,67549818552,51396545762536017315608,0,55908917568887348,1.3142871286349838
2025-06-09 10:28:29+00:00,15529675,67549805449,51396555762536017315608,0,55908917568887348,1.3142866179807016
2025-06-09 10:28:44+00:00,15529690,67549792346,51396565762536017315608,0,55908917568887348,1.314286107326618
2025-06-09 10:28:53+00:00,15529699,67549779243,51396575762536017315608,0,55908917568887348,1.3142855966727334
2025-06-09 10:29:01+00:00,15529707,67549779244,51396575761777430291213,0,55908917568887348,1.3142855967115883
2025-06-09 10:29:11+00:00,15529717,67549779243,51396575762777430291213,0,55908917568887348,1.31428559666656
2025-06-09 10:29:16+00:00,15529722,67549779242,51396575763777430291213,0,55908917568887348,1.314285596621532
2025-06-09 10:29:22+00:00,15529728,67549779255,51396575773777430291213,0,55908917579647056,1.3142855966187528
2025-06-09 10:29:27+00:00,15529733,67549779254,51396575772981388464856,0,55908917578781126,1.314285596619652
2025-06-09 10:29:29+00:00,15529735,67549789254,51396583381677721834133,0,55908925855479909,1.314285596619652
2025-06-09 10:29:45+00:00,15529751,67549789255,51396583380919134809708,0,55908917578781126,1.3142855966585067
2025-06-09 10:29:45+00:00,15529751,67549779256,51396575772222802155761,0,55908917578781126,1.3142855966779634
2025-06-09 10:29:54+00:00,15529760,67549766153,51396585772222802155761,0,55908917578781126,1.3142850860242774
2025-06-09 10:30:03+00:00,15529769,67549866153,51396509913602851054297,0,55908917578781126,1.314288971499248
2025-06-09 10:30:12+00:00,15529778,67549853050,51396519913602851054297,0,55908917578781126,1.3142884608442513
2025-06-09 10:30:29+00:00,15529795,67549853051,51396519912844265683058,0,55908917578781126,1.314288460883106
2025-06-09 10:30:30+00:00,15529796,67549839948,51396529912844265683058,0,55908917578781126,1.3142879502283078
2025-06-09 10:30:59+00:00,15529825,67549826845,51396539912844265683058,0,55908917578781126,1.3142874395737083
2025-06-09 10:31:13+00:00,15529839,67549836846,51396547520771343604138,0,55908925855474078,1.3142874396125632
2025-06-09 10:31:13+00:00,15529839,67549826846,51396539912085679722358,0,55908925855474078,1.3142874396125632
2025-06-09 10:31:25+00:00,15529851,67549836847,51396547520012757643461,0,55908925855474078,1.314287439651418
2025-06-09 10:31:30+00:00,15529856,67549836848,51396547519254171682806,0,55908925855474078,1.3142874396902726
2025-06-09 10:31:31+00:00,15529857,67549823745,51396557519254171682806,0,55908925855474078,1.3142869290359476
2025-06-09 10:31:36+00:00,15529862,67549823809,51396557568092201182854,0,55908925908444923,1.3142869290323056
2025-06-09 10:31:42+00:00,15529868,67549823742,51396557517083421506130,0,55908925852957820,1.3142869290330872
2025-06-09 10:31:47+00:00,15529873,67549823743,51396557517083421506129,0,55908925852957820,1.3142869290525436
2025-06-09 10:31:56+00:00,15529882,67549823744,51396557516324835250764,0,55908925852957820,1.3142869290913983
2025-06-09 10:32:14+00:00,15529900,67549833744,51396565125013454647798,0,55908934129652377,1.3142869290913983
2025-06-09 10:32:28+00:00,15529914,67549820641,51396575125013454647798,0,55908934129652377,1.3142864184373475
2025-06-09 10:32:37+00:00,15529923,67549807538,51396585125013454647798,0,55908934129652377,1.3142859077834954
2025-06-09 10:32:38+00:00,15529924,67549807539,51396585124254867802972,0,55908934129652377,1.31428590782235
2025-06-09 10:32:51+00:00,15529937,67549817539,51396592732949399549929,0,55908942406350145,1.31428590782235
2025-06-09 10:32:58+00:00,15529944,67549817538,51396592733949399549929,0,55908942406350145,1.3142859077773221
2025-06-09 10:33:03+00:00,15529949,67549817537,51396592734949399549929,0,55908942406350145,1.314285907732294
2025-06-09 10:33:04+00:00,15529950,67549787538,51396569908873182964524,0,55908917576264868,1.3142859077515618
2025-06-09 10:33:13+00:00,15529959,67549774435,51396579908873182964524,0,55908917576264868,1.3142853970977573
2025-06-09 10:33:14+00:00,15529960,67549774434,51396579908077141074073,0,55908917575398938,1.3142853970986565
2025-06-09 10:33:22+00:00,15529968,67549774435,51396579907318553934487,0,55908917575398938,1.3142853971375112
2025-06-09 10:33:49+00:00,15529995,67549761332,51396589907318553934487,0,55908917575398938,1.3142848864839054
2025-06-09 10:34:05+00:00,15530011,67549761333,51396589906559966500181,0,55908917575398938,1.31428488652276
2025-06-09 10:34:07+00:00,15530013,67549748230,51396599906559966500181,0,55908917575398938,1.3142843758693528
2025-06-09 10:34:16+00:00,15530022,67549735127,51396609906559966500181,0,55908917575398938,1.3142838652161442
2025-06-09 10:34:30+00:00,15530036,67549745127,51396617515266323368849,0,55908925852103127,1.3142838652161442
2025-06-09 10:34:48+00:00,15530054,67549745128,51396617514507735345081,0,55908925852103127,1.3142838652549989
2025-06-09 10:34:49+00:00,15530055,67549755128,51396625123214091988809,0,55908934128807316,1.3142838652549989
2025-06-09 10:35:07+00:00,15530073,67549755129,51396625122455503965063,0,55908934128807316,1.3142838652938535
2025-06-09 10:35:13+00:00,15530079,67549755130,51396625121696915941340,0,55908934128807316,1.3142838653327082
2025-06-09 10:35:17+00:00,15530083,67549855130,51396549263006508254161,0,55908934128807316,1.3142877508047042
2025-06-09 10:35:20+00:00,15530086,67549855194,51396549311844537754209,0,55908934181778144,1.3142877508010615
2025-06-09 10:35:25+00:00,15530091,67549855127,51396549260835773819654,0,55908934126291041,1.3142877508018436
2025-06-09 10:35:26+00:00,15530092,67549835127,51396534043445522508682,0,55908917572882663,1.3142877508024196
2025-06-09 10:35:32+00:00,15530098,67549835128,51396534042686936727619,0,55908917572882663,1.3142877508412742
2025-06-09 10:35:50+00:00,15530116,67549822025,51396544042686936727619,0,55908917572882663,1.3142872401867547
2025-06-09 10:35:59+00:00,15530125,67549808922,51396554042686936727619,0,55908917572882663,1.3142867295324336
2025-06-09 10:36:08+00:00,15530134,67549795819,51396564042686936727619,0,55908917572882663,1.3142862188783115
2025-06-09 10:36:15+00:00,15530141,67549795820,51396564041928350062352,0,55908917572882663,1.3142862189171662
2025-06-09 10:36:38+00:00,15530164,67549782717,51396574041928350062352,0,55908917572882663,1.3142857082632429
2025-06-09 10:36:48+00:00,15530174,67549782716,51396574042928350062352,0,55908917572882663,1.3142857082182147
2025-06-09 10:36:53+00:00,15530179,67549782729,51396574052928350062352,0,55908917583642370,1.3142857082154353
2025-06-09 10:36:58+00:00,15530184,67549782730,51396574052169763102338,0,55908917583642370,1.31428570825429
2025-06-09 10:36:59+00:00,15530185,67549782729,51396574051373721302702,0,55908917582776440,1.3142857082551893
2025-06-09 10:37:40+00:00,15530226,67549769626,51396584051373721302702,0,55908917582776440,1.3142851976014647
2025-06-09 10:37:42+00:00,15530228,67549769627,51396584050615134047969,0,55908917582776440,1.3142851976403194
2025-06-09 10:38:03+00:00,15530249,67549756524,51396594050615134047969,0,55908917582776440,1.3142846869867935
2025-06-09 10:38:25+00:00,15530271,67549756525,51396594049856546498516,0,55908917582776440,1.3142846870256482
2025-06-09 10:38:27+00:00,15530273,67549766525,51396601658558145716685,0,55908925859478009,1.3142846870256482
2025-06-09 10:38:51+00:00,15530297,67549766526,51396601657799558167255,0,55908925859478009,1.3142846870645029
2025-06-09 10:38:53+00:00,15530299,67549753423,51396611657799558167255,0,55908925859478009,1.3142841764112512
2025-06-09 10:39:03+00:00,15530309,67549753487,51396611706637587667303,0,55908925912448909,1.3142841764076119
2025-06-09 10:39:09+00:00,15530315,67549753420,51396611655628754264153,0,55908925856961806,1.3142841764083921
2025-06-09 10:39:09+00:00,15530315,67549753421,51396611654870166420001,0,55908925856961806,1.3142841764472468
2025-06-09 10:39:14+00:00,15530320,67549753422,51396611654870166420000,0,55908925856961806,1.3142841764667033
2025-06-09 10:39:20+00:00,15530326,67549740319,51396621654870166420000,0,55908925856961806,1.3142836658136503
2025-06-09 10:39:34+00:00,15530340,67549750319,51396629263577677677985,0,55908934133666585,1.3142836658136503
2025-06-09 10:39:51+00:00,15530357,67549750320,51396629262819089539124,0,55908934133666585,1.314283665852505
2025-06-09 10:40:09+00:00,15530375,67549730321,51396614045407019566684,0,55908917580260237,1.314283665871886
2025-06-09 10:40:25+00:00,15530391,67549730320,51396614046407019566684,0,55908917580260237,1.314283665826858
2025-06-09 10:40:26+00:00,15530392,67549717217,51396624046407019566684,0,55908917580260237,1.314283155173928
2025-06-09 10:40:31+00:00,15530397,67549717216,51396624047407019566684,0,55908917580260237,1.3142831551289003
2025-06-09 10:40:36+00:00,15530402,67549717217,51396624046648431133062,0,55908917580260237,1.3142831551677547
2025-06-09 10:40:37+00:00,15530403,67549717230,51396624056648431133062,0,55908917591019955,1.3142831551649758
2025-06-09 10:40:41+00:00,15530407,67549704127,51396634056648431133062,0,55908917591019955,1.3142826445122446
2025-06-09 10:40:42+00:00,15530408,67549704126,51396634055852388404168,0,55908917590154025,1.3142826445131441
2025-06-09 10:40:50+00:00,15530416,67549691023,51396644055852388404168,0,55908917590154025,1.3142821338606117
2025-06-09 10:41:20+00:00,15530446,67549691024,51396644055093799381082,0,55908917590154025,1.3142821338994664
2025-06-09 10:41:24+00:00,15530450,67549677921,51396654055093799381082,0,55908917590154025,1.3142816232471326
2025-06-09 10:41:44+00:00,15530470,67549777921,51396578196273981448527,0,55908917590154025,1.3142855087169412
2025-06-09 10:42:04+00:00,15530490,67549764819,51396588195515394373366,0,55908917590154025,1.3142849981021512
2025-06-09 10:42:04+00:00,15530490,67549777922,51396578195515394373366,0,55908917590154025,1.3142855087557959
2025-06-09 10:42:19+00:00,15530505,67549751716,51396598195515394373366,0,55908917590154025,1.3142844874487052
2025-06-09 10:42:38+00:00,15530524,67549751717,51396598194756806708742,0,55908917590154025,1.3142844874875599
2025-06-09 10:42:43+00:00,15530529,67549751718,51396598193998219044141,0,55908917590154025,1.3142844875264146
2025-06-09 10:42:47+00:00,15530533,67549751719,51396598193239631379562,0,55908917590154025,1.3142844875652695
2025-06-09 10:42:49+00:00,15530535,67549751783,51396598242077660879610,0,55908917643124918,1.3142844875616297
2025-06-09 10:42:54+00:00,15530540,67549751716,51396598191068833294867,0,55908917587637815,1.3142844875624102
2025-06-09 10:42:58+00:00,15530544,67549761716,51396605799771587252570,0,55908925864339974,1.3142844875624102
2025-06-09 10:43:00+00:00,15530546,67549761717,51396605799771587252569,0,55908925864339974,1.3142844875818667
2025-06-09 10:43:22+00:00,15530568,67549751718,51396598191068833412543,0,55908917587637815,1.3142844876013233
2025-06-09 10:43:30+00:00,15530576,67549751719,51396598190310245748008,0,55908917587637815,1.314284487640178
2025-06-09 10:43:36+00:00,15530582,67549738616,51396608190310245748008,0,55908917587637815,1.3142839769869306
2025-06-09 10:43:45+00:00,15530591,67549725513,51396618190310245748008,0,55908917587637815,1.314283466333882
2025-06-09 10:44:03+00:00,15530609,67549712410,51396628190310245748008,0,55908917587637815,1.314282955681032
2025-06-09 10:44:10+00:00,15530616,67549712409,51396628191310245748008,0,55908917587637815,1.314282955636004
2025-06-09 10:44:13+00:00,15530619,67549712410,51396628190551657199241,0,55908917587637815,1.3142829556748588
2025-06-09 10:44:16+00:00,15530622,67549712409,51396628191551657199241,0,55908917587637815,1.3142829556298308
2025-06-09 10:44:18+00:00,15530624,67549722409,51396635800263279886152,0,55908925864344790,1.3142829556298308
2025-06-09 10:44:21+00:00,15530627,67549722422,51396635810263279886152,0,55908925875104509,1.3142829556270519
2025-06-09 10:44:27+00:00,15530633,67549722421,51396635809467237248048,0,55908925874238579,1.3142829556279512
2025-06-09 10:44:27+00:00,15530633,67549709318,51396645809467237248048,0,55908925874238579,1.3142824449753758
2025-06-09 10:44:48+00:00,15530654,67549696215,51396655809467237248048,0,55908925874238579,1.314281934322999
2025-06-09 10:44:56+00:00,15530662,67549696216,51396655808708648109791,0,55908925874238579,1.3142819343618535
2025-06-09 10:45:07+00:00,15530673,67549706216,51396663417426183176173,0,55908934150948765,1.3142819343618535
2025-06-09 10:45:21+00:00,15530687,67549716216,51396671026143718242555,0,55908942427658951,1.3142819343618535
2025-06-09 10:45:40+00:00,15530706,67549716217,51396671025385129104321,0,55908942427658951,1.3142819344007082
2025-06-09 10:45:55+00:00,15530721,67549726217,51396678634102663945764,0,55908950704369137,1.3142819344007082
2025-06-09 10:46:14+00:00,15530740,67549686218,51396648199235476533586,0,55908917597531604,1.3142819344200893
2025-06-09 10:46:20+00:00,15530746,67549686219,51396648198476887395385,0,55908917597531604,1.314281934458944
2025-06-09 10:46:25+00:00,15530751,67549686220,51396648197718298257207,0,55908917597531604,1.3142819344977985
2025-06-09 10:46:31+00:00,15530757,67549686284,51396648246556327757255,0,55908917650502549,1.3142819344941614
2025-06-09 10:46:37+00:00,15530763,67549686217,51396648195547450552032,0,55908917595015446,1.3142819344949406
2025-06-09 10:46:42+00:00,15530768,67549686218,51396648195547450552031,0,55908917595015446,1.314281934514397
2025-06-09 10:46:43+00:00,15530769,67549673115,51396658195547450552031,0,55908917595015446,1.3142814238621432
2025-06-09 10:47:07+00:00,15530793,67549673116,51396658194788861119142,0,55908917595015446,1.314281423900998
2025-06-09 10:47:47+00:00,15530833,67549673115,51396658195788861119142,0,55908917595015446,1.3142814238559701
2025-06-09 10:47:52+00:00,15530838,67549673114,51396658196788861119142,0,55908917595015446,1.3142814238109422
2025-06-09 10:47:57+00:00,15530843,67549673127,51396658206788861119142,0,55908917605775171,1.3142814238081635
2025-06-09 10:48:02+00:00,15530848,67549673126,51396658205992818016416,0,55908917604909241,1.314281423809063
2025-06-09 10:48:14+00:00,15530860,67549683126,51396665814713308805903,0,55908925881621032,1.314281423809063
2025-06-09 10:48:35+00:00,15530881,67549683127,51396665813954719372983,0,55908925881621032,1.3142814238479177
2025-06-09 10:49:19+00:00,15530925,67549683128,51396665813196129940085,0,55908925881621032,1.3142814238867724
2025-06-09 10:49:29+00:00,15530935,67549670025,51396675813196129940085,0,55908925881621032,1.3142809132347928
2025-06-09 10:49:47+00:00,15530953,67549656922,51396685813196129940085,0,55908925881621032,1.3142804025830122
2025-06-09 10:49:54+00:00,15530960,67549656923,51396685812437539917724,0,55908925881621032,1.3142804026218669
2025-06-09 10:50:00+00:00,15530966,67549656924,51396685811678949895385,0,55908925881621032,1.3142804026607215
2025-06-09 10:50:02+00:00,15530968,67549656925,51396685810920359873068,0,55908925881621032,1.314280402699576
2025-06-09 10:50:12+00:00,15530978,67549656858,51396685759911452896613,0,55908925826133929,1.3142804027003545
2025-06-09 10:50:17+00:00,15530983,67549656859,51396685759911452896612,0,55908925826133929,1.314280402719811
2025-06-09 10:50:29+00:00,15530995,67549646860,51396678151188002006503,0,55908917549422138,1.314280402739192
2025-06-09 10:50:46+00:00,15531012,67549646861,51396678150429411984232,0,55908917549422138,1.3142804027780468
2025-06-09 10:51:27+00:00,15531053,67549646860,51396678151429411984232,0,55908917549422138,1.3142804027330188
2025-06-09 10:51:32+00:00,15531058,67549646859,51396678152429411984232,0,55908917549422138,1.314280402687991
2025-06-09 10:51:37+00:00,15531063,67549646872,51396678162429411984232,0,55908917560181867,1.3142804026852126
2025-06-09 10:51:43+00:00,15531069,67549646871,51396678161633368571779,0,55908917559315937,1.314280402686112
2025-06-09 10:51:54+00:00,15531080,67549633768,51396688161633368571779,0,55908917559315937,1.3142798920344538
2025-06-09 10:52:13+00:00,15531099,67549633769,51396688160874778254734,0,55908917559315937,1.3142798920733085
2025-06-09 10:52:57+00:00,15531143,67549633770,51396688160116187937711,0,55908917559315937,1.3142798921121632
2025-06-09 10:53:09+00:00,15531155,67549643770,51396695768845546133339,0,55908925836032543,1.3142798921121632
2025-06-09 10:53:24+00:00,15531170,67549630667,51396705768845546133339,0,55908925836032543,1.3142793814607794
2025-06-09 10:53:34+00:00,15531180,67549630668,51396705768086955521595,0,55908925836032543,1.314279381499634
2025-06-09 10:53:39+00:00,15531185,67549640669,51396713376060679183636,0,55908934112750754,1.3142793815384888
2025-06-09 10:53:39+00:00,15531185,67549640668,51396713376819269795357,0,55908934112750754,1.314279381499634
2025-06-09 10:53:42+00:00,15531188,67549640670,51396713375302088571937,0,55908934112750754,1.3142793815773433
2025-06-09 10:53:45+00:00,15531191,67549640734,51396713424140118071985,0,55908934165721750,1.3142793815737086
2025-06-09 10:53:50+00:00,15531196,67549640667,51396713373131191248708,0,55908934110234647,1.3142793815744864
2025-06-09 10:53:55+00:00,15531201,67549640668,51396713373131191248707,0,55908934110234647,1.3142793815939429
2025-06-09 10:54:03+00:00,15531209,67549650668,51396720981863504976488,0,55908942386952858,1.3142793815939429
2025-06-09 10:54:25+00:00,15531231,67549650669,51396720981104914364821,0,55908942386952858,1.3142793816327976
2025-06-09 10:54:39+00:00,15531245,67549660669,51396728589837227867662,0,55908950663671069,1.3142793816327976
2025-06-09 10:54:48+00:00,15531254,67549620670,51396698154909450994906,0,55908917556799830,1.3142793816522162
2025-06-09 10:54:57+00:00,15531263,67549607567,51396708154909450994906,0,55908917556799830,1.3142788710009556
2025-06-09 10:55:04+00:00,15531270,67549607566,51396708155909450994906,0,55908917556799830,1.3142788709559279
2025-06-09 10:55:09+00:00,15531275,67549607567,51396708155150860088503,0,55908917556799830,1.3142788709947824
2025-06-09 10:55:10+00:00,15531276,67549607566,51396708156150860088503,0,55908917556799830,1.3142788709497546
2025-06-09 10:55:15+00:00,15531281,67549594463,51396718156150860088503,0,55908917556799830,1.3142783602986927
2025-06-09 10:55:16+00:00,15531282,67549594476,51396718166150860088503,0,55908917567559567,1.3142783602959147
2025-06-09 10:55:21+00:00,15531287,67549594475,51396718165354816056568,0,55908917566693637,1.314278360296814
2025-06-09 10:55:30+00:00,15531296,67549581372,51396728165354816056568,0,55908917566693637,1.3142778496459508
2025-06-09 10:55:44+00:00,15531310,67549568269,51396738165354816056568,0,55908917566693637,1.3142773389952862
2025-06-09 10:55:53+00:00,15531319,67549555166,51396748165354816056568,0,55908917566693637,1.3142768283448205
2025-06-09 10:55:54+00:00,15531320,67549555167,51396748164596223971185,0,55908917566693637,1.3142768283836752
2025-06-09 10:56:02+00:00,15531328,67549542064,51396758164596223971185,0,55908917566693637,1.314276317733408
2025-06-09 10:56:23+00:00,15531349,67549528961,51396768164596223971185,0,55908917566693637,1.3142758070833396
2025-06-09 10:56:36+00:00,15531362,67549528962,51396768163837631296336,0,55908917566693637,1.3142758071221943
2025-06-09 10:56:40+00:00,15531366,67549628962,51396692304682112100126,0,55908917566693637,1.3142796925833766
2025-06-09 10:57:02+00:00,15531388,67549638962,51396699913412625423195,0,55908925843410833,1.3142796925833766
2025-06-09 10:57:14+00:00,15531400,67549638963,51396699912654034991028,0,55908925843410833,1.314279692622231
2025-06-09 10:57:19+00:00,15531405,67549628964,51396692303923522511498,0,55908917566693637,1.3142796926416875
2025-06-09 10:57:19+00:00,15531405,67549628965,51396692303164932079365,0,55908917566693637,1.3142796926805422
2025-06-09 10:57:20+00:00,15531406,67549628966,51396692302406341647254,0,55908917566693637,1.314279692719397
2025-06-09 10:57:26+00:00,15531412,67549629030,51396692351244371147302,0,55908917619664627,1.3142796927157618
2025-06-09 10:57:32+00:00,15531418,67549628963,51396692300235450142011,0,55908917564177524,1.3142796927165399
2025-06-09 10:57:37+00:00,15531423,67549628964,51396692300235450142010,0,55908917564177524,1.3142796927359963
2025-06-09 10:58:02+00:00,15531448,67549628965,51396692299476859709931,0,55908917564177524,1.314279692774851
2025-06-09 10:58:13+00:00,15531459,67549638965,51396699908207371924500,0,55908925840894720,1.314279692774851
2025-06-09 10:58:22+00:00,15531468,67549625862,51396709908207371924500,0,55908925840894720,1.314279182123547
2025-06-09 10:58:36+00:00,15531482,67549635862,51396717516940840442577,0,55908934117613521,1.314279182123547
2025-06-09 10:58:45+00:00,15531491,67549635863,51396717516182249715777,0,55908934117613521,1.3142791821624018
2025-06-09 10:58:46+00:00,15531492,67549635862,51396717517182249715777,0,55908934117613521,1.314279182117374
2025-06-09 10:58:52+00:00,15531498,67549635861,51396717518182249715777,0,55908934117613521,1.3142791820723463
2025-06-09 10:59:02+00:00,15531508,67549635860,51396717517386205929522,0,55908934116747591,1.3142791820732456
2025-06-09 10:59:06+00:00,15531512,67549622757,51396727517386205929522,0,55908934116747591,1.314278671422216
2025-06-09 10:59:29+00:00,15531535,67549622758,51396727516627614907950,0,55908934116747591,1.3142786714610708
2025-06-09 11:00:12+00:00,15531578,67549622759,51396727515869023886400,0,55908934116747591,1.3142786714999253
2025-06-09 11:00:27+00:00,15531593,67549609656,51396737515869023886400,0,55908934116747591,1.3142781608490945
2025-06-09 11:00:37+00:00,15531603,67549596553,51396747515869023886400,0,55908934116747591,1.3142776501984623
2025-06-09 11:00:51+00:00,15531617,67549606553,51396755124611361161899,0,55908942393471208,1.3142776501984623
2025-06-09 11:00:56+00:00,15531622,67549606554,51396755123852769550884,0,55908942393471208,1.314277650237317
2025-06-09 11:01:06+00:00,15531632,67549606555,51396755123094177939892,0,55908942393471208,1.3142776502761715
2025-06-09 11:01:07+00:00,15531633,67549576556,51396732296877499279767,0,55908917563311594,1.314277650295364
2025-06-09 11:01:13+00:00,15531639,67549576620,51396732345715528779815,0,55908917616282625,1.3142776502917308
2025-06-09 11:01:18+00:00,15531644,67549576553,51396732294706568078713,0,55908917560795522,1.3142776502925078
2025-06-09 11:01:24+00:00,15531650,67549576554,51396732294706568078712,0,55908917560795522,1.3142776503119642
2025-06-09 11:01:28+00:00,15531654,67549563451,51396742294706568078712,0,55908917560795522,1.3142771396613795
2025-06-09 11:01:39+00:00,15531665,67549563452,51396742293947976173019,0,55908917560795522,1.3142771397002342
2025-06-09 11:02:00+00:00,15531686,67549573452,51396749902693268875014,0,55908925837520744,1.3142771397002342
2025-06-09 11:02:10+00:00,15531696,67549563453,51396742293947976849360,0,55908917560795522,1.3142771397196906
2025-06-09 11:02:20+00:00,15531706,67549663453,51396666434869374189651,0,55908917560795522,1.3142810251828287
2025-06-09 11:02:22+00:00,15531708,67549663454,51396666434110784526648,0,55908917560795522,1.3142810252216832
2025-06-09 11:02:34+00:00,15531720,67549663453,51396666435110784526648,0,55908917560795522,1.3142810251766555
2025-06-09 11:02:36+00:00,15531722,67549650350,51396676435110784526648,0,55908917560795522,1.3142805145247598
2025-06-09 11:02:39+00:00,15531725,67549650349,51396676436110784526648,0,55908917560795522,1.314280514479732
2025-06-09 11:02:45+00:00,15531731,67549637259,51396686446110784526648,0,55908917571555250,1.3142800038252567
2025-06-09 11:02:45+00:00,15531731,67549650362,51396676446110784526648,0,55908917571555250,1.3142805144769536
2025-06-09 11:02:50+00:00,15531736,67549637258,51396686445314740986057,0,55908917570689320,1.314280003826156
2025-06-09 11:02:54+00:00,15531740,67549624155,51396696445314740986057,0,55908917570689320,1.314279493174658
2025-06-09 11:03:03+00:00,15531749,67549611052,51396706445314740986057,0,55908917570689320,1.3142789825233585
2025-06-09 11:03:05+00:00,15531751,67549611053,51396706444556150144050,0,55908917570689320,1.3142789825622132
2025-06-09 11:03:42+00:00,15531788,67549621053,51396714053290773979242,0,55908925847408711,1.3142789825622132
2025-06-09 11:03:48+00:00,15531794,67549621054,51396714052532183137257,0,55908925847408711,1.3142789826010677
2025-06-09 11:04:31+00:00,15531837,67549621055,51396714051773592295295,0,55908925847408711,1.3142789826399224
2025-06-09 11:04:44+00:00,15531850,67549621056,51396714051015001453355,0,55908925847408711,1.314278982678777
2025-06-09 11:04:45+00:00,15531851,67549611057,51396706442280378635800,0,55908917570689320,1.3142789826982335
2025-06-09 11:04:54+00:00,15531860,67549597954,51396716442280378635800,0,55908917570689320,1.3142784720471328
2025-06-09 11:04:56+00:00,15531862,67549598018,51396716491118408135848,0,55908917623660334,1.3142784720434988
2025-06-09 11:05:01+00:00,15531867,67549597951,51396716440109463176456,0,55908917568173231,1.3142784720442762
2025-06-09 11:05:07+00:00,15531873,67549597952,51396716440109463176455,0,55908917568173231,1.3142784720637328
2025-06-09 11:05:15+00:00,15531881,67549597953,51396716439350872039815,0,55908917568173231,1.3142784721025873
2025-06-09 11:05:29+00:00,15531895,67549584850,51396726439350872039815,0,55908917568173231,1.3142779614516853
2025-06-09 11:05:57+00:00,15531923,67549584851,51396726438592280608453,0,55908917568173231,1.31427796149054
2025-06-09 11:06:08+00:00,15531934,67549594851,51396734047332815722401,0,55908925844895832,1.31427796149054
2025-06-09 11:06:16+00:00,15531942,67549581748,51396744047332815722401,0,55908925844895832,1.3142774508399122
2025-06-09 11:06:18+00:00,15531944,67549581747,51396744048332815722401,0,55908925844895832,1.3142774507948844
2025-06-09 11:06:23+00:00,15531949,67549581746,51396744049332815722401,0,55908925844895832,1.3142774507498567
2025-06-09 11:06:25+00:00,15531951,67549571747,51396736440590800698311,0,55908917568173231,1.3142774507692754
2025-06-09 11:06:28+00:00,15531954,67549571760,51396736450590800698311,0,55908917578932972,1.3142774507664976
2025-06-09 11:06:34+00:00,15531960,67549571759,51396736449794756383345,0,55908917578067042,1.3142774507673969
2025-06-09 11:06:41+00:00,15531967,67549571760,51396736449036164657220,0,55908917578067042,1.3142774508062516
2025-06-09 11:07:08+00:00,15531994,67549581760,51396744057779656273422,0,55908925854791249,1.3142774508062516
2025-06-09 11:07:23+00:00,15532009,67549568657,51396754057779656273422,0,55908925854791249,1.3142769401558225
2025-06-09 11:07:24+00:00,15532010,67549568658,51396754057021064252576,0,55908925854791249,1.314276940194677
2025-06-09 11:07:41+00:00,15532027,67549555555,51396764057021064252576,0,55908925854791249,1.314276429544447
2025-06-09 11:07:51+00:00,15532037,67549545556,51396756448274612262597,0,55908917578067042,1.3142764295638278
2025-06-09 11:08:06+00:00,15532052,67549532453,51396766448274612262597,0,55908917578067042,1.3142759189137205
2025-06-09 11:08:07+00:00,15532053,67549532454,51396766447516019652296,0,55908917578067042,1.3142759189525752
2025-06-09 11:08:28+00:00,15532074,67549532455,51396766446757427042017,0,55908917578067042,1.3142759189914297
2025-06-09 11:08:33+00:00,15532079,67549532456,51396766445998834431761,0,55908917578067042,1.3142759190302844
2025-06-09 11:08:40+00:00,15532086,67549532520,51396766494836863931809,0,55908917631038107,1.3142759190266529
2025-06-09 11:08:45+00:00,15532091,67549532453,51396766443827869352692,0,55908917575551004,1.3142759190274291
2025-06-09 11:08:50+00:00,15532096,67549532454,51396766443069276742457,0,55908917575551004,1.3142759190662836
2025-06-09 11:08:50+00:00,15532096,67549532455,51396766443069276742456,0,55908917575551004,1.31427591908574
2025-06-09 11:09:04+00:00,15532110,67549542455,51396774051821635955106,0,55908925852280026,1.31427591908574
2025-06-09 11:09:32+00:00,15532138,67549542456,51396774051063043344904,0,55908925852280026,1.3142759191245947
2025-06-09 11:09:32+00:00,15532138,67549529353,51396784051063043344904,0,55908925852280026,1.3142754084747617
2025-06-09 11:09:41+00:00,15532147,67549516250,51396794051063043344904,0,55908925852280026,1.3142748978251275
2025-06-09 11:09:55+00:00,15532161,67549526250,51396801659821314957699,0,55908934129012259,1.3142748978251275
2025-06-09 11:10:01+00:00,15532167,67549526249,51396801660821314957699,0,55908934129012259,1.3142748977800998
2025-06-09 11:10:07+00:00,15532173,67549526248,51396801661821314957699,0,55908934129012259,1.3142748977350722
2025-06-09 11:10:13+00:00,15532179,67549526261,51396801671821314957699,0,55908934139772010,1.3142748977322949
2025-06-09 11:10:16+00:00,15532182,67549526262,51396801671062721757977,0,55908934139772010,1.3142748977711494
2025-06-09 11:10:19+00:00,15532185,67549513158,51396811670266676668659,0,55908934138906080,1.314274387122689
2025-06-09 11:10:19+00:00,15532185,67549526261,51396801670266676668659,0,55908934138906080,1.3142748977720486
2025-06-09 11:10:34+00:00,15532200,67549500055,51396821670266676668659,0,55908934138906080,1.3142738764735278
2025-06-09 11:10:59+00:00,15532225,67549500056,51396821669508082879471,0,55908934138906080,1.3142738765123823
2025-06-09 11:11:01+00:00,15532227,67549486953,51396831669508082879471,0,55908934138906080,1.3142733658634198
2025-06-09 11:11:16+00:00,15532242,67549473850,51396841669508082879471,0,55908934138906080,1.314272855214656
2025-06-09 11:11:25+00:00,15532251,67549460747,51396851669508082879471,0,55908934138906080,1.314272344566091
2025-06-09 11:11:42+00:00,15532268,67549460748,51396851668749488206071,0,55908934138906080,1.3142723446049456
2025-06-09 11:11:51+00:00,15532277,67549447645,51396861668749488206071,0,55908934138906080,1.3142718339565793
2025-06-09 11:12:09+00:00,15532295,67549434542,51396871668749488206071,0,55908934138906080,1.3142713233084116
2025-06-09 11:12:14+00:00,15532300,67549434543,51396871667990892943203,0,55908934138906080,1.314271323347266
2025-06-09 11:12:20+00:00,15532306,67549434544,51396871667232297680358,0,55908934138906080,1.3142713233861207
2025-06-09 11:12:26+00:00,15532312,67549434609,51396871715311731917583,0,55908934191877238,1.3142713234213481
2025-06-09 11:12:26+00:00,15532312,67549434545,51396871666473702417535,0,55908934191877238,1.3142713234249752
2025-06-09 11:12:32+00:00,15532318,67549434542,51396871664302648021299,0,55908934136390135,1.314271323422122
2025-06-09 11:12:36+00:00,15532322,67549534542,51396795804888331810092,0,55908934136390135,1.3142752088754799
2025-06-09 11:12:37+00:00,15532323,67549534543,51396795804888331810091,0,55908934136390135,1.3142752088949363
2025-06-09 11:12:45+00:00,15532331,67549521440,51396805804888331810091,0,55908934136390135,1.3142746982454576
2025-06-09 11:13:08+00:00,15532354,67549521441,51396805804129738495226,0,55908934136390135,1.3142746982843123
2025-06-09 11:13:21+00:00,15532367,67549508338,51396815804129738495226,0,55908934136390135,1.3142741876350323
2025-06-09 11:13:30+00:00,15532376,67549495235,51396825804129738495226,0,55908934136390135,1.314273676985951
2025-06-09 11:13:47+00:00,15532393,67549495234,51396825805129738495226,0,55908934136390135,1.3142736769409236
2025-06-09 11:13:52+00:00,15532398,67549495233,51396825806129738495226,0,55908934136390135,1.3142736768958958
2025-06-09 11:13:52+00:00,15532398,67549495234,51396825805371144590843,0,55908934136390135,1.3142736769347505
2025-06-09 11:13:57+00:00,15532403,67549495247,51396825815371144590843,0,55908934147149891,1.3142736769319734
2025-06-09 11:13:59+00:00,15532405,67549505247,51396833424136484351657,0,55908942423885926,1.3142736769319734
2025-06-09 11:14:13+00:00,15532419,67549515247,51396841032901824112471,0,55908950700621961,1.3142736769319734
2025-06-09 11:14:28+00:00,15532434,67549475248,51396810597850408043319,0,55908917593688636,1.3142736769511756
2025-06-09 11:14:35+00:00,15532441,67549475249,51396810597091814138968,0,55908917593688636,1.31427367699003
2025-06-09 11:14:39+00:00,15532445,67549462146,51396820597091814138968,0,55908917593688636,1.3142731663409963
2025-06-09 11:15:19+00:00,15532485,67549462147,51396820596333219939894,0,55908917593688636,1.314273166379851
2025-06-09 11:15:25+00:00,15532491,67549449044,51396830596333219939894,0,55908917593688636,1.314272655731016
2025-06-09 11:15:59+00:00,15532525,67549435941,51396840596333219939894,0,55908917593688636,1.3142721450823798
2025-06-09 11:16:01+00:00,15532527,67549435943,51396840594816030362834,0,55908917593688636,1.3142721451600887
2025-06-09 11:16:01+00:00,15532527,67549435942,51396840595574625151353,0,55908917593688636,1.3142721451212342
2025-06-09 11:16:06+00:00,15532532,67549435944,51396840594057435574337,0,55908917593688636,1.3142721451989434
2025-06-09 11:16:13+00:00,15532539,67549436008,51396840642895465074385,0,55908917646659777,1.3142721451953154
2025-06-09 11:16:19+00:00,15532545,67549435941,51396840591886396920885,0,55908917591172674,1.3142721451960897
2025-06-09 11:16:20+00:00,15532546,67549422838,51396850591886396920885,0,55908917591172674,1.3142716345476522
2025-06-09 11:16:37+00:00,15532563,67549409735,51396860591886396920885,0,55908917591172674,1.3142711238994134
2025-06-09 11:16:45+00:00,15532571,67549409736,51396860591127801542919,0,55908917591172674,1.3142711239382678
2025-06-09 11:17:00+00:00,15532586,67549419736,51396868199907921458044,0,55908925867916735,1.3142711239382678
2025-06-09 11:17:14+00:00,15532600,67549429736,51396875808688041373169,0,55908934144660796,1.3142711239382678
2025-06-09 11:17:24+00:00,15532610,67549416633,51396885808688041373169,0,55908934144660796,1.3142706132903788
2025-06-09 11:17:28+00:00,15532614,67549416634,51396885807929445700480,0,55908934144660796,1.3142706133292332
2025-06-09 11:17:34+00:00,15532620,67549416633,51396885808929445700480,0,55908934144660796,1.314270613284206
2025-06-09 11:17:39+00:00,15532625,67549403530,51396895808929445700480,0,55908934144660796,1.3142701026365156
2025-06-09 11:17:40+00:00,15532626,67549403529,51396895809929445700480,0,55908934144660796,1.3142701025914882
2025-06-09 11:17:45+00:00,15532631,67549403542,51396895819929445700480,0,55908934155420567,1.3142701025887118
2025-06-09 11:17:49+00:00,15532635,67549383543,51396880602363285384300,0,55908917601932445,1.314270102608017
2025-06-09 11:17:50+00:00,15532636,67549383542,51396880601567238837006,0,55908917601066515,1.3142701026089163
2025-06-09 11:18:03+00:00,15532649,67549393542,51396888210353271593372,0,55908925877813787,1.3142701026089163
2025-06-09 11:18:11+00:00,15532657,67549393543,51396888209594675625918,0,55908925877813787,1.314270102647771
2025-06-09 11:18:37+00:00,15532683,67549383544,51396880600808643718590,0,55908917601066515,1.3142701026672272
2025-06-09 11:18:47+00:00,15532693,67549370441,51396890600808643718590,0,55908917601066515,1.3142695920195846
2025-06-09 11:18:54+00:00,15532700,67549370442,51396890600050047456424,0,55908917601066515,1.314269592058439
2025-06-09 11:19:14+00:00,15532720,67549357339,51396900600050047456424,0,55908917601066515,1.3142690814109952
2025-06-09 11:19:24+00:00,15532730,67549344236,51396910600050047456424,0,55908917601066515,1.3142685707637498
2025-06-09 11:19:37+00:00,15532743,67549344237,51396910599291450604789,0,55908917601066515,1.3142685708026043
2025-06-09 11:19:43+00:00,15532749,67549331134,51396920599291450604789,0,55908917601066515,1.3142680601555576
2025-06-09 11:19:45+00:00,15532751,67549331135,51396920598532853458430,0,55908917601066515,1.3142680601944121
2025-06-09 11:19:50+00:00,15532756,67549331136,51396920597774256312094,0,55908917601066515,1.3142680602332666
2025-06-09 11:19:57+00:00,15532763,67549331200,51396920646612285812142,0,55908917654037738,1.3142680602296426
2025-06-09 11:20:02+00:00,15532768,67549331133,51396920595603138265258,0,55908917598550635,1.3142680602304149
2025-06-09 11:20:05+00:00,15532771,67549318030,51396930595603138265258,0,55908917598550635,1.314267549583567
2025-06-09 11:20:08+00:00,15532774,67549318031,51396930595603138265257,0,55908917598550635,1.3142675496030234
2025-06-09 11:20:15+00:00,15532781,67549304928,51396940595603138265257,0,55908917598550635,1.3142670389563742
2025-06-09 11:20:21+00:00,15532787,67549304929,51396940594844540529460,0,55908917598550635,1.3142670389952287
2025-06-09 11:20:35+00:00,15532801,67549404929,51396864735182927670914,0,55908917598550635,1.3142709244433757
2025-06-09 11:21:01+00:00,15532827,67549414929,51396872343964202532665,0,55908925875295286,1.3142709244433757
2025-06-09 11:21:05+00:00,15532831,67549414930,51396872343205607039573,0,55908925875295286,1.3142709244822302
2025-06-09 11:21:11+00:00,15532837,67549401827,51396882343205607039573,0,55908925875295286,1.3142704138343455
2025-06-09 11:21:19+00:00,15532845,67549401826,51396882344205607039573,0,55908925875295286,1.3142704137893182
2025-06-09 11:21:24+00:00,15532850,67549401825,51396882345205607039573,0,55908925875295286,1.3142704137442907
2025-06-09 11:21:25+00:00,15532851,67549388722,51396892345205607039573,0,55908925875295286,1.3142699030966047
2025-06-09 11:21:35+00:00,15532861,67549388721,51396892344409560428201,0,55908925874429356,1.314269903097504
2025-06-09 11:21:49+00:00,15532875,67549388722,51396892343650964345589,0,55908925874429356,1.3142699031363585
2025-06-09 11:22:05+00:00,15532891,67549375619,51396902343650964345589,0,55908925874429356,1.3142693924888713
2025-06-09 11:22:28+00:00,15532914,67549362516,51396912343650964345589,0,55908925874429356,1.3142688818415829
2025-06-09 11:22:33+00:00,15532919,67549362517,51396912342892367673508,0,55908925874429356,1.3142688818804373
2025-06-09 11:22:38+00:00,15532924,67549462517,51396836483337126140340,0,55908925874429356,1.3142727673307202
2025-06-09 11:22:48+00:00,15532934,67549452517,51396828874561160792319,0,55908917597684705,1.3142727673308572
2025-06-09 11:23:17+00:00,15532963,67549439415,51396838873802566362938,0,55908917597684705,1.3142722567210365
2025-06-09 11:23:17+00:00,15532963,67549452518,51396828873802566362938,0,55908917597684705,1.3142727673697117
2025-06-09 11:23:29+00:00,15532975,67549439416,51396838873043971638834,0,55908917597684705,1.3142722567598912
2025-06-09 11:23:34+00:00,15532980,67549439417,51396838872285376914753,0,55908917597684705,1.3142722567987457
2025-06-09 11:23:41+00:00,15532987,67549439481,51396838921123406414801,0,55908917650655843,1.3142722567951177
2025-06-09 11:23:48+00:00,15532994,67549449481,51396846529896967826820,0,55908925927396269,1.3142722567951177
2025-06-09 11:23:51+00:00,15532997,67549449482,51396846529896967826819,0,55908925927396269,1.3142722568145742
2025-06-09 11:23:57+00:00,15533003,67549436379,51396856529896967826819,0,55908925927396269,1.3142717461661737
2025-06-09 11:24:00+00:00,15533006,67549436380,51396856529138372808024,0,55908925927396269,1.3142717462050284
2025-06-09 11:24:14+00:00,15533020,67549426381,51396848920363331118490,0,55908917650655843,1.314271746224447
2025-06-09 11:24:43+00:00,15533049,67549426382,51396848919604736099729,0,55908917650655843,1.3142717462633016
2025-06-09 11:25:01+00:00,15533067,67549426381,51396848920604736099729,0,55908917650655843,1.314271746218274
2025-06-09 11:25:07+00:00,15533073,67549413277,51396858921604736099729,0,55908917650655843,1.3142712355249693
2025-06-09 11:25:07+00:00,15533073,67549413278,51396858920604736099729,0,55908917650655843,1.3142712355699968
2025-06-09 11:25:13+00:00,15533079,67549413290,51396858931604736099729,0,55908917661415609,1.3142712355221926
2025-06-09 11:25:18+00:00,15533084,67549413289,51396858930808689888923,0,55908917660549679,1.3142712355230919
2025-06-09 11:25:27+00:00,15533093,67549413290,51396858930050094575386,0,55908917660549679,1.3142712355619466
2025-06-09 11:25:45+00:00,15533111,67549400187,51396868930050094575386,0,55908917660549679,1.314270724913868
2025-06-09 11:26:10+00:00,15533136,67549400188,51396868929291498967126,0,55908917660549679,1.3142707249527226
2025-06-09 11:26:25+00:00,15533151,67549387085,51396878929291498967126,0,55908917660549679,1.3142702143048428
2025-06-09 11:26:40+00:00,15533166,67549373982,51396888929291498967126,0,55908917660549679,1.3142697036571618
2025-06-09 11:26:49+00:00,15533175,67549360879,51396898929291498967126,0,55908917660549679,1.3142691930096795
2025-06-09 11:26:53+00:00,15533179,67549360880,51396898928532902474651,0,55908917660549679,1.314269193048534
2025-06-09 11:27:11+00:00,15533197,67549360881,51396898927774305982199,0,55908917660549679,1.3142691930873884
2025-06-09 11:27:17+00:00,15533203,67549360882,51396898927015709489769,0,55908917660549679,1.314269193126243
2025-06-09 11:27:24+00:00,15533210,67549360946,51396898975853738989817,0,55908917713520879,1.3142691931226178
2025-06-09 11:27:29+00:00,15533215,67549360879,51396898924844613004463,0,55908917658033776,1.3142691931233907
2025-06-09 11:27:35+00:00,15533221,67549360880,51396898924844613004462,0,55908917658033776,1.3142691931428472
2025-06-09 11:27:36+00:00,15533222,67549360881,51396898924086016512064,0,55908917658033776,1.3142691931817017
2025-06-09 11:27:58+00:00,15533244,67549370881,51396906532877314275877,0,55908925934783833,1.3142691931817017
2025-06-09 11:28:13+00:00,15533259,67549357778,51396916532877314275877,0,55908925934783833,1.3142686825344936
2025-06-09 11:28:19+00:00,15533265,67549357779,51396916532118717488756,0,55908925934783833,1.314268682573348
2025-06-09 11:28:29+00:00,15533275,67549347780,51396908923325940230718,0,55908917658033776,1.3142686825927667
2025-06-09 11:28:43+00:00,15533289,67549347779,51396908924325940230718,0,55908917658033776,1.3142686825477394
2025-06-09 11:28:48+00:00,15533294,67549347778,51396908925325940230718,0,55908917658033776,1.314268682502712
2025-06-09 11:28:51+00:00,15533297,67549357778,51396916534120194505559,0,55908925934785439,1.314268682502712
2025-06-09 11:28:53+00:00,15533299,67549357791,51396916544120194505559,0,55908925945545216,1.3142686824999357
2025-06-09 11:28:59+00:00,15533305,67549357790,51396916543324147520389,0,55908925944679286,1.314268682500835
2025-06-09 11:29:00+00:00,15533306,67549344687,51396926543324147520389,0,55908925944679286,1.3142681718538258
2025-06-09 11:29:30+00:00,15533336,67549331584,51396936543324147520389,0,55908925944679286,1.3142676612070152
2025-06-09 11:29:46+00:00,15533352,67549321585,51396928934526932761020,0,55908917667927623,1.3142676612263962
2025-06-09 11:29:47+00:00,15533353,67549321586,51396928933768335384399,0,55908917667927623,1.3142676612652506
2025-06-09 11:30:30+00:00,15533396,67549321587,51396928933009738007800,0,55908917667927623,1.314267661304105
2025-06-09 11:30:54+00:00,15533420,67549321588,51396928932251140631223,0,55908917667927623,1.3142676613429596
2025-06-09 11:31:00+00:00,15533426,67549321589,51396928931492543254669,0,55908917667927623,1.314267661381814
2025-06-09 11:31:01+00:00,15533427,67549308486,51396938931492543254669,0,55908917667927623,1.3142671507351265
2025-06-09 11:31:06+00:00,15533432,67549308550,51396938980330572754717,0,55908917720898864,1.3142671507315034
2025-06-09 11:31:12+00:00,15533438,67549308483,51396938929321407073439,0,55908917665411761,1.3142671507322752
2025-06-09 11:31:14+00:00,15533440,67549308484,51396938928562809402160,0,55908917665411761,1.3142671507711297
2025-06-09 11:31:17+00:00,15533443,67549308485,51396938928562809402159,0,55908917665411761,1.314267150790586
2025-06-09 11:31:43+00:00,15533469,67549295382,51396948928562809402159,0,55908917665411761,1.3142666401440972
2025-06-09 11:31:57+00:00,15533483,67549305383,51396956536610289484344,0,55908925942169845,1.3142666401829517
2025-06-09 11:31:57+00:00,15533483,67549295383,51396948927804211436167,0,55908925942169845,1.3142666401829517
2025-06-09 11:32:12+00:00,15533498,67549295384,51396948927804211767804,0,55908917665411761,1.3142666402024081
2025-06-09 11:32:21+00:00,15533507,67549282281,51396958927804211767804,0,55908917665411761,1.314266129556118
2025-06-09 11:32:29+00:00,15533515,67549282280,51396958928804211767804,0,55908917665411761,1.3142661295110907
2025-06-09 11:32:34+00:00,15533520,67549282279,51396958929804211767804,0,55908917665411761,1.3142661294660634
2025-06-09 11:32:39+00:00,15533525,67549282292,51396958939804211767804,0,55908917676171548,1.3142661294632876
2025-06-09 11:32:39+00:00,15533525,67549282293,51396958939045613507046,0,55908917676171548,1.314266129502142
2025-06-09 11:32:45+00:00,15533531,67549282292,51396958938249565747512,0,55908917675305618,1.3142661295030413
2025-06-09 11:32:46+00:00,15533532,67549269189,51396968938249565747512,0,55908917675305618,1.31426561885695
2025-06-09 11:33:01+00:00,15533547,67549279189,51396976547061556657882,0,55908925952066913,1.31426561885695
2025-06-09 11:33:22+00:00,15533568,67549289189,51396984155873547568252,0,55908934228828208,1.31426561885695
2025-06-09 11:33:23+00:00,15533569,67549289190,51396984155114949012770,0,55908934228828208,1.3142656188958044
2025-06-09 11:33:38+00:00,15533584,67549276087,51396994155114949012770,0,55908934228828208,1.314265108250063
2025-06-09 11:33:47+00:00,15533593,67549262984,51397004155114949012770,0,55908934228828208,1.3142645976045202
2025-06-09 11:34:06+00:00,15533612,67549262985,51397004154356349867817,0,55908934228828208,1.3142645976433747
2025-06-09 11:34:19+00:00,15533625,67549242986,51396988936726447547757,0,55908917675305618,1.3142645976626801
2025-06-09 11:34:35+00:00,15533641,67549229883,51396998936726447547757,0,55908917675305618,1.3142640870171847
2025-06-09 11:34:36+00:00,15533642,67549229884,51396998935967848108091,0,55908917675305618,1.3142640870560391
2025-06-09 11:34:41+00:00,15533647,67549229885,51396998935209248668447,0,55908917675305618,1.3142640870948936
2025-06-09 11:34:47+00:00,15533653,67549229949,51396998984047278168495,0,55908917728276921,1.3142640870912734
2025-06-09 11:34:49+00:00,15533655,67549229950,51396998983288678728872,0,55908917728276921,1.3142640871301277
2025-06-09 11:34:50+00:00,15533656,67549239950,51397006592109537431892,0,55908926005043032,1.3142640871301277
2025-06-09 11:34:52+00:00,15533658,67549239883,51397006541100312207090,0,55908925949555929,1.3142640871308982
2025-06-09 11:34:58+00:00,15533664,67549239884,51397006541100312207089,0,55908925949555929,1.3142640871503546
2025-06-09 11:35:05+00:00,15533671,67549226781,51397016541100312207089,0,55908925949555929,1.3142635765051334
2025-06-09 11:35:20+00:00,15533686,67549216782,51397008932277973217686,0,55908917672789818,1.314263576524552
2025-06-09 11:35:32+00:00,15533698,67549216783,51397008931519373483361,0,55908917672789818,1.3142635765634065
2025-06-09 11:35:35+00:00,15533701,67549226783,51397016540343188070412,0,55908925949557534,1.3142635765634065
2025-06-09 11:35:57+00:00,15533723,67549216784,51397008931519373718508,0,55908917672789818,1.314263576582863
2025-06-09 11:36:05+00:00,15533731,67549216783,51397008932519373718508,0,55908917672789818,1.3142635765378357
2025-06-09 11:36:11+00:00,15533737,67549216782,51397008933519373718508,0,55908917672789818,1.3142635764928086
2025-06-09 11:36:16+00:00,15533742,67549216796,51397008942760773984165,0,55908917683549616,1.3142635765288877
2025-06-09 11:36:16+00:00,15533742,67549216783,51397008932760773984165,0,55908917683549616,1.3142635765316628
2025-06-09 11:36:21+00:00,15533747,67549216795,51397008941964725450268,0,55908917682683686,1.314263576529787
2025-06-09 11:36:22+00:00,15533748,67549226795,51397016550788540231957,0,55908925959451402,1.314263576529787
2025-06-09 11:36:32+00:00,15533758,67549216796,51397008941964725680209,0,55908917682683686,1.3142635765492434
2025-06-09 11:36:46+00:00,15533772,67549226796,51397016550788540349257,0,55908925959451402,1.3142635765492434
2025-06-09 11:36:56+00:00,15533782,67549216797,51397008941964725797509,0,55908917682683686,1.3142635765686996
2025-06-09 11:36:59+00:00,15533785,67549216798,51397008941206126063209,0,55908917682683686,1.314263576607554
2025-06-09 11:37:34+00:00,15533820,67549316798,51396933081344663364760,0,55908917682683686,1.3142674620505344
2025-06-09 11:37:42+00:00,15533828,67549316799,51396933080586065873174,0,55908917682683686,1.3142674620893888
2025-06-09 11:37:50+00:00,15533836,67549303696,51396943080586065873174,0,55908917682683686,1.3142669514427814
2025-06-09 11:38:11+00:00,15533857,67549303697,51396943079827468086864,0,55908917682683686,1.3142669514816356
2025-06-09 11:38:17+00:00,15533863,67549303698,51396943079068870300577,0,55908917682683686,1.3142669515204901
2025-06-09 11:38:23+00:00,15533869,67549303762,51396943127906899800625,0,55908917735654931,1.3142669515168672
2025-06-09 11:38:25+00:00,15533871,67549303763,51396943127148302014358,0,55908917735654931,1.3142669515557217
2025-06-09 11:38:28+00:00,15533874,67549303696,51396943076139132231011,0,55908917680167828,1.3142669515564935
2025-06-09 11:38:33+00:00,15533879,67549303697,51396943076139132231010,0,55908917680167828,1.3142669515759497
2025-06-09 11:38:35+00:00,15533881,67549290594,51396953076139132231010,0,55908917680167828,1.314266440929541
2025-06-09 11:38:54+00:00,15533900,67549277491,51396963076139132231010,0,55908917680167828,1.3142659302833308
2025-06-09 11:39:08+00:00,15533914,67549287491,51396970684949320169298,0,55908925956928106,1.3142659302833308
2025-06-09 11:39:09+00:00,15533915,67549287492,51396970684190721793572,0,55908925956928106,1.3142659303221853
2025-06-09 11:39:42+00:00,15533948,67549287491,51396970685190721793572,0,55908925956928106,1.314265930277158
2025-06-09 11:39:47+00:00,15533953,67549287490,51396970686190721793572,0,55908925956928106,1.3142659302321307
2025-06-09 11:39:52+00:00,15533958,67549287491,51396970685432123417817,0,55908925956928106,1.3142659302709851
2025-06-09 11:39:53+00:00,15533959,67549287504,51396970695432123417817,0,55908925967687894,1.3142659302682094
2025-06-09 11:39:58+00:00,15533964,67549287503,51396970694636075594255,0,55908925966821964,1.3142659302691087
2025-06-09 11:40:34+00:00,15534000,67549297503,51396978303446263614881,0,55908934243582242,1.3142659302691087
2025-06-09 11:40:36+00:00,15534002,67549297504,51396978302687665239147,0,55908934243582242,1.3142659303079631
2025-06-09 11:40:43+00:00,15534009,67549284401,51396988302687665239147,0,55908934243582242,1.3142654196621029
2025-06-09 11:41:21+00:00,15534047,67549284402,51396988301929066568689,0,55908934243582242,1.3142654197009573
2025-06-09 11:41:48+00:00,15534074,67549271299,51396998301929066568689,0,55908934243582242,1.3142649090552958
2025-06-09 11:41:54+00:00,15534080,67549271300,51396998301170467603507,0,55908934243582242,1.3142649090941503
2025-06-09 11:41:59+00:00,15534085,67549271301,51396998300411868638347,0,55908934243582242,1.3142649091330048
2025-06-09 11:42:04+00:00,15534090,67549271302,51396998299653269673210,0,55908934243582242,1.314264909171859
2025-06-09 11:42:06+00:00,15534092,67549271366,51396998348491299173258,0,55908934296553528,1.3142649091682381
2025-06-09 11:42:11+00:00,15534097,67549271299,51396998297482089694741,0,55908934241066425,1.3142649091690088
2025-06-09 11:42:12+00:00,15534098,67549258196,51397008297482089694741,0,55908934241066425,1.314264398523546
2025-06-09 11:42:38+00:00,15534124,67549268196,51397015906301145612310,0,55908942517831519,1.314264398523546
2025-06-09 11:42:46+00:00,15534132,67549268197,51397015905542546352447,0,55908942517831519,1.3142643985624003
2025-06-09 11:43:05+00:00,15534151,67549278197,51397023514361602045072,0,55908950794596613,1.3142643985624003
2025-06-09 11:43:25+00:00,15534171,67549278196,51397023515361602045072,0,55908950794596613,1.3142643985173732
2025-06-09 11:43:30+00:00,15534176,67549238197,51396993080094235552276,0,55908917687545869,1.3142643985366032
2025-06-09 11:43:31+00:00,15534177,67549238196,51396993081094235552276,0,55908917687545869,1.3142643984915758
2025-06-09 11:43:36+00:00,15534182,67549238209,51396993091094235552276,0,55908917698305663,1.3142643984888005
2025-06-09 11:43:41+00:00,15534187,67549238208,51396993090298187264103,0,55908917697439733,1.3142643984896998
2025-06-09 11:44:06+00:00,15534212,67549225105,51397003090298187264103,0,55908917697439733,1.3142638878442845
2025-06-09 11:44:12+00:00,15534218,67549225106,51397003089539587709473,0,55908917697439733,1.314263887883139
2025-06-09 11:44:46+00:00,15534252,67549212003,51397013089539587709473,0,55908917697439733,1.3142633772379224
2025-06-09 11:44:55+00:00,15534261,67549212004,51397013088780987860119,0,55908917697439733,1.3142633772767767
2025-06-09 11:45:00+00:00,15534266,67549222004,51397020697605956201342,0,55908925974208038,1.3142633772767767
2025-06-09 11:45:31+00:00,15534297,67549222005,51397020696847356352010,0,55908925974208038,1.3142633773156311
2025-06-09 11:45:37+00:00,15534303,67549222006,51397020696088756502701,0,55908925974208038,1.3142633773544856
2025-06-09 11:45:38+00:00,15534304,67549222007,51397020695330156653414,0,55908925974208038,1.3142633773933399
2025-06-09 11:45:43+00:00,15534309,67549222071,51397020744168186153462,0,55908926027179355,1.3142633773897203
2025-06-09 11:45:49+00:00,15534315,67549222004,51397020693158946903572,0,55908925971692252,1.3142633773904904
2025-06-09 11:45:54+00:00,15534320,67549222005,51397020693158946903571,0,55908925971692252,1.3142633774099468
2025-06-09 11:45:56+00:00,15534322,67549212005,51397013084333979313319,0,55908917694923947,1.3142633774099468
2025-06-09 11:46:22+00:00,15534348,67549212006,51397013083575379464064,0,55908917694923947,1.314263377448801
2025-06-09 11:46:28+00:00,15534354,67549198903,51397023083575379464064,0,55908917694923947,1.3142628668037832
2025-06-09 11:46:54+00:00,15534380,67549185800,51397033083575379464064,0,55908917694923947,1.314262356158964
2025-06-09 11:47:04+00:00,15534390,67549185799,51397033084575379464064,0,55908917694923947,1.3142623561139368
2025-06-09 11:47:06+00:00,15534392,67549185800,51397033083816779025311,0,55908917694923947,1.3142623561527913
2025-06-09 11:47:09+00:00,15534395,67549185799,51397033084816779025311,0,55908917694923947,1.314262356107764
2025-06-09 11:47:15+00:00,15534401,67549185812,51397033094816779025311,0,55908917705683749,1.314262356104989
2025-06-09 11:47:21+00:00,15534407,67549185811,51397033094020730117656,0,55908917704817819,1.3142623561058884
2025-06-09 11:47:47+00:00,15534433,67549195811,51397040702851610452414,0,55908925981589334,1.3142623561058884
2025-06-09 11:47:49+00:00,15534435,67549195812,51397040702093010013656,0,55908925981589334,1.3142623561447426
2025-06-09 11:47:57+00:00,15534443,67549182709,51397050702093010013656,0,55908925981589334,1.314261845500198
2025-06-09 11:48:16+00:00,15534462,67549192709,51397058310926846465841,0,55908934258362455,1.314261845500198
2025-06-09 11:48:25+00:00,15534471,67549179606,51397068310926846465841,0,55908934258362455,1.3142613348559273
2025-06-09 11:48:34+00:00,15534480,67549179607,51397068310168245437611,0,55908934258362455,1.3142613348947818
2025-06-09 11:48:52+00:00,15534498,67549166504,51397078310168245437611,0,55908934258362455,1.31426082425071
2025-06-09 11:49:01+00:00,15534507,67549153401,51397088310168245437611,0,55908934258362455,1.3142603136068367
2025-06-09 11:49:15+00:00,15534521,67549163401,51397095919010950697535,0,55908942535140392,1.3142603136068367
2025-06-09 11:49:17+00:00,15534523,67549163402,51397095918252349079832,0,55908942535140392,1.314260313645691
2025-06-09 11:49:23+00:00,15534529,67549163403,51397095917493747462152,0,55908942535140392,1.3142603136845454
2025-06-09 11:49:29+00:00,15534535,67549163467,51397095966331776962200,0,55908942588111770,1.3142603136809288
2025-06-09 11:49:35+00:00,15534541,67549163400,51397095915322478167286,0,55908942532624667,1.3142603136816973
2025-06-09 11:49:36+00:00,15534542,67549150297,51397105915322478167286,0,55908942532624667,1.3142598030380983
2025-06-09 11:50:02+00:00,15534568,67549150298,51397105914563876254879,0,55908942532624667,1.3142598030769528
2025-06-09 11:50:26+00:00,15534592,67549160298,51397113523409537202540,0,55908950809404209,1.3142598030769528
2025-06-09 11:50:40+00:00,15534606,67549170298,51397121132255198150201,0,55908959086183751,1.3142598030769528
2025-06-09 11:50:46+00:00,15534612,67549170299,51397121131496596237816,0,55908959086183751,1.314259803115807
2025-06-09 11:50:54+00:00,15534620,67549170298,51397121132496596237816,0,55908959086183751,1.31425980307078
2025-06-09 11:50:59+00:00,15534625,67549170297,51397121133496596237816,0,55908959086183751,1.3142598030257528
2025-06-09 11:51:00+00:00,15534626,67549157194,51397131133496596237816,0,55908959086183751,1.314259292382504
2025-06-09 11:51:10+00:00,15534636,67549157193,51397131132700546400905,0,55908959085317821,1.314259292383403
2025-06-09 11:51:11+00:00,15534637,67549107194,51397093088479600360044,0,55908917701436164,1.3142592924022933
2025-06-09 11:51:21+00:00,15534647,67549094091,51397103088479600360044,0,55908917701436164,1.3142587817588651
2025-06-09 11:51:31+00:00,15534657,67549094092,51397103087720997858145,0,55908917701436164,1.3142587817977194
2025-06-09 11:51:58+00:00,15534684,67549194092,51397027227582775858158,0,55908917701436164,1.3142626672335824
2025-06-09 11:52:14+00:00,15534700,67549194093,51397027226824175598985,0,55908917701436164,1.314262667272437
2025-06-09 11:52:32+00:00,15534718,67549180990,51397037226824175598985,0,55908917701436164,1.3142621566276975
2025-06-09 11:52:58+00:00,15534744,67549180991,51397037226065575045087,0,55908917701436164,1.314262156666552
2025-06-09 11:53:06+00:00,15534752,67549167888,51397047226065575045087,0,55908917701436164,1.3142616460220113
2025-06-09 11:53:08+00:00,15534754,67549167889,51397047225306974196464,0,55908917701436164,1.3142616460608658
2025-06-09 11:53:15+00:00,15534761,67549167953,51397047274145003696512,0,55908917754407515,1.3142616460572478
2025-06-09 11:53:20+00:00,15534766,67549167886,51397047223135730569033,0,55908917698920412,1.314261646058017
2025-06-09 11:53:21+00:00,15534767,67549177886,51397054831970721678982,0,55908925975694123,1.314261646058017
2025-06-09 11:53:38+00:00,15534784,67549167887,51397047223135730983218,0,55908917698920412,1.3142616460774734
2025-06-09 11:53:41+00:00,15534787,67549167888,51397047222377130134627,0,55908917698920412,1.314261646116328
2025-06-09 11:54:13+00:00,15534819,67549154785,51397057222377130134627,0,55908917698920412,1.314261135471986
2025-06-09 11:54:21+00:00,15534827,67549141682,51397067222377130134627,0,55908917698920412,1.3142606248278428
2025-06-09 11:54:23+00:00,15534829,67549141683,51397067221618528696564,0,55908917698920412,1.314260624866697
2025-06-09 11:54:35+00:00,15534841,67549141682,51397067222618528696564,0,55908917698920412,1.31426062482167
2025-06-09 11:54:45+00:00,15534851,67549141695,51397067232618528696564,0,55908917709680221,1.3142606248188953
2025-06-09 11:54:50+00:00,15534856,67549141694,51397067231822479260232,0,55908917708814291,1.3142606248197946
2025-06-09 11:55:01+00:00,15534867,67549151694,51397074840663382769119,0,55908925985591213,1.3142606248197946
2025-06-09 11:55:07+00:00,15534873,67549151695,51397074839904781331051,0,55908925985591213,1.3142606248586488
2025-06-09 11:55:23+00:00,15534889,67549161695,51397082448745684614992,0,55908934262368135,1.3142606248586488
2025-06-09 11:55:49+00:00,15534915,67549148592,51397092448745684614992,0,55908934262368135,1.3142601142148558
2025-06-09 11:55:50+00:00,15534916,67549148593,51397092447987082882199,0,55908934262368135,1.31426011425371
2025-06-09 11:55:59+00:00,15534925,67549128594,51397077230302315897296,0,55908917708814291,1.314260114273091
2025-06-09 11:56:08+00:00,15534934,67549115491,51397087230302315897296,0,55908917708814291,1.3142596036293452
2025-06-09 11:56:33+00:00,15534959,67549115492,51397087229543713869788,0,55908917708814291,1.3142596036681995
2025-06-09 11:56:41+00:00,15534967,67549102389,51397097229543713869788,0,55908917708814291,1.3142590930246525
2025-06-09 11:56:42+00:00,15534968,67549102390,51397097228785111547555,0,55908917708814291,1.3142590930635067
2025-06-09 11:56:47+00:00,15534973,67549102391,51397097228026509225344,0,55908917708814291,1.3142590931023612
2025-06-09 11:56:53+00:00,15534979,67549102455,51397097276864538725392,0,55908917761785694,1.3142590930987457
2025-06-09 11:56:58+00:00,15534984,67549102388,51397097225855215979180,0,55908917706298591,1.3142590930995135
2025-06-09 11:57:03+00:00,15534989,67549112388,51397104834704987310240,0,55908925983080328,1.3142590930995135
2025-06-09 11:57:03+00:00,15534989,67549112389,51397104834704987310239,0,55908925983080328,1.31425909311897
2025-06-09 11:57:16+00:00,15535002,67549112390,51397104833946384988060,0,55908925983080328,1.3142590931578242
2025-06-09 11:57:39+00:00,15535025,67549102391,51397097225096614684458,0,55908917706298591,1.3142590931772806
2025-06-09 11:57:54+00:00,15535040,67549089288,51397107225096614684458,0,55908917706298591,1.3142585825339321
2025-06-09 11:57:59+00:00,15535045,67549089289,51397107224338012067565,0,55908917706298591,1.3142585825727864
2025-06-09 11:58:12+00:00,15535058,67549089288,51397107225338012067565,0,55908917706298591,1.3142585825277595
2025-06-09 11:58:17+00:00,15535063,67549089287,51397107226338012067565,0,55908917706298591,1.3142585824827324
2025-06-09 11:58:23+00:00,15535069,67549089300,51397107236338012067565,0,55908917717058409,1.3142585824799582
2025-06-09 11:58:28+00:00,15535074,67549089299,51397107235541962011752,0,55908917716192479,1.3142585824808575
2025-06-09 11:58:42+00:00,15535088,67549089300,51397107234783359394828,0,55908917716192479,1.3142585825197117
2025-06-09 11:59:02+00:00,15535108,67549076197,51397117234783359394828,0,55908917716192479,1.3142580718765622
2025-06-09 11:59:11+00:00,15535117,67549063094,51397127234783359394828,0,55908917716192479,1.3142575612336114
2025-06-09 11:59:20+00:00,15535126,67549049991,51397137234783359394828,0,55908917716192479,1.314257050590859
2025-06-09 11:59:25+00:00,15535131,67549049992,51397137234024755893682,0,55908917716192479,1.3142570506297133
2025-06-09 11:59:29+00:00,15535135,67549036889,51397147234024755893682,0,55908917716192479,1.31425653998716
2025-06-09 11:59:43+00:00,15535149,67549046889,51397154842889308393986,0,55908925992982244,1.31425653998716
2025-06-09 12:00:02+00:00,15535168,67549056889,51397162451753860894290,0,55908934269772009,1.31425653998716
2025-06-09 12:00:09+00:00,15535175,67549056890,51397162450995257098417,0,55908934269772009,1.3142565400260142
2025-06-09 12:00:22+00:00,15535188,67549043787,51397172450995257098417,0,55908934269772009,1.3142560293838106
2025-06-09 12:00:22+00:00,15535188,67549043788,51397172450236653007818,0,55908934269772009,1.3142560294226648
2025-06-09 12:00:28+00:00,15535194,67549043789,51397172449478048917242,0,55908934269772009,1.314256029461519
2025-06-09 12:00:34+00:00,15535200,67549043853,51397172498316078417290,0,55908934322743473,1.3142560294579066
2025-06-09 12:00:40+00:00,15535206,67549043786,51397172447306696126798,0,55908934267256370,1.314256029458673
2025-06-09 12:00:46+00:00,15535212,67549043787,51397172447306696126797,0,55908934267256370,1.3142560294781291
2025-06-09 12:00:55+00:00,15535221,67549030684,51397182447306696126797,0,55908934267256370,1.3142555188361242
2025-06-09 12:00:56+00:00,15535222,67549030685,51397182446548091741504,0,55908934267256370,1.3142555188749785
2025-06-09 12:01:14+00:00,15535240,67549010686,51397167228813066068914,0,55908917713676840,1.314255518894284
2025-06-09 12:01:23+00:00,15535249,67548997583,51397177228813066068914,0,55908917713676840,1.3142550082523263
2025-06-09 12:01:39+00:00,15535265,67548997584,51397177228054461388906,0,55908917713676840,1.3142550082911808
2025-06-09 12:01:56+00:00,15535282,67548997583,51397177229054461388906,0,55908917713676840,1.3142550082461537
2025-06-09 12:02:01+00:00,15535287,67548997582,51397177230054461388906,0,55908917713676840,1.3142550082011268
2025-06-09 12:02:03+00:00,15535289,67548984479,51397187230054461388906,0,55908917713676840,1.3142544975593682
2025-06-09 12:02:13+00:00,15535299,67548984478,51397187229258410094084,0,55908917712810910,1.3142544975602672
2025-06-09 12:02:21+00:00,15535307,67548994478,51397194838134787206450,0,55908925989607096,1.3142544975602672
2025-06-09 12:02:22+00:00,15535308,67548994479,51397194837376182231664,0,55908925989607096,1.3142544975991215
2025-06-09 12:02:41+00:00,15535327,67549094479,51397118976990671992306,0,55908925989607096,1.3142583830280488
2025-06-09 12:02:50+00:00,15535336,67549081376,51397128976990671992306,0,55908925989607096,1.3142578723850546
2025-06-09 12:03:05+00:00,15535351,67549081377,51397128976232068965508,0,55908925989607096,1.314257872423909
2025-06-09 12:03:17+00:00,15535363,67549068274,51397138976232068965508,0,55908925989607096,1.3142573617811135
2025-06-09 12:03:31+00:00,15535377,67549058274,51397131367363962129263,0,55908917712810910,1.314257361781326
2025-06-09 12:03:43+00:00,15535389,67549045171,51397141367363962129263,0,55908917712810910,1.3142568511386536
2025-06-09 12:03:47+00:00,15535393,67549045172,51397141366605358512991,0,55908917712810910,1.3142568511775081
2025-06-09 12:03:54+00:00,15535400,67549032069,51397151366605358512991,0,55908917712810910,1.3142563405350345
2025-06-09 12:04:05+00:00,15535411,67549032070,51397151365846754601992,0,55908917712810910,1.3142563405738887
2025-06-09 12:04:09+00:00,15535415,67549018967,51397161365846754601992,0,55908917712810910,1.3142558299316138
2025-06-09 12:04:10+00:00,15535416,67549018968,51397161365088150396267,0,55908917712810910,1.314255829970468
2025-06-09 12:04:16+00:00,15535422,67549019032,51397161413926179896315,0,55908917765782378,1.3142558299668556
2025-06-09 12:04:21+00:00,15535427,67549119032,51397085553617575442084,0,55908917765782378,1.3142597153983095
2025-06-09 12:04:22+00:00,15535428,67549118965,51397085502608264334317,0,55908917710295275,1.3142597153990776
2025-06-09 12:04:27+00:00,15535433,67549118966,51397085502608264334316,0,55908917710295275,1.314259715418534
2025-06-09 12:04:31+00:00,15535437,67549118967,51397085501849662371334,0,55908917710295275,1.3142597154573885
2025-06-09 12:04:41+00:00,15535447,67549105864,51397095501849662371334,0,55908917710295275,1.3142592048138024
2025-06-09 12:05:08+00:00,15535474,67549115864,51397103110698786937099,0,55908925987076587,1.3142592048138024
2025-06-09 12:05:14+00:00,15535480,67549115865,51397103109940184679391,0,55908925987076587,1.3142592048526567
2025-06-09 12:05:32+00:00,15535498,67549102762,51397113109940184679391,0,55908925987076587,1.314258694209345
2025-06-09 12:05:37+00:00,15535503,67549102761,51397113110940184679391,0,55908925987076587,1.3142586941643182
2025-06-09 12:05:42+00:00,15535508,67549092762,51397105502089580292675,0,55908917710295275,1.3142586941837366
2025-06-09 12:05:42+00:00,15535508,67549092761,51397105503089580292675,0,55908917710295275,1.3142586941387098
2025-06-09 12:05:48+00:00,15535514,67549092774,51397105513089580292675,0,55908917721055092,1.3142586941359355
2025-06-09 12:05:53+00:00,15535519,67549092773,51397105512293530263609,0,55908917720189162,1.3142586941368346
2025-06-09 12:05:58+00:00,15535524,67549092774,51397105511534927711134,0,55908917720189162,1.3142586941756889
2025-06-09 12:06:01+00:00,15535527,67549079671,51397115511534927711134,0,55908917720189162,1.3142581835325005
2025-06-09 12:06:16+00:00,15535542,67549089671,51397123120389964947208,0,55908925996973685,1.3142581835325005
2025-06-09 12:06:31+00:00,15535557,67549099671,51397130729245002183282,0,55908934273758208,1.3142581835325005
2025-06-09 12:06:41+00:00,15535567,67549099672,51397130728486399336081,0,55908934273758208,1.314258183571355
2025-06-09 12:06:48+00:00,15535574,67549086569,51397140728486399336081,0,55908934273758208,1.3142576729285163
2025-06-09 12:07:11+00:00,15535597,67549066570,51397125510773365315356,0,55908917720189162,1.3142576729478972
2025-06-09 12:07:25+00:00,15535611,67549066571,51397125510014762173441,0,55908917720189162,1.3142576729867514
2025-06-09 12:07:31+00:00,15535617,67549076571,51397133118872755198684,0,55908925996975290,1.3142576729867514
2025-06-09 12:07:47+00:00,15535633,67549076572,51397133118114152056791,0,55908925996975290,1.3142576730256057
2025-06-09 12:07:53+00:00,15535639,67549063470,51397143117355548620172,0,55908925996975290,1.3142571624217445
2025-06-09 12:07:53+00:00,15535639,67549063469,51397143118114152056791,0,55908925996975290,1.3142571623828903
2025-06-09 12:07:59+00:00,15535645,67549063534,51397143166193578120220,0,55908926049946731,1.314257162418131
2025-06-09 12:08:04+00:00,15535650,67549063467,51397143115184217392730,0,55908925994459628,1.314257162418898
2025-06-09 12:08:08+00:00,15535654,67549063468,51397143114425613956132,0,55908925994459628,1.3142571624577521
2025-06-09 12:08:10+00:00,15535656,67549063469,51397143114425613956131,0,55908925994459628,1.3142571624772084
2025-06-09 12:08:16+00:00,15535662,67549050366,51397153114425613956131,0,55908925994459628,1.3142566518346916
2025-06-09 12:08:42+00:00,15535688,67549060366,51397160723289518917221,0,55908934271248967,1.3142566518346916
2025-06-09 12:08:51+00:00,15535697,67549060367,51397160722530915185908,0,55908934271248967,1.314256651873546
2025-06-09 12:09:14+00:00,15535720,67549047264,51397170722530915185908,0,55908934271248967,1.3142561412313034
2025-06-09 12:09:24+00:00,15535730,67549047263,51397170723530915185908,0,55908934271248967,1.3142561411862765
2025-06-09 12:09:29+00:00,15535735,67549047276,51397170733530915185908,0,55908934282008795,1.3142561411835028
2025-06-09 12:09:34+00:00,15535740,67549047277,51397170732772311159841,0,55908934282008795,1.314256141222357
2025-06-09 12:09:35+00:00,15535741,67549047276,51397170731976260356438,0,55908934281142865,1.314256141223256
2025-06-09 12:09:45+00:00,15535751,67549057276,51397178340843121493877,0,55908942557933809,1.314256141223256
2025-06-09 12:10:18+00:00,15535784,67549057277,51397178340084517467833,0,55908942557933809,1.3142561412621103
2025-06-09 12:10:18+00:00,15535784,67549044174,51397188340084517467833,0,55908942557933809,1.3142556306201423
2025-06-09 12:10:28+00:00,15535794,67549031071,51397198340084517467833,0,55908942557933809,1.3142551199783727
2025-06-09 12:10:43+00:00,15535809,67549017968,51397208340084517467833,0,55908942557933809,1.314254609336802
2025-06-09 12:11:02+00:00,15535828,67549017969,51397208339325912557565,0,55908942557933809,1.3142546093756562
2025-06-09 12:11:21+00:00,15535847,67549027969,51397215948201642314795,0,55908950834729569,1.3142546093756562
2025-06-09 12:11:29+00:00,15535855,67549027970,51397215947443037404550,0,55908950834729569,1.3142546094145104
2025-06-09 12:11:34+00:00,15535860,67549027971,51397215946684432494327,0,55908950834729569,1.3142546094533647
2025-06-09 12:11:40+00:00,15535866,67549028035,51397215995522461994375,0,55908950887701061,1.3142546094497536
2025-06-09 12:11:45+00:00,15535871,67549027968,51397215944513051648166,0,55908950832213958,1.3142546094505192
2025-06-09 12:11:46+00:00,15535872,67549027969,51397215943754446737964,0,55908950832213958,1.3142546094893734
2025-06-09 12:11:51+00:00,15535877,67549027970,51397215943754446737963,0,55908950832213958,1.3142546095088297
2025-06-09 12:12:14+00:00,15535900,67549037970,51397223552630175724185,0,55908959109009718,1.3142546095088297
2025-06-09 12:12:29+00:00,15535915,67549037971,51397223551871570814017,0,55908959109009718,1.314254609547684
2025-06-09 12:12:29+00:00,15535915,67549024868,51397233551871570814017,0,55908959109009718,1.314254098906463
2025-06-09 12:12:49+00:00,15535935,67549011765,51397243551871570814017,0,55908959109009718,1.3142535882654407
2025-06-09 12:12:58+00:00,15535944,67548998662,51397253551871570814017,0,55908959109009718,1.3142530776246173
2025-06-09 12:12:59+00:00,15535945,67548998661,51397253552871570814017,0,55908959109009718,1.3142530775795904
2025-06-09 12:13:04+00:00,15535950,67548998660,51397253553871570814017,0,55908959109009718,1.3142530775345636
2025-06-09 12:13:10+00:00,15535956,67548998673,51397253563871570814017,0,55908959119769558,1.3142530775317904
2025-06-09 12:13:12+00:00,15535958,67548998674,51397253563112965019571,0,55908959119769558,1.3142530775706447
2025-06-09 12:13:15+00:00,15535961,67548998673,51397253562316913286922,0,55908959118903628,1.314253077571544
2025-06-09 12:13:40+00:00,15535986,67548985570,51397263562316913286922,0,55908959118903628,1.314252566930919
2025-06-09 12:13:57+00:00,15536003,67548985571,51397263561558307197749,0,55908959118903628,1.3142525669697733
2025-06-09 12:14:39+00:00,15536045,67548972468,51397273561558307197749,0,55908959118903628,1.3142520563293474
2025-06-09 12:14:41+00:00,15536047,67548972469,51397273560799700813849,0,55908959118903628,1.3142520563682014
2025-06-09 12:14:49+00:00,15536055,67548922470,51397235516403233252781,0,55908917734945697,1.3142520563862237
2025-06-09 12:14:58+00:00,15536064,67549022470,51397159655876813061045,0,55908917734945697,1.3142559418120756
2025-06-09 12:15:06+00:00,15536072,67549022471,51397159655118208919899,0,55908917734945697,1.3142559418509299
2025-06-09 12:15:07+00:00,15536073,67549009368,51397169655118208919899,0,55908917734945697,1.314255431208815
2025-06-09 12:15:18+00:00,15536084,67549009432,51397169703956238419947,0,55908917787917173,1.314255431205203
2025-06-09 12:15:23+00:00,15536089,67549009365,51397169652946843816923,0,55908917732430070,1.314255431205969
2025-06-09 12:15:25+00:00,15536091,67549009366,51397169652188239381049,0,55908917732430070,1.3142554312448234
2025-06-09 12:16:09+00:00,15536135,67549009367,51397169651429634945197,0,55908917732430070,1.3142554312836776
2025-06-09 12:16:18+00:00,15536144,67548996264,51397179651429634945197,0,55908917732430070,1.3142549206417613
2025-06-09 12:16:35+00:00,15536161,67549006264,51397187260303562628054,0,55908926009224815,1.3142549206417613
2025-06-09 12:16:38+00:00,15536164,67549006263,51397187261303562628054,0,55908926009224815,1.3142549205967344
2025-06-09 12:16:43+00:00,15536169,67549006262,51397187262303562628054,0,55908926009224815,1.3142549205517076
2025-06-09 12:16:48+00:00,15536174,67549006275,51397187272303562628054,0,55908926019984648,1.314254920548934
2025-06-09 12:16:53+00:00,15536179,67549006274,51397187271507511450845,0,55908926019118718,1.314254920549833
2025-06-09 12:17:19+00:00,15536205,67548996275,51397179662633583679056,0,55908917742323973,1.3142549205692895
2025-06-09 12:17:37+00:00,15536223,67548983173,51397189661874978653687,0,55908917742323973,1.3142544099664262
2025-06-09 12:17:37+00:00,15536223,67548983172,51397189662633583679056,0,55908917742323973,1.314254409927572
2025-06-09 12:17:47+00:00,15536233,67548970070,51397199661874978653687,0,55908917742323973,1.3142538993249073
2025-06-09 12:18:21+00:00,15536267,67548970071,51397199661116373333591,0,55908917742323973,1.3142538993637616
2025-06-09 12:18:27+00:00,15536273,67548956968,51397209661116373333591,0,55908917742323973,1.3142533887224415
2025-06-09 12:18:45+00:00,15536291,67549056968,51397133800666857377038,0,55908917742323973,1.314257274150248
2025-06-09 12:18:45+00:00,15536291,67549056969,51397133799908254004932,0,55908917742323973,1.3142572741891023
2025-06-09 12:18:50+00:00,15536296,67549056970,51397133799149650632849,0,55908917742323973,1.3142572742279566
2025-06-09 12:18:56+00:00,15536302,67549057034,51397133847987680132897,0,55908917795295411,1.3142572742243428
2025-06-09 12:19:01+00:00,15536307,67549056967,51397133796978321122052,0,55908917739808308,1.31425727422511
2025-06-09 12:19:06+00:00,15536312,67549056968,51397133796219717749990,0,55908917739808308,1.3142572742639642
2025-06-09 12:19:07+00:00,15536313,67549056969,51397133796219717749989,0,55908917739808308,1.3142572742834204
2025-06-09 12:19:15+00:00,15536321,67549043866,51397143796219717749989,0,55908917739808308,1.3142567636407894
2025-06-09 12:19:31+00:00,15536337,67549030763,51397153796219717749989,0,55908917739808308,1.3142562529983568
2025-06-09 12:19:48+00:00,15536354,67549040763,51397161405085931767159,0,55908926016598827,1.3142562529983568
2025-06-09 12:19:50+00:00,15536356,67549040764,51397161404327327805633,0,55908926016598827,1.314256253037211
2025-06-09 12:19:57+00:00,15536363,67549027661,51397171404327327805633,0,55908926016598827,1.314255742395053
2025-06-09 12:20:16+00:00,15536382,67549027660,51397171405327327805633,0,55908926016598827,1.314255742350026
2025-06-09 12:20:22+00:00,15536388,67549027659,51397171406327327805633,0,55908926016598827,1.3142557423049992
2025-06-09 12:20:28+00:00,15536394,67549027672,51397171416327327805633,0,55908926027358656,1.3142557423022254
2025-06-09 12:20:33+00:00,15536399,67549027671,51397171415531276874110,0,55908926026492726,1.3142557423031247
2025-06-09 12:20:35+00:00,15536401,67549027672,51397171414772672617805,0,55908926026492726,1.314255742341979
2025-06-09 12:20:58+00:00,15536424,67549017673,51397163805904978260224,0,55908917749702207,1.3142557423613976
2025-06-09 12:21:21+00:00,15536447,67549017674,51397163805146374003952,0,55908917749702207,1.314255742400252
2025-06-09 12:22:04+00:00,15536490,67549017675,51397163804387769747703,0,55908917749702207,1.3142557424391061
2025-06-09 12:22:30+00:00,15536516,67549017676,51397163803629165491476,0,55908917749702207,1.3142557424779604
2025-06-09 12:22:35+00:00,15536521,67549017677,51397163802870561235272,0,55908917749702207,1.3142557425168147
2025-06-09 12:22:42+00:00,15536528,67549017741,51397163851708590735320,0,55908917802673676,1.3142557425132024
2025-06-09 12:22:47+00:00,15536533,67549017674,51397163800699201953854,0,55908917747186573,1.3142557425139687
2025-06-09 12:22:48+00:00,15536534,67549017675,51397163799940597697671,0,55908917747186573,1.314255742552823
2025-06-09 12:23:05+00:00,15536551,67549004572,51397173799940597697671,0,55908917747186573,1.3142552319107879
2025-06-09 12:23:30+00:00,15536576,67549014572,51397181408812723290094,0,55908926023980302,1.3142552319107879
2025-06-09 12:23:33+00:00,15536579,67549014573,51397181408054118739184,0,55908926023980302,1.314255231949642
2025-06-09 12:23:40+00:00,15536586,67549004574,51397173799181993669304,0,55908917747186573,1.3142552319690985
2025-06-09 12:23:54+00:00,15536600,67549014574,51397181408054118924138,0,55908926023980302,1.3142552319690985
2025-06-09 12:24:01+00:00,15536607,67549014573,51397181409054118924138,0,55908926023980302,1.3142552319240715
2025-06-09 12:24:04+00:00,15536610,67549001470,51397191409054118924138,0,55908926023980302,1.3142547212823108
2025-06-09 12:24:06+00:00,15536612,67549001469,51397191410054118924138,0,55908926023980302,1.314254721237284
2025-06-09 12:24:12+00:00,15536618,67549001482,51397191420054118924138,0,55908926034740135,1.3142547212345106
2025-06-09 12:24:16+00:00,15536622,67549001483,51397191419295514078459,0,55908926034740135,1.3142547212733648
2025-06-09 12:24:17+00:00,15536623,67549001482,51397191418499462837231,0,55908926033874205,1.314254721274264
2025-06-09 12:24:38+00:00,15536644,67549011482,51397199027374544757640,0,55908934310669539,1.314254721274264
2025-06-09 12:25:00+00:00,15536666,67549011483,51397199026615939911984,0,55908934310669539,1.3142547213131182
2025-06-09 12:25:37+00:00,15536703,67548998380,51397209026615939911984,0,55908934310669539,1.3142542106716317
2025-06-09 12:25:44+00:00,15536710,67548998381,51397209025857334771602,0,55908934310669539,1.314254210710486
2025-06-09 12:26:07+00:00,15536733,67548998382,51397209025098729631242,0,55908934310669539,1.3142542107493402
2025-06-09 12:26:08+00:00,15536734,67548978383,51397193807347082659985,0,55908917757080476,1.3142542107686834
2025-06-09 12:26:13+00:00,15536739,67548978384,51397193806588477519659,0,55908917757080476,1.3142542108075377
2025-06-09 12:26:19+00:00,15536745,67548978448,51397193855426507019707,0,55908917810051976,1.3142542108039268
2025-06-09 12:26:25+00:00,15536751,67548978381,51397193804417088467623,0,55908917754564873,1.3142542108046922
2025-06-09 12:26:27+00:00,15536753,67548965278,51397203804417088467623,0,55908917754564873,1.3142537001632533
2025-06-09 12:26:27+00:00,15536753,67548965279,51397203803658483032568,0,55908917754564873,1.3142537002021075
2025-06-09 12:26:30+00:00,15536756,67548965280,51397203803658483032567,0,55908917754564873,1.314253700221564
2025-06-09 12:26:42+00:00,15536768,67548975280,51397211412539476340135,0,55908926031363417,1.314253700221564
2025-06-09 12:26:52+00:00,15536778,67548962177,51397221412539476340135,0,55908926031363417,1.3142531895803993
2025-06-09 12:27:10+00:00,15536796,67548962178,51397221411780870610365,0,55908926031363417,1.3142531896192535
2025-06-09 12:27:20+00:00,15536806,67548949075,51397231411780870610365,0,55908926031363417,1.3142526789782876
2025-06-09 12:27:39+00:00,15536825,67548949074,51397231412780870610365,0,55908926031363417,1.3142526789332607
2025-06-09 12:27:45+00:00,15536831,67548949073,51397231413780870610365,0,55908926031363417,1.3142526788882338
2025-06-09 12:27:50+00:00,15536836,67548949086,51397231423780870610365,0,55908926042123259,1.314252678885461
2025-06-09 12:27:55+00:00,15536841,67548949085,51397231422984818749644,0,55908926041257329,1.31425267888636
2025-06-09 12:28:22+00:00,15536868,67548935982,51397241422984818749644,0,55908926041257329,1.314252168245593
2025-06-09 12:28:32+00:00,15536878,67548922879,51397251422984818749644,0,55908926041257329,1.3142516576050245
2025-06-09 12:28:42+00:00,15536888,67548909776,51397261422984818749644,0,55908926041257329,1.3142511469646547
2025-06-09 12:29:04+00:00,15536910,67548919776,51397269031880594184670,0,55908934318063901,1.3142511469646547
2025-06-09 12:29:19+00:00,15536925,67548929776,51397276640776369619696,0,55908942594870473,1.3142511469646547
2025-06-09 12:29:19+00:00,15536925,67548929777,51397276640017762710897,0,55908942594870473,1.314251147003509
2025-06-09 12:29:54+00:00,15536960,67548929778,51397276639259155802120,0,55908942594870473,1.3142511470423632
2025-06-09 12:29:59+00:00,15536965,67548929779,51397276638500548893366,0,55908942594870473,1.3142511470812173
2025-06-09 12:30:06+00:00,15536972,67548929843,51397276687338578393414,0,55908942647842035,1.3142511470776095
2025-06-09 12:30:12+00:00,15536978,67548929776,51397276636329100295550,0,55908942592354932,1.3142511470783733
2025-06-09 12:30:18+00:00,15536984,67548929777,51397276636329100295549,0,55908942592354932,1.3142511470978298
2025-06-09 12:30:28+00:00,15536994,67548916674,51397286636329100295549,0,55908942592354932,1.3142506364578097
2025-06-09 12:30:46+00:00,15537012,67548916675,51397286635570493092077,0,55908942592354932,1.314250636496664
2025-06-09 12:30:51+00:00,15537017,67548926675,51397294244469223897739,0,55908950869163109,1.314250636496664
2025-06-09 12:31:09+00:00,15537035,67548913572,51397304244469223897739,0,55908950869163109,1.3142501258569184
2025-06-09 12:31:19+00:00,15537045,67548873573,51397273808880187858803,0,55908917761943244,1.3142501258759216
2025-06-09 12:31:31+00:00,15537057,67548873574,51397273808121580360615,0,55908917761943244,1.3142501259147759
2025-06-09 12:31:33+00:00,15537059,67548873573,51397273809121580360615,0,55908917761943244,1.3142501258697492
2025-06-09 12:31:37+00:00,15537063,67548973573,51397197948483727887752,0,55908917761943244,1.3142540112927064
2025-06-09 12:31:38+00:00,15537064,67548973572,51397197949483727887752,0,55908917761943244,1.3142540112476795
2025-06-09 12:31:44+00:00,15537070,67548973585,51397197959483727887752,0,55908917772703080,1.3142540112449062
2025-06-09 12:31:49+00:00,15537075,67548973584,51397197958687676427590,0,55908917771837150,1.3142540112458054
2025-06-09 12:31:51+00:00,15537077,67548960481,51397207958687676427590,0,55908917771837150,1.3142535006044465
2025-06-09 12:32:14+00:00,15537100,67548960482,51397207957929070877347,0,55908917771837150,1.3142535006433007
2025-06-09 12:32:19+00:00,15537105,67548947379,51397217957929070877347,0,55908917771837150,1.3142529900021407
2025-06-09 12:32:28+00:00,15537114,67548934276,51397227957929070877347,0,55908917771837150,1.3142524793611792
2025-06-09 12:32:57+00:00,15537143,67548934277,51397227957170464737628,0,55908917771837150,1.3142524794000334
2025-06-09 12:33:02+00:00,15537148,67548921174,51397237957170464737628,0,55908917771837150,1.3142519687592706
2025-06-09 12:33:22+00:00,15537168,67548908071,51397247957170464737628,0,55908917771837150,1.3142514581187066
2025-06-09 12:33:41+00:00,15537187,67548908072,51397247956411858008432,0,55908917771837150,1.3142514581575608
2025-06-09 12:33:43+00:00,15537189,67548908073,51397247955653251279258,0,55908917771837150,1.314251458196415
2025-06-09 12:33:49+00:00,15537195,67548908074,51397247954894644550107,0,55908917771837150,1.3142514582352693
2025-06-09 12:33:55+00:00,15537201,67548908138,51397248003732674050155,0,55908917824808705,1.3142514582316611
2025-06-09 12:33:56+00:00,15537202,67548895035,51397258003732674050155,0,55908917824808705,1.3142509475912962
2025-06-09 12:34:05+00:00,15537211,67548895036,51397258003732674050154,0,55908917824808705,1.3142509476107525
2025-06-09 12:34:10+00:00,15537216,67548905036,51397265612629603650652,0,55908926101615867,1.3142509476107525
2025-06-09 12:34:24+00:00,15537230,67548905037,51397265611870996626783,0,55908926101615867,1.3142509476496067
2025-06-09 12:34:39+00:00,15537245,67548891934,51397275611870996626783,0,55908926101615867,1.314250437009516
2025-06-09 12:34:48+00:00,15537254,67548878831,51397285611870996626783,0,55908926101615867,1.3142499263696241
2025-06-09 12:35:09+00:00,15537275,67548878832,51397285611112389013436,0,55908926101615867,1.3142499264084784
2025-06-09 12:35:19+00:00,15537285,67548878831,51397285612112389013436,0,55908926101615867,1.3142499263634517
2025-06-09 12:35:21+00:00,15537287,67548865728,51397295612112389013436,0,55908926101615867,1.3142494157237585
2025-06-09 12:35:24+00:00,15537290,67548865741,51397295622112389013436,0,55908926112375722,1.314249415720986
2025-06-09 12:35:29+00:00,15537295,67548865740,51397295621316336159397,0,55908926111509792,1.3142494157218851
2025-06-09 12:35:52+00:00,15537318,67548965740,51397219760637492796808,0,55908926111509792,1.3142533011431934
2025-06-09 12:35:54+00:00,15537320,67548965741,51397219759878887131433,0,55908926111509792,1.3142533011820476
2025-06-09 12:36:07+00:00,15537333,67548952638,51397229759878887131433,0,55908926111509792,1.3142527905410437
2025-06-09 12:36:33+00:00,15537359,67548962638,51397237368765147044383,0,55908934388311123,1.3142527905410437
2025-06-09 12:36:38+00:00,15537364,67548962639,51397237368006541084281,0,55908934388311123,1.3142527905798977
2025-06-09 12:37:05+00:00,15537391,67548942639,51397222150228661389104,0,55908917834702630,1.314252790580035
2025-06-09 12:37:14+00:00,15537400,67548929536,51397232150228661389104,0,55908917834702630,1.3142522799391538
2025-06-09 12:37:19+00:00,15537405,67548929537,51397232149470055134275,0,55908917834702630,1.314252279978008
2025-06-09 12:37:21+00:00,15537407,67548929538,51397232148711448879469,0,55908917834702630,1.3142522800168623
2025-06-09 12:37:23+00:00,15537409,67548916435,51397242148711448879469,0,55908917834702630,1.3142517693761802
2025-06-09 12:37:31+00:00,15537417,67548916499,51397242197549478379517,0,55908917887674179,1.3142517693725715
2025-06-09 12:37:36+00:00,15537422,67548916432,51397242146540011920856,0,55908917832187076,1.3142517693733358
2025-06-09 12:37:41+00:00,15537427,67548916433,51397242146540011920855,0,55908917832187076,1.3142517693927922
2025-06-09 12:37:50+00:00,15537436,67548903330,51397252146540011920855,0,55908917832187076,1.3142512587523085
2025-06-09 12:38:04+00:00,15537450,67548903331,51397252145781405076581,0,55908917832187076,1.3142512587911628
2025-06-09 12:38:10+00:00,15537456,67548890228,51397262145781405076581,0,55908917832187076,1.3142507481508778
2025-06-09 12:38:25+00:00,15537471,67548877125,51397272145781405076581,0,55908917832187076,1.3142502375107914
2025-06-09 12:38:45+00:00,15537491,67548887125,51397279754682445825214,0,55908926108996434,1.3142502375107914
2025-06-09 12:38:47+00:00,15537493,67548887126,51397279753923838391463,0,55908926108996434,1.3142502375496457
2025-06-09 12:38:48+00:00,15537494,67548887125,51397279754923838391463,0,55908926108996434,1.314250237504619
2025-06-09 12:38:53+00:00,15537499,67548887124,51397279755923838391463,0,55908926108996434,1.3142502374595924
2025-06-09 12:38:59+00:00,15537505,67548887137,51397279765923838391463,0,55908926119756286,1.3142502374568197
2025-06-09 12:39:04+00:00,15537510,67548887136,51397279765127785783113,0,55908926118890356,1.3142502374577187
2025-06-09 12:39:05+00:00,15537511,67548897136,51397287374028826839012,0,55908934395699714,1.3142502374577187
2025-06-09 12:39:17+00:00,15537523,67548884033,51397297374028826839012,0,55908934395699714,1.3142497268179827
2025-06-09 12:39:30+00:00,15537536,67548884034,51397297373270219110480,0,55908934395699714,1.3142497268568367
2025-06-09 12:39:31+00:00,15537537,67548894034,51397304982174216310484,0,55908942672510677,1.3142497268568367
2025-06-09 12:39:45+00:00,15537551,67548904034,51397312591078213510488,0,55908950949321640,1.3142497268568367
2025-06-09 12:40:14+00:00,15537580,67548904035,51397312590319605781979,0,55908950949321640,1.314249726895691
2025-06-09 12:40:15+00:00,15537581,67548890932,51397322590319605781979,0,55908950949321640,1.3142492162563046
2025-06-09 12:40:57+00:00,15537623,67548900933,51397330198467950878175,0,55908959226134208,1.3142492162951587
2025-06-09 12:40:57+00:00,15537623,67548890933,51397322589560997758742,0,55908959226134208,1.3142492162951587
2025-06-09 12:40:58+00:00,15537624,67548900934,51397330197709342854961,0,55908959226134208,1.314249216334013
2025-06-09 12:41:09+00:00,15537635,67548900998,51397330246547372355009,0,55908959279105808,1.314249216330407
2025-06-09 12:41:14+00:00,15537640,67548900931,51397330195537856275876,0,55908959223618705,1.3142492163311699
2025-06-09 12:41:20+00:00,15537646,67548900932,51397330195537856275875,0,55908959223618705,1.314249216350626
2025-06-09 12:41:31+00:00,15537657,67548910932,51397337804444809074177,0,55908967500431273,1.314249216350626
2025-06-09 12:41:43+00:00,15537669,67548910933,51397337803686201050995,0,55908967500431273,1.3142492163894803
2025-06-09 12:41:57+00:00,15537683,67548850934,51397292150253341721289,0,55908917839565495,1.31424921640871
2025-06-09 12:42:17+00:00,15537703,67548837831,51397302150253341721289,0,55908917839565495,1.31424870576922
2025-06-09 12:42:26+00:00,15537712,67548837832,51397302149494733403390,0,55908917839565495,1.314248705808074
2025-06-09 12:42:26+00:00,15537712,67548824729,51397312149494733403390,0,55908917839565495,1.3142481951687828
2025-06-09 12:42:29+00:00,15537715,67548824728,51397312150494733403390,0,55908917839565495,1.3142481951237561
2025-06-09 12:42:34+00:00,15537720,67548824727,51397312151494733403390,0,55908917839565495,1.3142481950787295
2025-06-09 12:42:39+00:00,15537725,67548924727,51397236290745432474704,0,55908917850325339,1.314252080498788
2025-06-09 12:42:39+00:00,15537725,67548924740,51397236300745432474704,0,55908917850325339,1.3142520804960152
2025-06-09 12:42:44+00:00,15537730,67548924739,51397236299949380421809,0,55908917849459409,1.3142520804969142
2025-06-09 12:42:53+00:00,15537739,67548934739,51397243908839751148126,0,55908926126262935,1.3142520804969142
2025-06-09 12:43:10+00:00,15537756,67548934740,51397243908081144778176,0,55908926126262935,1.3142520805357685
2025-06-09 12:43:48+00:00,15537794,67548944740,51397251516971515279545,0,55908934403066461,1.3142520805357685
2025-06-09 12:43:54+00:00,15537800,67548944741,51397251516212908909618,0,55908934403066461,1.3142520805746227
2025-06-09 12:44:34+00:00,15537840,67548944742,51397251515454302539713,0,55908934403066461,1.314252080613477
2025-06-09 12:44:39+00:00,15537845,67548944743,51397251514695696169831,0,55908934403066461,1.3142520806523312
2025-06-09 12:44:45+00:00,15537851,67548944807,51397251563533725669879,0,55908934456038003,1.3142520806487223
2025-06-09 12:44:50+00:00,15537856,67548944740,51397251512524265032328,0,55908934400550900,1.3142520806494868
2025-06-09 12:44:55+00:00,15537861,67548944741,51397251512524265032327,0,55908934400550900,1.314252080668943
2025-06-09 12:45:17+00:00,15537883,67548924741,51397236294743525452432,0,55908917846943848,1.314252080668943
2025-06-09 12:45:22+00:00,15537888,67548924742,51397236293984919082582,0,55908917846943848,1.3142520807077973
2025-06-09 12:45:26+00:00,15537892,67548911639,51397246293984919082582,0,55908917846943848,1.314251570067195
2025-06-09 12:45:47+00:00,15537913,67548921639,51397253902878244953762,0,55908926123748979,1.314251570067195
2025-06-09 12:46:05+00:00,15537931,67548921638,51397253903878244953762,0,55908926123748979,1.3142515700221682
2025-06-09 12:46:06+00:00,15537932,67548921639,51397253903119638289158,0,55908926123748979,1.3142515700610224
2025-06-09 12:46:11+00:00,15537937,67548921638,51397253904119638289158,0,55908926123748979,1.3142515700159958
2025-06-09 12:46:16+00:00,15537942,67548921651,51397253914119638289158,0,55908926134508825,1.314251570013223
2025-06-09 12:46:17+00:00,15537943,67548911652,51397246305226312521607,0,55908917857703694,1.3142515700326791
2025-06-09 12:46:26+00:00,15537952,67548898549,51397256305226312521607,0,55908917857703694,1.3142510593922756
2025-06-09 12:46:47+00:00,15537973,67548908549,51397263914122594959539,0,55908926134510430,1.3142510593922756
2025-06-09 12:46:49+00:00,15537975,67548908550,51397263913363988000192,0,55908926134510430,1.3142510594311299
2025-06-09 12:47:11+00:00,15537997,67548895447,51397273913363988000192,0,55908926134510430,1.3142505487910006
2025-06-09 12:47:32+00:00,15538018,67548895448,51397273912605380746117,0,55908926134510430,1.3142505488298548
2025-06-09 12:47:51+00:00,15538037,67548905448,51397281521504619101784,0,55908934411318772,1.3142505488298548
2025-06-09 12:48:01+00:00,15538047,67548885449,51397266303707619015464,0,55908917857703694,1.3142505488492733
2025-06-09 12:48:11+00:00,15538057,67548885450,51397266302949011761423,0,55908917857703694,1.3142505488881275
2025-06-09 12:48:17+00:00,15538063,67548885451,51397266302190404507404,0,55908917857703694,1.3142505489269818
2025-06-09 12:48:23+00:00,15538069,67548885515,51397266351028434007452,0,55908917910675267,1.3142505489233745
2025-06-09 12:48:27+00:00,15538073,67548895515,51397273959927671821684,0,55908926187483608,1.3142505489233745
2025-06-09 12:48:29+00:00,15538075,67548895448,51397273908918181412760,0,55908926131996505,1.314250548924138
2025-06-09 12:48:34+00:00,15538080,67548895449,51397273908918181412759,0,55908926131996505,1.3142505489435943
2025-06-09 12:48:54+00:00,15538100,67548885450,51397266300018944291882,0,55908917855188164,1.3142505489630507
2025-06-09 12:48:58+00:00,15538104,67548885451,51397266299260337037907,0,55908917855188164,1.3142505490019047
2025-06-09 12:49:22+00:00,15538128,67548872348,51397276299260337037907,0,55908917855188164,1.3142500383618987
2025-06-09 12:49:41+00:00,15538147,67548872349,51397276298501729489204,0,55908917855188164,1.3142500384007527
2025-06-09 12:49:43+00:00,15538149,67548872348,51397276299501729489204,0,55908917855188164,1.314250038355726
2025-06-09 12:49:48+00:00,15538154,67548882347,51397283909403923514416,0,55908926131998111,1.3142500383106994
2025-06-09 12:49:48+00:00,15538154,67548872347,51397276300501729489204,0,55908926131998111,1.3142500383106994
2025-06-09 12:49:53+00:00,15538159,67548882360,51397283919403923514416,0,55908926142757963,1.314250038307927
2025-06-09 12:49:58+00:00,15538164,67548882359,51397283918607870842063,0,55908926141892033,1.314250038308826
2025-06-09 12:50:24+00:00,15538190,67548882360,51397283917849263293329,0,55908926141892033,1.3142500383476803
2025-06-09 12:50:37+00:00,15538203,67548872360,51397276308947069386129,0,55908917865082086,1.3142500383476803
2025-06-09 12:50:55+00:00,15538221,67548859257,51397286308947069386129,0,55908917865082086,1.3142495277078727
2025-06-09 12:51:10+00:00,15538236,67548859258,51397286308188461542668,0,55908917865082086,1.314249527746727
2025-06-09 12:51:22+00:00,15538248,67548846155,51397296308188461542668,0,55908917865082086,1.3142490171071182
2025-06-09 12:51:31+00:00,15538257,67548833052,51397306308188461542668,0,55908917865082086,1.314248506467708
2025-06-09 12:51:55+00:00,15538281,67548833053,51397306307429853109728,0,55908917865082086,1.3142485065065623
2025-06-09 12:51:56+00:00,15538282,67548833054,51397306306671244676811,0,55908917865082086,1.3142485065454166
2025-06-09 12:52:05+00:00,15538291,67548819951,51397316306671244676811,0,55908917865082086,1.3142479959062052
2025-06-09 12:52:06+00:00,15538292,67548820015,51397316355509274176859,0,55908917918053710,1.3142479959026003
2025-06-09 12:52:12+00:00,15538298,67548819948,51397316304499734147454,0,55908917862566607,1.3142479959033626
2025-06-09 12:52:17+00:00,15538303,67548819949,51397316304499734147453,0,55908917862566607,1.3142479959228188
2025-06-09 12:52:32+00:00,15538318,67548829949,51397323913413752675858,0,55908926139382975,1.3142479959228188
2025-06-09 12:52:40+00:00,15538326,67548829950,51397323912655143948222,0,55908926139382975,1.314247995961673
2025-06-09 12:53:25+00:00,15538371,67548829951,51397323911896535220609,0,55908926139382975,1.3142479960005273
2025-06-09 12:53:26+00:00,15538372,67548829950,51397323912896535220609,0,55908926139382975,1.3142479959555007
2025-06-09 12:53:31+00:00,15538377,67548829949,51397323913896535220609,0,55908926139382975,1.314247995910474
2025-06-09 12:53:36+00:00,15538382,67548829962,51397323923896535220609,0,55908926150142836,1.3142479959077018
2025-06-09 12:53:41+00:00,15538387,67548829961,51397323923100481928763,0,55908926149276906,1.3142479959086009
2025-06-09 12:53:48+00:00,15538394,67548816858,51397333923100481928763,0,55908926149276906,1.314247485269664
2025-06-09 12:53:57+00:00,15538403,67548803755,51397343923100481928763,0,55908926149276906,1.3142469746309255
2025-06-09 12:54:10+00:00,15538416,67548803756,51397343922341872611618,0,55908926149276906,1.3142469746697798
2025-06-09 12:54:31+00:00,15538437,67548813756,51397351531261803747559,0,55908934426096485,1.3142469746697798
2025-06-09 12:54:55+00:00,15538461,67548813757,51397351530503194430436,0,55908934426096485,1.314246974708634
2025-06-09 12:55:12+00:00,15538478,67548800654,51397361530503194430436,0,55908934426096485,1.3142464640701699
2025-06-09 12:55:26+00:00,15538492,67548810654,51397369139426081717795,0,55908942702917669,1.3142464640701699
2025-06-09 12:55:33+00:00,15538499,67548810655,51397369138667472105944,0,55908942702917669,1.3142464641090241
2025-06-09 12:55:40+00:00,15538506,67548810656,51397369137908862494116,0,55908942702917669,1.3142464641478782
2025-06-09 12:55:49+00:00,15538515,67548810589,51397369086899292693482,0,55908942647430566,1.3142464641486398
2025-06-09 12:55:50+00:00,15538516,67548797486,51397379086899292693482,0,55908942647430566,1.3142459535104496
2025-06-09 12:56:13+00:00,15538539,67548767487,51397356260132095341367,0,55908917816973435,1.3142459535296416
2025-06-09 12:56:26+00:00,15538552,67548767488,51397356259373485434822,0,55908917816973435,1.3142459535684958
2025-06-09 12:56:29+00:00,15538555,67548867488,51397280398494800412744,0,55908917816973435,1.3142498389852202
2025-06-09 12:56:39+00:00,15538565,67548854385,51397290398494800412744,0,55908917816973435,1.3142493283454921
2025-06-09 12:57:01+00:00,15538587,67548854384,51397290399494800412744,0,55908917816973435,1.3142493283004655
2025-06-09 12:57:06+00:00,15538592,67548854383,51397290400494800412744,0,55908917816973435,1.3142493282554386
2025-06-09 12:57:11+00:00,15538597,67548854384,51397290399736192454155,0,55908917816973435,1.3142493282942929
2025-06-09 12:57:12+00:00,15538598,67548854397,51397290409736192454155,0,55908917827733290,1.3142493282915204
2025-06-09 12:57:13+00:00,15538599,67548841294,51397300409736192454155,0,55908917827733290,1.3142488176519913
2025-06-09 12:57:38+00:00,15538624,67548851294,51397308018645453537444,0,55908926104547037,1.3142488176519913
2025-06-09 12:57:55+00:00,15538641,67548851295,51397308017886845284126,0,55908926104547037,1.3142488176908456
2025-06-09 12:58:05+00:00,15538651,67548838192,51397318017886845284126,0,55908926104547037,1.3142483070515907
2025-06-09 12:58:15+00:00,15538661,67548825089,51397328017886845284126,0,55908926104547037,1.3142477964125343
2025-06-09 12:58:25+00:00,15538671,67548811986,51397338017886845284126,0,55908926104547037,1.3142472857736769
2025-06-09 12:58:39+00:00,15538685,67548798883,51397348017886845284126,0,55908926104547037,1.314246775135018
2025-06-09 12:58:40+00:00,15538686,67548798884,51397348017128235851828,0,55908926104547037,1.3142467751738722
2025-06-09 12:58:49+00:00,15538695,67548785781,51397358017128235851828,0,55908926104547037,1.314246264535412
2025-06-09 12:59:07+00:00,15538713,67548785782,51397358016369626124802,0,55908926104547037,1.3142462645742663
2025-06-09 12:59:13+00:00,15538719,67548785783,51397358015611016397798,0,55908926104547037,1.3142462646131203
2025-06-09 12:59:14+00:00,15538720,67548775784,51397350406694354546698,0,55908917827733290,1.314246264632388
2025-06-09 12:59:19+00:00,15538725,67548775848,51397350455532384046746,0,55908917880704949,1.3142462646287847
2025-06-09 12:59:24+00:00,15538730,67548775781,51397350404522810140515,0,55908917825217846,1.3142462646295463
2025-06-09 12:59:25+00:00,15538731,67548775782,51397350403764200413543,0,55908917825217846,1.3142462646684003
2025-06-09 12:59:30+00:00,15538736,67548762680,51397360403764200413542,0,55908917825217846,1.3142457540495196
2025-06-09 12:59:30+00:00,15538736,67548762679,51397360403764200413543,0,55908917825217846,1.3142457540300634
2025-06-09 12:59:54+00:00,15538760,67548749577,51397370403764200413542,0,55908917825217846,1.3142452434113812
2025-06-09 13:00:08+00:00,15538774,67548749578,51397370403005590097102,0,55908917825217846,1.3142452434502352
2025-06-09 13:00:10+00:00,15538776,67548736475,51397380403005590097102,0,55908917825217846,1.3142447328122957
2025-06-09 13:00:35+00:00,15538801,67548746475,51397388011938500637615,0,55908926102044437,1.3142447328122957
2025-06-09 13:00:41+00:00,15538807,67548746474,51397388012938500637615,0,55908926102044437,1.314244732767269
2025-06-09 13:00:46+00:00,15538812,67548746473,51397388013938500637615,0,55908926102044437,1.3142447327222426
2025-06-09 13:00:51+00:00,15538817,67548746474,51397388013179890026394,0,55908926102044437,1.3142447327610967
2025-06-09 13:00:52+00:00,15538818,67548746487,51397388023179890026394,0,55908926112804311,1.3142447327583253
2025-06-09 13:00:57+00:00,15538823,67548746486,51397388022383835741232,0,55908926111938381,1.3142447327592244
2025-06-09 13:01:05+00:00,15538831,67548736487,51397380413450925102244,0,55908917835111790,1.3142447327786806
2025-06-09 13:01:26+00:00,15538852,67548746487,51397388022383835837374,0,55908926111938381,1.3142447327786806
2025-06-09 13:01:35+00:00,15538861,67548746488,51397388021625225226185,0,55908926111938381,1.3142447328175346
2025-06-09 13:01:51+00:00,15538877,67548846488,51397312160676076010868,0,55908926111938381,1.314248618231858
2025-06-09 13:02:08+00:00,15538894,67548833385,51397322160676076010868,0,55908926111938381,1.314248107592683
2025-06-09 13:02:19+00:00,15538905,67548833386,51397322159917467347690,0,55908926111938381,1.314248107631537
2025-06-09 13:02:41+00:00,15538927,67548823386,51397314550994307069707,0,55908917835111790,1.3142481076317873
2025-06-09 13:02:51+00:00,15538937,67548810284,51397324550235698111801,0,55908917835111790,1.3142475970315897
2025-06-09 13:02:51+00:00,15538937,67548810283,51397324550994307069707,0,55908917835111790,1.3142475969927356
2025-06-09 13:02:56+00:00,15538942,67548810285,51397324549477089153918,0,55908917835111790,1.314247597070444
2025-06-09 13:03:02+00:00,15538948,67548810286,51397324548718480196057,0,55908917835111790,1.3142475971092982
2025-06-09 13:03:03+00:00,15538949,67548810350,51397324597556509696105,0,55908917888083422,1.3142475971056935
2025-06-09 13:03:13+00:00,15538959,67548810351,51397324597556509696104,0,55908917888083422,1.3142475971251497
2025-06-09 13:03:28+00:00,15538974,67548797248,51397334597556509696104,0,55908917888083422,1.3142470864862972
2025-06-09 13:03:46+00:00,15538992,67548797249,51397334596797900443524,0,55908917888083422,1.3142470865251512
2025-06-09 13:04:01+00:00,15539007,67548784146,51397344596797900443524,0,55908917888083422,1.3142465758864972
2025-06-09 13:04:21+00:00,15539027,67548771042,51397354597797900443524,0,55908917888083422,1.3142460652030152
2025-06-09 13:04:21+00:00,15539027,67548784145,51397344597797900443524,0,55908917888083422,1.3142465758414708
2025-06-09 13:04:26+00:00,15539032,67548771041,51397354598797900443524,0,55908917888083422,1.3142460651579888
2025-06-09 13:04:31+00:00,15539037,67548757938,51397364598797900443524,0,55908917888083422,1.3142455545197322
2025-06-09 13:04:32+00:00,15539038,67548757951,51397364608797900443524,0,55908917898843293,1.3142455545169605
2025-06-09 13:04:37+00:00,15539043,67548757950,51397364608001846404056,0,55908917897977363,1.3142455545178597
2025-06-09 13:04:53+00:00,15539059,67548767950,51397372216929999612511,0,55908926174801333,1.3142455545178597
2025-06-09 13:05:13+00:00,15539079,67548767951,51397372216171389475648,0,55908926174801333,1.3142455545567138
2025-06-09 13:05:14+00:00,15539080,67548757952,51397364607243236862440,0,55908917897977363,1.31424555457617
2025-06-09 13:05:29+00:00,15539095,67548767952,51397372216171389733302,0,55908926174801333,1.31424555457617
2025-06-09 13:05:50+00:00,15539116,67548777952,51397379825099542604164,0,55908934451625303,1.31424555457617
2025-06-09 13:05:56+00:00,15539122,67548777953,51397379824340932467334,0,55908934451625303,1.314245554615024
2025-06-09 13:06:01+00:00,15539127,67548757954,51397364606484627465528,0,55908917897977363,1.3142455546344805
2025-06-09 13:06:28+00:00,15539154,67548757955,51397364605726017328732,0,55908917897977363,1.3142455546733345
2025-06-09 13:06:29+00:00,15539155,67548744852,51397374605726017328732,0,55908917897977363,1.3142450440352766
2025-06-09 13:06:40+00:00,15539166,67548744917,51397374653805436397255,0,55908917950949046,1.3142450440705287
2025-06-09 13:06:40+00:00,15539166,67548744853,51397374604967406897207,0,55908917950949046,1.3142450440741307
2025-06-09 13:06:45+00:00,15539171,67548744850,51397374602795838539408,0,55908917895461943,1.3142450440712896
2025-06-09 13:06:50+00:00,15539176,67548744851,51397374602795838539407,0,55908917895461943,1.3142450440907458
2025-06-09 13:06:57+00:00,15539183,67548754851,51397382211726946906988,0,55908926172287518,1.3142450440907458
2025-06-09 13:07:07+00:00,15539193,67548741748,51397392211726946906988,0,55908926172287518,1.3142445334529622
2025-06-09 13:07:16+00:00,15539202,67548728645,51397402211726946906988,0,55908926172287518,1.3142440228153773
2025-06-09 13:07:23+00:00,15539209,67548728646,51397402210968335885993,0,55908926172287518,1.3142440228542316
2025-06-09 13:07:40+00:00,15539226,67548715543,51397412210968335885993,0,55908926172287518,1.3142435122168454
2025-06-09 13:07:54+00:00,15539240,67548725543,51397419819908313175404,0,55908934449117909,1.3142435122168454
2025-06-09 13:07:59+00:00,15539245,67548725542,51397419820908313175404,0,55908934449117909,1.3142435121718188
2025-06-09 13:08:03+00:00,15539249,67548712439,51397429820908313175404,0,55908934449117909,1.314243001534707
2025-06-09 13:08:05+00:00,15539251,67548712438,51397429821908313175404,0,55908934449117909,1.3142430014896807
2025-06-09 13:08:10+00:00,15539256,67548712451,51397429831908313175404,0,55908934459877790,1.3142430014869095
2025-06-09 13:08:12+00:00,15539258,67548699348,51397439831908313175404,0,55908934459877790,1.3142424908499963
2025-06-09 13:08:16+00:00,15539262,67548699347,51397439831112258206666,0,55908934459011860,1.3142424908508954
2025-06-09 13:08:40+00:00,15539286,67548686245,51397449831112258206666,0,55908934459011860,1.3142419802336374
2025-06-09 13:08:49+00:00,15539295,67548686246,51397449830353646006645,0,55908934459011860,1.3142419802724914
2025-06-09 13:08:56+00:00,15539302,67548666247,51397434612469237117184,0,55908917905355894,1.3142419802916079
2025-06-09 13:09:32+00:00,15539338,67548653146,51397444611710624622456,0,55908917905355894,1.3142414697132514
2025-06-09 13:09:32+00:00,15539338,67548653145,51397444612469237117184,0,55908917905355894,1.3142414696743971
2025-06-09 13:10:08+00:00,15539374,67548653147,51397444610952012127750,0,55908917905355894,1.3142414697521054
2025-06-09 13:10:14+00:00,15539380,67548653148,51397444610193399633067,0,55908917905355894,1.3142414697909595
2025-06-09 13:10:16+00:00,15539382,67548653149,51397444609434787138406,0,55908917905355894,1.3142414698298135
2025-06-09 13:10:26+00:00,15539392,67548653082,51397444558425119811125,0,55908917849868791,1.3142414698305727
2025-06-09 13:10:31+00:00,15539397,67548653083,51397444558425119811124,0,55908917849868791,1.3142414698500289
2025-06-09 13:10:58+00:00,15539424,67548653084,51397444557666507316497,0,55908917849868791,1.314241469888883
2025-06-09 13:11:03+00:00,15539429,67548663084,51397452166618308879632,0,55908926126705603,1.314241469888883
2025-06-09 13:11:18+00:00,15539444,67548673084,51397459775570110442767,0,55908934403542415,1.314241469888883
2025-06-09 13:11:42+00:00,15539468,67548673083,51397459776570110442767,0,55908934403542415,1.3142414698438567
2025-06-09 13:11:42+00:00,15539468,67548673084,51397459775811497948137,0,55908934403542415,1.3142414698827107
2025-06-09 13:11:47+00:00,15539473,67548673083,51397459776811497948137,0,55908934403542415,1.3142414698376843
2025-06-09 13:11:52+00:00,15539478,67548673096,51397459786811497948137,0,55908934414302302,1.3142414698349134
2025-06-09 13:11:57+00:00,15539483,67548683096,51397467395763299823735,0,55908942691139114,1.3142414698349134
2025-06-09 13:11:58+00:00,15539484,67548683095,51397467394967244545282,0,55908942690273184,1.3142414698358125
2025-06-09 13:12:06+00:00,15539492,67548669993,51397477394967244545282,0,55908942690273184,1.3142409592190267
2025-06-09 13:12:26+00:00,15539512,67548669994,51397477394208631755907,0,55908942690273184,1.314240959257881
2025-06-09 13:12:32+00:00,15539518,67548769994,51397401533041664302352,0,55908942690273184,1.314244844665448
2025-06-09 13:12:48+00:00,15539534,67548739994,51397378706215512007654,0,55908917859762748,1.3142448446661987
2025-06-09 13:13:09+00:00,15539555,67548739995,51397378705456901461049,0,55908917859762748,1.314244844705053
2025-06-09 13:13:27+00:00,15539573,67548749995,51397386314389164188875,0,55908926136588912,1.314244844705053
2025-06-09 13:13:47+00:00,15539593,67548759995,51397393923321426916701,0,55908934413415076,1.314244844705053
2025-06-09 13:13:49+00:00,15539595,67548759996,51397393922562816370119,0,55908934413415076,1.314244844743907
2025-06-09 13:13:54+00:00,15539600,67548759997,51397393921804205823559,0,55908934413415076,1.314244844782761
2025-06-09 13:13:56+00:00,15539602,67548746894,51397403921804205823559,0,55908934413415076,1.3142443341451326
2025-06-09 13:14:05+00:00,15539611,67548746827,51397403870794593938389,0,55908934357927973,1.3142443341458934
2025-06-09 13:14:10+00:00,15539616,67548756827,51397411479729812593025,0,55908942634755743,1.3142443341458934
2025-06-09 13:14:11+00:00,15539617,67548756828,51397411479729812593024,0,55908942634755743,1.3142443341653496
2025-06-09 13:14:19+00:00,15539625,67548743725,51397421479729812593024,0,55908942634755743,1.314243823527995
2025-06-09 13:14:36+00:00,15539642,67548743726,51397421478971201456996,0,55908942634755743,1.314243823566849
2025-06-09 13:14:56+00:00,15539662,67548753726,51397429087909376155863,0,55908950911585118,1.314243823566849
2025-06-09 13:15:05+00:00,15539671,67548740623,51397439087909376155863,0,55908950911585118,1.3142433129297686
2025-06-09 13:15:19+00:00,15539685,67548740622,51397439088909376155863,0,55908950911585118,1.3142433128847422
2025-06-09 13:15:20+00:00,15539686,67548740623,51397439088150764725080,0,55908950911585118,1.3142433129235962
2025-06-09 13:15:21+00:00,15539687,67548700624,51397408652399525141858,0,55908917804275645,1.3142433129427127
2025-06-09 13:15:30+00:00,15539696,67548700637,51397408662399525141858,0,55908917815035525,1.3142433129399416
2025-06-09 13:15:30+00:00,15539696,67548687534,51397418662399525141858,0,55908917815035525,1.3142428023027575
2025-06-09 13:15:36+00:00,15539702,67548687533,51397418661603470264002,0,55908917814169595,1.3142428023036565
2025-06-09 13:15:48+00:00,15539714,67548674431,51397428661603470264002,0,55908917814169595,1.3142422916861276
2025-06-09 13:15:57+00:00,15539723,67548661329,51397438661603470264002,0,55908917814169595,1.3142417810687972
2025-06-09 13:16:04+00:00,15539730,67548661330,51397438660844857949019,0,55908917814169595,1.3142417811076512
2025-06-09 13:16:40+00:00,15539766,67548761330,51397362799725329636742,0,55908917814169595,1.3142456665181463
2025-06-09 13:16:47+00:00,15539773,67548761331,51397362798966719564528,0,55908917814169595,1.3142456665570006
2025-06-09 13:16:51+00:00,15539777,67548748228,51397372798966719564528,0,55908917814169595,1.314245155918903
2025-06-09 13:17:06+00:00,15539792,67548758228,51397380407897180493737,0,55908926090994744,1.314245155918903
2025-06-09 13:17:30+00:00,15539816,67548758229,51397380407138570126794,0,55908926090994744,1.314245155957757
2025-06-09 13:17:31+00:00,15539817,67548758230,51397380406379959759873,0,55908926090994744,1.3142451559966113
2025-06-09 13:17:42+00:00,15539828,67548758294,51397380455217989259921,0,55908926143966424,1.314245155993009
2025-06-09 13:17:47+00:00,15539833,67548758227,51397380404208393119491,0,55908926088479321,1.31424515599377
2025-06-09 13:17:52+00:00,15539838,67548758228,51397380404208393119490,0,55908926088479321,1.3142451560132262
2025-06-09 13:18:14+00:00,15539860,67548758229,51397380403449782752602,0,55908926088479321,1.3142451560520805
2025-06-09 13:18:32+00:00,15539878,67548745126,51397390403449782752602,0,55908926088479321,1.3142446454142571
2025-06-09 13:18:43+00:00,15539889,67548735127,51397382794517842063717,0,55908917811654172,1.3142446454336756
2025-06-09 13:18:57+00:00,15539903,67548735128,51397382793759231402111,0,55908917811654172,1.3142446454725296
2025-06-09 13:19:02+00:00,15539908,67548735127,51397382794759231402111,0,55908917811654172,1.3142446454275032
2025-06-09 13:19:04+00:00,15539910,67548745127,51397390403692647864429,0,55908926088480926,1.3142446454275032
2025-06-09 13:19:07+00:00,15539913,67548745126,51397390404692647864429,0,55908926088480926,1.3142446453824768
2025-06-09 13:19:13+00:00,15539919,67548745139,51397390414692647864429,0,55908926099240800,1.3142446453797052
2025-06-09 13:19:18+00:00,15539924,67548755139,51397398023626064603477,0,55908934376067554,1.3142446453797052
2025-06-09 13:19:19+00:00,15539925,67548755138,51397398022830010281082,0,55908934375201624,1.3142446453806043
2025-06-09 13:19:29+00:00,15539935,67548735139,51397382804963177532601,0,55908917821548116,1.3142446454000605
2025-06-09 13:19:38+00:00,15539944,67548722036,51397392804963177532601,0,55908917821548116,1.3142441347623603
2025-06-09 13:19:40+00:00,15539946,67548722037,51397392804204566576224,0,55908917821548116,1.3142441348012146
2025-06-09 13:19:53+00:00,15539959,67548732037,51397400413140939354898,0,55908926098376475,1.3142441348012146
2025-06-09 13:20:11+00:00,15539977,67548718934,51397410413140939354898,0,55908926098376475,1.3142436241637887
2025-06-09 13:20:22+00:00,15539988,67548708935,51397402804203086781834,0,55908917821548116,1.3142436241832072
2025-06-09 13:20:24+00:00,15539990,67548708936,51397402803444475530739,0,55908917821548116,1.3142436242220612
2025-06-09 13:20:32+00:00,15539998,67548695833,51397412803444475530739,0,55908917821548116,1.3142431135847585
2025-06-09 13:21:08+00:00,15540034,67548695834,51397412802685863984915,0,55908917821548116,1.3142431136236126
2025-06-09 13:21:09+00:00,15540035,67548695835,51397412801927252439114,0,55908917821548116,1.3142431136624668
2025-06-09 13:21:14+00:00,15540040,67548695836,51397412801168640893335,0,55908917821548116,1.3142431137013209
2025-06-09 13:21:16+00:00,15540042,67548705836,51397420410110925427635,0,55908926098379686,1.3142431137013209
2025-06-09 13:21:26+00:00,15540052,67548705769,51397420359101289592173,0,55908926042892583,1.314243113702081
2025-06-09 13:21:31+00:00,15540057,67548705770,51397420359101289592172,0,55908926042892583,1.3142431137215371
2025-06-09 13:21:36+00:00,15540062,67548715770,51397427968043574009428,0,55908934319724152,1.3142431137215371
2025-06-09 13:21:52+00:00,15540078,67548715771,51397427967284962463683,0,55908934319724152,1.3142431137603912
2025-06-09 13:22:35+00:00,15540121,67548715772,51397427966526350917961,0,55908934319724152,1.3142431137992452
2025-06-09 13:22:43+00:00,15540129,67548715771,51397427967526350917961,0,55908942596555721,1.3142431137542188
2025-06-09 13:22:43+00:00,15540129,67548725771,51397435576468635146003,0,55908942596555721,1.3142431137542188
2025-06-09 13:22:48+00:00,15540134,67548725784,51397435586468635146003,0,55908942607315602,1.3142431137514476
2025-06-09 13:22:53+00:00,15540139,67548725783,51397435585672580359026,0,55908942606449672,1.3142431137523467
2025-06-09 13:23:18+00:00,15540164,67548725784,51397435584913968813299,0,55908942606449672,1.3142431137912007
2025-06-09 13:23:45+00:00,15540191,67548712681,51397445584913968813299,0,55908942606449672,1.314242603154323
2025-06-09 13:24:02+00:00,15540208,67548712682,51397445584155356972843,0,55908942606449672,1.314242603193177
2025-06-09 13:24:28+00:00,15540234,67548682683,51397422757324065141866,0,55908917775954964,1.31424260321252
2025-06-09 13:24:42+00:00,15540248,67548682684,51397422756565453301444,0,55908917775954964,1.314242603251374
2025-06-09 13:24:47+00:00,15540253,67548682685,51397422755806841461044,0,55908917775954964,1.3142426032902281
2025-06-09 13:24:53+00:00,15540259,67548682749,51397422804644870961092,0,55908917828926696,1.3142426032866286
2025-06-09 13:24:59+00:00,15540265,67548669580,51397432753635215279806,0,55908917773439593,1.3142420926699387
2025-06-09 13:24:59+00:00,15540265,67548669647,51397432804644870961092,0,55908917773439593,1.3142420926691794
2025-06-09 13:25:04+00:00,15540270,67548669581,51397432753635215279805,0,55908917773439593,1.314242092689395
2025-06-09 13:25:25+00:00,15540291,67548656479,51397442753635215279805,0,55908917773439593,1.314241582072144
2025-06-09 13:25:49+00:00,15540315,67548643377,51397452753635215279805,0,55908917773439593,1.3142410714550918
2025-06-09 13:26:12+00:00,15540338,67548643378,51397452752876602555215,0,55908917773439593,1.3142410714939459
2025-06-09 13:26:18+00:00,15540344,67548653378,51397460361830710672255,0,55908926050277583,1.3142410714939459
2025-06-09 13:26:21+00:00,15540347,67548653377,51397460362830710672255,0,55908926050277583,1.3142410714489194
2025-06-09 13:26:27+00:00,15540353,67548653390,51397460372830710672255,0,55908926061037472,1.3142410714461485
2025-06-09 13:26:32+00:00,15540358,67548653389,51397460372034655265789,0,55908926060171542,1.3142410714470476
2025-06-09 13:26:33+00:00,15540359,67548663389,51397467980988763654351,0,55908934337009532,1.3142410714470476
2025-06-09 13:26:48+00:00,15540374,67548673389,51397475589942872042913,0,55908942613847522,1.3142410714470476
2025-06-09 13:26:55+00:00,15540381,67548673390,51397475589184259318318,0,55908942613847522,1.3142410714859016
2025-06-09 13:26:58+00:00,15540384,67548660288,51397485589184259318318,0,55908942613847522,1.314240560869275
2025-06-09 13:27:38+00:00,15540424,67548660289,51397485588425646299005,0,55908942613847522,1.3142405609081291
2025-06-09 13:28:13+00:00,15540459,67548647187,51397495588425646299005,0,55908942613847522,1.3142400502917009
2025-06-09 13:28:21+00:00,15540467,67548647188,51397495587667032984974,0,55908942613847522,1.314240050330555
2025-06-09 13:28:23+00:00,15540469,67548634086,51397505587667032984974,0,55908942613847522,1.3142395397143256
2025-06-09 13:28:23+00:00,15540469,67548634087,51397505586908419376224,0,55908942613847522,1.3142395397531796
2025-06-09 13:28:28+00:00,15540474,67548634088,51397505586149805767496,0,55908942613847522,1.3142395397920337
2025-06-09 13:28:34+00:00,15540480,67548604089,51397482759274160940865,0,55908917783333552,1.3142395398111502
2025-06-09 13:28:35+00:00,15540481,67548604153,51397482808112190440913,0,55908917836305345,1.3142395398075533
2025-06-09 13:28:40+00:00,15540486,67548604086,51397482757102485140152,0,55908917780818242,1.3142395398083115
2025-06-09 13:28:46+00:00,15540492,67548604087,51397482757102485140151,0,55908917780818242,1.3142395398277678
2025-06-09 13:29:05+00:00,15540511,67548604088,51397482756343871531466,0,55908917780818242,1.3142395398666218
2025-06-09 13:29:38+00:00,15540544,67548590986,51397492756343871531466,0,55908917780818242,1.3142390292503643
2025-06-09 13:29:47+00:00,15540553,67548577884,51397502756343871531466,0,55908917780818242,1.3142385186343055
2025-06-09 13:29:48+00:00,15540554,67548577885,51397502755585257333321,0,55908917780818242,1.3142385186731596
2025-06-09 13:29:55+00:00,15540561,67548577884,51397502756585257333321,0,55908917780818242,1.3142385186281331
2025-06-09 13:30:00+00:00,15540566,67548577883,51397502757585257333321,0,55908917780818242,1.314238518583107
2025-06-09 13:30:05+00:00,15540571,67548577896,51397502767585257333321,0,55908917791578141,1.3142385185803367
2025-06-09 13:30:11+00:00,15540577,67548577895,51397502766789201152491,0,55908917790712211,1.3142385185812357
2025-06-09 13:30:17+00:00,15540583,67548564793,51397512766789201152491,0,55908917790712211,1.3142380079653755
2025-06-09 13:30:33+00:00,15540599,67548564794,51397512766030586659574,0,55908917790712211,1.3142380080042295
2025-06-09 13:30:42+00:00,15540608,67548551692,51397522766030586659574,0,55908917790712211,1.3142374973885682
2025-06-09 13:31:00+00:00,15540626,67548561692,51397530375005387538652,0,55908926067561438,1.3142374973885682
2025-06-09 13:31:18+00:00,15540644,67548561693,51397530374246772751016,0,55908926067561438,1.3142374974274222
2025-06-09 13:31:22+00:00,15540648,67548551694,51397522765271972667750,0,55908917790712211,1.3142374974468785
2025-06-09 13:32:02+00:00,15540688,67548551695,51397522764513357880148,0,55908917790712211,1.3142374974857325
2025-06-09 13:32:04+00:00,15540690,67548551696,51397522763754743092568,0,55908917790712211,1.3142374975245865
2025-06-09 13:32:07+00:00,15540693,67548561696,51397530372729543184149,0,55908926067561438,1.3142374975245865
2025-06-09 13:32:10+00:00,15540696,67548561697,51397530371970928396592,0,55908926067561438,1.3142374975634405
2025-06-09 13:32:17+00:00,15540703,67548561761,51397530420808957896640,0,55908926120533273,1.3142374975598456
2025-06-09 13:32:22+00:00,15540708,67548561694,51397530369799212900704,0,55908926065046170,1.3142374975606028
2025-06-09 13:32:24+00:00,15540710,67548548592,51397540369799212900704,0,55908926065046170,1.3142369869452155
2025-06-09 13:32:28+00:00,15540714,67548548593,51397540369799212900703,0,55908926065046170,1.3142369869646717
2025-06-09 13:32:33+00:00,15540719,67548535491,51397550369799212900703,0,55908926065046170,1.3142364763494834
2025-06-09 13:32:43+00:00,15540729,67548522389,51397560369799212900703,0,55908926065046170,1.3142359657344935
2025-06-09 13:32:45+00:00,15540731,67548522390,51397560369040597228952,0,55908926065046170,1.3142359657733476
2025-06-09 13:32:57+00:00,15540743,67548532390,51397567978024265634048,0,55908934341900213,1.3142359657733476
2025-06-09 13:33:11+00:00,15540757,67548542390,51397575587007934039144,0,55908942618754256,1.3142359657733476
2025-06-09 13:33:21+00:00,15540767,67548512391,51397552760061356545695,0,55908917788196943,1.3142359657926905
2025-06-09 13:33:29+00:00,15540775,67548512392,51397552759302740873978,0,55908917788196943,1.3142359658315443
2025-06-09 13:33:30+00:00,15540776,67548612392,51397476897847539940621,0,55908917788196943,1.3142398512334144
2025-06-09 13:33:37+00:00,15540783,67548612391,51397476898847539940621,0,55908917788196943,1.314239851188388
2025-06-09 13:33:40+00:00,15540786,67548599289,51397486898847539940621,0,55908917788196943,1.3142393405720116
2025-06-09 13:33:43+00:00,15540789,67548599288,51397486899847539940621,0,55908917788196943,1.3142393405269854
2025-06-09 13:33:48+00:00,15540794,67548599301,51397486909847539940621,0,55908917798956839,1.314239340524215
2025-06-09 13:33:53+00:00,15540799,67548599300,51397486909051484005504,0,55908917798090909,1.314239340525114
2025-06-09 13:34:12+00:00,15540818,67548609300,51397494518015613784503,0,55908926074934304,1.314239340525114
2025-06-09 13:34:12+00:00,15540818,67548609301,51397494517257000060776,0,55908926074934304,1.314239340563968
2025-06-09 13:34:21+00:00,15540827,67548596199,51397504517257000060776,0,55908926074934304,1.314238829947866
2025-06-09 13:34:47+00:00,15540853,67548586200,51397496908291390294480,0,55908917798090909,1.3142388299672845
2025-06-09 13:34:56+00:00,15540862,67548586201,51397496907532776276045,0,55908917798090909,1.3142388300061385
2025-06-09 13:35:41+00:00,15540907,67548586202,51397496906774162257633,0,55908917798090909,1.3142388300449925
2025-06-09 13:35:48+00:00,15540914,67548586203,51397496906015548239243,0,55908917798090909,1.3142388300838466
2025-06-09 13:35:53+00:00,15540919,67548586204,51397496905256934220875,0,55908917798090909,1.3142388301227006
2025-06-09 13:35:59+00:00,15540925,67548573166,51397506954094963720923,0,55908917851062717,1.314238319503126
2025-06-09 13:35:59+00:00,15540925,67548586268,51397496954094963720923,0,55908917851062717,1.3142388301191044
2025-06-09 13:36:05+00:00,15540931,67548573099,51397506903085234469817,0,55908917795575614,1.3142383195038836
2025-06-09 13:36:10+00:00,15540936,67548573100,51397506903085234469816,0,55908917795575614,1.3142383195233398
2025-06-09 13:36:25+00:00,15540951,67548573101,51397506902326620156739,0,55908917795575614,1.3142383195621938
2025-06-09 13:36:37+00:00,15540963,67548559999,51397516902326620156739,0,55908917795575614,1.3142378089464137
2025-06-09 13:36:57+00:00,15540983,67548546897,51397526902326620156739,0,55908917795575614,1.3142372983308321
2025-06-09 13:37:09+00:00,15540995,67548546898,51397526901568005254201,0,55908917795575614,1.3142372983696862
2025-06-09 13:37:17+00:00,15541003,67548556898,51397534510543958383075,0,55908926072425429,1.3142372983696862
2025-06-09 13:37:19+00:00,15541005,67548556897,51397534511543958383075,0,55908926072425429,1.31423729832466
2025-06-09 13:37:24+00:00,15541010,67548556896,51397534512543958383075,0,55908926072425429,1.3142372982796338
2025-06-09 13:37:29+00:00,15541015,67548556909,51397534522543958383075,0,55908926083185333,1.3142372982768635
2025-06-09 13:37:34+00:00,15541020,67548556908,51397534521747901828477,0,55908926082319403,1.3142372982777626
2025-06-09 13:37:37+00:00,15541023,67548566908,51397542130723855489556,0,55908934359169219,1.3142372982777626
2025-06-09 13:37:52+00:00,15541038,67548566909,51397542129965240586988,0,55908934359169219,1.3142372983166166
2025-06-09 13:38:00+00:00,15541046,67548576909,51397549738941194023116,0,55908942636019034,1.3142372983166166
2025-06-09 13:38:26+00:00,15541072,67548586909,51397557347917147459244,0,55908950912868849,1.3142372983166166
2025-06-09 13:38:35+00:00,15541081,67548586910,51397557347158532556698,0,55908950912868849,1.3142372983554707
2025-06-09 13:38:44+00:00,15541090,67548546911,51397526911254722012357,0,55908917805469588,1.3142372983749269
2025-06-09 13:39:00+00:00,15541106,67548533809,51397536911254722012357,0,55908917805469588,1.314236787759544
2025-06-09 13:39:12+00:00,15541118,67548520707,51397546911254722012357,0,55908917805469588,1.3142362771443599
2025-06-09 13:39:19+00:00,15541125,67548520708,51397546910496106520361,0,55908917805469588,1.314236277183214
2025-06-09 13:39:26+00:00,15541132,67548520709,51397546909737491028388,0,55908917805469588,1.314236277222068
2025-06-09 13:39:32+00:00,15541138,67548520710,51397546908978875536437,0,55908917805469588,1.314236277260922
2025-06-09 13:39:38+00:00,15541144,67548520774,51397546957816905036485,0,55908917858441447,1.3142362772573282
2025-06-09 13:39:43+00:00,15541149,67548520707,51397546906807136090204,0,55908917802954344,1.3142362772580847
2025-06-09 13:39:48+00:00,15541154,67548520708,51397546906807136090203,0,55908917802954344,1.3142362772775409
2025-06-09 13:39:53+00:00,15541159,67548530708,51397554515789000991346,0,55908926079807370,1.3142362772775409
2025-06-09 13:40:03+00:00,15541169,67548530709,51397554515030385499427,0,55908926079807370,1.314236277316395
2025-06-09 13:40:07+00:00,15541173,67548540709,51397562124012250175619,0,55908934356660395,1.314236277316395
2025-06-09 13:40:17+00:00,15541183,67548520710,51397546906048521672675,0,55908917802954344,1.3142362773358511
2025-06-09 13:40:32+00:00,15541198,67548530710,51397554515030386236222,0,55908926079807369,1.3142362773358511
2025-06-09 13:40:46+00:00,15541212,67548530711,51397554514271770744337,0,55908926079807369,1.3142362773747052
2025-06-09 13:40:58+00:00,15541224,67548530710,51397554515271770744337,0,55908934356660394,1.314236277329679
2025-06-09 13:40:58+00:00,15541224,67548540710,51397562124253635343619,0,55908934356660394,1.314236277329679
2025-06-09 13:41:04+00:00,15541230,67548540709,51397562125253635343619,0,55908934356660394,1.3142362772846528
2025-06-09 13:41:09+00:00,15541235,67548540722,51397562135253635343619,0,55908934367420302,1.314236277281883
2025-06-09 13:41:14+00:00,15541240,67548540721,51397562134457578479303,0,55908934366554372,1.3142362772827818
2025-06-09 13:41:19+00:00,15541245,67548527619,51397572134457578479303,0,55908934366554372,1.3142357666679476
2025-06-09 13:41:30+00:00,15541256,67548527620,51397572133698962692645,0,55908934366554372,1.3142357667068016
2025-06-09 13:41:34+00:00,15541260,67548514518,51397582133698962692645,0,55908934366554372,1.3142352560921662
2025-06-09 13:41:45+00:00,15541271,67548494519,51397566915729313266471,0,55908917812848322,1.3142352561114714
2025-06-09 13:41:55+00:00,15541281,67548481417,51397576915729313266471,0,55908917812848322,1.3142347454968832
2025-06-09 13:42:10+00:00,15541296,67548468315,51397586915729313266471,0,55908917812848322,1.314234234882494
2025-06-09 13:42:14+00:00,15541300,67548468316,51397586914970696595620,0,55908917812848322,1.314234234921348
2025-06-09 13:42:31+00:00,15541317,67548455214,51397596914970696595620,0,55908917812848322,1.3142337243071573
2025-06-09 13:42:40+00:00,15541326,67548442112,51397606914970696595620,0,55908917812848322,1.3142332136931654
2025-06-09 13:42:57+00:00,15541343,67548442113,51397606914212079335307,0,55908917812848322,1.3142332137320194
2025-06-09 13:43:06+00:00,15541352,67548442114,51397606913453462075016,0,55908917812848322,1.3142332137708732
2025-06-09 13:43:12+00:00,15541358,67548442115,51397606912694844814748,0,55908917812848322,1.3142332138097272
2025-06-09 13:43:18+00:00,15541364,67548442179,51397606961532874314796,0,55908917865820243,1.3142332138061363
2025-06-09 13:43:23+00:00,15541369,67548442112,51397606910523045824240,0,55908917810333140,1.3142332138068915
2025-06-09 13:43:29+00:00,15541375,67548442113,51397606910523045824239,0,55908917810333140,1.3142332138263477
2025-06-09 13:43:30+00:00,15541376,67548542113,51397531048908991071296,0,55908917810333140,1.314237099224124
2025-06-09 13:43:40+00:00,15541386,67548542114,51397531048150376053828,0,55908917810333140,1.314237099262978
2025-06-09 13:43:44+00:00,15541390,67548529012,51397541048150376053828,0,55908917810333140,1.314236588647675
2025-06-09 13:44:24+00:00,15541430,67548515910,51397551048150376053828,0,55908917810333140,1.3142360780325708
2025-06-09 13:44:25+00:00,15541431,67548515911,51397551047391760446899,0,55908917810333140,1.3142360780714248
2025-06-09 13:44:38+00:00,15541444,67548515910,51397551048391760446899,0,55908917810333140,1.3142360780263986
2025-06-09 13:44:44+00:00,15541450,67548515909,51397551049391760446899,0,55908917810333140,1.3142360779813724
2025-06-09 13:44:49+00:00,15541455,67548515922,51397551059391760446899,0,55908917821093049,1.3142360779786026
2025-06-09 13:44:50+00:00,15541456,67548525922,51397558668374779221408,0,55908926097946664,1.3142360779786026
2025-06-09 13:45:05+00:00,15541471,67548512820,51397568668374779221408,0,55908926097946664,1.314235567363773
2025-06-09 13:45:10+00:00,15541476,67548512821,51397568667616163319706,0,55908926097946664,1.3142355674026267
2025-06-09 13:45:14+00:00,15541480,67548499719,51397578667616163319706,0,55908926097946664,1.3142350567879957
2025-06-09 13:45:33+00:00,15541499,67548489720,51397571058630184014167,0,55908917821093049,1.3142350568073764
2025-06-09 13:45:51+00:00,15541517,67548476618,51397581058630184014167,0,55908917821093049,1.3142345461928682
2025-06-09 13:45:54+00:00,15541520,67548476619,51397581057871567523014,0,55908917821093049,1.3142345462317222
2025-06-09 13:46:15+00:00,15541541,67548486619,51397588666863454604962,0,55908926097951480,1.3142345462317222
2025-06-09 13:46:39+00:00,15541565,67548486620,51397588666104838113832,0,55908926097951480,1.3142345462705762
2025-06-09 13:46:48+00:00,15541574,67548486621,51397588665346221622724,0,55908926097951480,1.31423454630943
2025-06-09 13:46:53+00:00,15541579,67548486622,51397588664587605131638,0,55908926097951480,1.314234546348284
2025-06-09 13:46:59+00:00,15541585,67548486686,51397588713425634631686,0,55908926150923373,1.314234546344692
2025-06-09 13:47:03+00:00,15541589,67548496686,51397596322417521059575,0,55908934427781803,1.314234546344692
2025-06-09 13:47:04+00:00,15541590,67548496619,51397596271407718238557,0,55908934372294700,1.3142345463454477
2025-06-09 13:47:09+00:00,15541595,67548496620,51397596271407718238556,0,55908934372294700,1.3142345463649039
2025-06-09 13:47:23+00:00,15541609,67548496621,51397596270649101747503,0,55908934372294700,1.314234546403758
2025-06-09 13:47:27+00:00,15541613,67548476621,51397581052665329516395,0,55908917818577839,1.314234546403758
2025-06-09 13:47:41+00:00,15541627,67548486621,51397588661657215602312,0,55908926095436269,1.314234546403758
2025-06-09 13:48:02+00:00,15541648,67548473519,51397598661657215602312,0,55908926095436269,1.314234035789524
2025-06-09 13:48:07+00:00,15541653,67548473520,51397598660898598816539,0,55908926095436269,1.314234035828378
2025-06-09 13:48:11+00:00,15541657,67548463521,51397591051905232854880,0,55908917818577839,1.3142340358477964
2025-06-09 13:48:18+00:00,15541664,67548463520,51397591052905232854880,0,55908917818577839,1.3142340358027702
2025-06-09 13:48:24+00:00,15541670,67548463519,51397591053905232854880,0,55908917818577839,1.3142340357577442
2025-06-09 13:48:26+00:00,15541672,67548450417,51397601053905232854880,0,55908917818577839,1.3142335251436335
2025-06-09 13:48:29+00:00,15541675,67548450430,51397601063905232854880,0,55908917829337759,1.3142335251408641
2025-06-09 13:48:35+00:00,15541681,67548450429,51397601063109175152152,0,55908917828471829,1.3142335251417632
2025-06-09 13:48:52+00:00,15541698,67548450430,51397601062350558071617,0,55908917828471829,1.314233525180617
2025-06-09 13:49:02+00:00,15541708,67548437328,51397611062350558071617,0,55908917828471829,1.314233014566705
2025-06-09 13:49:16+00:00,15541722,67548447328,51397618671351313007713,0,55908926105335075,1.314233014566705
2025-06-09 13:49:35+00:00,15541741,67548447329,51397618670592695632458,0,55908926105335075,1.314233014605559
2025-06-09 13:49:55+00:00,15541761,67548434227,51397628670592695632458,0,55908926105335075,1.3142325039919212
2025-06-09 13:50:18+00:00,15541784,67548534227,51397552808937667027507,0,55908926105335075,1.3142363893880527
2025-06-09 13:50:20+00:00,15541786,67548534228,51397552808179051600302,0,55908926105335075,1.3142363894269067
2025-06-09 13:50:28+00:00,15541794,67548534229,51397552807420436173119,0,55908926105335075,1.3142363894657605
2025-06-09 13:50:34+00:00,15541800,67548521127,51397562807420436173119,0,55908926105335075,1.314235878850812
2025-06-09 13:50:34+00:00,15541800,67548521128,51397562806661820451216,0,55908926105335075,1.314235878889666
2025-06-09 13:50:40+00:00,15541806,67548521192,51397562855499849951264,0,55908926158306941,1.3142358788860724
2025-06-09 13:50:45+00:00,15541811,67548521125,51397562804490072799815,0,55908926102819838,1.314235878886829
2025-06-09 13:50:50+00:00,15541816,67548521126,51397562804490072799814,0,55908926102819838,1.3142358789062851
2025-06-09 13:50:58+00:00,15541824,67548531126,51397570413474244135981,0,55908934379674041,1.3142358789062851
2025-06-09 13:51:04+00:00,15541830,67548531127,51397570412715628414110,0,55908934379674041,1.3142358789451392
2025-06-09 13:51:18+00:00,15541844,67548518025,51397580412715628414110,0,55908934379674041,1.3142353683304646
2025-06-09 13:51:47+00:00,15541873,67548504923,51397590412715628414110,0,55908934379674041,1.314234857715989
2025-06-09 13:51:47+00:00,15541873,67548504924,51397590411957012102778,0,55908934379674041,1.3142348577548428
2025-06-09 13:51:57+00:00,15541883,67548491822,51397600411957012102778,0,55908934379674041,1.3142343471405658
2025-06-09 13:51:59+00:00,15541885,67548491821,51397600412957012102778,0,55908934379674041,1.3142343470955398
2025-06-09 13:52:04+00:00,15541890,67548491820,51397600413957012102778,0,55908934379674041,1.3142343470505136
2025-06-09 13:52:09+00:00,15541895,67548491833,51397600423957012102778,0,55908934390433957,1.3142343470477442
2025-06-09 13:52:15+00:00,15541901,67548491832,51397600423160954645766,0,55908934389568027,1.314234347048643
2025-06-09 13:52:21+00:00,15541907,67548471833,51397585205175417071956,0,55908917835850578,1.3142343470680853
2025-06-09 13:52:31+00:00,15541917,67548471834,51397585204416800465862,0,55908917835850578,1.3142343471069393
2025-06-09 13:53:15+00:00,15541961,67548471835,51397585203658183859791,0,55908917835850578,1.3142343471457933
2025-06-09 13:53:33+00:00,15541979,67548481835,51397592812651223584889,0,55908926112709597,1.3142343471457933
2025-06-09 13:53:58+00:00,15542004,67548481836,51397592811892606978840,0,55908926112709597,1.3142343471846474
2025-06-09 13:54:06+00:00,15542012,67548481837,51397592811133990372814,0,55908926112709597,1.3142343472235012
2025-06-09 13:54:11+00:00,15542017,67548481838,51397592810375373766810,0,55908926112709597,1.3142343472623552
2025-06-09 13:54:18+00:00,15542024,67548481902,51397592859213403266858,0,55908926165681494,1.3142343472587632
2025-06-09 13:54:23+00:00,15542029,67548481835,51397592808203596344796,0,55908926110194391,1.314234347259519
2025-06-09 13:54:29+00:00,15542035,67548468734,51397602808203596344795,0,55908926110194391,1.3142338366648212
2025-06-09 13:54:29+00:00,15542035,67548481836,51397592808203596344795,0,55908926110194391,1.314234347278975
2025-06-09 13:54:41+00:00,15542047,67548468735,51397602807444979444081,0,55908926110194391,1.3142338367036752
2025-06-09 13:54:45+00:00,15542051,67548455633,51397612807444979444081,0,55908926110194391,1.3142333260897199
2025-06-09 13:55:24+00:00,15542090,67548455634,51397612806686362248647,0,55908926110194391,1.314233326128574
2025-06-09 13:55:25+00:00,15542091,67548445635,51397605197690362654178,0,55908917833335372,1.3142333261479544
2025-06-09 13:55:37+00:00,15542103,67548445634,51397605198690362654178,0,55908917833335372,1.3142333261029284
2025-06-09 13:55:42+00:00,15542108,67548445633,51397605199690362654178,0,55908917833335372,1.3142333260579022
2025-06-09 13:55:47+00:00,15542113,67548445646,51397605209690362654178,0,55908917844095292,1.314233326055133
2025-06-09 13:55:52+00:00,15542118,67548445645,51397605208894304887449,0,55908917843229362,1.314233326056032
2025-06-09 13:56:07+00:00,15542133,67548445646,51397605208135687691995,0,55908917843229362,1.314233326094886
2025-06-09 13:56:50+00:00,15542176,67548445647,51397605207377070496564,0,55908917843229362,1.31423332613374
2025-06-09 13:57:01+00:00,15542187,67548432545,51397615207377070496564,0,55908917843229362,1.314232815519908
2025-06-09 13:57:11+00:00,15542197,67548419443,51397625207377070496564,0,55908917843229362,1.3142323049062745
2025-06-09 13:57:34+00:00,15542220,67548419444,51397625206618452711670,0,55908917843229362,1.3142323049451283
2025-06-09 13:57:43+00:00,15542229,67548419445,51397625205859834926798,0,55908917843229362,1.3142323049839824
2025-06-09 13:57:48+00:00,15542234,67548419446,51397625205101217141948,0,55908917843229362,1.3142323050228362
2025-06-09 13:57:54+00:00,15542240,67548419510,51397625253939246641996,0,55908917896201300,1.3142323050192464
2025-06-09 13:57:59+00:00,15542245,67548419443,51397625202929400024763,0,55908917840714197,1.3142323050200009
2025-06-09 13:58:04+00:00,15542250,67548419444,51397625202929400024762,0,55908917840714197,1.314232305039457
2025-06-09 13:58:18+00:00,15542264,67548419445,51397625202170782239945,0,55908917840714197,1.3142323050783111
2025-06-09 13:59:02+00:00,15542308,67548419446,51397625201412164455150,0,55908917840714197,1.314232305117165
2025-06-09 13:59:12+00:00,15542318,67548419445,51397625202412164455150,0,55908917840714197,1.314232305072139
2025-06-09 13:59:17+00:00,15542323,67548419444,51397625203412164455150,0,55908917840714197,1.314232305027113
2025-06-09 13:59:23+00:00,15542329,67548419457,51397625213412164455150,0,55908917851474122,1.3142323050243438
2025-06-09 13:59:29+00:00,15542335,67548419456,51397625212616106378704,0,55908917850608192,1.3142323050252427
2025-06-09 13:59:45+00:00,15542351,67548419457,51397625211857488593878,0,55908917850608192,1.3142323050640967
2025-06-09 14:00:30+00:00,15542396,67548419458,51397625211098870809075,0,55908917850608192,1.3142323051029507
2025-06-09 14:01:14+00:00,15542440,67548419459,51397625210340253024294,0,55908917850608192,1.3142323051418046
2025-06-09 14:01:28+00:00,15542454,67548419460,51397625209581635239536,0,55908917850608192,1.3142323051806586
2025-06-09 14:01:33+00:00,15542459,67548419461,51397625208823017454800,0,55908917850608192,1.3142323052195124
2025-06-09 14:01:40+00:00,15542466,67548419525,51397625257661046954848,0,55908917903580130,1.3142323052159226
2025-06-09 14:01:45+00:00,15542471,67548419458,51397625206651200340654,0,55908917848093027,1.314232305216677
2025-06-09 14:01:50+00:00,15542476,67548419459,51397625206651200340653,0,55908917848093027,1.3142323052361333
2025-06-09 14:01:58+00:00,15542484,67548419460,51397625205892582555949,0,55908917848093027,1.3142323052749874
2025-06-09 14:02:41+00:00,15542527,67548419461,51397625205133964771267,0,55908917848093027,1.3142323053138412
2025-06-09 14:02:59+00:00,15542545,67548419460,51397625206133964771267,0,55908917848093027,1.3142323052688152
2025-06-09 14:03:04+00:00,15542550,67548419459,51397625207133964771267,0,55908917848093027,1.314232305223789
2025-06-09 14:03:09+00:00,15542555,67548419472,51397625217133964771267,0,55908917858852952,1.31423230522102
2025-06-09 14:03:15+00:00,15542561,67548419471,51397625216337906694868,0,55908917857987022,1.314232305221919
2025-06-09 14:03:24+00:00,15542570,67548419472,51397625215579288910156,0,55908917857987022,1.314232305260773
2025-06-09 14:04:08+00:00,15542614,67548419473,51397625214820671125466,0,55908917857987022,1.3142323052996268
2025-06-09 14:04:51+00:00,15542657,67548419474,51397625214062053340799,0,55908917857987022,1.3142323053384808
2025-06-09 14:05:06+00:00,15542672,67548419475,51397625213303435556154,0,55908917857987022,1.3142323053773348
2025-06-09 14:05:11+00:00,15542677,67548419476,51397625212544817771532,0,55908917857987022,1.3142323054161886
2025-06-09 14:05:18+00:00,15542684,67548419540,51397625261382847271580,0,55908917910958960,1.3142323054125986
2025-06-09 14:05:24+00:00,15542690,67548419473,51397625210373000660424,0,55908917855471857,1.3142323054133533
2025-06-09 14:05:29+00:00,15542695,67548419474,51397625210373000660423,0,55908917855471857,1.3142323054328096
2025-06-09 14:05:34+00:00,15542700,67548419475,51397625209614382875833,0,55908917855471857,1.3142323054716634
2025-06-09 14:06:17+00:00,15542743,67548419476,51397625208855765091265,0,55908917855471857,1.3142323055105174
2025-06-09 14:06:36+00:00,15542762,67548419475,51397625209855765091265,0,55908917855471857,1.3142323054654914
2025-06-09 14:06:41+00:00,15542767,67548419474,51397625210855765091265,0,55908917855471857,1.3142323054204652
2025-06-09 14:06:46+00:00,15542772,67548419487,51397625220855765091265,0,55908917866231782,1.3142323054176963
2025-06-09 14:06:51+00:00,15542777,67548419486,51397625220059707014914,0,55908917865365852,1.3142323054185951
2025-06-09 14:07:01+00:00,15542787,67548419487,51397625219301089230315,0,55908917865365852,1.3142323054574492
2025-06-09 14:07:44+00:00,15542830,67548419488,51397625218542471445739,0,55908917865365852,1.314232305496303
2025-06-09 14:08:27+00:00,15542873,67548419489,51397625217783853661185,0,55908917865365852,1.314232305535157
2025-06-09 14:08:42+00:00,15542888,67548419490,51397625217025235876654,0,55908917865365852,1.3142323055740108
2025-06-09 14:08:47+00:00,15542893,67548419491,51397625216266618092145,0,55908917865365852,1.3142323056128649
2025-06-09 14:08:53+00:00,15542899,67548419555,51397625265104647592193,0,55908917918337790,1.3142323056092748
2025-06-09 14:08:58+00:00,15542904,67548419488,51397625214094800984076,0,55908917862850687,1.3142323056100296
2025-06-09 14:09:04+00:00,15542910,67548419489,51397625214094800984075,0,55908917862850687,1.3142323056294858
2025-06-09 14:09:10+00:00,15542916,67548419490,51397625213336183199598,0,55908917862850687,1.3142323056683396
2025-06-09 14:09:53+00:00,15542959,67548419491,51397625212577565415144,0,55908917862850687,1.3142323057071936
2025-06-09 14:10:13+00:00,15542979,67548419490,51397625213577565415144,0,55908917862850687,1.3142323056621676
2025-06-09 14:10:18+00:00,15542984,67548419489,51397625214577565415144,0,55908917862850687,1.3142323056171414
2025-06-09 14:10:24+00:00,15542990,67548419502,51397625224577565415144,0,55908917873610612,1.3142323056143723
2025-06-09 14:10:29+00:00,15542995,67548419501,51397625223781507338840,0,55908917872744682,1.3142323056152714
2025-06-09 14:10:38+00:00,15543004,67548419502,51397625223022889554355,0,55908917872744682,1.3142323056541254
2025-06-09 14:11:23+00:00,15543049,67548419503,51397625222264271769892,0,55908917872744682,1.3142323056929792
2025-06-09 14:12:07+00:00,15543093,67548419504,51397625221505653985452,0,55908917872744682,1.3142323057318333
2025-06-09 14:12:24+00:00,15543110,67548419505,51397625220747036201034,0,55908917872744682,1.314232305770687
2025-06-09 14:12:29+00:00,15543115,67548419506,51397625219988418416639,0,55908917872744682,1.314232305809541
2025-06-09 14:12:35+00:00,15543121,67548419570,51397625268826447916687,0,55908917925716620,1.314232305805951
2025-06-09 14:12:41+00:00,15543127,67548419503,51397625217816601311608,0,55908917870229517,1.3142323058067058
2025-06-09 14:12:46+00:00,15543132,67548419504,51397625217816601311607,0,55908917870229517,1.314232305826162
2025-06-09 14:12:50+00:00,15543136,67548419505,51397625217057983527244,0,55908917870229517,1.3142323058650158
2025-06-09 14:13:34+00:00,15543180,67548419506,51397625216299365742903,0,55908917870229517,1.3142323059038699
2025-06-09 14:13:59+00:00,15543205,67548419505,51397625217299365742903,0,55908917870229517,1.3142323058588437
2025-06-09 14:14:05+00:00,15543211,67548419504,51397625218299365742903,0,55908917870229517,1.3142323058138177
2025-06-09 14:14:10+00:00,15543216,67548419517,51397625228299365742903,0,55908917880989442,1.3142323058110486
2025-06-09 14:14:16+00:00,15543222,67548419516,51397625227503307666647,0,55908917880123512,1.3142323058119476
2025-06-09 14:14:17+00:00,15543223,67548419517,51397625226744689882275,0,55908917880123512,1.3142323058508016
2025-06-09 14:15:01+00:00,15543267,67548419518,51397625225986072097926,0,55908917880123512,1.3142323058896554
2025-06-09 14:15:46+00:00,15543312,67548419519,51397625225227454313599,0,55908917880123512,1.3142323059285095
2025-06-09 14:16:09+00:00,15543335,67548419520,51397625224468836529295,0,55908917880123512,1.3142323059673633
2025-06-09 14:16:14+00:00,15543340,67548419521,51397625223710218745013,0,55908917880123512,1.3142323060062173
2025-06-09 14:16:21+00:00,15543347,67548419585,51397625272548248245061,0,55908917933095450,1.3142323060026273
2025-06-09 14:16:26+00:00,15543352,67548419518,51397625221538401643021,0,55908917877608347,1.314232306003382
2025-06-09 14:16:32+00:00,15543358,67548419519,51397625221538401643020,0,55908917877608347,1.314232306022838
2025-06-09 14:16:32+00:00,15543358,67548419520,51397625220779783858770,0,55908917877608347,1.314232306061692
2025-06-09 14:17:18+00:00,15543404,67548419521,51397625220021166074543,0,55908917877608347,1.314232306100546
2025-06-09 14:17:41+00:00,15543427,67548419520,51397625221021166074543,0,55908917877608347,1.3142323060555199
2025-06-09 14:17:46+00:00,15543432,67548419519,51397625222021166074543,0,55908917877608347,1.314232306010494
2025-06-09 14:17:51+00:00,15543437,67548419532,51397625232021166074543,0,55908917888368272,1.3142323060077248
2025-06-09 14:17:56+00:00,15543442,67548419531,51397625231225107998334,0,55908917887502342,1.3142323060086238
2025-06-09 14:18:03+00:00,15543449,67548419532,51397625230466490214076,0,55908917887502342,1.3142323060474776
2025-06-09 14:18:46+00:00,15543492,67548419533,51397625229707872429840,0,55908917887502342,1.3142323060863317
2025-06-09 14:19:30+00:00,15543536,67548419534,51397625228949254645627,0,55908917887502342,1.3142323061251857
2025-06-09 14:19:51+00:00,15543557,67548419535,51397625228190636861436,0,55908917887502342,1.3142323061640395
2025-06-09 14:19:57+00:00,15543563,67548419536,51397625227432019077268,0,55908917887502342,1.3142323062028936
2025-06-09 14:20:04+00:00,15543570,67548419600,51397625276270048577316,0,55908917940474280,1.3142323061993035
2025-06-09 14:20:10+00:00,15543576,67548419533,51397625225260201978314,0,55908917884987177,1.3142323062000583
2025-06-09 14:20:16+00:00,15543582,67548419534,51397625225260201978313,0,55908917884987177,1.3142323062195143
2025-06-09 14:20:57+00:00,15543623,67548419535,51397625224501584194177,0,55908917884987177,1.3142323062583683
2025-06-09 14:21:30+00:00,15543656,67548419534,51397625225501584194177,0,55908917884987177,1.3142323062133423
2025-06-09 14:21:36+00:00,15543662,67548419533,51397625226501584194177,0,55908917884987177,1.314232306168316
2025-06-09 14:21:41+00:00,15543667,67548419534,51397625225742966410011,0,55908917884987177,1.3142323062071701
2025-06-09 14:21:42+00:00,15543668,67548419547,51397625235742966410011,0,55908917895747102,1.314232306204401
2025-06-09 14:21:47+00:00,15543673,67548419546,51397625234946908333850,0,55908917894881172,1.3142323062053
2025-06-09 14:22:25+00:00,15543711,67548419547,51397625234188290549705,0,55908917894881172,1.3142323062441539
2025-06-09 14:23:08+00:00,15543754,67548419548,51397625233429672765583,0,55908917894881172,1.314232306283008
2025-06-09 14:23:40+00:00,15543786,67548419549,51397625232671054981483,0,55908917894881172,1.3142323063218617
2025-06-09 14:23:45+00:00,15543791,67548419550,51397625231912437197406,0,55908917894881172,1.3142323063607158
2025-06-09 14:23:51+00:00,15543797,67548419614,51397625280750466697454,0,55908917947853110,1.3142323063571257
2025-06-09 14:23:51+00:00,15543797,67548419615,51397625279991848913397,0,55908917947853110,1.3142323063959798
2025-06-09 14:23:56+00:00,15543802,67548419548,51397625228982002317434,0,55908917892366007,1.3142323063967343
2025-06-09 14:24:01+00:00,15543807,67548419549,51397625228982002317433,0,55908917892366007,1.3142323064161905
2025-06-09 14:24:34+00:00,15543840,67548419550,51397625228223384533410,0,55908917892366007,1.3142323064550445
2025-06-09 14:25:10+00:00,15543876,67548419549,51397625229223384533410,0,55908917892366007,1.3142323064100183
2025-06-09 14:25:16+00:00,15543882,67548419548,51397625230223384533410,0,55908917892366007,1.3142323063649923
2025-06-09 14:25:17+00:00,15543883,67548419549,51397625229464766749358,0,55908917892366007,1.3142323064038464
2025-06-09 14:25:26+00:00,15543892,67548419548,51397625228668708673246,0,55908917891500077,1.3142323064047452
2025-06-09 14:26:00+00:00,15543926,67548419549,51397625227910090889217,0,55908917891500077,1.3142323064435992
2025-06-09 14:26:44+00:00,15543970,67548419550,51397625227151473105210,0,55908917891500077,1.314232306482453
2025-06-09 14:27:15+00:00,15544001,67548419551,51397625226392855321225,0,55908917891500077,1.314232306521307
2025-06-09 14:27:20+00:00,15544006,67548419552,51397625225634237537263,0,55908917891500077,1.314232306560161
2025-06-09 14:27:27+00:00,15544013,67548419617,51397625273713649253369,0,55908917944472015,1.314232306595425
2025-06-09 14:27:27+00:00,15544013,67548419616,51397625274472267037311,0,55908917944472015,1.314232306556571
2025-06-09 14:27:32+00:00,15544018,67548419550,51397625222703802660552,0,55908917888984912,1.3142323065961796
2025-06-09 14:27:37+00:00,15544023,67548419551,51397625222703802660551,0,55908917888984912,1.3142323066156358
2025-06-09 14:28:10+00:00,15544056,67548419552,51397625221945184876643,0,55908917888984912,1.3142323066544896
2025-06-09 14:28:43+00:00,15544089,67548419551,51397625222945184876643,0,55908917888984912,1.3142323066094637
2025-06-09 14:28:48+00:00,15544094,67548419550,51397625223945184876643,0,55908917888984912,1.3142323065644377
2025-06-09 14:28:53+00:00,15544099,67548419563,51397625233945184876643,0,55908917899744837,1.3142323065616686
2025-06-09 14:28:54+00:00,15544100,67548419564,51397625233186567092704,0,55908917899744837,1.3142323066005226
2025-06-09 14:29:38+00:00,15544144,67548419565,51397625232427949308788,0,55908917899744837,1.3142323066393764
2025-06-09 14:30:22+00:00,15544188,67548419566,51397625231669331524894,0,55908917899744837,1.3142323066782304
2025-06-09 14:30:53+00:00,15544219,67548419567,51397625230910713741022,0,55908917899744837,1.3142323067170842
2025-06-09 14:30:58+00:00,15544224,67548419568,51397625230152095957173,0,55908917899744837,1.3142323067559383
2025-06-09 14:31:05+00:00,15544231,67548419632,51397625278990125457221,0,55908917952716775,1.3142323067523483
2025-06-09 14:31:07+00:00,15544233,67548419633,51397625278231507673392,0,55908917952716775,1.3142323067912023
2025-06-09 14:31:10+00:00,15544236,67548419566,51397625227221661083613,0,55908917897229672,1.3142323067919568
2025-06-09 14:31:16+00:00,15544242,67548419567,51397625227221661083612,0,55908917897229672,1.314232306811413
2025-06-09 14:31:51+00:00,15544277,67548419568,51397625226463043299817,0,55908917897229672,1.314232306850267
2025-06-09 14:32:26+00:00,15544312,67548419567,51397625227463043299817,0,55908917897229672,1.3142323068052408
2025-06-09 14:32:32+00:00,15544318,67548419566,51397625228463043299817,0,55908917897229672,1.3142323067602149
2025-06-09 14:32:37+00:00,15544323,67548419579,51397625238463043299817,0,55908917907989597,1.3142323067574457
2025-06-09 14:32:42+00:00,15544328,67548419578,51397625237666985223788,0,55908917907123667,1.3142323067583448
2025-06-09 14:33:19+00:00,15544365,67548419579,51397625236908367439963,0,55908917907123667,1.3142323067971986
2025-06-09 14:34:02+00:00,15544408,67548419580,51397625236149749656160,0,55908917907123667,1.3142323068360526
2025-06-09 14:34:34+00:00,15544440,67548419581,51397625235391131872380,0,55908917907123667,1.3142323068749067
2025-06-09 14:34:39+00:00,15544445,67548419582,51397625234632514088622,0,55908917907123667,1.3142323069137605
2025-06-09 14:34:45+00:00,15544451,67548419646,51397625283470543588670,0,55908917960095605,1.3142323069101705
2025-06-09 14:34:46+00:00,15544452,67548419647,51397625282711925804932,0,55908917960095605,1.3142323069490245
2025-06-09 14:34:55+00:00,15544461,67548419648,51397625282711925804931,0,55908917960095605,1.3142323069684807
2025-06-09 14:35:31+00:00,15544497,67548419649,51397625281953308021227,0,55908917960095605,1.3142323070073345
2025-06-09 14:36:04+00:00,15544530,67548419648,51397625282953308021227,0,55908917960095605,1.3142323069623085
2025-06-09 14:36:10+00:00,15544536,67548419647,51397625283953308021227,0,55908917960095605,1.3142323069172825
2025-06-09 14:36:14+00:00,15544540,67548419648,51397625283194690237493,0,55908917960095605,1.3142323069561364
2025-06-09 14:36:15+00:00,15544541,67548419661,51397625293194690237493,0,55908917970855530,1.3142323069533672
2025-06-09 14:36:21+00:00,15544547,67548419660,51397625292398632161511,0,55908917969989600,1.3142323069542663
2025-06-09 14:36:57+00:00,15544583,67548419661,51397625291640014377799,0,55908917969989600,1.3142323069931203
2025-06-09 14:37:41+00:00,15544627,67548419662,51397625290881396594109,0,55908917969989600,1.3142323070319741
2025-06-09 14:38:08+00:00,15544654,67548419663,51397625290122778810442,0,55908917969989600,1.3142323070708282
2025-06-09 14:38:13+00:00,15544659,67548419664,51397625289364161026797,0,55908917969989600,1.314232307109682
2025-06-09 14:38:19+00:00,15544665,67548419728,51397625338202190526845,0,55908918022961538,1.314232307106092
2025-06-09 14:38:25+00:00,15544671,67548419662,51397625286433726158014,0,55908917967474435,1.3142323071457007
2025-06-09 14:38:25+00:00,15544671,67548419661,51397625287192343941638,0,55908917967474435,1.3142323071068467
2025-06-09 14:39:09+00:00,15544715,67548419663,51397625285675108374412,0,55908917967474435,1.3142323071845545
2025-06-09 14:39:35+00:00,15544741,67548419662,51397625286675108374412,0,55908917967474435,1.3142323071395285
2025-06-09 14:39:42+00:00,15544748,67548419661,51397625287675108374412,0,55908917967474435,1.3142323070945026
2025-06-09 14:39:47+00:00,15544753,67548419674,51397625297675108374412,0,55908917978234360,1.3142323070917334
2025-06-09 14:39:52+00:00,15544758,67548419673,51397625296879050298466,0,55908917977368430,1.3142323070926325
2025-06-09 14:39:54+00:00,15544760,67548419674,51397625296120432514834,0,55908917977368430,1.3142323071314863
2025-06-09 14:40:39+00:00,15544805,67548419675,51397625295361814731224,0,55908917977368430,1.3142323071703403
2025-06-09 14:41:24+00:00,15544850,67548419676,51397625294603196947637,0,55908917977368430,1.3142323072091942
2025-06-09 14:41:41+00:00,15544867,67548419677,51397625293844579164072,0,55908917977368430,1.3142323072480482
2025-06-09 14:41:46+00:00,15544872,67548419678,51397625293085961380529,0,55908917977368430,1.314232307286902
2025-06-09 14:41:52+00:00,15544878,67548419742,51397625341923990880577,0,55908918030340368,1.3142323072833122
2025-06-09 14:41:57+00:00,15544883,67548419675,51397625290914144298408,0,55908917974853265,1.3142323072840667
2025-06-09 14:42:02+00:00,15544888,67548419676,51397625290914144298407,0,55908917974853265,1.314232307303523
2025-06-09 14:42:10+00:00,15544896,67548419677,51397625290155526514896,0,55908917974853265,1.314232307342377
2025-06-09 14:42:54+00:00,15544940,67548419678,51397625289396908731408,0,55908917974853265,1.3142323073812308
2025-06-09 14:43:09+00:00,15544955,67548419677,51397625290396908731408,0,55908917974853265,1.3142323073362048
2025-06-09 14:43:14+00:00,15544960,67548419676,51397625291396908731408,0,55908917974853265,1.3142323072911788
2025-06-09 14:43:19+00:00,15544965,67548419689,51397625301396908731408,0,55908917985613190,1.3142323072884097
2025-06-09 14:43:24+00:00,15544970,67548419688,51397625300600850655509,0,55908917984747260,1.3142323072893085
2025-06-09 14:43:39+00:00,15544985,67548419689,51397625299842232871990,0,55908917984747260,1.3142323073281625
2025-06-09 14:44:25+00:00,15545031,67548419690,51397625299083615088494,0,55908917984747260,1.3142323073670166
2025-06-09 14:45:10+00:00,15545076,67548419691,51397625298324997305020,0,55908917984747260,1.3142323074058704
2025-06-09 14:45:16+00:00,15545082,67548419692,51397625297566379521568,0,55908917984747260,1.3142323074447244
2025-06-09 14:45:21+00:00,15545087,67548419693,51397625296807761738139,0,55908917984747260,1.3142323074835782
2025-06-09 14:45:28+00:00,15545094,67548419757,51397625345645791238187,0,55908918037719198,1.3142323074799882
2025-06-09 14:45:33+00:00,15545099,67548419690,51397625294635944659057,0,55908917982232095,1.314232307480743
2025-06-09 14:45:39+00:00,15545105,67548419691,51397625294635944659056,0,55908917982232095,1.3142323075001991
2025-06-09 14:45:53+00:00,15545119,67548419692,51397625293877326875659,0,55908917982232095,1.3142323075390532
2025-06-09 14:46:37+00:00,15545163,67548419693,51397625293118709092284,0,55908917982232095,1.314232307577907
2025-06-09 14:46:46+00:00,15545172,67548419692,51397625294118709092284,0,55908917982232095,1.314232307532881
2025-06-09 14:46:52+00:00,15545178,67548419691,51397625295118709092284,0,55908917982232095,1.3142323074878548
2025-06-09 14:46:57+00:00,15545183,67548419704,51397625305118709092284,0,55908917992992020,1.314232307485086
2025-06-09 14:47:02+00:00,15545188,67548419703,51397625304322651016433,0,55908917992126090,1.3142323074859847
2025-06-09 14:47:20+00:00,15545206,67548419704,51397625303564033233028,0,55908917992126090,1.3142323075248388
2025-06-09 14:48:03+00:00,15545249,67548419705,51397625302805415449645,0,55908917992126090,1.3142323075636926
2025-06-09 14:48:46+00:00,15545292,67548419706,51397625302046797666285,0,55908917992126090,1.3142323076025466
2025-06-09 14:48:54+00:00,15545300,67548419707,51397625301288179882947,0,55908917992126090,1.3142323076414006
2025-06-09 14:49:00+00:00,15545306,67548419708,51397625300529562099631,0,55908917992126090,1.3142323076802545
2025-06-09 14:49:06+00:00,15545312,67548419772,51397625349367591599679,0,55908918045098028,1.3142323076766644
2025-06-09 14:49:12+00:00,15545318,67548419705,51397625298357745023587,0,55908917989610925,1.3142323076774192
2025-06-09 14:49:17+00:00,15545323,67548419706,51397625298357745023586,0,55908917989610925,1.3142323076968754
2025-06-09 14:49:30+00:00,15545336,67548419707,51397625297599127240302,0,55908917989610925,1.3142323077357292
2025-06-09 14:50:14+00:00,15545380,67548419708,51397625296840509457041,0,55908917989610925,1.3142323077745832
2025-06-09 14:50:26+00:00,15545392,67548419707,51397625297840509457041,0,55908917989610925,1.3142323077295572
2025-06-09 14:50:32+00:00,15545398,67548419706,51397625298840509457041,0,55908917989610925,1.314232307684531
2025-06-09 14:50:37+00:00,15545403,67548419719,51397625308840509457041,0,55908918000370850,1.3142323076817621
2025-06-09 14:50:42+00:00,15545408,67548419718,51397625308044451381237,0,55908917999504920,1.314232307682661
2025-06-09 14:50:58+00:00,15545424,67548419719,51397625307285833597945,0,55908917999504920,1.314232307721515
2025-06-09 14:51:42+00:00,15545468,67548419720,51397625306527215814676,0,55908917999504920,1.3142323077603688
2025-06-09 14:52:25+00:00,15545511,67548419721,51397625305768598031429,0,55908917999504920,1.3142323077992228
2025-06-09 14:52:36+00:00,15545522,67548419722,51397625305009980248205,0,55908917999504920,1.3142323078380767
2025-06-09 14:52:42+00:00,15545528,67548419723,51397625304251362465003,0,55908917999504920,1.3142323078769307
2025-06-09 14:52:48+00:00,15545534,67548419787,51397625353089391965051,0,55908918052476858,1.3142323078733407
2025-06-09 14:52:53+00:00,15545539,67548419720,51397625302079545391998,0,55908917996989755,1.3142323078740954
2025-06-09 14:52:58+00:00,15545544,67548419721,51397625302079545391997,0,55908917996989755,1.3142323078935516
2025-06-09 14:53:08+00:00,15545554,67548419722,51397625301320927608827,0,55908917996989755,1.3142323079324054
2025-06-09 14:53:51+00:00,15545597,67548419723,51397625300562309825679,0,55908917996989755,1.3142323079712595
2025-06-09 14:54:06+00:00,15545612,67548419722,51397625301562309825679,0,55908917996989755,1.3142323079262332
2025-06-09 14:54:11+00:00,15545617,67548419721,51397625302562309825679,0,55908917996989755,1.3142323078812073
2025-06-09 14:54:16+00:00,15545622,67548419734,51397625312562309825679,0,55908918007749680,1.3142323078784381
2025-06-09 14:54:22+00:00,15545628,67548419733,51397625311766251749922,0,55908918006883750,1.3142323078793372
2025-06-09 14:54:35+00:00,15545641,67548419734,51397625311007633966744,0,55908918006883750,1.3142323079181912
2025-06-09 14:55:19+00:00,15545685,67548419735,51397625310249016183588,0,55908918006883750,1.314232307957045
2025-06-09 14:56:03+00:00,15545729,67548419736,51397625309490398400455,0,55908918006883750,1.314232307995899
2025-06-09 14:56:11+00:00,15545737,67548419737,51397625308731780617344,0,55908918006883750,1.3142323080347529
2025-06-09 14:56:16+00:00,15545742,67548419738,51397625307973162834255,0,55908918006883750,1.314232308073607
2025-06-09 14:56:22+00:00,15545748,67548419802,51397625356811192334303,0,55908918059855688,1.314232308070017
2025-06-09 14:56:28+00:00,15545754,67548419735,51397625305801345764288,0,55908918004368585,1.3142323080707716
2025-06-09 14:56:33+00:00,15545759,67548419736,51397625305801345764287,0,55908918004368585,1.3142323080902278
2025-06-09 14:56:46+00:00,15545772,67548419737,51397625305042727981231,0,55908918004368585,1.3142323081290816
2025-06-09 14:57:30+00:00,15545816,67548419738,51397625304284110198197,0,55908918004368585,1.3142323081679357
2025-06-09 14:57:38+00:00,15545824,67548419737,51397625305284110198197,0,55908918004368585,1.3142323081229095
2025-06-09 14:57:43+00:00,15545829,67548419736,51397625306284110198197,0,55908918004368585,1.3142323080778835
2025-06-09 14:57:48+00:00,15545834,67548419749,51397625316284110198197,0,55908918015128510,1.3142323080751144
2025-06-09 14:57:53+00:00,15545839,67548419748,51397625315488052122488,0,55908918014262580,1.3142323080760134
2025-06-09 14:58:13+00:00,15545859,67548419749,51397625314729434339423,0,55908918014262580,1.3142323081148672
2025-06-09 14:58:57+00:00,15545903,67548419750,51397625313970816556381,0,55908918014262580,1.3142323081537213
2025-06-09 14:59:40+00:00,15545946,67548419751,51397625313212198773361,0,55908918014262580,1.3142323081925753
2025-06-09 14:59:41+00:00,15545947,67548419752,51397625312453580990364,0,55908918014262580,1.3142323082314291
2025-06-09 14:59:51+00:00,15545957,67548419816,51397625361291610490412,0,55908918067234518,1.314232308227839
2025-06-09 15:00:00+00:00,15545966,67548419817,51397625361291610490411,0,55908918067234518,1.3142323082472953
2025-06-09 15:00:25+00:00,15545991,67548419818,51397625360532992707445,0,55908918067234518,1.3142323082861493
2025-06-09 15:01:10+00:00,15546036,67548419818,51397625360774374924502,0,55908918067234518,1.3142323082799772
2025-06-09 15:01:10+00:00,15546036,67548419819,51397625359774374924502,0,55908918067234518,1.3142323083250032
2025-06-09 15:01:16+00:00,15546042,67548419817,51397625361774374924502,0,55908918067234518,1.3142323082349512
2025-06-09 15:01:21+00:00,15546047,67548419830,51397625371774374924502,0,55908918077994443,1.314232308232182
2025-06-09 15:01:26+00:00,15546052,67548419829,51397625370978316848829,0,55908918077128513,1.314232308233081
2025-06-09 15:01:53+00:00,15546079,67548419830,51397625370219699065855,0,55908918077128513,1.314232308271935
2025-06-09 15:02:37+00:00,15546123,67548419831,51397625369461081282903,0,55908918077128513,1.314232308310789
2025-06-09 15:03:12+00:00,15546158,67548419832,51397625368702463499974,0,55908918077128513,1.3142323083496428
2025-06-09 15:03:17+00:00,15546163,67548419833,51397625367943845717067,0,55908918077128513,1.3142323083884968
2025-06-09 15:03:21+00:00,15546167,67548419834,51397625367185227934183,0,55908918077128513,1.3142323084273506
2025-06-09 15:03:24+00:00,15546170,67548419898,51397625416023257434231,0,55908918130100451,1.3142323084237608
2025-06-09 15:03:33+00:00,15546179,67548419899,51397625416023257434230,0,55908918130100451,1.3142323084432168
2025-06-09 15:04:04+00:00,15546210,67548419900,51397625415264639651377,0,55908918130100451,1.3142323084820708
2025-06-09 15:04:39+00:00,15546245,67548419899,51397625416264639651377,0,55908918130100451,1.3142323084370446
2025-06-09 15:04:44+00:00,15546250,67548419898,51397625417264639651377,0,55908918130100451,1.3142323083920187
2025-06-09 15:04:50+00:00,15546256,67548419911,51397625427264639651377,0,55908918140860376,1.3142323083892495
2025-06-09 15:04:55+00:00,15546261,67548419910,51397625426468581575739,0,55908918139994446,1.3142323083901486
2025-06-09 15:05:32+00:00,15546298,67548419911,51397625425709963792856,0,55908918139994446,1.3142323084290026
2025-06-09 15:06:15+00:00,15546341,67548419912,51397625424951346009995,0,55908918139994446,1.3142323084678564
2025-06-09 15:06:43+00:00,15546369,67548419913,51397625424192728227156,0,55908918139994446,1.3142323085067105
2025-06-09 15:06:48+00:00,15546374,67548419914,51397625423434110444340,0,55908918139994446,1.3142323085455643
2025-06-09 15:06:54+00:00,15546380,67548419978,51397625472272139944388,0,55908918192966384,1.3142323085419743
2025-06-09 15:06:58+00:00,15546384,67548419979,51397625471513522161592,0,55908918192966384,1.3142323085808283
2025-06-09 15:06:59+00:00,15546385,67548419912,51397625420503675599187,0,55908918137479281,1.314232308581583
2025-06-09 15:07:04+00:00,15546390,67548419913,51397625420503675599186,0,55908918137479281,1.3142323086010392
2025-06-09 15:07:42+00:00,15546428,67548419914,51397625419745057816424,0,55908918137479281,1.314232308639893
2025-06-09 15:08:10+00:00,15546456,67548419913,51397625420745057816424,0,55908918137479281,1.314232308594867
2025-06-09 15:08:16+00:00,15546462,67548419912,51397625421745057816424,0,55908918137479281,1.3142323085498409
2025-06-09 15:08:21+00:00,15546467,67548419925,51397625431745057816424,0,55908918148239206,1.314232308547072
2025-06-09 15:08:26+00:00,15546472,67548419924,51397625430948999740822,0,55908918147373276,1.3142323085479708
2025-06-09 15:09:08+00:00,15546514,67548419925,51397625430190381958030,0,55908918147373276,1.3142323085868248
2025-06-09 15:09:51+00:00,15546557,67548419926,51397625429431764175260,0,55908918147373276,1.3142323086256786
2025-06-09 15:10:13+00:00,15546579,67548419927,51397625428673146392513,0,55908918147373276,1.3142323086645327
2025-06-09 15:10:18+00:00,15546584,67548419928,51397625427914528609788,0,55908918147373276,1.3142323087033867
2025-06-09 15:10:24+00:00,15546590,67548419992,51397625476752558109836,0,55908918200345214,1.3142323086997967
2025-06-09 15:10:30+00:00,15546596,67548419925,51397625425742711548964,0,55908918144858111,1.3142323087005514
2025-06-09 15:10:35+00:00,15546601,67548419926,51397625425742711548963,0,55908918144858111,1.3142323087200074
2025-06-09 15:10:36+00:00,15546602,67548419927,51397625424984093766270,0,55908918144858111,1.3142323087588614
2025-06-09 15:11:21+00:00,15546647,67548419928,51397625424225475983599,0,55908918144858111,1.3142323087977152
2025-06-09 15:11:41+00:00,15546667,67548419927,51397625425225475983599,0,55908918144858111,1.3142323087526893
2025-06-09 15:11:46+00:00,15546672,67548419926,51397625426225475983599,0,55908918144858111,1.3142323087076633
2025-06-09 15:11:51+00:00,15546677,67548419939,51397625436225475983599,0,55908918155618036,1.3142323087048942
2025-06-09 15:11:56+00:00,15546682,67548419938,51397625435429417908033,0,55908918154752106,1.3142323087057932
2025-06-09 15:12:04+00:00,15546690,67548419939,51397625434670800125332,0,55908918154752106,1.314232308744647
2025-06-09 15:12:48+00:00,15546734,67548419940,51397625433912182342653,0,55908918154752106,1.314232308783501
2025-06-09 15:13:32+00:00,15546778,67548419941,51397625433153564559997,0,55908918154752106,1.3142323088223549
2025-06-09 15:13:45+00:00,15546791,67548419942,51397625432394946777363,0,55908918154752106,1.314232308861209
2025-06-09 15:13:50+00:00,15546796,67548419943,51397625431636328994752,0,55908918154752106,1.3142323089000627
2025-06-09 15:13:56+00:00,15546802,67548420007,51397625480474358494800,0,55908918207724044,1.314232308896473
2025-06-09 15:14:01+00:00,15546807,67548419940,51397625429464511936966,0,55908918152236941,1.3142323088972274
2025-06-09 15:14:07+00:00,15546813,67548419941,51397625429464511936965,0,55908918152236941,1.3142323089166836
2025-06-09 15:14:15+00:00,15546821,67548419942,51397625428705894154386,0,55908918152236941,1.3142323089555377
2025-06-09 15:14:58+00:00,15546864,67548419943,51397625427947276371829,0,55908918152236941,1.3142323089943915
2025-06-09 15:15:16+00:00,15546882,67548419942,51397625428947276371829,0,55908918152236941,1.3142323089493655
2025-06-09 15:15:21+00:00,15546887,67548419941,51397625429947276371829,0,55908918152236941,1.3142323089043395
2025-06-09 15:15:27+00:00,15546893,67548419954,51397625439947276371829,0,55908918162996866,1.3142323089015704
2025-06-09 15:15:32+00:00,15546898,67548419953,51397625439151218296310,0,55908918162130936,1.3142323089024692
2025-06-09 15:15:42+00:00,15546908,67548419954,51397625438392600513722,0,55908918162130936,1.3142323089413233
2025-06-09 15:16:27+00:00,15546953,67548419955,51397625437633982731157,0,55908918162130936,1.3142323089801773
2025-06-09 15:17:11+00:00,15546997,67548419956,51397625436875364948614,0,55908918162130936,1.314232309019031
2025-06-09 15:17:22+00:00,15547008,67548419957,51397625436116747166094,0,55908918162130936,1.3142323090578851
2025-06-09 15:17:27+00:00,15547013,67548419958,51397625435358129383596,0,55908918162130936,1.314232309096739
2025-06-09 15:17:33+00:00,15547019,67548420022,51397625484196158883644,0,55908918215102874,1.3142323090931491
2025-06-09 15:17:38+00:00,15547024,67548419955,51397625433186312328849,0,55908918159615771,1.3142323090939037
2025-06-09 15:17:42+00:00,15547028,67548419956,51397625433186312328848,0,55908918159615771,1.3142323091133599
2025-06-09 15:17:54+00:00,15547040,67548419957,51397625432427694546382,0,55908918159615771,1.314232309152214
2025-06-09 15:18:38+00:00,15547084,67548419958,51397625431669076763939,0,55908918159615771,1.3142323091910677
2025-06-09 15:18:48+00:00,15547094,67548419957,51397625432669076763939,0,55908918159615771,1.3142323091460417
2025-06-09 15:18:53+00:00,15547099,67548419956,51397625433669076763939,0,55908918159615771,1.3142323091010155
2025-06-09 15:18:58+00:00,15547104,67548419969,51397625443669076763939,0,55908918170375696,1.3142323090982466
2025-06-09 15:19:03+00:00,15547109,67548419968,51397625442873018688467,0,55908918169509766,1.3142323090991455
2025-06-09 15:19:22+00:00,15547128,67548419969,51397625442114400905993,0,55908918169509766,1.3142323091379995
2025-06-09 15:20:06+00:00,15547172,67548419970,51397625441355783123541,0,55908918169509766,1.3142323091768533
2025-06-09 15:20:48+00:00,15547214,67548419971,51397625440597165341112,0,55908918169509766,1.3142323092157073
2025-06-09 15:20:51+00:00,15547217,67548419972,51397625439838547558705,0,55908918169509766,1.3142323092545614
2025-06-09 15:20:58+00:00,15547224,67548420036,51397625488676577058753,0,55908918222481704,1.3142323092509713
2025-06-09 15:21:03+00:00,15547229,67548419969,51397625437666730506243,0,55908918166994601,1.314232309251726
2025-06-09 15:21:08+00:00,15547234,67548419970,51397625437666730506242,0,55908918166994601,1.314232309271182
2025-06-09 15:21:35+00:00,15547261,67548419971,51397625436908112723867,0,55908918166994601,1.314232309310036
2025-06-09 15:22:13+00:00,15547299,67548419970,51397625437908112723867,0,55908918166994601,1.3142323092650101
2025-06-09 15:22:18+00:00,15547304,67548419969,51397625438908112723867,0,55908918166994601,1.314232309219984
2025-06-09 15:22:18+00:00,15547304,67548419970,51397625438149494941463,0,55908918166994601,1.314232309258838
2025-06-09 15:22:23+00:00,15547309,67548419983,51397625448149494941463,0,55908918177754526,1.3142323092560688
2025-06-09 15:22:28+00:00,15547314,67548419982,51397625447353436866027,0,55908918176888596,1.3142323092569679
2025-06-09 15:23:02+00:00,15547348,67548419983,51397625446594819083644,0,55908918176888596,1.3142323092958217
2025-06-09 15:23:46+00:00,15547392,67548419984,51397625445836201301283,0,55908918176888596,1.3142323093346757
2025-06-09 15:24:14+00:00,15547420,67548419985,51397625445077583518945,0,55908918176888596,1.3142323093735295
2025-06-09 15:24:19+00:00,15547425,67548419986,51397625444318965736629,0,55908918176888596,1.3142323094123836
2025-06-09 15:24:25+00:00,15547431,67548420050,51397625493156995236677,0,55908918229860534,1.3142323094087935
2025-06-09 15:24:30+00:00,15547436,67548420051,51397625492398377454382,0,55908918174373431,1.3142323094476476
2025-06-09 15:24:30+00:00,15547436,67548419984,51397625441388530904911,0,55908918174373431,1.314232309448402
2025-06-09 15:24:35+00:00,15547441,67548419985,51397625441388530904910,0,55908918174373431,1.3142323094678583
2025-06-09 15:25:13+00:00,15547479,67548419986,51397625440629913122649,0,55908918174373431,1.3142323095067123
2025-06-09 15:25:39+00:00,15547505,67548419985,51397625441629913122649,0,55908918174373431,1.3142323094616861
2025-06-09 15:25:48+00:00,15547514,67548419998,51397625451629913122649,0,55908918185133356,1.3142323094589172
2025-06-09 15:25:53+00:00,15547519,67548419997,51397625450833855047264,0,55908918184267426,1.314232309459816
2025-06-09 15:25:57+00:00,15547523,67548419998,51397625450075237264998,0,55908918184267426,1.31423230949867
2025-06-09 15:26:41+00:00,15547567,67548419999,51397625449316619482755,0,55908918184267426,1.314232309537524
2025-06-09 15:27:26+00:00,15547612,67548420000,51397625448558001700534,0,55908918184267426,1.314232309576378
2025-06-09 15:27:41+00:00,15547627,67548420001,51397625447799383918335,0,55908918184267426,1.314232309615232
2025-06-09 15:27:51+00:00,15547637,67548420065,51397625496637413418383,0,55908918237239364,1.314232309611642
2025-06-09 15:27:56+00:00,15547642,67548419998,51397625445627566871437,0,55908918181752261,1.3142323096123965
2025-06-09 15:28:01+00:00,15547647,67548419999,51397625445627566871436,0,55908918181752261,1.3142323096318527
2025-06-09 15:28:10+00:00,15547656,67548420000,51397625444868949089269,0,55908918181752261,1.3142323096707067
2025-06-09 15:28:53+00:00,15547699,67548420001,51397625444110331307125,0,55908918181752261,1.3142323097095605
2025-06-09 15:29:05+00:00,15547711,67548420000,51397625445110331307125,0,55908918181752261,1.3142323096645345
2025-06-09 15:29:10+00:00,15547716,67548419999,51397625446110331307125,0,55908918181752261,1.3142323096195085
2025-06-09 15:29:15+00:00,15547721,67548420012,51397625456110331307125,0,55908918192512186,1.3142323096167394
2025-06-09 15:29:20+00:00,15547726,67548420011,51397625455314273231776,0,55908918191646256,1.3142323096176385
2025-06-09 15:29:36+00:00,15547742,67548420012,51397625454555655449601,0,55908918191646256,1.3142323096564923
2025-06-09 15:30:22+00:00,15547788,67548420013,51397625453797037667449,0,55908918191646256,1.3142323096953463
2025-06-09 15:31:06+00:00,15547832,67548420014,51397625453038419885319,0,55908918191646256,1.3142323097342001
2025-06-09 15:31:06+00:00,15547832,67548420015,51397625452279802103211,0,55908918191646256,1.3142323097730542
2025-06-09 15:31:12+00:00,15547838,67548420016,51397625451521184321126,0,55908918191646256,1.314232309811908
2025-06-09 15:31:18+00:00,15547844,67548420080,51397625500359213821174,0,55908918244618194,1.3142323098083182
2025-06-09 15:31:24+00:00,15547850,67548420013,51397625449349367277267,0,55908918189131091,1.3142323098090727
2025-06-09 15:31:29+00:00,15547855,67548420014,51397625449349367277266,0,55908918189131091,1.314232309828529
2025-06-09 15:31:50+00:00,15547876,67548420015,51397625448590749495213,0,55908918189131091,1.314232309867383
2025-06-09 15:32:34+00:00,15547920,67548420016,51397625447832131713182,0,55908918189131091,1.3142323099062367
2025-06-09 15:32:34+00:00,15547920,67548420015,51397625448832131713182,0,55908918189131091,1.3142323098612108
2025-06-09 15:32:40+00:00,15547926,67548420014,51397625449832131713182,0,55908918189131091,1.3142323098161848
2025-06-09 15:32:50+00:00,15547936,67548420013,51397625449036073637882,0,55908918188265161,1.3142323098170836
2025-06-09 15:33:18+00:00,15547964,67548420014,51397625448277455855822,0,55908918188265161,1.3142323098559376
2025-06-09 15:34:01+00:00,15548007,67548420015,51397625447518838073785,0,55908918188265161,1.3142323098947915
2025-06-09 15:34:36+00:00,15548042,67548420016,51397625446760220291770,0,55908918188265161,1.3142323099336455
2025-06-09 15:34:41+00:00,15548047,67548420017,51397625446001602509778,0,55908918188265161,1.3142323099724993
2025-06-09 15:34:47+00:00,15548053,67548420081,51397625494839632009826,0,55908918241237099,1.3142323099689095
2025-06-09 15:34:56+00:00,15548062,67548420082,51397625494839632009825,0,55908918241237099,1.3142323099883655
2025-06-09 15:35:27+00:00,15548093,67548420083,51397625494081014227864,0,55908918241237099,1.3142323100272195
2025-06-09 15:36:01+00:00,15548127,67548420082,51397625495081014227864,0,55908918241237099,1.3142323099821935
2025-06-09 15:36:07+00:00,15548133,67548420081,51397625496081014227864,0,55908918241237099,1.3142323099371673
2025-06-09 15:36:11+00:00,15548137,67548420082,51397625495322396445874,0,55908918241237099,1.3142323099760214
2025-06-09 15:36:12+00:00,15548138,67548420095,51397625505322396445874,0,55908918251997024,1.3142323099732522
2025-06-09 15:36:17+00:00,15548143,67548420094,51397625504526338370610,0,55908918251131094,1.3142323099741513
2025-06-09 15:36:55+00:00,15548181,67548420095,51397625503767720588641,0,55908918251131094,1.3142323100130051
2025-06-09 15:37:38+00:00,15548224,67548420096,51397625503009102806694,0,55908918251131094,1.3142323100518591
2025-06-09 15:38:02+00:00,15548248,67548420097,51397625502250485024770,0,55908918251131094,1.314232310090713
2025-06-09 15:38:06+00:00,15548252,67548420098,51397625501491867242868,0,55908918251131094,1.314232310129567
2025-06-09 15:38:13+00:00,15548259,67548420162,51397625550329896742916,0,55908918304103032,1.314232310125977
2025-06-09 15:38:18+00:00,15548264,67548420095,51397625499320050203688,0,55908918248615929,1.3142323101267317
2025-06-09 15:38:22+00:00,15548268,67548420096,51397625498561432421807,0,55908918248615929,1.3142323101655855
2025-06-09 15:38:23+00:00,15548269,67548420097,51397625498561432421806,0,55908918248615929,1.3142323101850417
2025-06-09 15:39:06+00:00,15548312,67548420098,51397625497802814639959,0,55908918248615929,1.3142323102238957
2025-06-09 15:39:27+00:00,15548333,67548420097,51397625498802814639959,0,55908918248615929,1.3142323101788695
2025-06-09 15:39:32+00:00,15548338,67548420096,51397625499802814639959,0,55908918248615929,1.3142323101338436
2025-06-09 15:39:37+00:00,15548343,67548420109,51397625509802814639959,0,55908918259375854,1.3142323101310744
2025-06-09 15:39:42+00:00,15548348,67548420108,51397625509006756564730,0,55908918258509924,1.3142323101319735
2025-06-09 15:39:50+00:00,15548356,67548420109,51397625508248138782852,0,55908918258509924,1.3142323101708275
2025-06-09 15:40:34+00:00,15548400,67548420110,51397625507489521000996,0,55908918258509924,1.3142323102096813
2025-06-09 15:41:19+00:00,15548445,67548420111,51397625506730903219163,0,55908918258509924,1.3142323102485354
2025-06-09 15:41:28+00:00,15548454,67548420112,51397625505972285437352,0,55908918258509924,1.3142323102873892
2025-06-09 15:41:33+00:00,15548459,67548420113,51397625505213667655564,0,55908918258509924,1.3142323103262432
2025-06-09 15:41:39+00:00,15548465,67548420177,51397625554051697155612,0,55908918311481862,1.3142323103226532
2025-06-09 15:41:44+00:00,15548470,67548420110,51397625503041850619422,0,55908918255994759,1.314232310323408
2025-06-09 15:42:03+00:00,15548489,67548420111,51397625502283232837655,0,55908918255994759,1.3142323103622617
2025-06-09 15:42:47+00:00,15548533,67548420112,51397625501524615055910,0,55908918255994759,1.3142323104011158
2025-06-09 15:42:54+00:00,15548540,67548420111,51397625502524615055910,0,55908918255994759,1.3142323103560898
2025-06-09 15:42:59+00:00,15548545,67548420110,51397625503524615055910,0,55908918255994759,1.3142323103110636
2025-06-09 15:43:09+00:00,15548555,67548420109,51397625502728556980730,0,55908918255128829,1.3142323103119626
2025-06-09 15:43:30+00:00,15548576,67548420110,51397625501969939198956,0,55908918255128829,1.3142323103508164
2025-06-09 15:44:13+00:00,15548619,67548420111,51397625501211321417204,0,55908918255128829,1.3142323103896705
2025-06-09 15:44:56+00:00,15548662,67548420112,51397625500452703635475,0,55908918255128829,1.3142323104285245
2025-06-09 15:44:57+00:00,15548663,67548420113,51397625499694085853768,0,55908918255128829,1.3142323104673783
2025-06-09 15:45:08+00:00,15548674,67548420177,51397625548532115353816,0,55908918308100767,1.3142323104637883
2025-06-09 15:45:13+00:00,15548679,67548420110,51397625497522268820019,0,55908918252613664,1.314232310464543
2025-06-09 15:45:18+00:00,15548684,67548420111,51397625497522268820018,0,55908918252613664,1.3142323104839992
2025-06-09 15:45:40+00:00,15548706,67548420112,51397625496763651038343,0,55908918252613664,1.314232310522853
2025-06-09 15:46:24+00:00,15548750,67548420113,51397625496005033256691,0,55908918252613664,1.314232310561707
2025-06-09 15:46:26+00:00,15548752,67548420112,51397625497005033256691,0,55908918252613664,1.314232310516681
2025-06-09 15:46:31+00:00,15548757,67548420111,51397625498005033256691,0,55908918252613664,1.314232310471655
2025-06-09 15:46:36+00:00,15548762,67548420124,51397625508005033256691,0,55908918263373589,1.314232310468886
2025-06-09 15:46:40+00:00,15548766,67548420123,51397625507208975181547,0,55908918262507659,1.3142323104697848
2025-06-09 15:47:08+00:00,15548794,67548420124,51397625506450357399864,0,55908918262507659,1.3142323105086389
2025-06-09 15:47:51+00:00,15548837,67548420125,51397625505691739618203,0,55908918262507659,1.3142323105474927
2025-06-09 15:48:27+00:00,15548873,67548420126,51397625504933121836565,0,55908918262507659,1.3142323105863467
2025-06-09 15:48:33+00:00,15548879,67548420127,51397625504174504054949,0,55908918262507659,1.3142323106252005
2025-06-09 15:48:34+00:00,15548880,67548420128,51397625503415886273356,0,55908918262507659,1.3142323106640545
2025-06-09 15:48:39+00:00,15548885,67548420192,51397625552253915773404,0,55908918315479597,1.3142323106604645
2025-06-09 15:48:44+00:00,15548890,67548420125,51397625501244069242646,0,55908918259992494,1.3142323106612193
2025-06-09 15:48:49+00:00,15548895,67548420126,51397625501244069242645,0,55908918259992494,1.3142323106806755
2025-06-09 15:49:17+00:00,15548923,67548420127,51397625500485451461084,0,55908918259992494,1.3142323107195293
2025-06-09 15:49:55+00:00,15548961,67548420126,51397625501485451461084,0,55908918259992494,1.3142323106745033
2025-06-09 15:50:00+00:00,15548966,67548420127,51397625500726833679519,0,55908918259992494,1.314232310713357
2025-06-09 15:50:10+00:00,15548976,67548420126,51397625499930775604440,0,55908918259126564,1.3142323107142562
2025-06-09 15:50:45+00:00,15549011,67548420127,51397625499172157822898,0,55908918259126564,1.3142323107531102
2025-06-09 15:51:29+00:00,15549055,67548420128,51397625498413540041379,0,55908918259126564,1.314232310791964
2025-06-09 15:51:57+00:00,15549083,67548420129,51397625497654922259882,0,55908918259126564,1.314232310830818
2025-06-09 15:52:07+00:00,15549093,67548420193,51397625546492951759930,0,55908918312098502,1.314232310827228
2025-06-09 15:52:11+00:00,15549097,67548420194,51397625545734333978453,0,55908918312098502,1.314232310866082
2025-06-09 15:52:13+00:00,15549099,67548420127,51397625494724487451080,0,55908918256611399,1.3142323108668366
2025-06-09 15:52:18+00:00,15549104,67548420128,51397625494724487451079,0,55908918256611399,1.3142323108862928
2025-06-09 15:52:54+00:00,15549140,67548420129,51397625493965869669636,0,55908918256611399,1.3142323109251468
2025-06-09 15:53:22+00:00,15549168,67548420128,51397625494965869669636,0,55908918256611399,1.3142323108801206
2025-06-09 15:53:27+00:00,15549173,67548420127,51397625495965869669636,0,55908918256611399,1.3142323108350946
2025-06-09 15:53:32+00:00,15549178,67548420140,51397625505965869669636,0,55908918267371324,1.3142323108323255
2025-06-09 15:53:37+00:00,15549183,67548420141,51397625505207251888162,0,55908918267371324,1.3142323108711795
2025-06-09 15:54:19+00:00,15549225,67548420142,51397625504448634106711,0,55908918267371324,1.3142323109100333
2025-06-09 15:55:02+00:00,15549268,67548420143,51397625503690016325282,0,55908918267371324,1.3142323109488874
2025-06-09 15:55:23+00:00,15549289,67548420144,51397625502931398543876,0,55908918267371324,1.3142323109877412
2025-06-09 15:55:28+00:00,15549294,67548420145,51397625502172780762492,0,55908918267371324,1.3142323110265952
2025-06-09 15:55:34+00:00,15549300,67548420209,51397625551010810262540,0,55908918320343262,1.3142323110230052
2025-06-09 15:55:39+00:00,15549305,67548420142,51397625500000963737453,0,55908918264856159,1.31423231102376
2025-06-09 15:55:44+00:00,15549310,67548420143,51397625500000963737452,0,55908918264856159,1.3142323110432161
2025-06-09 15:55:45+00:00,15549311,67548420144,51397625499242345956100,0,55908918264856159,1.31423231108207
2025-06-09 15:56:30+00:00,15549356,67548420145,51397625498483728174770,0,55908918264856159,1.314232311120924
2025-06-09 15:56:49+00:00,15549375,67548420144,51397625499483728174770,0,55908918264856159,1.3142323110758978
2025-06-09 15:56:55+00:00,15549381,67548420143,51397625500483728174770,0,55908918264856159,1.3142323110308718
2025-06-09 15:56:59+00:00,15549385,67548420156,51397625510483728174770,0,55908918275616084,1.3142323110281027
2025-06-09 15:57:05+00:00,15549391,67548420155,51397625509687670099762,0,55908918274750154,1.3142323110290017
2025-06-09 15:57:14+00:00,15549400,67548420156,51397625508929052318402,0,55908918274750154,1.3142323110678558
2025-06-09 15:57:57+00:00,15549443,67548420157,51397625508170434537064,0,55908918274750154,1.3142323111067096
2025-06-09 15:58:39+00:00,15549485,67548420158,51397625507411816755749,0,55908918274750154,1.3142323111455636
2025-06-09 15:58:50+00:00,15549496,67548420159,51397625506653198974456,0,55908918274750154,1.3142323111844174
2025-06-09 15:58:56+00:00,15549502,67548420160,51397625505894581193186,0,55908918274750154,1.3142323112232714
2025-06-09 15:59:02+00:00,15549508,67548420224,51397625554732610693234,0,55908918327722092,1.3142323112196814
2025-06-09 15:59:07+00:00,15549513,67548420157,51397625503722764171185,0,55908918272234989,1.3142323112204362
2025-06-09 15:59:12+00:00,15549518,67548420158,51397625503722764171184,0,55908918272234989,1.3142323112398924
2025-06-09 15:59:23+00:00,15549529,67548420159,51397625502964146389946,0,55908918272234989,1.3142323112787462
2025-06-09 16:00:05+00:00,15549571,67548420160,51397625502205528608730,0,55908918272234989,1.3142323113176002
2025-06-09 16:00:21+00:00,15549587,67548420159,51397625503205528608730,0,55908918272234989,1.314232311272574
2025-06-09 16:00:26+00:00,15549592,67548420158,51397625504205528608730,0,55908918272234989,1.314232311227548
2025-06-09 16:00:31+00:00,15549597,67548420171,51397625514205528608730,0,55908918282994914,1.314232311224779
2025-06-09 16:00:36+00:00,15549602,67548420170,51397625513409470533769,0,55908918282128984,1.314232311225678
2025-06-09 16:00:49+00:00,15549615,67548420171,51397625512650852752522,0,55908918282128984,1.3142323112645318
2025-06-09 16:01:33+00:00,15549659,67548420172,51397625511892234971298,0,55908918282128984,1.3142323113033858
2025-06-09 16:02:16+00:00,15549702,67548420173,51397625511133617190096,0,55908918282128984,1.3142323113422398
2025-06-09 16:02:25+00:00,15549711,67548420174,51397625510374999408917,0,55908918282128984,1.3142323113810936
2025-06-09 16:02:30+00:00,15549716,67548420175,51397625509616381627760,0,55908918282128984,1.3142323114199477
2025-06-09 16:02:35+00:00,15549721,67548420239,51397625558454411127808,0,55908918335100922,1.3142323114163577
2025-06-09 16:02:40+00:00,15549726,67548420172,51397625507444564608798,0,55908918279613819,1.3142323114171124
2025-06-09 16:02:45+00:00,15549731,67548420173,51397625507444564608797,0,55908918279613819,1.3142323114365684
2025-06-09 16:02:59+00:00,15549745,67548420174,51397625506685946827672,0,55908918279613819,1.3142323114754224
2025-06-09 16:03:42+00:00,15549788,67548420175,51397625505927329046570,0,55908918279613819,1.3142323115142762
2025-06-09 16:03:49+00:00,15549795,67548420174,51397625506927329046570,0,55908918279613819,1.3142323114692502
2025-06-09 16:03:54+00:00,15549800,67548420173,51397625507927329046570,0,55908918279613819,1.3142323114242243
2025-06-09 16:03:59+00:00,15549805,67548420186,51397625517927329046570,0,55908918290373744,1.3142323114214551
2025-06-09 16:04:04+00:00,15549810,67548420185,51397625517131270971657,0,55908918289507814,1.3142323114223542
2025-06-09 16:04:24+00:00,15549830,67548420186,51397625516372653190524,0,55908918289507814,1.314232311461208
2025-06-09 16:05:07+00:00,15549873,67548420187,51397625515614035409413,0,55908918289507814,1.314232311500062
2025-06-09 16:05:50+00:00,15549916,67548420188,51397625514855417628325,0,55908918289507814,1.3142323115389158
2025-06-09 16:05:51+00:00,15549917,67548420189,51397625514096799847259,0,55908918289507814,1.3142323115777699
2025-06-09 16:06:01+00:00,15549927,67548420253,51397625562934829347307,0,55908918342479752,1.3142323115741799
2025-06-09 16:06:06+00:00,15549932,67548420186,51397625511924982830583,0,55908918286992649,1.3142323115749346
2025-06-09 16:06:11+00:00,15549937,67548420187,51397625511924982830582,0,55908918286992649,1.3142323115943908
2025-06-09 16:06:33+00:00,15549959,67548420188,51397625511166365049548,0,55908918286992649,1.3142323116332446
2025-06-09 16:07:16+00:00,15550002,67548420187,51397625512166365049548,0,55908918286992649,1.3142323115882186
2025-06-09 16:07:16+00:00,15550002,67548420188,51397625511407747268511,0,55908918286992649,1.3142323116270724
2025-06-09 16:07:21+00:00,15550007,67548420187,51397625512407747268511,0,55908918286992649,1.3142323115820465
2025-06-09 16:07:26+00:00,15550012,67548420200,51397625522407747268511,0,55908918297752574,1.3142323115792773
2025-06-09 16:07:31+00:00,15550017,67548420199,51397625521611689193634,0,55908918296886644,1.3142323115801764
2025-06-09 16:07:59+00:00,15550045,67548420200,51397625520853071412592,0,55908918296886644,1.3142323116190304
2025-06-09 16:08:42+00:00,15550088,67548420201,51397625520094453631572,0,55908918296886644,1.3142323116578842
2025-06-09 16:09:18+00:00,15550124,67548420202,51397625519335835850575,0,55908918296886644,1.3142323116967383
2025-06-09 16:09:25+00:00,15550131,67548420203,51397625518577218069600,0,55908918296886644,1.314232311735592
2025-06-09 16:09:34+00:00,15550140,67548420136,51397625467567371555301,0,55908918241399541,1.3142323117363468
2025-06-09 16:09:39+00:00,15550145,67548420137,51397625467567371555300,0,55908918241399541,1.314232311755803
2025-06-09 16:10:07+00:00,15550173,67548420138,51397625466808753774359,0,55908918241399541,1.3142323117946568
2025-06-09 16:10:45+00:00,15550211,67548420137,51397625467808753774359,0,55908918241399541,1.3142323117496308
2025-06-09 16:10:50+00:00,15550216,67548420136,51397625468808753774359,0,55908918241399541,1.3142323117046049
2025-06-09 16:10:51+00:00,15550217,67548420137,51397625468050135993389,0,55908918241399541,1.3142323117434587
2025-06-09 16:11:00+00:00,15550226,67548420136,51397625467254077918551,0,55908918240533611,1.3142323117443577
2025-06-09 16:11:34+00:00,15550260,67548420137,51397625466495460137604,0,55908918240533611,1.3142323117832115
2025-06-09 16:12:18+00:00,15550304,67548420138,51397625465736842356679,0,55908918240533611,1.3142323118220656
2025-06-09 16:12:47+00:00,15550333,67548420139,51397625464978224575777,0,55908918240533611,1.3142323118609196
2025-06-09 16:12:58+00:00,15550344,67548420203,51397625513816254075825,0,55908918293505549,1.3142323118573296
2025-06-09 16:13:02+00:00,15550348,67548420204,51397625513057636294943,0,55908918238018446,1.3142323118961834
2025-06-09 16:13:02+00:00,15550348,67548420137,51397625462047789783037,0,55908918238018446,1.3142323118969381
2025-06-09 16:13:08+00:00,15550354,67548420138,51397625462047789783036,0,55908918238018446,1.3142323119163943
2025-06-09 16:13:44+00:00,15550390,67548420139,51397625461289172002188,0,55908918238018446,1.3142323119552481
2025-06-09 16:14:13+00:00,15550419,67548420138,51397625462289172002188,0,55908918238018446,1.3142323119102222
2025-06-09 16:14:19+00:00,15550425,67548420137,51397625463289172002188,0,55908918238018446,1.3142323118651962
2025-06-09 16:14:24+00:00,15550430,67548420150,51397625473289172002188,0,55908918248778371,1.314232311862427
2025-06-09 16:14:28+00:00,15550434,67548420151,51397625472530554221309,0,55908918248778371,1.314232311901281
2025-06-09 16:14:29+00:00,15550435,67548420150,51397625471734496146507,0,55908918247912441,1.31423231190218
2025-06-09 16:15:12+00:00,15550478,67548420151,51397625470975878365651,0,55908918247912441,1.314232311941034
2025-06-09 16:15:55+00:00,15550521,67548420152,51397625470217260584817,0,55908918247912441,1.3142323119798878
2025-06-09 16:16:17+00:00,15550543,67548420153,51397625469458642804006,0,55908918247912441,1.3142323120187418
2025-06-09 16:16:22+00:00,15550548,67548420154,51397625468700025023217,0,55908918247912441,1.3142323120575956
2025-06-09 16:16:28+00:00,15550554,67548420218,51397625517538054523265,0,55908918300884379,1.3142323120540058
2025-06-09 16:16:33+00:00,15550559,67548420151,51397625466528208013644,0,55908918245397276,1.3142323120547603
2025-06-09 16:16:38+00:00,15550564,67548420153,51397625465769590232886,0,55908918245397276,1.3142323121130706
2025-06-09 16:16:38+00:00,15550564,67548420152,51397625466528208013643,0,55908918245397276,1.3142323120742165
2025-06-09 16:17:21+00:00,15550607,67548420154,51397625465010972452152,0,55908918245397276,1.3142323121519244
2025-06-09 16:17:44+00:00,15550630,67548420153,51397625466010972452152,0,55908918245397276,1.3142323121068984
2025-06-09 16:17:49+00:00,15550635,67548420152,51397625467010972452152,0,55908918245397276,1.3142323120618724
2025-06-09 16:17:54+00:00,15550640,67548420165,51397625477010972452152,0,55908918256157201,1.3142323120591033
2025-06-09 16:17:58+00:00,15550644,67548420164,51397625476214914377385,0,55908918255291271,1.3142323120600021
2025-06-09 16:18:04+00:00,15550650,67548420165,51397625475456296596620,0,55908918255291271,1.3142323120988562
2025-06-09 16:18:47+00:00,15550693,67548420166,51397625474697678815877,0,55908918255291271,1.3142323121377102
2025-06-09 16:19:29+00:00,15550735,67548420167,51397625473939061035157,0,55908918255291271,1.314232312176564
2025-06-09 16:19:44+00:00,15550750,67548420168,51397625473180443254459,0,55908918255291271,1.314232312215418
2025-06-09 16:19:54+00:00,15550760,67548420232,51397625522018472754507,0,55908918308263209,1.314232312211828
2025-06-09 16:19:59+00:00,15550765,67548420165,51397625471008626247172,0,55908918252776106,1.3142323122125827
2025-06-09 16:20:04+00:00,15550770,67548420166,51397625471008626247171,0,55908918252776106,1.3142323122320387
2025-06-09 16:20:11+00:00,15550777,67548420167,51397625470250008466505,0,55908918252776106,1.3142323122708928
2025-06-09 16:20:55+00:00,15550821,67548420168,51397625469491390685862,0,55908918252776106,1.3142323123097466
2025-06-09 16:21:10+00:00,15550836,67548420167,51397625470491390685862,0,55908918252776106,1.3142323122647206
2025-06-09 16:21:15+00:00,15550841,67548420166,51397625471491390685862,0,55908918252776106,1.3142323122196946
2025-06-09 16:21:21+00:00,15550847,67548420179,51397625481491390685862,0,55908918263536031,1.3142323122169255
2025-06-09 16:21:26+00:00,15550852,67548420178,51397625480695332611131,0,55908918262670101,1.3142323122178245
2025-06-09 16:21:39+00:00,15550865,67548420179,51397625479936714830457,0,55908918262670101,1.3142323122566784
2025-06-09 16:22:22+00:00,15550908,67548420180,51397625479178097049806,0,55908918262670101,1.3142323122955324
2025-06-09 16:23:05+00:00,15550951,67548420181,51397625478419479269177,0,55908918262670101,1.3142323123343862
2025-06-09 16:23:13+00:00,15550959,67548420182,51397625477660861488570,0,55908918262670101,1.3142323123732402
2025-06-09 16:23:18+00:00,15550964,67548420183,51397625476902243707986,0,55908918262670101,1.3142323124120943
2025-06-09 16:23:24+00:00,15550970,67548420247,51397625525740273208034,0,55908918315642039,1.3142323124085042
2025-06-09 16:23:29+00:00,15550975,67548420180,51397625474730426703737,0,55908918260154936,1.3142323124092588
2025-06-09 16:23:34+00:00,15550980,67548420181,51397625474730426703736,0,55908918260154936,1.314232312428715
2025-06-09 16:23:47+00:00,15550993,67548420182,51397625473971808923184,0,55908918260154936,1.314232312467569
2025-06-09 16:24:30+00:00,15551036,67548420183,51397625473213191142654,0,55908918260154936,1.3142323125064228
2025-06-09 16:24:40+00:00,15551046,67548420182,51397625474213191142654,0,55908918260154936,1.3142323124613968
2025-06-09 16:24:45+00:00,15551051,67548420181,51397625475213191142654,0,55908918260154936,1.3142323124163708
2025-06-09 16:24:50+00:00,15551056,67548420194,51397625485213191142654,0,55908918270914861,1.3142323124136017
2025-06-09 16:24:55+00:00,15551061,67548420193,51397625484417133067970,0,55908918270048931,1.3142323124145008
2025-06-09 16:25:13+00:00,15551079,67548420194,51397625483658515287410,0,55908918270048931,1.3142323124533546
2025-06-09 16:25:55+00:00,15551121,67548420195,51397625482899897506872,0,55908918270048931,1.3142323124922086
2025-06-09 16:26:38+00:00,15551164,67548420196,51397625482141279726356,0,55908918270048931,1.3142323125310624
2025-06-09 16:26:41+00:00,15551167,67548420197,51397625481382661945863,0,55908918270048931,1.3142323125699165
2025-06-09 16:26:46+00:00,15551172,67548420198,51397625480624044165392,0,55908918270048931,1.3142323126087703
2025-06-09 16:26:52+00:00,15551178,67548420262,51397625529462073665440,0,55908918323020869,1.3142323126051805
2025-06-09 16:26:57+00:00,15551183,67548420195,51397625478452227164182,0,55908918267533766,1.314232312605935
2025-06-09 16:27:02+00:00,15551188,67548420196,51397625478452227164181,0,55908918267533766,1.3142323126253912
2025-06-09 16:27:21+00:00,15551207,67548420197,51397625477693609383742,0,55908918267533766,1.3142323126642452
2025-06-09 16:28:04+00:00,15551250,67548420198,51397625476934991603326,0,55908918267533766,1.314232312703099
2025-06-09 16:28:07+00:00,15551253,67548420197,51397625477934991603326,0,55908918267533766,1.314232312658073
2025-06-09 16:28:12+00:00,15551258,67548420196,51397625478934991603326,0,55908918267533766,1.314232312613047
2025-06-09 16:28:17+00:00,15551263,67548420209,51397625488934991603326,0,55908918278293691,1.314232312610278
2025-06-09 16:28:23+00:00,15551269,67548420208,51397625488138933528690,0,55908918277427761,1.3142323126111768
2025-06-09 16:28:47+00:00,15551293,67548420209,51397625487380315748243,0,55908918277427761,1.3142323126500308
2025-06-09 16:29:30+00:00,15551336,67548420210,51397625486621697967819,0,55908918277427761,1.3142323126888849
2025-06-09 16:30:07+00:00,15551373,67548420211,51397625485863080187417,0,55908918277427761,1.3142323127277387
2025-06-09 16:30:12+00:00,15551378,67548420212,51397625485104462407037,0,55908918277427761,1.3142323127665927
2025-06-09 16:30:13+00:00,15551379,67548420213,51397625484345844626680,0,55908918277427761,1.3142323128054465
2025-06-09 16:30:19+00:00,15551385,67548420277,51397625533183874126728,0,55908918330399699,1.3142323128018565
2025-06-09 16:30:24+00:00,15551390,67548420210,51397625482174027628509,0,55908918274912596,1.3142323128026112
2025-06-09 16:30:29+00:00,15551395,67548420211,51397625482174027628508,0,55908918274912596,1.3142323128220674
2025-06-09 16:30:56+00:00,15551422,67548420212,51397625481415409848183,0,55908918274912596,1.3142323128609212
2025-06-09 16:31:35+00:00,15551461,67548420211,51397625482415409848183,0,55908918274912596,1.3142323128158953
2025-06-09 16:31:40+00:00,15551466,67548420212,51397625481656792067854,0,55908918274912596,1.3142323128547493
2025-06-09 16:31:40+00:00,15551466,67548420211,51397625482656792067854,0,55908918274912596,1.314232312809723
2025-06-09 16:31:45+00:00,15551471,67548420224,51397625492656792067854,0,55908918285672521,1.3142323128069542
2025-06-09 16:31:50+00:00,15551476,67548420223,51397625491860733993265,0,55908918284806591,1.314232312807853
2025-06-09 16:32:22+00:00,15551508,67548420224,51397625491102116212932,0,55908918284806591,1.314232312846707
2025-06-09 16:33:06+00:00,15551552,67548420225,51397625490343498432621,0,55908918284806591,1.3142323128855609
2025-06-09 16:33:36+00:00,15551582,67548420226,51397625489584880652333,0,55908918284806591,1.314232312924415
2025-06-09 16:33:41+00:00,15551587,67548420227,51397625488826262872067,0,55908918284806591,1.314232312963269
2025-06-09 16:33:47+00:00,15551593,67548420291,51397625537664292372115,0,55908918337778529,1.314232312959679
2025-06-09 16:33:48+00:00,15551594,67548420292,51397625536905674591869,0,55908918337778529,1.3142323129985327
2025-06-09 16:33:57+00:00,15551603,67548420293,51397625536905674591868,0,55908918337778529,1.314232313017989
2025-06-09 16:34:31+00:00,15551637,67548420294,51397625536147056811656,0,55908918337778529,1.314232313056843
2025-06-09 16:35:04+00:00,15551670,67548420293,51397625537147056811656,0,55908918337778529,1.3142323130118168
2025-06-09 16:35:09+00:00,15551675,67548420292,51397625538147056811656,0,55908918337778529,1.3142323129667908
2025-06-09 16:35:14+00:00,15551680,67548420306,51397625547388439031414,0,55908918348538454,1.3142323130028757
2025-06-09 16:35:14+00:00,15551680,67548420293,51397625537388439031414,0,55908918348538454,1.3142323130056448
2025-06-09 16:35:20+00:00,15551686,67548420305,51397625546592380956873,0,55908918347672524,1.3142323130037745
2025-06-09 16:35:57+00:00,15551723,67548420306,51397625545833763176653,0,55908918347672524,1.3142323130426286
2025-06-09 16:36:40+00:00,15551766,67548420307,51397625545075145396455,0,55908918347672524,1.3142323130814826
2025-06-09 16:37:04+00:00,15551790,67548420308,51397625544316527616280,0,55908918347672524,1.3142323131203364
2025-06-09 16:37:09+00:00,15551795,67548420309,51397625543557909836127,0,55908918347672524,1.3142323131591904
2025-06-09 16:37:15+00:00,15551801,67548420373,51397625592395939336175,0,55908918400644462,1.3142323131556004
2025-06-09 16:37:20+00:00,15551806,67548420306,51397625541386092843280,0,55908918345157359,1.3142323131563551
2025-06-09 16:37:25+00:00,15551811,67548420307,51397625541386092843279,0,55908918345157359,1.3142323131758111
2025-06-09 16:38:08+00:00,15551854,67548420308,51397625540627475063158,0,55908918345157359,1.3142323132146652
2025-06-09 16:38:30+00:00,15551876,67548420307,51397625541627475063158,0,55908918345157359,1.3142323131696392
2025-06-09 16:38:35+00:00,15551881,67548420306,51397625542627475063158,0,55908918345157359,1.314232313124613
2025-06-09 16:38:40+00:00,15551886,67548420319,51397625552627475063158,0,55908918355917284,1.3142323131218439
2025-06-09 16:38:45+00:00,15551891,67548420318,51397625551831416988641,0,55908918355051354,1.314232313122743
2025-06-09 16:38:50+00:00,15551896,67548420319,51397625551072799208489,0,55908918355051354,1.314232313161597
2025-06-09 16:39:34+00:00,15551940,67548420320,51397625550314181428360,0,55908918355051354,1.3142323132004508
2025-06-09 16:40:17+00:00,15551983,67548420321,51397625549555563648253,0,55908918355051354,1.3142323132393048
2025-06-09 16:40:31+00:00,15551997,67548420322,51397625548796945868169,0,55908918355051354,1.3142323132781586
2025-06-09 16:40:36+00:00,15552002,67548420323,51397625548038328088107,0,55908918355051354,1.3142323133170126
2025-06-09 16:40:42+00:00,15552008,67548420387,51397625596876357588155,0,55908918408023292,1.3142323133134226
2025-06-09 16:40:47+00:00,15552013,67548420320,51397625545866511097545,0,55908918352536189,1.3142323133141773
2025-06-09 16:40:52+00:00,15552018,67548420321,51397625545866511097544,0,55908918352536189,1.3142323133336336
2025-06-09 16:41:01+00:00,15552027,67548420322,51397625545107893317514,0,55908918352536189,1.3142323133724874
2025-06-09 16:41:45+00:00,15552071,67548420323,51397625544349275537507,0,55908918352536189,1.3142323134113414
2025-06-09 16:41:57+00:00,15552083,67548420322,51397625545349275537507,0,55908918352536189,1.3142323133663152
2025-06-09 16:42:02+00:00,15552088,67548420321,51397625546349275537507,0,55908918352536189,1.3142323133212892
2025-06-09 16:42:07+00:00,15552093,67548420334,51397625556349275537507,0,55908918363296114,1.31423231331852
2025-06-09 16:42:12+00:00,15552098,67548420333,51397625555553217463037,0,55908918362430184,1.3142323133194191
2025-06-09 16:42:28+00:00,15552114,67548420334,51397625554794599682999,0,55908918362430184,1.3142323133582732
2025-06-09 16:43:11+00:00,15552157,67548420335,51397625554035981902983,0,55908918362430184,1.314232313397127
2025-06-09 16:43:54+00:00,15552200,67548420336,51397625553277364122990,0,55908918362430184,1.314232313435981
2025-06-09 16:43:56+00:00,15552202,67548420337,51397625552518746343019,0,55908918362430184,1.3142323134748348
2025-06-09 16:44:01+00:00,15552207,67548420338,51397625551760128563071,0,55908918362430184,1.3142323135136889
2025-06-09 16:44:06+00:00,15552212,67548420402,51397625600598158063119,0,55908918415402122,1.3142323135100988
2025-06-09 16:44:12+00:00,15552218,67548420335,51397625549588311575548,0,55908918359915019,1.3142323135108536
2025-06-09 16:44:17+00:00,15552223,67548420336,51397625549588311575547,0,55908918359915019,1.3142323135303096
2025-06-09 16:45:21+00:00,15552287,67548420337,51397625548829693795631,0,55908918359915019,1.3142323135691636
2025-06-09 16:45:22+00:00,15552288,67548420336,51397625549829693795631,0,55908918359915019,1.3142323135241376
2025-06-09 16:45:27+00:00,15552293,67548420335,51397625550829693795631,0,55908918359915019,1.3142323134791114
2025-06-09 16:45:32+00:00,15552298,67548420348,51397625560829693795631,0,55908918370674944,1.3142323134763425
2025-06-09 16:45:37+00:00,15552303,67548420347,51397625560033635721197,0,55908918369809014,1.3142323134772413
2025-06-09 16:46:04+00:00,15552330,67548420348,51397625559275017941250,0,55908918369809014,1.3142323135160954
2025-06-09 16:46:47+00:00,15552373,67548420349,51397625558516400161325,0,55908918369809014,1.3142323135549492
2025-06-09 16:47:23+00:00,15552409,67548420350,51397625557757782381423,0,55908918369809014,1.3142323135938032
2025-06-09 16:47:28+00:00,15552414,67548420351,51397625556999164601543,0,55908918369809014,1.3142323136326572
2025-06-09 16:47:30+00:00,15552416,67548420352,51397625556240546821686,0,55908918369809014,1.314232313671511
2025-06-09 16:47:39+00:00,15552425,67548420285,51397625505230700336540,0,55908918314321911,1.3142323136722658
2025-06-09 16:47:44+00:00,15552430,67548420286,51397625505230700336539,0,55908918314321911,1.314232313691722
2025-06-09 16:48:13+00:00,15552459,67548420287,51397625504472082556716,0,55908918314321911,1.3142323137305758
2025-06-09 16:48:49+00:00,15552495,67548420286,51397625505472082556716,0,55908918314321911,1.3142323136855498
2025-06-09 16:48:56+00:00,15552502,67548420287,51397625504713464776889,0,55908918314321911,1.3142323137244036
2025-06-09 16:48:58+00:00,15552504,67548420300,51397625514713464776889,0,55908918325081836,1.3142323137216347
2025-06-09 16:49:03+00:00,15552509,67548420299,51397625513917406702520,0,55908918324215906,1.3142323137225336
2025-06-09 16:49:39+00:00,15552545,67548420300,51397625513158788922715,0,55908918324215906,1.3142323137613876
2025-06-09 16:50:23+00:00,15552589,67548420301,51397625512400171142932,0,55908918324215906,1.3142323138002414
2025-06-09 16:50:50+00:00,15552616,67548420302,51397625511641553363172,0,55908918324215906,1.3142323138390954
2025-06-09 16:50:55+00:00,15552621,67548420303,51397625510882935583434,0,55908918324215906,1.3142323138779495
2025-06-09 16:51:00+00:00,15552626,67548420367,51397625559720965083482,0,55908918377187844,1.3142323138743595
2025-06-09 16:51:05+00:00,15552631,67548420300,51397625508711118601614,0,55908918321700741,1.314232313875114
2025-06-09 16:51:06+00:00,15552632,67548420301,51397625507952500821897,0,55908918321700741,1.314232313913968
2025-06-09 16:51:49+00:00,15552675,67548420302,51397625507193883042202,0,55908918321700741,1.314232313952822
2025-06-09 16:52:14+00:00,15552700,67548420301,51397625508193883042202,0,55908918321700741,1.3142323139077958
2025-06-09 16:52:19+00:00,15552705,67548420300,51397625509193883042202,0,55908918321700741,1.3142323138627698
2025-06-09 16:52:24+00:00,15552710,67548420313,51397625519193883042202,0,55908918332460666,1.3142323138600007
2025-06-09 16:52:29+00:00,15552715,67548420312,51397625518397824967868,0,55908918331594736,1.3142323138608998
2025-06-09 16:52:31+00:00,15552717,67548420313,51397625517639207188143,0,55908918331594736,1.3142323138997536
2025-06-09 16:53:15+00:00,15552761,67548420314,51397625516880589408440,0,55908918331594736,1.3142323139386076
2025-06-09 16:53:58+00:00,15552804,67548420315,51397625516121971628759,0,55908918331594736,1.3142323139774617
2025-06-09 16:54:12+00:00,15552818,67548420316,51397625515363353849101,0,55908918331594736,1.3142323140163155
2025-06-09 16:54:18+00:00,15552824,67548420317,51397625514604736069465,0,55908918331594736,1.3142323140551695
2025-06-09 16:54:24+00:00,15552830,67548420381,51397625563442765569513,0,55908918384566674,1.3142323140515795
2025-06-09 16:54:29+00:00,15552835,67548420314,51397625512432919090684,0,55908918329079571,1.3142323140523342
2025-06-09 16:54:34+00:00,15552840,67548420315,51397625512432919090683,0,55908918329079571,1.3142323140717902
2025-06-09 16:54:42+00:00,15552848,67548420316,51397625511674301311079,0,55908918329079571,1.3142323141106442
2025-06-09 16:55:24+00:00,15552890,67548420317,51397625510915683531498,0,55908918329079571,1.314232314149498
2025-06-09 16:55:38+00:00,15552904,67548420316,51397625511915683531498,0,55908918329079571,1.314232314104472
2025-06-09 16:55:44+00:00,15552910,67548420315,51397625512915683531498,0,55908918329079571,1.314232314059446
2025-06-09 16:55:53+00:00,15552919,67548420314,51397625512119625457214,0,55908918328213641,1.314232314060345
2025-06-09 16:56:08+00:00,15552934,67548420315,51397625511361007677604,0,55908918328213641,1.314232314099199
2025-06-09 16:56:51+00:00,15552977,67548420316,51397625510602389898016,0,55908918328213641,1.314232314138053
2025-06-09 16:57:34+00:00,15553020,67548420317,51397625509843772118451,0,55908918328213641,1.3142323141769068
2025-06-09 16:57:36+00:00,15553022,67548420318,51397625509085154338908,0,55908918328213641,1.3142323142157608
2025-06-09 16:57:41+00:00,15553027,67548420319,51397625508326536559387,0,55908918328213641,1.3142323142546146
2025-06-09 16:57:47+00:00,15553033,67548420383,51397625557164566059435,0,55908918381185579,1.3142323142510246
2025-06-09 16:57:51+00:00,15553037,67548420316,51397625506154719583752,0,55908918325698476,1.3142323142517793
2025-06-09 16:57:56+00:00,15553042,67548420317,51397625506154719583751,0,55908918325698476,1.3142323142712355
2025-06-09 16:58:17+00:00,15553063,67548420318,51397625505396101804262,0,55908918325698476,1.3142323143100894
2025-06-09 16:58:59+00:00,15553105,67548420319,51397625504637484024796,0,55908918325698476,1.3142323143489434
2025-06-09 16:58:59+00:00,15553105,67548420318,51397625505637484024796,0,55908918325698476,1.3142323143039174
2025-06-09 16:59:05+00:00,15553111,67548420317,51397625506637484024796,0,55908918325698476,1.3142323142588912
2025-06-09 16:59:15+00:00,15553121,67548420316,51397625505841425950561,0,55908918324832546,1.3142323142597903
2025-06-09 16:59:42+00:00,15553148,67548420317,51397625505082808171066,0,55908918324832546,1.3142323142986443
2025-06-09 17:00:26+00:00,15553192,67548420318,51397625504324190391593,0,55908918324832546,1.314232314337498
2025-06-09 17:01:02+00:00,15553228,67548420319,51397625503565572612143,0,55908918324832546,1.3142323143763521
2025-06-09 17:01:07+00:00,15553233,67548420320,51397625502806954832715,0,55908918324832546,1.314232314415206
2025-06-09 17:01:10+00:00,15553236,67548420321,51397625502048337053309,0,55908918324832546,1.31423231445406
2025-06-09 17:01:13+00:00,15553239,67548420385,51397625550886366553357,0,55908918377804484,1.31423231445047
2025-06-09 17:01:18+00:00,15553244,67548420318,51397625499876520080820,0,55908918322317381,1.3142323144512247
2025-06-09 17:01:23+00:00,15553249,67548420319,51397625499876520080819,0,55908918322317381,1.3142323144706807
2025-06-09 17:01:53+00:00,15553279,67548420320,51397625499117902301446,0,55908918322317381,1.3142323145095347
2025-06-09 17:02:29+00:00,15553315,67548420319,51397625500117902301446,0,55908918322317381,1.3142323144645087
2025-06-09 17:02:36+00:00,15553322,67548420320,51397625499359284522069,0,55908918322317381,1.3142323145033625
2025-06-09 17:02:38+00:00,15553324,67548420333,51397625509359284522069,0,55908918333077306,1.3142323145005936
2025-06-09 17:02:43+00:00,15553329,67548420332,51397625508563226447897,0,55908918332211376,1.3142323145014925
2025-06-09 17:03:19+00:00,15553365,67548420333,51397625507804608668541,0,55908918332211376,1.3142323145403465
2025-06-09 17:04:02+00:00,15553408,67548420334,51397625507045990889208,0,55908918332211376,1.3142323145792003
2025-06-09 17:04:29+00:00,15553435,67548420335,51397625506287373109897,0,55908918332211376,1.3142323146180543
2025-06-09 17:04:34+00:00,15553440,67548420336,51397625505528755330609,0,55908918332211376,1.3142323146569082
2025-06-09 17:04:40+00:00,15553446,67548420400,51397625554366784830657,0,55908918385183314,1.3142323146533184
2025-06-09 17:04:45+00:00,15553451,67548420334,51397625502598320582130,0,55908918329696211,1.314232314692927
2025-06-09 17:04:45+00:00,15553451,67548420333,51397625503356938361398,0,55908918329696211,1.3142323146540729
2025-06-09 17:04:50+00:00,15553456,67548420335,51397625502598320582129,0,55908918329696211,1.314232314712383
2025-06-09 17:05:28+00:00,15553494,67548420336,51397625501839702802895,0,55908918329696211,1.314232314751237
2025-06-09 17:06:02+00:00,15553528,67548420335,51397625502839702802895,0,55908918329696211,1.314232314706211
2025-06-09 17:06:07+00:00,15553533,67548420334,51397625503839702802895,0,55908918329696211,1.314232314661185
2025-06-09 17:06:13+00:00,15553539,67548420347,51397625513839702802895,0,55908918340456136,1.3142323146584158
2025-06-09 17:06:18+00:00,15553544,67548420346,51397625513043644728758,0,55908918339590206,1.3142323146593147
2025-06-09 17:06:53+00:00,15553579,67548420347,51397625512285026949493,0,55908918339590206,1.3142323146981687
2025-06-09 17:07:36+00:00,15553622,67548420348,51397625511526409170251,0,55908918339590206,1.3142323147370227
2025-06-09 17:08:05+00:00,15553651,67548420349,51397625510767791391031,0,55908918339590206,1.3142323147758765
2025-06-09 17:08:11+00:00,15553657,67548420350,51397625510009173611834,0,55908918339590206,1.3142323148147306
2025-06-09 17:08:17+00:00,15553663,67548420414,51397625558847203111882,0,55908918392562144,1.3142323148111406
2025-06-09 17:08:18+00:00,15553664,67548420415,51397625558088585332705,0,55908918392562144,1.3142323148499944
2025-06-09 17:08:27+00:00,15553673,67548420416,51397625558088585332704,0,55908918392562144,1.3142323148694506
2025-06-09 17:09:02+00:00,15553708,67548420417,51397625557329967553561,0,55908918392562144,1.3142323149083046
2025-06-09 17:09:33+00:00,15553739,67548420416,51397625558329967553561,0,55908918392562144,1.3142323148632784
2025-06-09 17:09:38+00:00,15553744,67548420415,51397625559329967553561,0,55908918392562144,1.3142323148182524
2025-06-09 17:09:43+00:00,15553749,67548420428,51397625569329967553561,0,55908918403322069,1.3142323148154833
2025-06-09 17:09:45+00:00,15553751,67548420429,51397625568571349774387,0,55908918403322069,1.3142323148543373
2025-06-09 17:09:48+00:00,15553754,67548420428,51397625567775291700298,0,55908918402456139,1.3142323148552364
2025-06-09 17:10:28+00:00,15553794,67548420429,51397625567016673921146,0,55908918402456139,1.3142323148940902
2025-06-09 17:11:12+00:00,15553838,67548420430,51397625566258056142017,0,55908918402456139,1.3142323149329442
2025-06-09 17:11:36+00:00,15553862,67548420431,51397625565499438362910,0,55908918402456139,1.314232314971798
2025-06-09 17:11:41+00:00,15553867,67548420432,51397625564740820583826,0,55908918402456139,1.314232315010652
2025-06-09 17:11:47+00:00,15553873,67548420496,51397625613578850083874,0,55908918455428077,1.314232315007062
2025-06-09 17:11:52+00:00,15553878,67548420429,51397625562569003619939,0,55908918399940974,1.3142323150078168
2025-06-09 17:11:55+00:00,15553881,67548420430,51397625561810385840876,0,55908918399940974,1.3142323150466706
2025-06-09 17:11:57+00:00,15553883,67548420431,51397625561810385840875,0,55908918399940974,1.3142323150661268
2025-06-09 17:12:37+00:00,15553923,67548420432,51397625561051768061845,0,55908918399940974,1.3142323151049808
2025-06-09 17:13:01+00:00,15553947,67548420431,51397625562051768061845,0,55908918399940974,1.3142323150599546
2025-06-09 17:13:06+00:00,15553952,67548420430,51397625563051768061845,0,55908918399940974,1.3142323150149287
2025-06-09 17:13:11+00:00,15553957,67548420443,51397625573051768061845,0,55908918410700899,1.3142323150121595
2025-06-09 17:13:16+00:00,15553962,67548420442,51397625572255709987791,0,55908918409834969,1.3142323150130586
2025-06-09 17:14:02+00:00,15554008,67548420443,51397625571497092208731,0,55908918409834969,1.3142323150519124
2025-06-09 17:14:44+00:00,15554050,67548420444,51397625570738474429693,0,55908918409834969,1.3142323150907664
2025-06-09 17:15:06+00:00,15554072,67548420445,51397625569979856650677,0,55908918409834969,1.3142323151296205
2025-06-09 17:15:11+00:00,15554077,67548420446,51397625569221238871684,0,55908918409834969,1.3142323151684743
2025-06-09 17:15:17+00:00,15554083,67548420510,51397625618059268371732,0,55908918462806907,1.3142323151648843
2025-06-09 17:15:23+00:00,15554089,67548420443,51397625567049421910082,0,55908918407319804,1.314232315165639
2025-06-09 17:15:27+00:00,15554093,67548420444,51397625566290804131110,0,55908918407319804,1.314232315204493
2025-06-09 17:15:28+00:00,15554094,67548420445,51397625566290804131109,0,55908918407319804,1.314232315223949
2025-06-09 17:16:10+00:00,15554136,67548420446,51397625565532186352170,0,55908918407319804,1.314232315262803
2025-06-09 17:16:34+00:00,15554160,67548420445,51397625566532186352170,0,55908918407319804,1.314232315217777
2025-06-09 17:16:39+00:00,15554165,67548420444,51397625567532186352170,0,55908918407319804,1.3142323151727509
2025-06-09 17:16:45+00:00,15554171,67548420457,51397625577532186352170,0,55908918418079729,1.3142323151699817
2025-06-09 17:16:50+00:00,15554176,67548420456,51397625576736128278152,0,55908918417213799,1.3142323151708808
2025-06-09 17:17:36+00:00,15554222,67548420457,51397625575977510499183,0,55908918417213799,1.3142323152097348
2025-06-09 17:18:20+00:00,15554266,67548420458,51397625575218892720236,0,55908918417213799,1.3142323152485886
2025-06-09 17:18:38+00:00,15554284,67548420459,51397625574460274941312,0,55908918417213799,1.3142323152874427
2025-06-09 17:18:43+00:00,15554289,67548420460,51397625573701657162410,0,55908918417213799,1.3142323153262965
2025-06-09 17:18:49+00:00,15554295,67548420524,51397625622539686662458,0,55908918470185737,1.3142323153227067
2025-06-09 17:18:59+00:00,15554305,67548420525,51397625622539686662457,0,55908918470185737,1.3142323153421627
2025-06-09 17:19:03+00:00,15554309,67548420526,51397625621781068883587,0,55908918470185737,1.3142323153810167
2025-06-09 17:19:46+00:00,15554352,67548420527,51397625621022451104739,0,55908918470185737,1.3142323154198705
2025-06-09 17:20:03+00:00,15554369,67548420526,51397625622022451104739,0,55908918470185737,1.3142323153748445
2025-06-09 17:20:09+00:00,15554375,67548420525,51397625623022451104739,0,55908918470185737,1.3142323153298185
2025-06-09 17:20:14+00:00,15554380,67548420538,51397625633022451104739,0,55908918480945662,1.3142323153270494
2025-06-09 17:20:19+00:00,15554385,67548420537,51397625632226393030757,0,55908918480079732,1.3142323153279485
2025-06-09 17:20:29+00:00,15554395,67548420538,51397625631467775251878,0,55908918480079732,1.3142323153668023
2025-06-09 17:21:13+00:00,15554439,67548420539,51397625630709157473022,0,55908918480079732,1.3142323154056563
2025-06-09 17:21:56+00:00,15554482,67548420540,51397625629950539694188,0,55908918480079732,1.3142323154445101
2025-06-09 17:22:06+00:00,15554492,67548420541,51397625629191921915377,0,55908918480079732,1.3142323154833642
2025-06-09 17:22:11+00:00,15554497,67548420542,51397625628433304136588,0,55908918480079732,1.314232315522218
2025-06-09 17:22:17+00:00,15554503,67548420606,51397625677271333636636,0,55908918533051670,1.3142323155186282
2025-06-09 17:22:23+00:00,15554509,67548420539,51397625626261487180311,0,55908918477564567,1.3142323155193827
2025-06-09 17:22:28+00:00,15554514,67548420540,51397625626261487180310,0,55908918477564567,1.314232315538839
2025-06-09 17:22:38+00:00,15554524,67548420541,51397625625502869401553,0,55908918477564567,1.314232315577693
2025-06-09 17:23:22+00:00,15554568,67548420542,51397625624744251622819,0,55908918477564567,1.3142323156165467
2025-06-09 17:23:35+00:00,15554581,67548420541,51397625625744251622819,0,55908918477564567,1.3142323155715208
2025-06-09 17:23:45+00:00,15554591,67548420554,51397625635744251622819,0,55908918488324492,1.3142323155687516
2025-06-09 17:23:50+00:00,15554596,67548420553,51397625634948193548900,0,55908918487458562,1.3142323155696507
2025-06-09 17:24:04+00:00,15554610,67548420554,51397625634189575770161,0,55908918487458562,1.3142323156085045
2025-06-09 17:24:46+00:00,15554652,67548420555,51397625633430957991444,0,55908918487458562,1.3142323156473585
2025-06-09 17:25:30+00:00,15554696,67548420556,51397625632672340212750,0,55908918487458562,1.3142323156862123
2025-06-09 17:25:40+00:00,15554706,67548420557,51397625631913722434078,0,55908918487458562,1.3142323157250664
2025-06-09 17:25:51+00:00,15554717,67548420621,51397625680751751934126,0,55908918540430500,1.3142323157214764
2025-06-09 17:25:56+00:00,15554722,67548420554,51397625629741905481079,0,55908918484943397,1.314232315722231
2025-06-09 17:26:00+00:00,15554726,67548420555,51397625629741905481078,0,55908918484943397,1.3142323157416873
2025-06-09 17:26:14+00:00,15554740,67548420556,51397625628983287702438,0,55908918484943397,1.3142323157805411
2025-06-09 17:26:57+00:00,15554783,67548420557,51397625628224669923821,0,55908918484943397,1.3142323158193951
2025-06-09 17:27:06+00:00,15554792,67548420556,51397625629224669923821,0,55908918484943397,1.314232315774369
2025-06-09 17:27:11+00:00,15554797,67548420555,51397625630224669923821,0,55908918484943397,1.314232315729343
2025-06-09 17:27:16+00:00,15554802,67548420568,51397625640224669923821,0,55908918495703322,1.3142323157265738
2025-06-09 17:27:21+00:00,15554807,67548420567,51397625639428611849937,0,55908918494837392,1.314232315727473
2025-06-09 17:27:40+00:00,15554826,67548420568,51397625638669994071289,0,55908918494837392,1.314232315766327
2025-06-09 17:28:24+00:00,15554870,67548420569,51397625637911376292663,0,55908918494837392,1.3142323158051807
2025-06-09 17:29:06+00:00,15554912,67548420570,51397625637152758514060,0,55908918494837392,1.3142323158440348
2025-06-09 17:29:06+00:00,15554912,67548420571,51397625636394140735479,0,55908918494837392,1.3142323158828886
2025-06-09 17:29:12+00:00,15554918,67548420572,51397625635635522956921,0,55908918494837392,1.3142323159217426
2025-06-09 17:29:18+00:00,15554924,67548420636,51397625684473552456969,0,55908918547809330,1.3142323159181526
2025-06-09 17:29:23+00:00,15554929,67548420569,51397625633463706006960,0,55908918492322227,1.3142323159189073
2025-06-09 17:29:28+00:00,15554934,67548420570,51397625633463706006959,0,55908918492322227,1.3142323159383635
2025-06-09 17:29:49+00:00,15554955,67548420571,51397625632705088228433,0,55908918492322227,1.3142323159772173
2025-06-09 17:30:33+00:00,15554999,67548420572,51397625631946470449929,0,55908918492322227,1.3142323160160714
2025-06-09 17:30:35+00:00,15555001,67548420571,51397625632946470449929,0,55908918492322227,1.3142323159710452
2025-06-09 17:30:40+00:00,15555006,67548420570,51397625633946470449929,0,55908918492322227,1.3142323159260192
2025-06-09 17:30:45+00:00,15555011,67548420583,51397625643946470449929,0,55908918503082152,1.31423231592325
2025-06-09 17:30:50+00:00,15555016,67548420582,51397625643150412376093,0,55908918502216222,1.3142323159241491
2025-06-09 17:31:18+00:00,15555044,67548420583,51397625642391794597559,0,55908918502216222,1.314232315963003
2025-06-09 17:32:02+00:00,15555088,67548420584,51397625641633176819047,0,55908918502216222,1.314232316001857
2025-06-09 17:32:36+00:00,15555122,67548420585,51397625640874559040557,0,55908918502216222,1.314232316040711
2025-06-09 17:32:40+00:00,15555126,67548420586,51397625640115941262090,0,55908918502216222,1.3142323160795648
2025-06-09 17:32:44+00:00,15555130,67548420587,51397625639357323483645,0,55908918502216222,1.3142323161184188
2025-06-09 17:32:46+00:00,15555132,67548420651,51397625688195352983693,0,55908918555188160,1.3142323161148288
2025-06-09 17:32:51+00:00,15555137,67548420584,51397625637185506536723,0,55908918499701057,1.3142323161155836
2025-06-09 17:32:56+00:00,15555142,67548420585,51397625637185506536722,0,55908918499701057,1.3142323161350395
2025-06-09 17:33:28+00:00,15555174,67548420586,51397625636426888758309,0,55908918499701057,1.3142323161738936
2025-06-09 17:34:01+00:00,15555207,67548420585,51397625637426888758309,0,55908918499701057,1.3142323161288676
2025-06-09 17:34:06+00:00,15555212,67548420584,51397625638426888758309,0,55908918499701057,1.3142323160838414
2025-06-09 17:34:11+00:00,15555217,67548420597,51397625648426888758309,0,55908918510460982,1.3142323160810725
2025-06-09 17:34:12+00:00,15555218,67548420598,51397625647668270979865,0,55908918510460982,1.3142323161199263
2025-06-09 17:34:17+00:00,15555223,67548420597,51397625646872212906076,0,55908918509595052,1.3142323161208254
2025-06-09 17:34:55+00:00,15555261,67548420598,51397625646113595127655,0,55908918509595052,1.3142323161596792
2025-06-09 17:35:40+00:00,15555306,67548420599,51397625645354977349256,0,55908918509595052,1.3142323161985332
2025-06-09 17:36:03+00:00,15555329,67548420600,51397625644596359570880,0,55908918509595052,1.314232316237387
2025-06-09 17:36:08+00:00,15555334,67548420601,51397625643837741792526,0,55908918509595052,1.314232316276241
2025-06-09 17:36:14+00:00,15555340,67548420665,51397625692675771292574,0,55908918562566990,1.314232316272651
2025-06-09 17:36:20+00:00,15555346,67548420598,51397625641665924847889,0,55908918507079887,1.3142323162734058
2025-06-09 17:36:25+00:00,15555351,67548420599,51397625641665924847888,0,55908918507079887,1.314232316292862
2025-06-09 17:37:06+00:00,15555392,67548420600,51397625640907307069566,0,55908918507079887,1.3142323163317158
2025-06-09 17:37:31+00:00,15555417,67548420599,51397625641907307069566,0,55908918507079887,1.3142323162866898
2025-06-09 17:37:36+00:00,15555422,67548420598,51397625642907307069566,0,55908918507079887,1.3142323162416638
2025-06-09 17:37:41+00:00,15555427,67548420611,51397625652907307069566,0,55908918517839812,1.3142323162388947
2025-06-09 17:37:46+00:00,15555432,67548420610,51397625652111248995801,0,55908918516973882,1.3142323162397935
2025-06-09 17:37:49+00:00,15555435,67548420611,51397625651352631217449,0,55908918516973882,1.3142323162786476
2025-06-09 17:38:33+00:00,15555479,67548420612,51397625650594013439119,0,55908918516973882,1.3142323163175016
2025-06-09 17:39:16+00:00,15555522,67548420613,51397625649835395660812,0,55908918516973882,1.3142323163563554
2025-06-09 17:39:33+00:00,15555539,67548420614,51397625649076777882527,0,55908918516973882,1.3142323163952094
2025-06-09 17:39:38+00:00,15555544,67548420615,51397625648318160104264,0,55908918516973882,1.3142323164340632
2025-06-09 17:39:44+00:00,15555550,67548420679,51397625697156189604312,0,55908918569945820,1.3142323164304732
2025-06-09 17:39:49+00:00,15555555,67548420612,51397625646146343161913,0,55908918514458717,1.314232316431228
2025-06-09 17:39:54+00:00,15555560,67548420613,51397625646146343161912,0,55908918514458717,1.3142323164506842
2025-06-09 17:39:59+00:00,15555565,67548420614,51397625645387725383681,0,55908918514458717,1.314232316489538
2025-06-09 17:40:43+00:00,15555609,67548420615,51397625644629107605473,0,55908918514458717,1.314232316528392
2025-06-09 17:40:59+00:00,15555625,67548420614,51397625645629107605473,0,55908918514458717,1.314232316483366
2025-06-09 17:41:04+00:00,15555630,67548420613,51397625646629107605473,0,55908918514458717,1.3142323164383398
2025-06-09 17:41:09+00:00,15555635,67548420626,51397625656629107605473,0,55908918525218642,1.314232316435571
2025-06-09 17:41:15+00:00,15555641,67548420625,51397625655833049531755,0,55908918524352712,1.3142323164364698
2025-06-09 17:41:28+00:00,15555654,67548420626,51397625655074431753516,0,55908918524352712,1.3142323164753238
2025-06-09 17:42:11+00:00,15555697,67548420627,51397625654315813975300,0,55908918524352712,1.3142323165141776
2025-06-09 17:42:55+00:00,15555741,67548420628,51397625653557196197106,0,55908918524352712,1.3142323165530316
2025-06-09 17:43:00+00:00,15555746,67548420629,51397625652798578418935,0,55908918524352712,1.3142323165918857
2025-06-09 17:43:05+00:00,15555751,67548420630,51397625652039960640786,0,55908918524352712,1.3142323166307395
2025-06-09 17:43:11+00:00,15555757,67548420694,51397625700877990140834,0,55908918577324650,1.3142323166271495
2025-06-09 17:43:17+00:00,15555763,67548420627,51397625649868143701474,0,55908918521837547,1.3142323166279042
2025-06-09 17:43:22+00:00,15555768,67548420628,51397625649868143701473,0,55908918521837547,1.3142323166473604
2025-06-09 17:43:37+00:00,15555783,67548420629,51397625649109525923356,0,55908918521837547,1.3142323166862142
2025-06-09 17:44:21+00:00,15555827,67548420630,51397625648350908145261,0,55908918521837547,1.3142323167250682
2025-06-09 17:44:27+00:00,15555833,67548420629,51397625649350908145261,0,55908918521837547,1.3142323166800423
2025-06-09 17:44:32+00:00,15555838,67548420628,51397625650350908145261,0,55908918521837547,1.314232316635016
2025-06-09 17:44:37+00:00,15555843,67548420641,51397625660350908145261,0,55908918532597472,1.314232316632247
2025-06-09 17:44:42+00:00,15555848,67548420640,51397625659554850071591,0,55908918531731542,1.314232316633146
2025-06-09 17:45:04+00:00,15555870,67548420641,51397625658796232293466,0,55908918531731542,1.314232316672
2025-06-09 17:45:47+00:00,15555913,67548420642,51397625658037614515363,0,55908918531731542,1.3142323167108538
2025-06-09 17:46:29+00:00,15555955,67548420643,51397625657278996737283,0,55908918531731542,1.3142323167497079
2025-06-09 17:46:31+00:00,15555957,67548420644,51397625656520378959225,0,55908918531731542,1.3142323167885617
2025-06-09 17:46:34+00:00,15555960,67548420645,51397625655761761181189,0,55908918531731542,1.3142323168274157
2025-06-09 17:46:40+00:00,15555966,67548420709,51397625704599790681237,0,55908918584703480,1.3142323168238257
2025-06-09 17:46:49+00:00,15555975,67548420710,51397625704599790681236,0,55908918584703480,1.314232316843282
2025-06-09 17:47:14+00:00,15556000,67548420711,51397625703841172903232,0,55908918584703480,1.3142323168821357
2025-06-09 17:47:53+00:00,15556039,67548420710,51397625704841172903232,0,55908918584703480,1.3142323168371097
2025-06-09 17:47:57+00:00,15556043,67548420711,51397625704082555125224,0,55908918584703480,1.3142323168759638
2025-06-09 17:48:02+00:00,15556048,67548420724,51397625714082555125224,0,55908918595463405,1.3142323168731946
2025-06-09 17:48:07+00:00,15556053,67548420723,51397625713286497051617,0,55908918594597475,1.3142323168740935
2025-06-09 17:48:40+00:00,15556086,67548420724,51397625712527879273631,0,55908918594597475,1.3142323169129475
2025-06-09 17:49:24+00:00,15556130,67548420725,51397625711769261495667,0,55908918594597475,1.3142323169518015
2025-06-09 17:49:52+00:00,15556158,67548420726,51397625711010643717726,0,55908918594597475,1.3142323169906553
2025-06-09 17:49:57+00:00,15556163,67548420727,51397625710252025939807,0,55908918594597475,1.3142323170295094
2025-06-09 17:50:04+00:00,15556170,67548420791,51397625759090055439855,0,55908918647569413,1.3142323170259194
2025-06-09 17:50:09+00:00,15556175,67548420724,51397625708080209006811,0,55908918592082310,1.314232317026674
2025-06-09 17:50:14+00:00,15556180,67548420725,51397625708080209006810,0,55908918592082310,1.31423231704613
2025-06-09 17:50:53+00:00,15556219,67548420726,51397625707321591228923,0,55908918592082310,1.3142323170849841
2025-06-09 17:51:20+00:00,15556246,67548420725,51397625708321591228923,0,55908918592082310,1.3142323170399581
2025-06-09 17:51:25+00:00,15556251,67548420724,51397625709321591228923,0,55908918592082310,1.314232316994932
2025-06-09 17:51:30+00:00,15556256,67548420737,51397625719321591228923,0,55908918602842235,1.314232316992163
2025-06-09 17:51:36+00:00,15556262,67548420736,51397625718525533155340,0,55908918601976305,1.3142323169930619
2025-06-09 17:51:38+00:00,15556264,67548420737,51397625717766915377423,0,55908918601976305,1.314232317031916
2025-06-09 17:52:23+00:00,15556309,67548420738,51397625717008297599528,0,55908918601976305,1.3142323170707697
2025-06-09 17:53:06+00:00,15556352,67548420739,51397625716249679821655,0,55908918601976305,1.3142323171096237
2025-06-09 17:53:20+00:00,15556366,67548420740,51397625715491062043805,0,55908918601976305,1.3142323171484775
2025-06-09 17:53:25+00:00,15556371,67548420741,51397625714732444265977,0,55908918601976305,1.3142323171873316
2025-06-09 17:53:31+00:00,15556377,67548420805,51397625763570473766025,0,55908918654948243,1.3142323171837416
2025-06-09 17:53:36+00:00,15556382,67548420738,51397625712560627335267,0,55908918599461140,1.3142323171844963
2025-06-09 17:53:41+00:00,15556387,67548420739,51397625712560627335266,0,55908918599461140,1.3142323172039525
2025-06-09 17:53:49+00:00,15556395,67548420740,51397625711802009557470,0,55908918599461140,1.3142323172428063
2025-06-09 17:54:33+00:00,15556439,67548420741,51397625711043391779697,0,55908918599461140,1.3142323172816603
2025-06-09 17:54:44+00:00,15556450,67548420740,51397625712043391779697,0,55908918599461140,1.3142323172366341
2025-06-09 17:54:49+00:00,15556455,67548420739,51397625713043391779697,0,55908918599461140,1.3142323171916082
2025-06-09 17:54:54+00:00,15556460,67548420752,51397625723043391779697,0,55908918610221065,1.314232317188839
2025-06-09 17:54:59+00:00,15556465,67548420751,51397625722247333706161,0,55908918609355135,1.314232317189738
2025-06-09 17:55:17+00:00,15556483,67548420752,51397625721488715928357,0,55908918609355135,1.3142323172285921
2025-06-09 17:56:02+00:00,15556528,67548420753,51397625720730098150575,0,55908918609355135,1.314232317267446
2025-06-09 17:56:44+00:00,15556570,67548420754,51397625719971480372816,0,55908918609355135,1.3142323173063
2025-06-09 17:56:46+00:00,15556572,67548420755,51397625719212862595079,0,55908918609355135,1.3142323173451538
2025-06-09 17:56:49+00:00,15556575,67548420756,51397625718454244817365,0,55908918609355135,1.3142323173840078
2025-06-09 17:56:55+00:00,15556581,67548420820,51397625767292274317413,0,55908918662327073,1.3142323173804178
2025-06-09 17:57:00+00:00,15556586,67548420753,51397625716282427889693,0,55908918606839970,1.3142323173811725
2025-06-09 17:57:06+00:00,15556592,67548420754,51397625716282427889692,0,55908918606839970,1.3142323174006287
2025-06-09 17:57:30+00:00,15556616,67548420755,51397625715523810112010,0,55908918606839970,1.3142323174394825
2025-06-09 17:58:11+00:00,15556657,67548420754,51397625716523810112010,0,55908918606839970,1.3142323173944566
2025-06-09 17:58:14+00:00,15556660,67548420755,51397625715765192334324,0,55908918606839970,1.3142323174333104
2025-06-09 17:58:16+00:00,15556662,67548420754,51397625716765192334324,0,55908918606839970,1.3142323173882844
2025-06-09 17:58:21+00:00,15556667,67548420767,51397625726765192334324,0,55908918617599895,1.3142323173855153
2025-06-09 17:58:26+00:00,15556672,67548420766,51397625725969134260836,0,55908918616733965,1.3142323173864143
2025-06-09 17:58:58+00:00,15556704,67548420767,51397625725210516483146,0,55908918616733965,1.3142323174252681
2025-06-09 17:59:42+00:00,15556748,67548420768,51397625724451898705478,0,55908918616733965,1.3142323174641222
2025-06-09 18:00:12+00:00,15556778,67548420769,51397625723693280927832,0,55908918616733965,1.3142323175029762
2025-06-09 18:00:18+00:00,15556784,67548420770,51397625722934663150209,0,55908918616733965,1.31423231754183
2025-06-09 18:00:24+00:00,15556790,67548420834,51397625771772692650257,0,55908918669705903,1.31423231753824
2025-06-09 18:00:30+00:00,15556796,67548420767,51397625720762846224823,0,55908918614218800,1.3142323175389947
2025-06-09 18:00:35+00:00,15556801,67548420768,51397625720762846224822,0,55908918614218800,1.314232317558451
2025-06-09 18:01:12+00:00,15556838,67548420769,51397625720004228447231,0,55908918614218800,1.3142323175973047
2025-06-09 18:01:42+00:00,15556868,67548420768,51397625721004228447231,0,55908918614218800,1.3142323175522788
2025-06-09 18:01:47+00:00,15556873,67548420767,51397625722004228447231,0,55908918614218800,1.3142323175072528
2025-06-09 18:01:52+00:00,15556878,67548420780,51397625732004228447231,0,55908918624978725,1.3142323175044837
2025-06-09 18:01:56+00:00,15556882,67548420781,51397625731245610669609,0,55908918624978725,1.3142323175433377
2025-06-09 18:01:57+00:00,15556883,67548420780,51397625730449552596156,0,55908918624112795,1.3142323175442365
2025-06-09 18:02:40+00:00,15556926,67548420781,51397625729690934818557,0,55908918624112795,1.3142323175830906
2025-06-09 18:03:24+00:00,15556970,67548420782,51397625728932317040980,0,55908918624112795,1.3142323176219444
2025-06-09 18:03:42+00:00,15556988,67548420783,51397625728173699263426,0,55908918624112795,1.3142323176607984
2025-06-09 18:03:47+00:00,15556993,67548420784,51397625727415081485894,0,55908918624112795,1.3142323176996522
2025-06-09 18:03:52+00:00,15556998,67548420848,51397625776253110985942,0,55908918677084733,1.3142323176960624
2025-06-09 18:03:57+00:00,15557003,67548420781,51397625725243264562794,0,55908918621597630,1.314232317696817
2025-06-09 18:04:02+00:00,15557008,67548420782,51397625725243264562793,0,55908918621597630,1.3142323177162731
2025-06-09 18:04:08+00:00,15557014,67548420783,51397625724484646785293,0,55908918621597630,1.3142323177551272
2025-06-09 18:04:51+00:00,15557057,67548420784,51397625723726029007815,0,55908918621597630,1.314232317793981
2025-06-09 18:05:05+00:00,15557071,67548420783,51397625724726029007815,0,55908918621597630,1.314232317748955
2025-06-09 18:05:11+00:00,15557077,67548420782,51397625725726029007815,0,55908918621597630,1.314232317703929
2025-06-09 18:05:16+00:00,15557082,67548420795,51397625735726029007815,0,55908918632357555,1.31423231770116
2025-06-09 18:05:21+00:00,15557087,67548420794,51397625734929970934398,0,55908918631491625,1.3142323177020587
2025-06-09 18:05:36+00:00,15557102,67548420795,51397625734171353156890,0,55908918631491625,1.3142323177409128
2025-06-09 18:06:19+00:00,15557145,67548420796,51397625733412735379404,0,55908918631491625,1.3142323177797668
2025-06-09 18:07:01+00:00,15557187,67548420797,51397625732654117601941,0,55908918631491625,1.3142323178186206
2025-06-09 18:07:11+00:00,15557197,67548420798,51397625731895499824500,0,55908918631491625,1.3142323178574746
2025-06-09 18:07:16+00:00,15557202,67548420799,51397625731136882047081,0,55908918631491625,1.3142323178963284
2025-06-09 18:07:23+00:00,15557209,67548420863,51397625779974911547129,0,55908918684463563,1.3142323178927384
2025-06-09 18:07:28+00:00,15557214,67548420796,51397625728965065127019,0,55908918628976460,1.3142323178934932
2025-06-09 18:07:34+00:00,15557220,67548420797,51397625728965065127018,0,55908918628976460,1.3142323179129494
2025-06-09 18:07:45+00:00,15557231,67548420798,51397625728206447349632,0,55908918628976460,1.3142323179518032
2025-06-09 18:08:27+00:00,15557273,67548420799,51397625727447829572268,0,55908918628976460,1.3142323179906572
2025-06-09 18:08:40+00:00,15557286,67548420798,51397625728447829572268,0,55908918628976460,1.3142323179456312
2025-06-09 18:08:45+00:00,15557291,67548420797,51397625729447829572268,0,55908918628976460,1.314232317900605
2025-06-09 18:08:50+00:00,15557296,67548420810,51397625739447829572268,0,55908918639736385,1.3142323178978361
2025-06-09 18:08:55+00:00,15557301,67548420809,51397625738651771498898,0,55908918638870455,1.314232317898735
2025-06-09 18:09:11+00:00,15557317,67548420810,51397625737893153721503,0,55908918638870455,1.314232317937589
2025-06-09 18:09:54+00:00,15557360,67548420811,51397625737134535944131,0,55908918638870455,1.3142323179764428
2025-06-09 18:10:37+00:00,15557403,67548420812,51397625736375918166781,0,55908918638870455,1.3142323180152968
2025-06-09 18:10:41+00:00,15557407,67548420813,51397625735617300389454,0,55908918638870455,1.3142323180541509
2025-06-09 18:10:46+00:00,15557412,67548420814,51397625734858682612149,0,55908918638870455,1.3142323180930047
2025-06-09 18:10:52+00:00,15557418,67548420878,51397625783696712112197,0,55908918691842393,1.3142323180894147
2025-06-09 18:10:57+00:00,15557423,67548420811,51397625732686865695126,0,55908918636355290,1.3142323180901694
2025-06-09 18:11:02+00:00,15557428,67548420812,51397625732686865695125,0,55908918636355290,1.3142323181096256
2025-06-09 18:11:21+00:00,15557447,67548420813,51397625731928247917852,0,55908918636355290,1.3142323181484794
2025-06-09 18:12:05+00:00,15557491,67548420814,51397625731169630140601,0,55908918636355290,1.3142323181873334
2025-06-09 18:12:07+00:00,15557493,67548420813,51397625732169630140601,0,55908918636355290,1.3142323181423075
2025-06-09 18:12:12+00:00,15557498,67548420812,51397625733169630140601,0,55908918636355290,1.3142323180972812
2025-06-09 18:12:18+00:00,15557504,67548420825,51397625743169630140601,0,55908918647115215,1.3142323180945121
2025-06-09 18:12:23+00:00,15557509,67548420824,51397625742373572067279,0,55908918646249285,1.3142323180954112
2025-06-09 18:12:48+00:00,15557534,67548420825,51397625741614954289998,0,55908918646249285,1.3142323181342652
2025-06-09 18:13:31+00:00,15557577,67548420826,51397625740856336512739,0,55908918646249285,1.314232318173119
2025-06-09 18:14:07+00:00,15557613,67548420827,51397625740097718735503,0,55908918646249285,1.314232318211973
2025-06-09 18:14:13+00:00,15557619,67548420828,51397625739339100958289,0,55908918646249285,1.3142323182508269
2025-06-09 18:14:19+00:00,15557625,67548420892,51397625788177130458337,0,55908918699221223,1.3142323182472369
2025-06-09 18:14:24+00:00,15557630,67548420825,51397625737167284043551,0,55908918643734120,1.3142323182479916
2025-06-09 18:14:29+00:00,15557635,67548420826,51397625737167284043550,0,55908918643734120,1.3142323182674478
2025-06-09 18:14:59+00:00,15557665,67548420827,51397625736408666266368,0,55908918643734120,1.3142323183063018
2025-06-09 18:15:34+00:00,15557700,67548420826,51397625737408666266368,0,55908918643734120,1.3142323182612756
2025-06-09 18:15:39+00:00,15557705,67548420825,51397625738408666266368,0,55908918643734120,1.3142323182162496
2025-06-09 18:15:45+00:00,15557711,67548420838,51397625748408666266368,0,55908918654494045,1.3142323182134805
2025-06-09 18:15:50+00:00,15557716,67548420837,51397625747612608193070,0,55908918653628115,1.3142323182143796
2025-06-09 18:16:26+00:00,15557752,67548420838,51397625746853990415857,0,55908918653628115,1.3142323182532334
2025-06-09 18:17:11+00:00,15557797,67548420839,51397625746095372638667,0,55908918653628115,1.3142323182920874
2025-06-09 18:17:35+00:00,15557821,67548420840,51397625745336754861499,0,55908918653628115,1.3142323183309412
2025-06-09 18:17:40+00:00,15557826,67548420841,51397625744578137084354,0,55908918653628115,1.3142323183697953
2025-06-09 18:17:46+00:00,15557832,67548420905,51397625793416166584402,0,55908918706600053,1.3142323183662052
2025-06-09 18:17:51+00:00,15557837,67548420838,51397625742406320171149,0,55908918651112950,1.31423231836696
2025-06-09 18:17:55+00:00,15557841,67548420839,51397625741647702394025,0,55908918651112950,1.314232318405814
2025-06-09 18:17:56+00:00,15557842,67548420840,51397625741647702394024,0,55908918651112950,1.31423231842527
2025-06-09 18:18:40+00:00,15557886,67548420841,51397625740889084616933,0,55908918651112950,1.314232318464124
2025-06-09 18:19:01+00:00,15557907,67548420840,51397625741889084616933,0,55908918651112950,1.3142323184190978
2025-06-09 18:19:06+00:00,15557912,67548420839,51397625742889084616933,0,55908918651112950,1.3142323183740718
2025-06-09 18:19:12+00:00,15557918,67548420852,51397625752889084616933,0,55908918661872875,1.3142323183713027
2025-06-09 18:19:17+00:00,15557923,67548420851,51397625752093026543670,0,55908918661006945,1.3142323183722018
2025-06-09 18:19:22+00:00,15557928,67548420852,51397625751334408766549,0,55908918661006945,1.3142323184110558
2025-06-09 18:20:06+00:00,15557972,67548420853,51397625750575790989450,0,55908918661006945,1.3142323184499096
2025-06-09 18:20:50+00:00,15558016,67548420854,51397625749817173212373,0,55908918661006945,1.3142323184887637
2025-06-09 18:21:02+00:00,15558028,67548420855,51397625749058555435319,0,55908918661006945,1.3142323185276175
2025-06-09 18:21:07+00:00,15558033,67548420856,51397625748299937658287,0,55908918661006945,1.3142323185664715
2025-06-09 18:21:13+00:00,15558039,67548420920,51397625797137967158335,0,55908918713978883,1.3142323185628815
2025-06-09 18:21:18+00:00,15558044,67548420853,51397625746128120748121,0,55908918658491780,1.3142323185636362
2025-06-09 18:21:23+00:00,15558049,67548420854,51397625746128120748120,0,55908918658491780,1.3142323185830924
2025-06-09 18:21:34+00:00,15558060,67548420855,51397625745369502971120,0,55908918658491780,1.3142323186219462
2025-06-09 18:22:18+00:00,15558104,67548420856,51397625744610885194143,0,55908918658491780,1.3142323186608003
2025-06-09 18:22:27+00:00,15558113,67548420855,51397625745610885194143,0,55908918658491780,1.314232318615774
2025-06-09 18:22:32+00:00,15558118,67548420854,51397625746610885194143,0,55908918658491780,1.314232318570748
2025-06-09 18:22:37+00:00,15558123,67548420867,51397625756610885194143,0,55908918669251705,1.314232318567979
2025-06-09 18:22:42+00:00,15558128,67548420866,51397625755814827120928,0,55908918668385775,1.314232318568878
2025-06-09 18:23:00+00:00,15558146,67548420867,51397625755056209343920,0,55908918668385775,1.3142323186077318
2025-06-09 18:23:43+00:00,15558189,67548420868,51397625754297591566935,0,55908918668385775,1.3142323186465859
2025-06-09 18:24:24+00:00,15558230,67548420869,51397625753538973789972,0,55908918668385775,1.3142323186854399
2025-06-09 18:24:26+00:00,15558232,67548420870,51397625752780356013031,0,55908918668385775,1.3142323187242937
2025-06-09 18:24:29+00:00,15558235,67548420871,51397625752021738236113,0,55908918668385775,1.3142323187631477
2025-06-09 18:24:35+00:00,15558241,67548420935,51397625800859767736161,0,55908918721357713,1.3142323187595577
2025-06-09 18:24:40+00:00,15558246,67548420868,51397625749849921328985,0,55908918665870610,1.3142323187603124
2025-06-09 18:24:45+00:00,15558251,67548420869,51397625749849921328984,0,55908918665870610,1.3142323187797684
2025-06-09 18:25:10+00:00,15558276,67548420870,51397625749091303552098,0,55908918665870610,1.3142323188186225
2025-06-09 18:25:51+00:00,15558317,67548420869,51397625750091303552098,0,55908918665870610,1.3142323187735965
2025-06-09 18:25:53+00:00,15558319,67548420870,51397625749332685775208,0,55908918665870610,1.3142323188124503
2025-06-09 18:26:01+00:00,15558327,67548420883,51397625759332685775208,0,55908918676630535,1.3142323188096812
2025-06-09 18:26:06+00:00,15558332,67548420882,51397625758536627702056,0,55908918675764605,1.3142323188105802
2025-06-09 18:26:37+00:00,15558363,67548420883,51397625757778009925188,0,55908918675764605,1.3142323188494343
2025-06-09 18:27:20+00:00,15558406,67548420884,51397625757019392148342,0,55908918675764605,1.314232318888288
2025-06-09 18:27:52+00:00,15558438,67548420885,51397625756260774371518,0,55908918675764605,1.314232318927142
2025-06-09 18:28:02+00:00,15558448,67548420949,51397625805098803871566,0,55908918728736543,1.314232318923552
2025-06-09 18:28:04+00:00,15558450,67548420950,51397625804340186094763,0,55908918728736543,1.3142323189624059
2025-06-09 18:28:07+00:00,15558453,67548420883,51397625753330339690865,0,55908918673249440,1.3142323189631606
2025-06-09 18:28:13+00:00,15558459,67548420884,51397625753330339690864,0,55908918673249440,1.3142323189826168
2025-06-09 18:28:48+00:00,15558494,67548420885,51397625752571721914095,0,55908918673249440,1.3142323190214709
2025-06-09 18:29:16+00:00,15558522,67548420884,51397625753571721914095,0,55908918673249440,1.3142323189764447
2025-06-09 18:29:21+00:00,15558527,67548420883,51397625754571721914095,0,55908918673249440,1.3142323189314187
2025-06-09 18:29:26+00:00,15558532,67548420896,51397625764571721914095,0,55908918684009365,1.3142323189286496
2025-06-09 18:29:31+00:00,15558537,67548420895,51397625763775663840967,0,55908918683143435,1.3142323189295486
2025-06-09 18:29:32+00:00,15558538,67548420896,51397625763017046064167,0,55908918683143435,1.3142323189684024
2025-06-09 18:30:16+00:00,15558582,67548420897,51397625762258428287390,0,55908918683143435,1.3142323190072565
2025-06-09 18:30:59+00:00,15558625,67548420898,51397625761499810510635,0,55908918683143435,1.3142323190461103
2025-06-09 18:31:18+00:00,15558644,67548420899,51397625760741192733903,0,55908918683143435,1.3142323190849643
2025-06-09 18:31:23+00:00,15558649,67548420900,51397625759982574957193,0,55908918683143435,1.3142323191238183
2025-06-09 18:31:29+00:00,15558655,67548420964,51397625808820604457241,0,55908918736115373,1.3142323191202283
2025-06-09 18:31:33+00:00,15558659,67548420897,51397625757810758055629,0,55908918680628270,1.3142323191209828
2025-06-09 18:31:38+00:00,15558664,67548420898,51397625757810758055628,0,55908918680628270,1.314232319140439
2025-06-09 18:31:44+00:00,15558670,67548420899,51397625757052140278950,0,55908918680628270,1.314232319179293
2025-06-09 18:32:28+00:00,15558714,67548420900,51397625756293522502294,0,55908918680628270,1.3142323192181469
2025-06-09 18:32:43+00:00,15558729,67548420899,51397625757293522502294,0,55908918680628270,1.3142323191731209
2025-06-09 18:32:48+00:00,15558734,67548420898,51397625758293522502294,0,55908918680628270,1.314232319128095
2025-06-09 18:32:53+00:00,15558739,67548420911,51397625768293522502294,0,55908918691388195,1.3142323191253258
2025-06-09 18:32:58+00:00,15558744,67548420910,51397625767497464429213,0,55908918690522265,1.3142323191262248
2025-06-09 18:33:12+00:00,15558758,67548420911,51397625766738846652527,0,55908918690522265,1.3142323191650787
2025-06-09 18:33:56+00:00,15558802,67548420912,51397625765980228875863,0,55908918690522265,1.3142323192039327
2025-06-09 18:34:39+00:00,15558845,67548420913,51397625765221611099222,0,55908918690522265,1.3142323192427865
2025-06-09 18:34:44+00:00,15558850,67548420914,51397625764462993322603,0,55908918690522265,1.3142323192816405
2025-06-09 18:34:49+00:00,15558855,67548420915,51397625763704375546007,0,55908918690522265,1.3142323193204943
2025-06-09 18:34:55+00:00,15558861,67548420979,51397625812542405046055,0,55908918743494203,1.3142323193169045
2025-06-09 18:35:00+00:00,15558866,67548420912,51397625761532558647481,0,55908918688007100,1.314232319317659
2025-06-09 18:35:05+00:00,15558871,67548420913,51397625761532558647480,0,55908918688007100,1.3142323193371153
2025-06-09 18:35:23+00:00,15558889,67548420914,51397625760773940870916,0,55908918688007100,1.3142323193759693
2025-06-09 18:36:06+00:00,15558932,67548420915,51397625760015323094374,0,55908918688007100,1.314232319414823
2025-06-09 18:36:11+00:00,15558937,67548420914,51397625761015323094374,0,55908918688007100,1.3142323193697971
2025-06-09 18:36:17+00:00,15558943,67548420913,51397625762015323094374,0,55908918688007100,1.3142323193247711
2025-06-09 18:36:22+00:00,15558948,67548420926,51397625772015323094374,0,55908918698767025,1.314232319322002
2025-06-09 18:36:27+00:00,15558953,67548420925,51397625771219265021340,0,55908918697901095,1.3142323193229009
2025-06-09 18:36:50+00:00,15558976,67548420926,51397625770460647244767,0,55908918697901095,1.3142323193617549
2025-06-09 18:37:34+00:00,15559020,67548420927,51397625769702029468217,0,55908918697901095,1.314232319400609
2025-06-09 18:38:12+00:00,15559058,67548420928,51397625768943411691689,0,55908918697901095,1.3142323194394627
2025-06-09 18:38:17+00:00,15559063,67548420929,51397625768184793915184,0,55908918697901095,1.3142323194783168
2025-06-09 18:38:18+00:00,15559064,67548420930,51397625767426176138701,0,55908918697901095,1.3142323195171706
2025-06-09 18:38:23+00:00,15559069,67548420994,51397625816264205638749,0,55908918750873033,1.3142323195135805
2025-06-09 18:38:28+00:00,15559074,67548420927,51397625765254359243214,0,55908918695385930,1.3142323195143353
2025-06-09 18:38:33+00:00,15559079,67548420928,51397625765254359243213,0,55908918695385930,1.3142323195337915
2025-06-09 18:39:01+00:00,15559107,67548420929,51397625764495741466762,0,55908918695385930,1.3142323195726453
2025-06-09 18:39:38+00:00,15559144,67548420928,51397625765495741466762,0,55908918695385930,1.3142323195276193
2025-06-09 18:39:43+00:00,15559149,67548420927,51397625766495741466762,0,55908918695385930,1.3142323194825933
2025-06-09 18:39:45+00:00,15559151,67548420928,51397625765737123690282,0,55908918695385930,1.3142323195214471
2025-06-09 18:39:54+00:00,15559160,67548420927,51397625764941065617297,0,55908918694520000,1.3142323195223462
2025-06-09 18:40:29+00:00,15559195,67548420928,51397625764182447840839,0,55908918694520000,1.3142323195612002
2025-06-09 18:41:12+00:00,15559238,67548420929,51397625763423830064404,0,55908918694520000,1.314232319600054
2025-06-09 18:41:40+00:00,15559266,67548420930,51397625762665212287991,0,55908918694520000,1.314232319638908
2025-06-09 18:41:45+00:00,15559271,67548420931,51397625761906594511601,0,55908918694520000,1.3142323196777619
2025-06-09 18:41:51+00:00,15559277,67548420995,51397625810744624011649,0,55908918747491938,1.3142323196741719
2025-06-09 18:41:56+00:00,15559282,67548420996,51397625809986006235279,0,55908918692004835,1.314232319713026
2025-06-09 18:41:56+00:00,15559282,67548420929,51397625758976159842890,0,55908918692004835,1.3142323197137806
2025-06-09 18:42:01+00:00,15559287,67548420930,51397625758976159842889,0,55908918692004835,1.3142323197332366
2025-06-09 18:42:39+00:00,15559325,67548420931,51397625758217542066553,0,55908918692004835,1.3142323197720907
2025-06-09 18:43:06+00:00,15559352,67548420930,51397625759217542066553,0,55908918692004835,1.3142323197270647
2025-06-09 18:43:11+00:00,15559357,67548420929,51397625760217542066553,0,55908918692004835,1.3142323196820385
2025-06-09 18:43:16+00:00,15559362,67548420942,51397625770217542066553,0,55908918702764759,1.3142323196792696
2025-06-09 18:43:21+00:00,15559367,67548420941,51397625769421483993604,0,55908918701898829,1.3142323196801684
2025-06-09 18:43:22+00:00,15559368,67548420942,51397625768662866217238,0,55908918701898829,1.3142323197190224
2025-06-09 18:44:05+00:00,15559411,67548420943,51397625767904248440894,0,55908918701898829,1.3142323197578762
2025-06-09 18:44:48+00:00,15559454,67548420944,51397625767145630664572,0,55908918701898829,1.3142323197967303
2025-06-09 18:45:05+00:00,15559471,67548420945,51397625766387012888273,0,55908918701898829,1.3142323198355843
2025-06-09 18:45:10+00:00,15559476,67548420946,51397625765628395111996,0,55908918701898829,1.3142323198744381
2025-06-09 18:45:16+00:00,15559482,67548421010,51397625814466424612044,0,55908918754870767,1.314232319870848
2025-06-09 18:45:21+00:00,15559487,67548420943,51397625763456578221941,0,55908918699383664,1.3142323198716028
2025-06-09 18:45:26+00:00,15559492,67548420944,51397625763456578221940,0,55908918699383664,1.314232319891059
2025-06-09 18:45:32+00:00,15559498,67548420945,51397625762697960445695,0,55908918699383664,1.3142323199299129
2025-06-09 18:46:15+00:00,15559541,67548420946,51397625761939342669473,0,55908918699383664,1.3142323199687669
2025-06-09 18:46:32+00:00,15559558,67548420945,51397625762939342669473,0,55908918699383664,1.314232319923741
2025-06-09 18:46:37+00:00,15559563,67548420944,51397625763939342669473,0,55908918699383664,1.3142323198787147
2025-06-09 18:46:46+00:00,15559572,67548420943,51397625763143284596573,0,55908918698517734,1.3142323198796138
2025-06-09 18:46:59+00:00,15559585,67548420944,51397625762384666820322,0,55908918698517734,1.3142323199184676
2025-06-09 18:47:42+00:00,15559628,67548420945,51397625761626049044093,0,55908918698517734,1.3142323199573216
2025-06-09 18:48:25+00:00,15559671,67548420946,51397625760867431267887,0,55908918698517734,1.3142323199961756
2025-06-09 18:48:31+00:00,15559677,67548420947,51397625760108813491703,0,55908918698517734,1.3142323200350294
2025-06-09 18:48:37+00:00,15559683,67548420948,51397625759350195715541,0,55908918698517734,1.3142323200738835
2025-06-09 18:48:42+00:00,15559688,67548421012,51397625808188225215589,0,55908918751489672,1.3142323200702934
2025-06-09 18:48:47+00:00,15559693,67548420945,51397625757178378828632,0,55908918696002569,1.3142323200710482
2025-06-09 18:48:52+00:00,15559698,67548420946,51397625757178378828631,0,55908918696002569,1.3142323200905042
2025-06-09 18:49:08+00:00,15559714,67548420947,51397625756419761052501,0,55908918696002569,1.3142323201293582
2025-06-09 18:49:51+00:00,15559757,67548420948,51397625755661143276394,0,55908918696002569,1.314232320168212
2025-06-09 18:49:57+00:00,15559763,67548420947,51397625756661143276394,0,55908918696002569,1.314232320123186
2025-06-09 18:50:02+00:00,15559768,67548420946,51397625757661143276394,0,55908918696002569,1.31423232007816
2025-06-09 18:50:08+00:00,15559774,67548420959,51397625767661143276394,0,55908918706762493,1.314232320075391
2025-06-09 18:50:13+00:00,15559779,67548420958,51397625766865085203542,0,55908918705896563,1.31423232007629
2025-06-09 18:50:36+00:00,15559802,67548420959,51397625766106467427404,0,55908918705896563,1.3142323201151438
2025-06-09 18:51:21+00:00,15559847,67548420960,51397625765347849651289,0,55908918705896563,1.3142323201539978
2025-06-09 18:51:57+00:00,15559883,67548420961,51397625764589231875196,0,55908918705896563,1.3142323201928516
2025-06-09 18:52:02+00:00,15559888,67548420962,51397625763830614099126,0,55908918705896563,1.3142323202317057
2025-06-09 18:52:07+00:00,15559893,67548421026,51397625812668643599174,0,55908918758868501,1.3142323202281156
2025-06-09 18:52:13+00:00,15559899,67548420959,51397625761658797214502,0,55908918703381398,1.3142323202288704
2025-06-09 18:52:18+00:00,15559904,67548420960,51397625761658797214501,0,55908918703381398,1.3142323202483266
2025-06-09 18:52:50+00:00,15559936,67548420961,51397625760900179438463,0,55908918703381398,1.3142323202871804
2025-06-09 18:53:23+00:00,15559969,67548420960,51397625761900179438463,0,55908918703381398,1.3142323202421544
2025-06-09 18:53:28+00:00,15559974,67548420959,51397625762900179438463,0,55908918703381398,1.3142323201971282
2025-06-09 18:53:33+00:00,15559979,67548420972,51397625772900179438463,0,55908918714141322,1.3142323201943593
2025-06-09 18:53:34+00:00,15559980,67548420973,51397625772141561662393,0,55908918714141322,1.3142323202332131
2025-06-09 18:54:18+00:00,15560024,67548420974,51397625771382943886346,0,55908918714141322,1.3142323202720672
2025-06-09 18:55:02+00:00,15560068,67548420975,51397625770624326110321,0,55908918714141322,1.314232320310921
2025-06-09 18:55:23+00:00,15560089,67548420976,51397625769865708334319,0,55908918714141322,1.314232320349775
2025-06-09 18:55:28+00:00,15560094,67548420977,51397625769107090558339,0,55908918714141322,1.314232320388629
2025-06-09 18:55:34+00:00,15560100,67548421041,51397625817945120058387,0,55908918767113260,1.314232320385039
2025-06-09 18:55:39+00:00,15560105,67548420974,51397625766935273676001,0,55908918711626157,1.3142323203857935
2025-06-09 18:55:44+00:00,15560110,67548420975,51397625766935273676000,0,55908918711626157,1.3142323204052497
2025-06-09 18:55:48+00:00,15560114,67548420976,51397625766176655900052,0,55908918711626157,1.3142323204441038
2025-06-09 18:56:32+00:00,15560158,67548420977,51397625765418038124127,0,55908918711626157,1.3142323204829576
2025-06-09 18:56:48+00:00,15560174,67548420976,51397625766418038124127,0,55908918711626157,1.3142323204379316
2025-06-09 18:56:53+00:00,15560179,67548420975,51397625767418038124127,0,55908918711626157,1.3142323203929056
2025-06-09 18:56:58+00:00,15560184,67548420988,51397625777418038124127,0,55908918722386081,1.3142323203901365
2025-06-09 18:57:03+00:00,15560189,67548420987,51397625776621980051346,0,55908918721520151,1.3142323203910355
2025-06-09 18:57:15+00:00,15560201,67548420988,51397625775863362275390,0,55908918721520151,1.3142323204298894
2025-06-09 18:57:58+00:00,15560244,67548420989,51397625775104744499456,0,55908918721520151,1.3142323204687434
2025-06-09 18:58:41+00:00,15560287,67548420990,51397625774346126723545,0,55908918721520151,1.3142323205075972
2025-06-09 18:58:49+00:00,15560295,67548420991,51397625773587508947656,0,55908918721520151,1.3142323205464512
2025-06-09 18:58:53+00:00,15560299,67548420992,51397625772828891171790,0,55908918721520151,1.314232320585305
2025-06-09 18:59:00+00:00,15560306,67548421056,51397625821666920671838,0,55908918774492089,1.314232320581715
2025-06-09 18:59:05+00:00,15560311,67548420989,51397625770657074292490,0,55908918719004986,1.3142323205824697
2025-06-09 18:59:10+00:00,15560316,67548420990,51397625770657074292489,0,55908918719004986,1.314232320601926
2025-06-09 18:59:23+00:00,15560329,67548420991,51397625769898456516655,0,55908918719004986,1.31423232064078
2025-06-09 19:00:06+00:00,15560372,67548420992,51397625769139838740843,0,55908918719004986,1.3142323206796338
2025-06-09 19:00:15+00:00,15560381,67548420991,51397625770139838740843,0,55908918719004986,1.3142323206346078
2025-06-09 19:00:20+00:00,15560386,67548420990,51397625771139838740843,0,55908918719004986,1.3142323205895816
2025-06-09 19:00:25+00:00,15560391,67548421003,51397625781139838740843,0,55908918729764910,1.3142323205868127
2025-06-09 19:00:31+00:00,15560397,67548421002,51397625780343780668109,0,55908918728898980,1.3142323205877116
2025-06-09 19:00:51+00:00,15560417,67548421003,51397625779585162892266,0,55908918728898980,1.3142323206265656
2025-06-09 19:01:35+00:00,15560461,67548421004,51397625778826545116446,0,55908918728898980,1.3142323206654194
2025-06-09 19:02:15+00:00,15560501,67548421005,51397625778067927340648,0,55908918728898980,1.3142323207042734
2025-06-09 19:02:18+00:00,15560504,67548421006,51397625777309309564873,0,55908918728898980,1.3142323207431275
2025-06-09 19:02:20+00:00,15560506,67548421007,51397625776550691789120,0,55908918728898980,1.3142323207819813
2025-06-09 19:02:25+00:00,15560511,67548421071,51397625825388721289168,0,55908918781870918,1.3142323207783912
2025-06-09 19:02:30+00:00,15560516,67548421004,51397625774378874912859,0,55908918726383815,1.314232320779146
2025-06-09 19:02:35+00:00,15560521,67548421005,51397625774378874912858,0,55908918726383815,1.3142323207986022
2025-06-09 19:03:01+00:00,15560547,67548421006,51397625773620257137137,0,55908918726383815,1.314232320837456
2025-06-09 19:03:40+00:00,15560586,67548421005,51397625774620257137137,0,55908918726383815,1.31423232079243
2025-06-09 19:03:45+00:00,15560591,67548421004,51397625775620257137137,0,55908918726383815,1.314232320747404
2025-06-09 19:03:50+00:00,15560596,67548421017,51397625785620257137137,0,55908918737143739,1.314232320744635
2025-06-09 19:03:55+00:00,15560601,67548421016,51397625784824199064439,0,55908918736277809,1.314232320745534
2025-06-09 19:04:26+00:00,15560632,67548421017,51397625784065581288688,0,55908918736277809,1.3142323207843878
2025-06-09 19:05:10+00:00,15560676,67548421018,51397625783306963512959,0,55908918736277809,1.3142323208232418
2025-06-09 19:05:40+00:00,15560706,67548421019,51397625782548345737252,0,55908918736277809,1.3142323208620956
2025-06-09 19:05:51+00:00,15560717,67548421083,51397625831386375237300,0,55908918789249747,1.3142323208585056
2025-06-09 19:05:53+00:00,15560719,67548421084,51397625830627757461614,0,55908918789249747,1.3142323208973596
2025-06-09 19:05:55+00:00,15560721,67548421017,51397625779617911086838,0,55908918733762644,1.3142323208981144
2025-06-09 19:06:00+00:00,15560726,67548421018,51397625779617911086837,0,55908918733762644,1.3142323209175706
2025-06-09 19:06:36+00:00,15560762,67548421019,51397625778859293311185,0,55908918733762644,1.3142323209564244
2025-06-09 19:07:04+00:00,15560790,67548421018,51397625779859293311185,0,55908918733762644,1.3142323209113984
2025-06-09 19:07:10+00:00,15560796,67548421017,51397625780859293311185,0,55908918733762644,1.3142323208663722
2025-06-09 19:07:15+00:00,15560801,67548421030,51397625790859293311185,0,55908918744522568,1.3142323208636033
2025-06-09 19:07:20+00:00,15560806,67548421029,51397625790063235238511,0,55908918743656638,1.3142323208645021
2025-06-09 19:08:01+00:00,15560847,67548421030,51397625789304617462828,0,55908918743656638,1.3142323209033562
2025-06-09 19:08:45+00:00,15560891,67548421031,51397625788545999687168,0,55908918743656638,1.31423232094221
2025-06-09 19:09:04+00:00,15560910,67548421032,51397625787787381911530,0,55908918743656638,1.314232320981064
2025-06-09 19:09:09+00:00,15560915,67548421033,51397625787028764135915,0,55908918743656638,1.314232321019918
2025-06-09 19:09:15+00:00,15560921,67548421097,51397625835866793635963,0,55908918796628576,1.314232321016328
2025-06-09 19:09:24+00:00,15560930,67548421098,51397625835866793635962,0,55908918796628576,1.314232321035784
2025-06-09 19:09:28+00:00,15560934,67548421099,51397625835108175860378,0,55908918796628576,1.314232321074638
2025-06-09 19:10:12+00:00,15560978,67548421100,51397625834349558084817,0,55908918796628576,1.314232321113492
2025-06-09 19:10:29+00:00,15560995,67548421099,51397625835349558084817,0,55908918796628576,1.3142323210684659
2025-06-09 19:10:34+00:00,15561000,67548421098,51397625836349558084817,0,55908918796628576,1.31423232102344
2025-06-09 19:10:39+00:00,15561005,67548421111,51397625846349558084817,0,55908918807388500,1.3142323210206708
2025-06-09 19:10:44+00:00,15561010,67548421110,51397625845553500012179,0,55908918806522570,1.3142323210215698
2025-06-09 19:10:55+00:00,15561021,67548421111,51397625844794882236587,0,55908918806522570,1.3142323210604236
2025-06-09 19:11:38+00:00,15561064,67548421112,51397625844036264461017,0,55908918806522570,1.3142323210992777
2025-06-09 19:12:20+00:00,15561106,67548421113,51397625843277646685470,0,55908918806522570,1.3142323211381315
2025-06-09 19:12:27+00:00,15561113,67548421114,51397625842519028909945,0,55908918806522570,1.3142323211769855
2025-06-09 19:12:32+00:00,15561118,67548421115,51397625841760411134443,0,55908918806522570,1.3142323212158395
2025-06-09 19:12:38+00:00,15561124,67548421179,51397625890598440634491,0,55908918859494508,1.3142323212122495
2025-06-09 19:12:43+00:00,15561129,67548421112,51397625839588594264286,0,55908918804007405,1.3142323212130043
2025-06-09 19:13:03+00:00,15561149,67548421113,51397625838829976488804,0,55908918804007405,1.314232321251858
2025-06-09 19:13:47+00:00,15561193,67548421114,51397625838071358713345,0,55908918804007405,1.314232321290712
2025-06-09 19:13:56+00:00,15561202,67548421113,51397625839071358713345,0,55908918804007405,1.314232321245686
2025-06-09 19:14:00+00:00,15561206,67548421126,51397625849071358713345,0,55908918814767329,1.314232321242917
2025-06-09 19:14:05+00:00,15561211,67548421125,51397625848275300640770,0,55908918813901399,1.3142323212438158
2025-06-09 19:14:30+00:00,15561236,67548421126,51397625847516682865306,0,55908918813901399,1.3142323212826699
2025-06-09 19:15:14+00:00,15561280,67548421127,51397625846758065089865,0,55908918813901399,1.3142323213215237
2025-06-09 19:15:50+00:00,15561316,67548421128,51397625845999447314446,0,55908918813901399,1.3142323213603777
2025-06-09 19:15:57+00:00,15561323,67548421129,51397625845240829539049,0,55908918813901399,1.3142323213992315
2025-06-09 19:16:00+00:00,15561326,67548421193,51397625894078859039097,0,55908918866873337,1.3142323213956417
2025-06-09 19:16:05+00:00,15561331,67548421126,51397625843069012672170,0,55908918811386234,1.3142323213963962
2025-06-09 19:16:11+00:00,15561337,67548421127,51397625843069012672169,0,55908918811386234,1.3142323214158524
2025-06-09 19:16:41+00:00,15561367,67548421128,51397625842310394896804,0,55908918811386234,1.3142323214547065
2025-06-09 19:17:14+00:00,15561400,67548421127,51397625843310394896804,0,55908918811386234,1.3142323214096803
2025-06-09 19:17:19+00:00,15561405,67548421126,51397625844310394896804,0,55908918811386234,1.3142323213646543
2025-06-09 19:17:24+00:00,15561410,67548421127,51397625843551777121410,0,55908918822146158,1.3142323214035083
2025-06-09 19:17:24+00:00,15561410,67548421140,51397625853551777121410,0,55908918822146158,1.3142323214007392
2025-06-09 19:17:29+00:00,15561415,67548421139,51397625852755719048870,0,55908918821280228,1.314232321401638
2025-06-09 19:18:07+00:00,15561453,67548421140,51397625851997101273497,0,55908918821280228,1.314232321440492
2025-06-09 19:18:49+00:00,15561495,67548421141,51397625851238483498147,0,55908918821280228,1.314232321479346
2025-06-09 19:19:14+00:00,15561520,67548421142,51397625850479865722819,0,55908918821280228,1.3142323215182
2025-06-09 19:19:19+00:00,15561525,67548421143,51397625849721247947514,0,55908918821280228,1.314232321557054
2025-06-09 19:19:25+00:00,15561531,67548421207,51397625898559277447562,0,55908918874252166,1.314232321553464
2025-06-09 19:19:32+00:00,15561538,67548421208,51397625897800659672277,0,55908918874252166,1.3142323215923177
2025-06-09 19:19:35+00:00,15561541,67548421209,51397625897800659672276,0,55908918874252166,1.314232321611774
2025-06-09 19:20:15+00:00,15561581,67548421210,51397625897042041897025,0,55908918874252166,1.314232321650628
2025-06-09 19:20:39+00:00,15561605,67548421209,51397625898042041897025,0,55908918874252166,1.3142323216056018
2025-06-09 19:20:44+00:00,15561610,67548421208,51397625899042041897025,0,55908918874252166,1.3142323215605758
2025-06-09 19:20:49+00:00,15561615,67548421221,51397625909042041897025,0,55908918885012090,1.3142323215578067
2025-06-09 19:20:54+00:00,15561620,67548421220,51397625908245983824521,0,55908918884146160,1.3142323215587057
2025-06-09 19:20:59+00:00,15561625,67548421221,51397625907487366049239,0,55908918884146160,1.3142323215975598
2025-06-09 19:21:43+00:00,15561669,67548421222,51397625906728748273979,0,55908918884146160,1.3142323216364136
2025-06-09 19:22:25+00:00,15561711,67548421223,51397625905970130498742,0,55908918884146160,1.3142323216752676
2025-06-09 19:22:37+00:00,15561723,67548421224,51397625905211512723527,0,55908918884146160,1.3142323217141214
2025-06-09 19:22:42+00:00,15561728,67548421225,51397625904452894948335,0,55908918884146160,1.3142323217529754
2025-06-09 19:22:48+00:00,15561734,67548421289,51397625953290924448383,0,55908918937118098,1.3142323217493854
2025-06-09 19:22:53+00:00,15561739,67548421222,51397625902281078086780,0,55908918881630995,1.3142323217501402
2025-06-09 19:22:58+00:00,15561744,67548421223,51397625902281078086779,0,55908918881630995,1.3142323217695961
2025-06-09 19:23:08+00:00,15561754,67548421224,51397625901522460311619,0,55908918881630995,1.3142323218084502
2025-06-09 19:23:51+00:00,15561797,67548421225,51397625900763842536481,0,55908918881630995,1.3142323218473042
2025-06-09 19:24:00+00:00,15561806,67548421224,51397625901763842536481,0,55908918881630995,1.314232321802278
2025-06-09 19:24:06+00:00,15561812,67548421223,51397625902763842536481,0,55908918881630995,1.314232321757252
2025-06-09 19:24:11+00:00,15561817,67548421236,51397625912763842536481,0,55908918892390919,1.314232321754483
2025-06-09 19:24:16+00:00,15561822,67548421235,51397625911967784464024,0,55908918891524989,1.314232321755382
2025-06-09 19:24:33+00:00,15561839,67548421236,51397625911209166688855,0,55908918891524989,1.3142323217942358
2025-06-09 19:25:17+00:00,15561883,67548421237,51397625910450548913709,0,55908918891524989,1.3142323218330898
2025-06-09 19:25:59+00:00,15561925,67548421238,51397625909691931138585,0,55908918891524989,1.3142323218719436
2025-06-09 19:26:00+00:00,15561926,67548421239,51397625908933313363484,0,55908918891524989,1.3142323219107976
2025-06-09 19:26:05+00:00,15561931,67548421240,51397625908174695588405,0,55908918891524989,1.3142323219496517
2025-06-09 19:26:11+00:00,15561937,67548421304,51397625957012725088453,0,55908918944496927,1.3142323219460617
2025-06-09 19:26:16+00:00,15561942,67548421237,51397625906002878729889,0,55908918889009824,1.3142323219468164
2025-06-09 19:26:21+00:00,15561947,67548421238,51397625906002878729888,0,55908918889009824,1.3142323219662724
2025-06-09 19:26:42+00:00,15561968,67548421239,51397625905244260954841,0,55908918889009824,1.3142323220051264
2025-06-09 19:27:24+00:00,15562010,67548421240,51397625904485643179817,0,55908918889009824,1.3142323220439802
2025-06-09 19:27:25+00:00,15562011,67548421239,51397625905485643179817,0,55908918889009824,1.3142323219989542
2025-06-09 19:27:29+00:00,15562015,67548421238,51397625906485643179817,0,55908918889009824,1.3142323219539283
2025-06-09 19:27:34+00:00,15562020,67548421251,51397625916485643179817,0,55908918899769748,1.3142323219511591
2025-06-09 19:27:39+00:00,15562025,67548421250,51397625915689585107408,0,55908918898903818,1.3142323219520582
2025-06-09 19:28:07+00:00,15562053,67548421251,51397625914930967332353,0,55908918898903818,1.314232321990912
2025-06-09 19:28:50+00:00,15562096,67548421252,51397625914172349557320,0,55908918898903818,1.314232322029766
2025-06-09 19:29:25+00:00,15562131,67548421253,51397625913413731782310,0,55908918898903818,1.3142323220686198
2025-06-09 19:29:29+00:00,15562135,67548421254,51397625912655114007322,0,55908918898903818,1.3142323221074739
2025-06-09 19:29:33+00:00,15562139,67548421255,51397625911896496232357,0,55908918898903818,1.3142323221463277
2025-06-09 19:29:35+00:00,15562141,67548421319,51397625960734525732405,0,55908918951875756,1.3142323221427379
2025-06-09 19:29:40+00:00,15562146,67548421252,51397625909724679376879,0,55908918896388653,1.3142323221434924
2025-06-09 19:29:45+00:00,15562151,67548421253,51397625909724679376878,0,55908918896388653,1.3142323221629486
2025-06-09 19:30:17+00:00,15562183,67548421254,51397625908966061601945,0,55908918896388653,1.3142323222018026
2025-06-09 19:30:50+00:00,15562216,67548421253,51397625909966061601945,0,55908918896388653,1.3142323221567764
2025-06-09 19:30:56+00:00,15562222,67548421252,51397625910966061601945,0,55908918896388653,1.3142323221117505
2025-06-09 19:31:05+00:00,15562231,67548421251,51397625910170003529573,0,55908918895522723,1.3142323221126495
2025-06-09 19:31:44+00:00,15562270,67548421252,51397625909411385754611,0,55908918895522723,1.3142323221515033
2025-06-09 19:32:28+00:00,15562314,67548421253,51397625908652767979671,0,55908918895522723,1.3142323221903573
2025-06-09 19:32:49+00:00,15562335,67548421254,51397625907894150204754,0,55908918895522723,1.3142323222292112
2025-06-09 19:32:54+00:00,15562340,67548421255,51397625907135532429859,0,55908918895522723,1.3142323222680652
2025-06-09 19:33:00+00:00,15562346,67548421319,51397625955973561929907,0,55908918948494661,1.3142323222644752
2025-06-09 19:33:05+00:00,15562351,67548421252,51397625904963715576021,0,55908918893007558,1.31423232226523
2025-06-09 19:33:10+00:00,15562356,67548421253,51397625904963715576020,0,55908918893007558,1.314232322284686
2025-06-09 19:33:11+00:00,15562357,67548421254,51397625904205097801157,0,55908918893007558,1.31423232232354
2025-06-09 19:33:55+00:00,15562401,67548421255,51397625903446480026316,0,55908918893007558,1.314232322362394
2025-06-09 19:34:13+00:00,15562419,67548421254,51397625904446480026316,0,55908918893007558,1.3142323223173678
2025-06-09 19:34:19+00:00,15562425,67548421253,51397625905446480026316,0,55908918893007558,1.3142323222723418
2025-06-09 19:34:24+00:00,15562430,67548421266,51397625915446480026316,0,55908918903767482,1.3142323222695727
2025-06-09 19:34:39+00:00,15562445,67548421267,51397625914687862251444,0,55908918903767482,1.3142323223084267
2025-06-09 19:35:23+00:00,15562489,67548421268,51397625913929244476595,0,55908918903767482,1.3142323223472805
2025-06-09 19:36:06+00:00,15562532,67548421269,51397625913170626701768,0,55908918903767482,1.3142323223861345
2025-06-09 19:36:11+00:00,15562537,67548421270,51397625912412008926964,0,55908918903767482,1.3142323224249883
2025-06-09 19:36:16+00:00,15562542,67548421271,51397625911653391152182,0,55908918903767482,1.3142323224638424
2025-06-09 19:36:23+00:00,15562549,67548421335,51397625960491420652230,0,55908918956739420,1.3142323224602523
2025-06-09 19:36:28+00:00,15562554,67548421268,51397625909481574301383,0,55908918901252317,1.314232322461007
2025-06-09 19:36:33+00:00,15562559,67548421269,51397625909481574301382,0,55908918901252317,1.3142323224804633
2025-06-09 19:36:49+00:00,15562575,67548421270,51397625908722956526632,0,55908918901252317,1.314232322519317
2025-06-09 19:37:33+00:00,15562619,67548421271,51397625907964338751904,0,55908918901252317,1.3142323225581711
2025-06-09 19:37:42+00:00,15562628,67548421270,51397625908964338751904,0,55908918901252317,1.314232322513145
2025-06-09 19:37:51+00:00,15562637,67548421269,51397625908168280679632,0,55908918900386387,1.314232322514044
2025-06-09 19:38:17+00:00,15562663,67548421270,51397625907409662904901,0,55908918900386387,1.314232322552898
2025-06-09 19:39:00+00:00,15562706,67548421271,51397625906651045130193,0,55908918900386387,1.3142323225917518
2025-06-09 19:39:33+00:00,15562739,67548421272,51397625905892427355507,0,55908918900386387,1.3142323226306059
2025-06-09 19:39:38+00:00,15562744,67548421273,51397625905133809580844,0,55908918900386387,1.3142323226694597
2025-06-09 19:39:44+00:00,15562750,67548421274,51397625904375191806203,0,55908918953358325,1.3142323227083137
2025-06-09 19:39:44+00:00,15562750,67548421338,51397625953213221306251,0,55908918953358325,1.3142323227047237
2025-06-09 19:39:49+00:00,15562755,67548421271,51397625902203374959542,0,55908918897871222,1.3142323227054784
2025-06-09 19:39:54+00:00,15562760,67548421272,51397625902203374959541,0,55908918897871222,1.3142323227249346
2025-06-09 19:40:29+00:00,15562795,67548421273,51397625901444757184932,0,55908918897871222,1.3142323227637884
2025-06-09 19:40:57+00:00,15562823,67548421272,51397625902444757184932,0,55908918897871222,1.3142323227187624
2025-06-09 19:41:02+00:00,15562828,67548421271,51397625903444757184932,0,55908918897871222,1.3142323226737362
2025-06-09 19:41:06+00:00,15562832,67548421284,51397625913444757184932,0,55908918908631146,1.3142323226709673
2025-06-09 19:41:12+00:00,15562838,67548421283,51397625912648699112696,0,55908918907765216,1.3142323226718662
2025-06-09 19:41:13+00:00,15562839,67548421284,51397625911890081338057,0,55908918907765216,1.3142323227107202
2025-06-09 19:41:56+00:00,15562882,67548421285,51397625911131463563440,0,55908918907765216,1.3142323227495742
2025-06-09 19:42:40+00:00,15562926,67548421286,51397625910372845788845,0,55908918907765216,1.314232322788428
2025-06-09 19:42:54+00:00,15562940,67548421287,51397625909614228014273,0,55908918907765216,1.314232322827282
2025-06-09 19:42:59+00:00,15562945,67548421288,51397625908855610239723,0,55908918907765216,1.314232322866136
2025-06-09 19:43:05+00:00,15562951,67548421352,51397625957693639739771,0,55908918960737154,1.3142323228625459
2025-06-09 19:43:10+00:00,15562956,67548421285,51397625906683793395348,0,55908918905250051,1.3142323228633006
2025-06-09 19:43:16+00:00,15562962,67548421286,51397625906683793395347,0,55908918905250051,1.3142323228827568
2025-06-09 19:43:23+00:00,15562969,67548421287,51397625905925175620829,0,55908918905250051,1.3142323229216106
2025-06-09 19:44:06+00:00,15563012,67548421288,51397625905166557846334,0,55908918905250051,1.3142323229604647
2025-06-09 19:44:20+00:00,15563026,67548421287,51397625906166557846334,0,55908918905250051,1.3142323229154387
2025-06-09 19:44:25+00:00,15563031,67548421286,51397625907166557846334,0,55908918905250051,1.3142323228704125
2025-06-09 19:44:30+00:00,15563036,67548421299,51397625917166557846334,0,55908918916009975,1.3142323228676436
2025-06-09 19:44:35+00:00,15563041,67548421298,51397625916370499774145,0,55908918915144045,1.3142323228685424
2025-06-09 19:44:49+00:00,15563055,67548421299,51397625915611881999619,0,55908918915144045,1.3142323229073964
2025-06-09 19:45:31+00:00,15563097,67548421300,51397625914853264225115,0,55908918915144045,1.3142323229462503
2025-06-09 19:46:15+00:00,15563141,67548421301,51397625914094646450634,0,55908918915144045,1.3142323229851043
2025-06-09 19:46:24+00:00,15563150,67548421302,51397625913336028676175,0,55908918915144045,1.314232323023958
2025-06-09 19:46:30+00:00,15563156,67548421366,51397625962174058176223,0,55908918968115983,1.3142323230203683
2025-06-09 19:46:39+00:00,15563165,67548421367,51397625962174058176222,0,55908918968115983,1.3142323230398243
2025-06-09 19:46:57+00:00,15563183,67548421368,51397625961415440401795,0,55908918968115983,1.3142323230786783
2025-06-09 19:47:40+00:00,15563226,67548421369,51397625960656822627390,0,55908918968115983,1.3142323231175321
2025-06-09 19:47:42+00:00,15563228,67548421368,51397625961656822627390,0,55908918968115983,1.3142323230725061
2025-06-09 19:47:47+00:00,15563233,67548421367,51397625962656822627390,0,55908918968115983,1.3142323230274802
2025-06-09 19:47:56+00:00,15563242,67548421366,51397625961860764555239,0,55908918967250053,1.314232323028379
2025-06-09 19:48:24+00:00,15563270,67548421367,51397625961102146780805,0,55908918967250053,1.314232323067233
2025-06-09 19:49:07+00:00,15563313,67548421368,51397625960343529006394,0,55908918967250053,1.314232323106087
2025-06-09 19:49:39+00:00,15563345,67548421369,51397625959584911232005,0,55908918967250053,1.3142323231449409
2025-06-09 19:49:43+00:00,15563349,67548421370,51397625958826293457639,0,55908918967250053,1.314232323183795
2025-06-09 19:49:49+00:00,15563355,67548421434,51397626007664322957687,0,55908919020221991,1.3142323231802049
2025-06-09 19:49:50+00:00,15563356,67548421435,51397626006905705183341,0,55908919020221991,1.3142323232190587
2025-06-09 19:49:59+00:00,15563365,67548421436,51397626006905705183340,0,55908919020221991,1.314232323238515
2025-06-09 19:50:35+00:00,15563401,67548421437,51397626006147087409028,0,55908919020221991,1.314232323277369
2025-06-09 19:51:04+00:00,15563430,67548421436,51397626007147087409028,0,55908919020221991,1.3142323232323427
2025-06-09 19:51:09+00:00,15563435,67548421435,51397626008147087409028,0,55908919020221991,1.3142323231873168
2025-06-09 19:51:14+00:00,15563440,67548421448,51397626018147087409028,0,55908919030981915,1.3142323231845476
2025-06-09 19:51:19+00:00,15563445,67548421448,51397626016592411562569,0,55908919030115985,1.3142323232243005
2025-06-09 19:51:19+00:00,15563445,67548421447,51397626017351029336912,0,55908919030115985,1.3142323231854467
2025-06-09 19:52:01+00:00,15563487,67548421449,51397626015833793788248,0,55908919030115985,1.3142323232631545
2025-06-09 19:52:45+00:00,15563531,67548421450,51397626015075176013950,0,55908919030115985,1.3142323233020086
2025-06-09 19:53:02+00:00,15563548,67548421451,51397626014316558239674,0,55908919030115985,1.3142323233408624
2025-06-09 19:53:07+00:00,15563553,67548421452,51397626013557940465421,0,55908919030115985,1.3142323233797164
2025-06-09 19:53:13+00:00,15563559,67548421516,51397626062395969965469,0,55908919083087923,1.3142323233761264
2025-06-09 19:53:18+00:00,15563564,67548421449,51397626011386123628763,0,55908919027600820,1.3142323233768811
2025-06-09 19:53:23+00:00,15563569,67548421450,51397626011386123628762,0,55908919027600820,1.314232323396337
2025-06-09 19:53:28+00:00,15563574,67548421451,51397626010627505854541,0,55908919027600820,1.3142323234351911
2025-06-09 19:54:12+00:00,15563618,67548421452,51397626009868888080342,0,55908919027600820,1.314232323474045
2025-06-09 19:54:27+00:00,15563633,67548421451,51397626010868888080342,0,55908919027600820,1.314232323429019
2025-06-09 19:54:32+00:00,15563638,67548421450,51397626011868888080342,0,55908919027600820,1.314232323383993
2025-06-09 19:54:37+00:00,15563643,67548421463,51397626021868888080342,0,55908919038360744,1.3142323233812239
2025-06-09 19:54:42+00:00,15563648,67548421462,51397626021072830008274,0,55908919037494814,1.314232323382123
2025-06-09 19:54:55+00:00,15563661,67548421463,51397626020314212234044,0,55908919037494814,1.3142323234209767
2025-06-09 19:55:38+00:00,15563704,67548421464,51397626019555594459837,0,55908919037494814,1.3142323234598308
2025-06-09 19:56:22+00:00,15563748,67548421465,51397626018796976685652,0,55908919037494814,1.3142323234986846
2025-06-09 19:56:25+00:00,15563751,67548421466,51397626018038358911490,0,55908919037494814,1.3142323235375386
2025-06-09 19:56:30+00:00,15563756,67548421467,51397626017279741137350,0,55908919037494814,1.3142323235763926
2025-06-09 19:56:35+00:00,15563761,67548421531,51397626066117770637398,0,55908919090466752,1.3142323235728026
2025-06-09 19:56:40+00:00,15563766,67548421464,51397626015107924303731,0,55908919034979649,1.3142323235735571
2025-06-09 19:56:45+00:00,15563771,67548421465,51397626015107924303730,0,55908919034979649,1.3142323235930133
2025-06-09 19:57:06+00:00,15563792,67548421466,51397626014349306529622,0,55908919034979649,1.3142323236318674
2025-06-09 19:57:48+00:00,15563834,67548421466,51397626014590688755511,0,55908919034979649,1.3142323236256952
2025-06-09 19:57:48+00:00,15563834,67548421465,51397626015349306529622,0,55908919034979649,1.3142323235868412
2025-06-09 19:57:57+00:00,15563843,67548421479,51397626024590688755511,0,55908919045739573,1.314232323622926
2025-06-09 19:58:02+00:00,15563848,67548421478,51397626023794630683506,0,55908919044873643,1.3142323236238251
2025-06-09 19:58:31+00:00,15563877,67548421479,51397626023036012909416,0,55908919044873643,1.314232323662679
2025-06-09 19:59:14+00:00,15563920,67548421480,51397626022277395135348,0,55908919044873643,1.314232323701533
2025-06-09 19:59:45+00:00,15563951,67548421481,51397626021518777361303,0,55908919044873643,1.314232323740387
2025-06-09 19:59:50+00:00,15563956,67548421482,51397626020760159587280,0,55908919044873643,1.3142323237792408
2025-06-09 19:59:55+00:00,15563961,67548421546,51397626069598189087328,0,55908919097845581,1.3142323237756508
2025-06-09 19:59:57+00:00,15563963,67548421547,51397626068839571313326,0,55908919097845581,1.3142323238145048
2025-06-09 20:00:00+00:00,15563966,67548421480,51397626017829724983690,0,55908919042358478,1.3142323238152596
2025-06-09 20:00:06+00:00,15563972,67548421481,51397626017829724983689,0,55908919042358478,1.3142323238347156
2025-06-09 20:00:42+00:00,15564008,67548421482,51397626017071107209721,0,55908919042358478,1.3142323238735696
2025-06-09 20:01:11+00:00,15564037,67548421481,51397626018071107209721,0,55908919042358478,1.3142323238285436
2025-06-09 20:01:16+00:00,15564042,67548421480,51397626019071107209721,0,55908919042358478,1.3142323237835174
2025-06-09 20:01:21+00:00,15564047,67548421493,51397626029071107209721,0,55908919053118402,1.3142323237807483
2025-06-09 20:01:26+00:00,15564052,67548421493,51397626027516431363752,0,55908919052252472,1.3142323238205014
2025-06-09 20:01:26+00:00,15564052,67548421492,51397626028275049137751,0,55908919052252472,1.3142323237816473
2025-06-09 20:02:09+00:00,15564095,67548421494,51397626026757813589776,0,55908919052252472,1.3142323238593552
2025-06-09 20:02:52+00:00,15564138,67548421495,51397626025999195815822,0,55908919052252472,1.3142323238982092
2025-06-09 20:03:08+00:00,15564154,67548421496,51397626025240578041890,0,55908919052252472,1.314232323937063
2025-06-09 20:03:13+00:00,15564159,67548421497,51397626024481960267981,0,55908919052252472,1.314232323975917
2025-06-09 20:03:20+00:00,15564166,67548421561,51397626073319989768029,0,55908919105224410,1.314232323972327
2025-06-09 20:03:24+00:00,15564170,67548421494,51397626022310143440679,0,55908919049737307,1.3142323239730818
2025-06-09 20:03:29+00:00,15564175,67548421495,51397626022310143440678,0,55908919049737307,1.314232323992538
2025-06-09 20:03:35+00:00,15564181,67548421496,51397626021551525666801,0,55908919049737307,1.3142323240313918
2025-06-09 20:04:20+00:00,15564226,67548421497,51397626020792907892946,0,55908919049737307,1.3142323240702458
2025-06-09 20:04:32+00:00,15564238,67548421496,51397626021792907892946,0,55908919049737307,1.3142323240252196
2025-06-09 20:04:38+00:00,15564244,67548421495,51397626022792907892946,0,55908919049737307,1.3142323239801936
2025-06-09 20:04:42+00:00,15564248,67548421508,51397626032792907892946,0,55908919060497231,1.3142323239774245
2025-06-09 20:04:47+00:00,15564253,67548421507,51397626031996849821024,0,55908919059631301,1.3142323239783236
2025-06-09 20:05:04+00:00,15564270,67548421508,51397626031238232047139,0,55908919059631301,1.3142323240171774
2025-06-09 20:05:48+00:00,15564314,67548421509,51397626030479614273276,0,55908919059631301,1.3142323240560314
2025-06-09 20:06:30+00:00,15564356,67548421510,51397626029720996499435,0,55908919059631301,1.3142323240948854
2025-06-09 20:06:31+00:00,15564357,67548421511,51397626028962378725617,0,55908919059631301,1.3142323241337392
2025-06-09 20:06:40+00:00,15564366,67548421575,51397626077800408225665,0,55908919112603239,1.3142323241301492
2025-06-09 20:06:45+00:00,15564371,67548421508,51397626026790561900600,0,55908919057116136,1.314232324130904
2025-06-09 20:06:50+00:00,15564376,67548421509,51397626026790561900599,0,55908919057116136,1.3142323241503602
2025-06-09 20:07:14+00:00,15564400,67548421510,51397626026031944126813,0,55908919057116136,1.314232324189214
2025-06-09 20:07:54+00:00,15564440,67548421509,51397626027031944126813,0,55908919057116136,1.314232324144188
2025-06-09 20:07:56+00:00,15564442,67548421510,51397626026273326353023,0,55908919057116136,1.314232324183042
2025-06-09 20:07:59+00:00,15564445,67548421509,51397626027273326353023,0,55908919057116136,1.3142323241380158
2025-06-09 20:08:08+00:00,15564454,67548421508,51397626026477268281138,0,55908919056250206,1.3142323241389149
2025-06-09 20:08:40+00:00,15564486,67548421509,51397626025718650507345,0,55908919056250206,1.3142323241777687
2025-06-09 20:09:22+00:00,15564528,67548421510,51397626024960032733575,0,55908919056250206,1.3142323242166227
2025-06-09 20:09:52+00:00,15564558,67548421511,51397626024201414959827,0,55908919056250206,1.3142323242554768
2025-06-09 20:09:57+00:00,15564563,67548421512,51397626023442797186102,0,55908919056250206,1.3142323242943306
2025-06-09 20:10:03+00:00,15564569,67548421576,51397626072280826686150,0,55908919109222144,1.3142323242907406
2025-06-09 20:10:05+00:00,15564571,67548421577,51397626071522208912445,0,55908919109222144,1.3142323243295946
2025-06-09 20:10:08+00:00,15564574,67548421510,51397626020512362590526,0,55908919053735041,1.3142323243303493
2025-06-09 20:10:13+00:00,15564579,67548421511,51397626020512362590525,0,55908919053735041,1.3142323243498053
2025-06-09 20:10:49+00:00,15564615,67548421512,51397626019753744816854,0,55908919053735041,1.3142323243886593
2025-06-09 20:11:16+00:00,15564642,67548421511,51397626020753744816854,0,55908919053735041,1.3142323243436334
2025-06-09 20:11:21+00:00,15564647,67548421510,51397626021753744816854,0,55908919053735041,1.3142323242986071
2025-06-09 20:11:26+00:00,15564652,67548421523,51397626031753744816854,0,55908919064494965,1.3142323242958383
2025-06-09 20:11:31+00:00,15564657,67548421522,51397626030957686745005,0,55908919063629035,1.314232324296737
2025-06-09 20:11:33+00:00,15564659,67548421523,51397626030199068971303,0,55908919063629035,1.3142323243355911
2025-06-09 20:12:15+00:00,15564701,67548421524,51397626029440451197624,0,55908919063629035,1.314232324374445
2025-06-09 20:12:58+00:00,15564744,67548421525,51397626028681833423967,0,55908919063629035,1.314232324413299
2025-06-09 20:13:12+00:00,15564758,67548421526,51397626027923215650333,0,55908919063629035,1.3142323244521528
2025-06-09 20:13:17+00:00,15564763,67548421527,51397626027164597876721,0,55908919063629035,1.3142323244910068
2025-06-09 20:13:23+00:00,15564769,67548421591,51397626076002627376769,0,55908919116600973,1.3142323244874168
2025-06-09 20:13:28+00:00,15564774,67548421524,51397626024992781057136,0,55908919061113870,1.3142323244881715
2025-06-09 20:13:33+00:00,15564779,67548421525,51397626024992781057135,0,55908919061113870,1.3142323245076277
2025-06-09 20:13:42+00:00,15564788,67548421526,51397626024234163283555,0,55908919061113870,1.3142323245464815
2025-06-09 20:14:25+00:00,15564831,67548421527,51397626023475545509998,0,55908919061113870,1.3142323245853356
2025-06-09 20:14:38+00:00,15564844,67548421526,51397626024475545509998,0,55908919061113870,1.3142323245403094
2025-06-09 20:14:43+00:00,15564849,67548421525,51397626025475545509998,0,55908919061113870,1.3142323244952834
2025-06-09 20:14:48+00:00,15564854,67548421538,51397626035475545509998,0,55908919071873794,1.3142323244925143
2025-06-09 20:14:53+00:00,15564859,67548421537,51397626034679487438196,0,55908919071007864,1.3142323244934133
2025-06-09 20:15:07+00:00,15564873,67548421538,51397626033920869664608,0,55908919071007864,1.3142323245322673
2025-06-09 20:15:50+00:00,15564916,67548421539,51397626033162251891042,0,55908919071007864,1.3142323245711212
2025-06-09 20:16:33+00:00,15564959,67548421540,51397626032403634117499,0,55908919071007864,1.3142323246099752
2025-06-09 20:16:38+00:00,15564964,67548421541,51397626031645016343978,0,55908919071007864,1.314232324648829
2025-06-09 20:16:42+00:00,15564968,67548421542,51397626030886398570480,0,55908919071007864,1.314232324687683
2025-06-09 20:16:48+00:00,15564974,67548421606,51397626079724428070528,0,55908919123979802,1.314232324684093
2025-06-09 20:16:53+00:00,15564979,67548421539,51397626028714581753933,0,55908919068492699,1.3142323246848477
2025-06-09 20:16:58+00:00,15564984,67548421540,51397626028714581753932,0,55908919068492699,1.3142323247043037
2025-06-09 20:17:15+00:00,15565001,67548421541,51397626027955963980466,0,55908919068492699,1.3142323247431578
2025-06-09 20:17:58+00:00,15565044,67548421542,51397626027197346207022,0,55908919068492699,1.3142323247820118
2025-06-09 20:18:01+00:00,15565047,67548421541,51397626028197346207022,0,55908919068492699,1.3142323247369856
2025-06-09 20:18:06+00:00,15565052,67548421540,51397626029197346207022,0,55908919068492699,1.3142323246919596
2025-06-09 20:18:11+00:00,15565057,67548421553,51397626039197346207022,0,55908919079252623,1.3142323246891905
2025-06-09 20:18:16+00:00,15565062,67548421552,51397626038401288135268,0,55908919078386693,1.3142323246900895
2025-06-09 20:18:40+00:00,15565086,67548421553,51397626037642670361793,0,55908919078386693,1.3142323247289434
2025-06-09 20:19:23+00:00,15565129,67548421554,51397626036884052588341,0,55908919078386693,1.3142323247677974
2025-06-09 20:20:00+00:00,15565166,67548421555,51397626036125434814911,0,55908919078386693,1.3142323248066512
2025-06-09 20:20:05+00:00,15565171,67548421556,51397626035366817041504,0,55908919078386693,1.3142323248455052
2025-06-09 20:20:07+00:00,15565173,67548421557,51397626034608199268119,0,55908919078386693,1.3142323248843593
2025-06-09 20:20:17+00:00,15565183,67548421490,51397625983598352954702,0,55908919022899590,1.3142323248851138
2025-06-09 20:20:22+00:00,15565188,67548421491,51397625983598352954701,0,55908919022899590,1.31423232490457
2025-06-09 20:20:50+00:00,15565216,67548421492,51397625982839735181350,0,55908919022899590,1.314232324943424
2025-06-09 20:21:24+00:00,15565250,67548421491,51397625983839735181350,0,55908919022899590,1.3142323248983978
2025-06-09 20:21:29+00:00,15565255,67548421490,51397625984839735181350,0,55908919022899590,1.3142323248533718
2025-06-09 20:21:33+00:00,15565259,67548421491,51397625984081117407970,0,55908919022899590,1.3142323248922259
2025-06-09 20:21:34+00:00,15565260,67548421504,51397625994081117407970,0,55908919033659514,1.3142323248894567
2025-06-09 20:21:39+00:00,15565265,67548421503,51397625993285059336265,0,55908919032793584,1.3142323248903556
2025-06-09 20:22:16+00:00,15565302,67548421504,51397625992526441562906,0,55908919032793584,1.3142323249292096
2025-06-09 20:22:59+00:00,15565345,67548421505,51397625991767823789570,0,55908919032793584,1.3142323249680636
2025-06-09 20:23:22+00:00,15565368,67548421506,51397625991009206016256,0,55908919032793584,1.3142323250069174
2025-06-09 20:23:27+00:00,15565373,67548421507,51397625990250588242964,0,55908919032793584,1.3142323250457715
2025-06-09 20:23:33+00:00,15565379,67548421571,51397626039088617743012,0,55908919085765522,1.3142323250421815
2025-06-09 20:23:38+00:00,15565384,67548421504,51397625988078771431881,0,55908919030278419,1.3142323250429362
2025-06-09 20:23:43+00:00,15565389,67548421505,51397625987320153658610,0,55908919030278419,1.31423232508179
2025-06-09 20:24:26+00:00,15565432,67548421506,51397625986561535885362,0,55908919030278419,1.314232325120644
2025-06-09 20:24:46+00:00,15565452,67548421505,51397625987561535885362,0,55908919030278419,1.3142323250756178
2025-06-09 20:24:51+00:00,15565457,67548421504,51397625988561535885362,0,55908919030278419,1.3142323250305918
2025-06-09 20:25:00+00:00,15565466,67548421503,51397625987765477813695,0,55908919029412489,1.314232325031491
2025-06-09 20:25:09+00:00,15565475,67548421504,51397625987006860040418,0,55908919029412489,1.3142323250703447
2025-06-09 20:25:52+00:00,15565518,67548421505,51397625986248242267163,0,55908919029412489,1.3142323251091987
2025-06-09 20:26:35+00:00,15565561,67548421506,51397625985489624493930,0,55908919029412489,1.3142323251480525
2025-06-09 20:26:45+00:00,15565571,67548421507,51397625984731006720720,0,55908919029412489,1.3142323251869066
2025-06-09 20:26:50+00:00,15565576,67548421508,51397625983972388947532,0,55908919029412489,1.3142323252257606
2025-06-09 20:26:55+00:00,15565581,67548421572,51397626032810418447580,0,55908919082384427,1.3142323252221706
2025-06-09 20:27:00+00:00,15565586,67548421505,51397625981800572139595,0,55908919026897324,1.314232325222925
2025-06-09 20:27:05+00:00,15565591,67548421506,51397625981800572139594,0,55908919026897324,1.3142323252423813
2025-06-09 20:27:17+00:00,15565603,67548421507,51397625981041954366438,0,55908919026897324,1.3142323252812353
2025-06-09 20:28:00+00:00,15565646,67548421508,51397625980283336593305,0,55908919026897324,1.3142323253200892
2025-06-09 20:28:08+00:00,15565654,67548421507,51397625981283336593305,0,55908919026897324,1.3142323252750632
2025-06-09 20:28:17+00:00,15565663,67548421520,51397625991283336593305,0,55908919037657248,1.314232325272294
2025-06-09 20:28:22+00:00,15565668,67548421519,51397625990487278521701,0,55908919036791318,1.3142323252731931
2025-06-09 20:28:43+00:00,15565689,67548421520,51397625989728660748563,0,55908919036791318,1.314232325312047
2025-06-09 20:29:27+00:00,15565733,67548421521,51397625988970042975448,0,55908919036791318,1.314232325350901
2025-06-09 20:30:03+00:00,15565769,67548421522,51397625988211425202355,0,55908919036791318,1.314232325389755
2025-06-09 20:30:09+00:00,15565775,67548421523,51397625987452807429284,0,55908919036791318,1.3142323254286088
2025-06-09 20:30:10+00:00,15565776,67548421524,51397625986694189656236,0,55908919036791318,1.3142323254674628
2025-06-09 20:30:15+00:00,15565781,67548421588,51397626035532219156284,0,55908919089763256,1.3142323254638728
2025-06-09 20:30:20+00:00,15565786,67548421521,51397625984522372852330,0,55908919034276153,1.3142323254646275
2025-06-09 20:30:25+00:00,15565791,67548421522,51397625984522372852329,0,55908919034276153,1.3142323254840835
2025-06-09 20:30:54+00:00,15565820,67548421523,51397625983763755079313,0,55908919034276153,1.3142323255229376
2025-06-09 20:31:30+00:00,15565856,67548421522,51397625984763755079313,0,55908919034276153,1.3142323254779116
2025-06-09 20:31:34+00:00,15565860,67548421521,51397625985763755079313,0,55908919034276153,1.3142323254328854
2025-06-09 20:31:39+00:00,15565865,67548421534,51397625995763755079313,0,55908919045036077,1.3142323254301163
2025-06-09 20:31:44+00:00,15565870,67548421533,51397625994967697007744,0,55908919044170147,1.3142323254310153
2025-06-09 20:32:22+00:00,15565908,67548421534,51397625994209079234697,0,55908919044170147,1.3142323254698693
2025-06-09 20:33:06+00:00,15565952,67548421535,51397625993450461461673,0,55908919044170147,1.3142323255087232
2025-06-09 20:33:26+00:00,15565972,67548421536,51397625992691843688671,0,55908919044170147,1.3142323255475772
2025-06-09 20:33:31+00:00,15565977,67548421537,51397625991933225915691,0,55908919044170147,1.314232325586431
2025-06-09 20:33:37+00:00,15565983,67548421601,51397626040771255415739,0,55908919097142085,1.314232325582841
2025-06-09 20:33:41+00:00,15565987,67548421534,51397625989761409113318,0,55908919041654982,1.3142323255835957
2025-06-09 20:33:47+00:00,15565993,67548421535,51397625989761409113317,0,55908919041654982,1.314232325603052
2025-06-09 20:33:49+00:00,15565995,67548421536,51397625989002791340369,0,55908919041654982,1.314232325641906
2025-06-09 20:34:32+00:00,15566038,67548421537,51397625988244173567444,0,55908919041654982,1.3142323256807598
2025-06-09 20:34:50+00:00,15566056,67548421536,51397625989244173567444,0,55908919041654982,1.3142323256357338
2025-06-09 20:34:55+00:00,15566061,67548421535,51397625990244173567444,0,55908919041654982,1.3142323255907076
2025-06-09 20:35:00+00:00,15566066,67548421548,51397626000244173567444,0,55908919052414906,1.3142323255879387
2025-06-09 20:35:05+00:00,15566071,67548421547,51397625999448115495911,0,55908919051548976,1.3142323255888375
2025-06-09 20:35:15+00:00,15566081,67548421548,51397625998689497722955,0,55908919051548976,1.3142323256276915
2025-06-09 20:35:58+00:00,15566124,67548421549,51397625997930879950022,0,55908919051548976,1.3142323256665454
2025-06-09 20:36:41+00:00,15566167,67548421550,51397625997172262177111,0,55908919051548976,1.3142323257053994
2025-06-09 20:36:51+00:00,15566177,67548421551,51397625996413644404223,0,55908919051548976,1.3142323257442534
2025-06-09 20:36:56+00:00,15566182,67548421552,51397625995655026631357,0,55908919051548976,1.3142323257831072
2025-06-09 20:37:01+00:00,15566187,67548421616,51397626044493056131405,0,55908919104520914,1.3142323257795172
2025-06-09 20:37:06+00:00,15566192,67548421549,51397625993483209832022,0,55908919049033811,1.314232325780272
2025-06-09 20:37:12+00:00,15566198,67548421550,51397625993483209832021,0,55908919049033811,1.3142323257997282
2025-06-09 20:37:25+00:00,15566211,67548421551,51397625992724592059187,0,55908919049033811,1.314232325838582
2025-06-09 20:38:08+00:00,15566254,67548421552,51397625991965974286375,0,55908919049033811,1.314232325877436
2025-06-09 20:38:15+00:00,15566261,67548421551,51397625992965974286375,0,55908919049033811,1.31423232583241
2025-06-09 20:38:20+00:00,15566266,67548421550,51397625993965974286375,0,55908919049033811,1.3142323257873838
2025-06-09 20:38:25+00:00,15566271,67548421563,51397626003965974286375,0,55908919059793735,1.314232325784615
2025-06-09 20:38:30+00:00,15566276,67548421562,51397626003169916214889,0,55908919058927805,1.3142323257855137
2025-06-09 20:38:50+00:00,15566296,67548421563,51397626002411298442047,0,55908919058927805,1.3142323258243678
2025-06-09 20:39:34+00:00,15566340,67548421564,51397626001652680669227,0,55908919058927805,1.3142323258632216
2025-06-09 20:40:14+00:00,15566380,67548421565,51397626000894062896430,0,55908919058927805,1.3142323259020756
2025-06-09 20:40:17+00:00,15566383,67548421566,51397626000135445123655,0,55908919058927805,1.3142323259409294
2025-06-09 20:40:20+00:00,15566386,67548421567,51397625999376827350903,0,55908919058927805,1.3142323259797835
2025-06-09 20:40:26+00:00,15566392,67548421631,51397626048214856850951,0,55908919111899743,1.3142323259761934
2025-06-09 20:40:31+00:00,15566397,67548421564,51397625997205010554607,0,55908919056412640,1.3142323259769482
2025-06-09 20:41:01+00:00,15566427,67548421565,51397625996446392781875,0,55908919056412640,1.314232326015802
2025-06-09 20:41:40+00:00,15566466,67548421564,51397625997446392781875,0,55908919056412640,1.314232325970776
2025-06-09 20:41:44+00:00,15566470,67548421565,51397625996687775009140,0,55908919056412640,1.31423232600963
2025-06-09 20:41:44+00:00,15566470,67548421564,51397625997687775009140,0,55908919056412640,1.3142323259646038
2025-06-09 20:41:49+00:00,15566475,67548421577,51397626007687775009140,0,55908919067172564,1.314232325961835
2025-06-09 20:41:54+00:00,15566480,67548421576,51397626006891716937702,0,55908919066306634,1.3142323259627338
2025-06-09 20:42:27+00:00,15566513,67548421577,51397626006133099164962,0,55908919066306634,1.3142323260015878
2025-06-09 20:43:11+00:00,15566557,67548421578,51397626005374481392245,0,55908919066306634,1.3142323260404416
2025-06-09 20:43:40+00:00,15566586,67548421579,51397626004615863619550,0,55908919066306634,1.3142323260792956
2025-06-09 20:43:50+00:00,15566596,67548421643,51397626053453893119598,0,55908919119278572,1.3142323260757056
2025-06-09 20:44:00+00:00,15566606,67548421644,51397626053453893119597,0,55908919119278572,1.3142323260951618
2025-06-09 20:44:36+00:00,15566642,67548421645,51397626052695275346934,0,55908919119278572,1.3142323261340156
2025-06-09 20:45:04+00:00,15566670,67548421644,51397626053695275346934,0,55908919119278572,1.3142323260889897
2025-06-09 20:45:09+00:00,15566675,67548421643,51397626054695275346934,0,55908919119278572,1.3142323260439637
2025-06-09 20:45:14+00:00,15566680,67548421656,51397626064695275346934,0,55908919130038496,1.3142323260411946
2025-06-09 20:45:19+00:00,15566685,67548421655,51397626063899217275508,0,55908919129172566,1.3142323260420936
2025-06-09 20:45:19+00:00,15566685,67548421656,51397626063140599502814,0,55908919129172566,1.3142323260809474
2025-06-09 20:46:01+00:00,15566727,67548421657,51397626062381981730142,0,55908919129172566,1.3142323261198015
2025-06-09 20:46:44+00:00,15566770,67548421658,51397626061623363957493,0,55908919129172566,1.3142323261586553
2025-06-09 20:47:04+00:00,15566790,67548421659,51397626060864746184866,0,55908919129172566,1.3142323261975093
2025-06-09 20:47:08+00:00,15566794,67548421660,51397626060106128412262,0,55908919129172566,1.314232326236363
2025-06-09 20:47:14+00:00,15566800,67548421724,51397626108944157912310,0,55908919182144504,1.3142323262327733
2025-06-09 20:47:19+00:00,15566805,67548421657,51397626057934311619784,0,55908919126657401,1.3142323262335278
2025-06-09 20:47:24+00:00,15566810,67548421658,51397626057934311619783,0,55908919126657401,1.314232326252984
2025-06-09 20:47:27+00:00,15566813,67548421659,51397626057175693847211,0,55908919126657401,1.314232326291838
2025-06-09 20:48:10+00:00,15566856,67548421660,51397626056417076074661,0,55908919126657401,1.3142323263306919
2025-06-09 20:48:30+00:00,15566876,67548421659,51397626057417076074661,0,55908919126657401,1.3142323262856659
2025-06-09 20:48:36+00:00,15566882,67548421658,51397626058417076074661,0,55908919126657401,1.31423232624064
2025-06-09 20:48:45+00:00,15566891,67548421657,51397626057621018003284,0,55908919125791471,1.3142323262415387
2025-06-09 20:48:53+00:00,15566899,67548421658,51397626056862400230705,0,55908919125791471,1.3142323262803928
2025-06-09 20:49:36+00:00,15566942,67548421659,51397626056103782458148,0,55908919125791471,1.3142323263192466
2025-06-09 20:50:20+00:00,15566986,67548421660,51397626055345164685614,0,55908919125791471,1.3142323263581006
2025-06-09 20:50:31+00:00,15566997,67548421661,51397626054586546913102,0,55908919125791471,1.3142323263969544
2025-06-09 20:50:35+00:00,15567001,67548421662,51397626053827929140613,0,55908919125791471,1.3142323264358085
2025-06-09 20:50:41+00:00,15567007,67548421726,51397626102665958640661,0,55908919178763409,1.3142323264322184
2025-06-09 20:50:46+00:00,15567012,67548421659,51397626051656112351281,0,55908919123276306,1.3142323264329732
2025-06-09 20:50:51+00:00,15567017,67548421660,51397626051656112351280,0,55908919123276306,1.3142323264524294
2025-06-09 20:51:03+00:00,15567029,67548421661,51397626050897494578823,0,55908919123276306,1.3142323264912832
2025-06-09 20:51:46+00:00,15567072,67548421662,51397626050138876806388,0,55908919123276306,1.3142323265301372
2025-06-09 20:51:54+00:00,15567080,67548421661,51397626051138876806388,0,55908919123276306,1.314232326485111
2025-06-09 20:51:59+00:00,15567085,67548421660,51397626052138876806388,0,55908919123276306,1.314232326440085
2025-06-09 20:52:08+00:00,15567094,67548421659,51397626051342818735060,0,55908919122410376,1.314232326440984
2025-06-09 20:52:29+00:00,15567115,67548421660,51397626050584200962596,0,55908919122410376,1.314232326479838
2025-06-09 20:53:12+00:00,15567158,67548421661,51397626049825583190155,0,55908919122410376,1.314232326518692
2025-06-09 20:53:52+00:00,15567198,67548421662,51397626049066965417736,0,55908919122410376,1.3142323265575457
2025-06-09 20:53:55+00:00,15567201,67548421663,51397626048308347645339,0,55908919122410376,1.3142323265963998
2025-06-09 20:53:57+00:00,15567203,67548421664,51397626047549729872965,0,55908919122410376,1.3142323266352538
2025-06-09 20:54:03+00:00,15567209,67548421728,51397626096387759373013,0,55908919175382314,1.3142323266316638
2025-06-09 20:54:13+00:00,15567219,67548421729,51397626096387759373012,0,55908919175382314,1.3142323266511198
2025-06-09 20:54:37+00:00,15567243,67548421730,51397626095629141600669,0,55908919175382314,1.3142323266899738
2025-06-09 20:55:16+00:00,15567282,67548421729,51397626096629141600669,0,55908919175382314,1.3142323266449478
2025-06-09 20:55:22+00:00,15567288,67548421728,51397626097629141600669,0,55908919175382314,1.3142323265999216
2025-06-09 20:55:26+00:00,15567292,67548421741,51397626107629141600669,0,55908919186142238,1.3142323265971527
2025-06-09 20:55:31+00:00,15567297,67548421740,51397626106833083529377,0,55908919185276308,1.3142323265980516
2025-06-09 20:56:03+00:00,15567329,67548421741,51397626106074465757004,0,55908919185276308,1.3142323266369056
2025-06-09 20:56:47+00:00,15567373,67548421742,51397626105315847984653,0,55908919185276308,1.3142323266757594
2025-06-09 20:57:14+00:00,15567400,67548421743,51397626104557230212325,0,55908919185276308,1.3142323267146134
2025-06-09 20:57:19+00:00,15567405,67548421744,51397626103798612440019,0,55908919185276308,1.3142323267534672
2025-06-09 20:57:26+00:00,15567412,67548421808,51397626152636641940067,0,55908919238248246,1.3142323267498774
2025-06-09 20:57:30+00:00,15567416,67548421809,51397626151878024167781,0,55908919238248246,1.3142323267887313
2025-06-09 20:57:31+00:00,15567417,67548421742,51397626100868177883833,0,55908919182761143,1.314232326789486
2025-06-09 20:57:36+00:00,15567422,67548421743,51397626100868177883832,0,55908919182761143,1.3142323268089422
2025-06-09 20:58:13+00:00,15567459,67548421744,51397626100109560111581,0,55908919182761143,1.314232326847796
2025-06-09 20:58:39+00:00,15567485,67548421743,51397626101109560111581,0,55908919182761143,1.31423232680277
2025-06-09 20:58:48+00:00,15567494,67548421756,51397626111109560111581,0,55908919193521067,1.314232326800001
2025-06-09 20:58:52+00:00,15567498,67548421755,51397626110313502040340,0,55908919192655137,1.3142323268009
2025-06-09 20:59:38+00:00,15567544,67548421756,51397626109554884268084,0,55908919192655137,1.3142323268397538
2025-06-09 21:00:21+00:00,15567587,67548421757,51397626108796266495850,0,55908919192655137,1.3142323268786078
2025-06-09 21:00:39+00:00,15567605,67548421758,51397626108037648723639,0,55908919192655137,1.3142323269174616
2025-06-09 21:00:44+00:00,15567610,67548421759,51397626107279030951450,0,55908919192655137,1.3142323269563156
2025-06-09 21:00:51+00:00,15567617,67548421823,51397626156117060451498,0,55908919245627075,1.3142323269527256
2025-06-09 21:01:01+00:00,15567627,67548421824,51397626156117060451497,0,55908919245627075,1.3142323269721818
2025-06-09 21:01:05+00:00,15567631,67548421825,51397626155358442679340,0,55908919245627075,1.3142323270110357
2025-06-09 21:01:49+00:00,15567675,67548421826,51397626154599824907205,0,55908919245627075,1.3142323270498897
2025-06-09 21:02:04+00:00,15567690,67548421825,51397626155599824907205,0,55908919245627075,1.3142323270048637
2025-06-09 21:02:09+00:00,15567695,67548421824,51397626156599824907205,0,55908919245627075,1.3142323269598375
2025-06-09 21:02:14+00:00,15567700,67548421837,51397626166599824907205,0,55908919256386999,1.3142323269570686
2025-06-09 21:02:19+00:00,15567705,67548421836,51397626165803766836000,0,55908919255521069,1.3142323269579674
2025-06-09 21:02:32+00:00,15567718,67548421837,51397626165045149063835,0,55908919255521069,1.3142323269968215
2025-06-09 21:03:15+00:00,15567761,67548421838,51397626164286531291692,0,55908919255521069,1.3142323270356753
2025-06-09 21:03:58+00:00,15567804,67548421839,51397626163527913519571,0,55908919255521069,1.3142323270745293
2025-06-09 21:04:03+00:00,15567809,67548421840,51397626162769295747473,0,55908919255521069,1.3142323271133831
2025-06-09 21:04:08+00:00,15567814,67548421841,51397626162010677975397,0,55908919255521069,1.3142323271522371
2025-06-09 21:04:14+00:00,15567820,67548421905,51397626210848707475445,0,55908919308493007,1.3142323271486471
2025-06-09 21:04:19+00:00,15567825,67548421838,51397626159838861197060,0,55908919253005904,1.3142323271494019
2025-06-09 21:04:24+00:00,15567830,67548421839,51397626159838861197059,0,55908919253005904,1.314232327168858
2025-06-09 21:04:41+00:00,15567847,67548421840,51397626159080243425015,0,55908919253005904,1.3142323272077119
2025-06-09 21:05:25+00:00,15567891,67548421841,51397626158321625652994,0,55908919253005904,1.314232327246566
2025-06-09 21:05:28+00:00,15567894,67548421840,51397626159321625652994,0,55908919253005904,1.3142323272015397
2025-06-09 21:05:33+00:00,15567899,67548421839,51397626160321625652994,0,55908919253005904,1.3142323271565137
2025-06-09 21:05:42+00:00,15567908,67548421838,51397626159525567581838,0,55908919252139974,1.3142323271574128
2025-06-09 21:06:09+00:00,15567935,67548421839,51397626158766949809788,0,55908919252139974,1.3142323271962666
2025-06-09 21:06:52+00:00,15567978,67548421840,51397626158008332037760,0,55908919252139974,1.3142323272351206
2025-06-09 21:07:24+00:00,15568010,67548421841,51397626157249714265755,0,55908919252139974,1.3142323272739744
2025-06-09 21:07:29+00:00,15568015,67548421842,51397626156491096493772,0,55908919252139974,1.3142323273128285
2025-06-09 21:07:35+00:00,15568021,67548421843,51397626155732478721811,0,55908919305111912,1.3142323273516825
2025-06-09 21:07:35+00:00,15568021,67548421907,51397626204570508221859,0,55908919305111912,1.3142323273480925
2025-06-09 21:07:40+00:00,15568026,67548421840,51397626153560661946620,0,55908919249624809,1.314232327348847
2025-06-09 21:07:45+00:00,15568031,67548421841,51397626153560661946619,0,55908919249624809,1.3142323273683032
2025-06-09 21:08:18+00:00,15568064,67548421842,51397626152802044174690,0,55908919249624809,1.3142323274071572
2025-06-09 21:08:48+00:00,15568094,67548421841,51397626153802044174690,0,55908919249624809,1.314232327362131
2025-06-09 21:08:57+00:00,15568103,67548421854,51397626163802044174690,0,55908919260384733,1.3142323273593621
2025-06-09 21:09:02+00:00,15568108,67548421853,51397626163005986103585,0,55908919259518803,1.314232327360261
2025-06-09 21:09:02+00:00,15568108,67548421854,51397626162247368331652,0,55908919259518803,1.314232327399115
2025-06-09 21:09:46+00:00,15568152,67548421855,51397626161488750559741,0,55908919259518803,1.3142323274379688
2025-06-09 21:10:30+00:00,15568196,67548421856,51397626160730132787853,0,55908919259518803,1.3142323274768228
2025-06-09 21:10:45+00:00,15568211,67548421857,51397626159971515015987,0,55908919259518803,1.3142323275156769
2025-06-09 21:10:50+00:00,15568216,67548421858,51397626159212897244144,0,55908919259518803,1.3142323275545307
2025-06-09 21:10:56+00:00,15568222,67548421922,51397626208050926744192,0,55908919312490741,1.3142323275509407
2025-06-09 21:11:05+00:00,15568231,67548421923,51397626208050926744191,0,55908919312490741,1.3142323275703969
2025-06-09 21:11:14+00:00,15568240,67548421924,51397626207292308972379,0,55908919312490741,1.3142323276092507
2025-06-09 21:11:58+00:00,15568284,67548421925,51397626206533691200590,0,55908919312490741,1.3142323276481047
2025-06-09 21:12:09+00:00,15568295,67548421924,51397626207533691200590,0,55908919312490741,1.3142323276030787
2025-06-09 21:12:14+00:00,15568300,67548421923,51397626208533691200590,0,55908919312490741,1.3142323275580525
2025-06-09 21:12:19+00:00,15568305,67548421936,51397626218533691200590,0,55908919323250665,1.3142323275552836
2025-06-09 21:12:24+00:00,15568310,67548421935,51397626217737633129532,0,55908919322384735,1.3142323275561825
2025-06-09 21:12:40+00:00,15568326,67548421936,51397626216979015357712,0,55908919322384735,1.3142323275950365
2025-06-09 21:13:23+00:00,15568369,67548421937,51397626216220397585914,0,55908919322384735,1.3142323276338903
2025-06-09 21:14:06+00:00,15568412,67548421939,51397626214703162042386,0,55908919322384735,1.3142323277115984
2025-06-09 21:14:06+00:00,15568412,67548421938,51397626215461779814139,0,55908919322384735,1.3142323276727443
2025-06-09 21:14:11+00:00,15568417,67548421940,51397626213944544270656,0,55908919322384735,1.3142323277504522
2025-06-09 21:14:17+00:00,15568423,67548422004,51397626262782573770704,0,55908919375356673,1.3142323277468622
2025-06-09 21:14:22+00:00,15568428,67548421937,51397626211772727501782,0,55908919319869570,1.314232327747617
2025-06-09 21:14:28+00:00,15568434,67548421938,51397626211772727501781,0,55908919319869570,1.314232327767073
2025-06-09 21:14:49+00:00,15568455,67548421939,51397626211014109730083,0,55908919319869570,1.314232327805927
2025-06-09 21:15:33+00:00,15568499,67548421939,51397626211255491958381,0,55908919319869570,1.314232327799755
2025-06-09 21:15:33+00:00,15568499,67548421938,51397626212014109730083,0,55908919319869570,1.314232327760901
2025-06-09 21:15:38+00:00,15568504,67548421938,51397626212255491958381,0,55908919319869570,1.3142323277547288
2025-06-09 21:15:42+00:00,15568508,67548421951,51397626222255491958381,0,55908919330629494,1.3142323277519596
2025-06-09 21:15:47+00:00,15568513,67548421950,51397626221459433887371,0,55908919329763564,1.3142323277528587
2025-06-09 21:16:16+00:00,15568542,67548421951,51397626220700816115664,0,55908919329763564,1.3142323277917127
2025-06-09 21:17:00+00:00,15568586,67548421952,51397626219942198343980,0,55908919329763564,1.3142323278305665
2025-06-09 21:17:28+00:00,15568614,67548421953,51397626219183580572318,0,55908919329763564,1.3142323278694206
2025-06-09 21:17:33+00:00,15568619,67548421954,51397626218424962800679,0,55908919329763564,1.3142323279082744
2025-06-09 21:17:39+00:00,15568625,67548422018,51397626267262992300727,0,55908919382735502,1.3142323279046844
2025-06-09 21:17:44+00:00,15568630,67548421951,51397626216253146034091,0,55908919327248399,1.314232327905439
2025-06-09 21:17:44+00:00,15568630,67548421952,51397626215494528262472,0,55908919327248399,1.3142323279442931
2025-06-09 21:18:28+00:00,15568674,67548421953,51397626214735910490876,0,55908919327248399,1.314232327983147
2025-06-09 21:18:51+00:00,15568697,67548421952,51397626215735910490876,0,55908919327248399,1.314232327938121
2025-06-09 21:18:56+00:00,15568702,67548421951,51397626216735910490876,0,55908919327248399,1.314232327893095
2025-06-09 21:19:01+00:00,15568707,67548421964,51397626226735910490876,0,55908919338008323,1.3142323278903258
2025-06-09 21:19:06+00:00,15568712,67548421963,51397626225939852419901,0,55908919337142393,1.314232327891225
2025-06-09 21:19:12+00:00,15568718,67548421964,51397626225181234648274,0,55908919337142393,1.3142323279300787
2025-06-09 21:19:56+00:00,15568762,67548421965,51397626224422616876670,0,55908919337142393,1.3142323279689327
2025-06-09 21:20:40+00:00,15568806,67548421966,51397626223663999105088,0,55908919337142393,1.3142323280077866
2025-06-09 21:20:48+00:00,15568814,67548421967,51397626222905381333529,0,55908919337142393,1.3142323280466406
2025-06-09 21:20:53+00:00,15568819,67548421968,51397626222146763561992,0,55908919337142393,1.3142323280854944
2025-06-09 21:20:59+00:00,15568825,67548422032,51397626270984793062040,0,55908919390114331,1.3142323280819046
2025-06-09 21:21:04+00:00,15568830,67548421965,51397626219974946798442,0,55908919334627228,1.314232328082659
2025-06-09 21:21:09+00:00,15568835,67548421966,51397626219974946798441,0,55908919334627228,1.3142323281021153
2025-06-09 21:21:24+00:00,15568850,67548421967,51397626219216329026936,0,55908919334627228,1.3142323281409694
2025-06-09 21:22:11+00:00,15568897,67548421966,51397626220216329026936,0,55908919334627228,1.3142323280959431
2025-06-09 21:22:17+00:00,15568903,67548421965,51397626221216329026936,0,55908919334627228,1.3142323280509172
2025-06-09 21:22:21+00:00,15568907,67548421978,51397626231216329026936,0,55908919345387152,1.314232328048148
2025-06-09 21:22:26+00:00,15568912,67548421977,51397626230420270955997,0,55908919344521222,1.314232328049047
2025-06-09 21:22:50+00:00,15568936,67548421978,51397626229661653184461,0,55908919344521222,1.314232328087901
2025-06-09 21:23:32+00:00,15568978,67548421979,51397626228903035412948,0,55908919344521222,1.314232328126755
2025-06-09 21:24:09+00:00,15569015,67548421980,51397626228144417641457,0,55908919344521222,1.314232328165609
2025-06-09 21:24:14+00:00,15569020,67548421981,51397626227385799869989,0,55908919344521222,1.3142323282044628
2025-06-09 21:24:15+00:00,15569021,67548421982,51397626226627182098543,0,55908919344521222,1.3142323282433168
2025-06-09 21:24:20+00:00,15569026,67548422046,51397626275465211598591,0,55908919397493160,1.3142323282397268
2025-06-09 21:24:25+00:00,15569031,67548421979,51397626224455365337279,0,55908919342006057,1.3142323282404815
2025-06-09 21:24:30+00:00,15569036,67548421980,51397626224455365337278,0,55908919342006057,1.3142323282599375
2025-06-09 21:24:57+00:00,15569063,67548421981,51397626223696747565864,0,55908919342006057,1.3142323282987916
2025-06-09 21:25:33+00:00,15569099,67548421980,51397626224696747565864,0,55908919342006057,1.3142323282537656
2025-06-09 21:25:40+00:00,15569106,67548421981,51397626223938129794447,0,55908919342006057,1.3142323282926194
2025-06-09 21:25:42+00:00,15569108,67548421994,51397626233938129794447,0,55908919352765981,1.3142323282898503
2025-06-09 21:25:47+00:00,15569113,67548421993,51397626233142071723571,0,55908919351900051,1.3142323282907493
2025-06-09 21:26:23+00:00,15569149,67548421994,51397626232383453952175,0,55908919351900051,1.3142323283296033
2025-06-09 21:27:05+00:00,15569191,67548421995,51397626231624836180801,0,55908919351900051,1.3142323283684572
2025-06-09 21:27:29+00:00,15569215,67548421996,51397626230866218409450,0,55908919351900051,1.3142323284073112
2025-06-09 21:27:34+00:00,15569220,67548421997,51397626230107600638121,0,55908919351900051,1.314232328446165
2025-06-09 21:27:40+00:00,15569226,67548422061,51397626278945630138169,0,55908919404871989,1.314232328442575
2025-06-09 21:27:45+00:00,15569231,67548421994,51397626227935783880135,0,55908919349384886,1.3142323284433297
2025-06-09 21:27:50+00:00,15569236,67548421995,51397626227935783880134,0,55908919349384886,1.314232328462786
2025-06-09 21:28:31+00:00,15569277,67548421996,51397626227177166108837,0,55908919349384886,1.3142323285016397
2025-06-09 21:28:52+00:00,15569298,67548421995,51397626228177166108837,0,55908919349384886,1.3142323284566138
2025-06-09 21:28:57+00:00,15569303,67548421994,51397626229177166108837,0,55908919349384886,1.3142323284115878
2025-06-09 21:29:06+00:00,15569312,67548421993,51397626228381108037987,0,55908919348518956,1.3142323284124866
2025-06-09 21:29:14+00:00,15569320,67548421994,51397626227622490266661,0,55908919348518956,1.3142323284513406
2025-06-09 21:29:57+00:00,15569363,67548421995,51397626226863872495358,0,55908919348518956,1.3142323284901947
2025-06-09 21:30:41+00:00,15569407,67548421996,51397626226105254724077,0,55908919348518956,1.3142323285290485
2025-06-09 21:30:49+00:00,15569415,67548421997,51397626225346636952818,0,55908919348518956,1.3142323285679025
2025-06-09 21:30:54+00:00,15569420,67548421998,51397626224588019181582,0,55908919348518956,1.3142323286067563
2025-06-09 21:31:00+00:00,15569426,67548422062,51397626273426048681630,0,55908919401490894,1.3142323286031663
2025-06-09 21:31:09+00:00,15569435,67548422063,51397626273426048681629,0,55908919401490894,1.3142323286226225
2025-06-09 21:31:25+00:00,15569451,67548422064,51397626272667430910424,0,55908919401490894,1.3142323286614765
2025-06-09 21:32:07+00:00,15569493,67548422065,51397626271908813139242,0,55908919401490894,1.3142323287003304
2025-06-09 21:32:14+00:00,15569500,67548422064,51397626272908813139242,0,55908919401490894,1.3142323286553044
2025-06-09 21:32:18+00:00,15569504,67548422063,51397626273908813139242,0,55908919401490894,1.3142323286102784
2025-06-09 21:32:23+00:00,15569509,67548422076,51397626283908813139242,0,55908919412250818,1.3142323286075093
2025-06-09 21:32:28+00:00,15569514,67548422075,51397626283112755068439,0,55908919411384888,1.314232328608408
2025-06-09 21:32:50+00:00,15569536,67548422076,51397626282354137297226,0,55908919411384888,1.3142323286472621
2025-06-09 21:33:33+00:00,15569579,67548422077,51397626281595519526036,0,55908919411384888,1.3142323286861162
2025-06-09 21:34:09+00:00,15569615,67548422078,51397626280836901754868,0,55908919411384888,1.31423232872497
2025-06-09 21:34:14+00:00,15569620,67548422079,51397626280078283983723,0,55908919411384888,1.314232328763824
2025-06-09 21:34:17+00:00,15569623,67548422080,51397626279319666212600,0,55908919411384888,1.3142323288026778
2025-06-09 21:34:20+00:00,15569626,67548422144,51397626328157695712648,0,55908919464356826,1.3142323287990878
2025-06-09 21:34:25+00:00,15569631,67548422077,51397626277147849460046,0,55908919408869723,1.3142323287998425
2025-06-09 21:34:30+00:00,15569636,67548422078,51397626277147849460045,0,55908919408869723,1.3142323288192987
2025-06-09 21:34:59+00:00,15569665,67548422079,51397626276389231688954,0,55908919408869723,1.3142323288581526
2025-06-09 21:35:34+00:00,15569700,67548422078,51397626277389231688954,0,55908919408869723,1.3142323288131266
2025-06-09 21:35:39+00:00,15569705,67548422077,51397626278389231688954,0,55908919408869723,1.3142323287681006
2025-06-09 21:35:48+00:00,15569714,67548422076,51397626277593173618188,0,55908919408003793,1.3142323287689994
2025-06-09 21:36:26+00:00,15569752,67548422077,51397626276834555847068,0,55908919408003793,1.3142323288078535
2025-06-09 21:37:10+00:00,15569796,67548422078,51397626276075938075970,0,55908919408003793,1.3142323288467073
2025-06-09 21:37:31+00:00,15569817,67548422079,51397626275317320304895,0,55908919408003793,1.3142323288855613
2025-06-09 21:37:36+00:00,15569822,67548422080,51397626274558702533842,0,55908919408003793,1.3142323289244153
2025-06-09 21:37:42+00:00,15569828,67548422144,51397626323396732033890,0,55908919460975731,1.3142323289208253
2025-06-09 21:37:47+00:00,15569833,67548422077,51397626272386885782928,0,55908919405488628,1.31423232892158
2025-06-09 21:37:51+00:00,15569837,67548422078,51397626272386885782927,0,55908919405488628,1.314232328941036
2025-06-09 21:37:52+00:00,15569838,67548422079,51397626271628268011906,0,55908919405488628,1.31423232897989
2025-06-09 21:38:35+00:00,15569881,67548422080,51397626270869650240908,0,55908919405488628,1.3142323290187439
2025-06-09 21:38:55+00:00,15569901,67548422079,51397626271869650240908,0,55908919405488628,1.314232328973718
2025-06-09 21:38:59+00:00,15569905,67548422078,51397626272869650240908,0,55908919405488628,1.314232328928692
2025-06-09 21:39:05+00:00,15569911,67548422091,51397626282869650240908,0,55908919416248552,1.3142323289259228
2025-06-09 21:39:10+00:00,15569916,67548422090,51397626282073592170178,0,55908919415382622,1.3142323289268218
2025-06-09 21:39:18+00:00,15569924,67548422091,51397626281314974399149,0,55908919415382622,1.3142323289656757
2025-06-09 21:40:00+00:00,15569966,67548422092,51397626280556356628142,0,55908919415382622,1.3142323290045297
2025-06-09 21:40:44+00:00,15570010,67548422093,51397626279797738857158,0,55908919415382622,1.3142323290433835
2025-06-09 21:40:55+00:00,15570021,67548422094,51397626279039121086196,0,55908919415382622,1.3142323290822375
2025-06-09 21:41:00+00:00,15570026,67548422095,51397626278280503315257,0,55908919415382622,1.3142323291210913
2025-06-09 21:41:06+00:00,15570032,67548422159,51397626327118532815305,0,55908919468354560,1.3142323291175015
2025-06-09 21:41:11+00:00,15570037,67548422092,51397626276108686567381,0,55908919412867457,1.314232329118256
2025-06-09 21:41:16+00:00,15570042,67548422093,51397626276108686567380,0,55908919412867457,1.3142323291377123
2025-06-09 21:41:28+00:00,15570054,67548422094,51397626275350068796473,0,55908919412867457,1.3142323291765663
2025-06-09 21:42:11+00:00,15570097,67548422095,51397626274591451025588,0,55908919412867457,1.31423232921542
2025-06-09 21:42:18+00:00,15570104,67548422094,51397626275591451025588,0,55908919412867457,1.3142323291703941
2025-06-09 21:42:23+00:00,15570109,67548422093,51397626276591451025588,0,55908919412867457,1.3142323291253681
2025-06-09 21:42:28+00:00,15570114,67548422106,51397626286591451025588,0,55908919423627381,1.314232329122599
2025-06-09 21:42:33+00:00,15570119,67548422105,51397626285795392954905,0,55908919422761451,1.3142323291234979
2025-06-09 21:42:54+00:00,15570140,67548422106,51397626285036775183990,0,55908919422761451,1.3142323291623519
2025-06-09 21:43:37+00:00,15570183,67548422107,51397626284278157413097,0,55908919422761451,1.314232329201206
2025-06-09 21:44:12+00:00,15570218,67548422108,51397626283519539642226,0,55908919422761451,1.3142323292400597
2025-06-09 21:44:16+00:00,15570222,67548422109,51397626282760921871378,0,55908919422761451,1.3142323292789138
2025-06-09 21:44:21+00:00,15570227,67548422110,51397626282002304100552,0,55908919422761451,1.3142323293177676
2025-06-09 21:44:22+00:00,15570228,67548422174,51397626330840333600600,0,55908919475733389,1.3142323293141775
2025-06-09 21:44:27+00:00,15570233,67548422107,51397626279830487355715,0,55908919420246286,1.3142323293149323
2025-06-09 21:44:32+00:00,15570238,67548422108,51397626279830487355714,0,55908919420246286,1.3142323293343885
2025-06-09 21:45:04+00:00,15570270,67548422109,51397626279071869584920,0,55908919420246286,1.3142323293732423
2025-06-09 21:45:33+00:00,15570299,67548422108,51397626280071869584920,0,55908919420246286,1.3142323293282163
2025-06-09 21:45:38+00:00,15570304,67548422107,51397626281071869584920,0,55908919420246286,1.3142323292831903
2025-06-09 21:45:43+00:00,15570309,67548422120,51397626291071869584920,0,55908919431006210,1.3142323292804212
2025-06-09 21:46:30+00:00,15570356,67548422121,51397626290313251814095,0,55908919431006210,1.3142323293192752
2025-06-09 21:47:13+00:00,15570399,67548422122,51397626289554634043293,0,55908919431006210,1.314232329358129
2025-06-09 21:47:29+00:00,15570415,67548422123,51397626288796016272513,0,55908919431006210,1.314232329396983
2025-06-09 21:47:34+00:00,15570420,67548422124,51397626288037398501755,0,55908919431006210,1.314232329435837
2025-06-09 21:47:40+00:00,15570426,67548422188,51397626336875428001803,0,55908919483978148,1.3142323294322469
2025-06-09 21:47:45+00:00,15570431,67548422121,51397626285865581758451,0,55908919428491045,1.3142323294330016
2025-06-09 21:47:50+00:00,15570436,67548422122,51397626285865581758450,0,55908919428491045,1.3142323294524578
2025-06-09 21:47:55+00:00,15570441,67548422123,51397626285106963987724,0,55908919428491045,1.3142323294913116
2025-06-09 21:48:38+00:00,15570484,67548422124,51397626284348346217021,0,55908919428491045,1.3142323295301657
2025-06-09 21:48:53+00:00,15570499,67548422123,51397626285348346217021,0,55908919428491045,1.3142323294851397
2025-06-09 21:48:58+00:00,15570504,67548422122,51397626286348346217021,0,55908919428491045,1.3142323294401135
2025-06-09 21:49:02+00:00,15570508,67548422135,51397626296348346217021,0,55908919439250969,1.3142323294373446
2025-06-09 21:49:07+00:00,15570513,67548422134,51397626295552288146410,0,55908919438385039,1.3142323294382434
2025-06-09 21:49:21+00:00,15570527,67548422135,51397626294793670375676,0,55908919438385039,1.3142323294770974
2025-06-09 21:50:04+00:00,15570570,67548422136,51397626294035052604965,0,55908919438385039,1.3142323295159513
2025-06-09 21:50:47+00:00,15570613,67548422137,51397626293276434834276,0,55908919438385039,1.3142323295548053
2025-06-09 21:50:56+00:00,15570622,67548422138,51397626292517817063610,0,55908919438385039,1.314232329593659
2025-06-09 21:51:02+00:00,15570628,67548422202,51397626341355846563658,0,55908919491356977,1.3142323295900693
2025-06-09 21:51:07+00:00,15570633,67548422135,51397626290346000322591,0,55908919435869874,1.3142323295908238
2025-06-09 21:51:12+00:00,15570638,67548422136,51397626290346000322590,0,55908919435869874,1.31423232961028
2025-06-09 21:51:31+00:00,15570657,67548422137,51397626289587382551956,0,55908919435869874,1.314232329649134
2025-06-09 21:52:13+00:00,15570699,67548422136,51397626290587382551956,0,55908919435869874,1.3142323296041079
2025-06-09 21:52:13+00:00,15570699,67548422137,51397626289828764781318,0,55908919435869874,1.3142323296429619
2025-06-09 21:52:18+00:00,15570704,67548422136,51397626290828764781318,0,55908919435869874,1.314232329597936
2025-06-09 21:52:23+00:00,15570709,67548422149,51397626300828764781318,0,55908919446629798,1.3142323295951668
2025-06-09 21:52:28+00:00,15570714,67548422148,51397626300032706710742,0,55908919445763868,1.3142323295960656
2025-06-09 21:52:57+00:00,15570743,67548422149,51397626299274088940099,0,55908919445763868,1.3142323296349196
2025-06-09 21:53:41+00:00,15570787,67548422150,51397626298515471169479,0,55908919445763868,1.3142323296737737
2025-06-09 21:54:10+00:00,15570816,67548422151,51397626297756853398881,0,55908919445763868,1.3142323297126275
2025-06-09 21:54:15+00:00,15570821,67548422152,51397626296998235628306,0,55908919445763868,1.3142323297514815
2025-06-09 21:54:21+00:00,15570827,67548422216,51397626345836265128354,0,55908919498735806,1.3142323297478915
2025-06-09 21:54:24+00:00,15570830,67548422217,51397626345077647357799,0,55908919498735806,1.3142323297867453
2025-06-09 21:54:25+00:00,15570831,67548422150,51397626294067801119771,0,55908919443248703,1.3142323297875
2025-06-09 21:54:30+00:00,15570836,67548422151,51397626294067801119770,0,55908919443248703,1.3142323298069563
2025-06-09 21:55:07+00:00,15570873,67548422152,51397626293309183349249,0,55908919443248703,1.31423232984581
2025-06-09 21:55:33+00:00,15570899,67548422151,51397626294309183349249,0,55908919443248703,1.314232329800784
2025-06-09 21:55:38+00:00,15570904,67548422150,51397626295309183349249,0,55908919443248703,1.314232329755758
2025-06-09 21:55:43+00:00,15570909,67548422163,51397626305309183349249,0,55908919454008627,1.314232329752989
2025-06-09 21:55:50+00:00,15570916,67548422164,51397626304550565578697,0,55908919454008627,1.314232329791843
2025-06-09 21:56:34+00:00,15570960,67548422165,51397626303791947808167,0,55908919454008627,1.3142323298306968
2025-06-09 21:57:17+00:00,15571003,67548422166,51397626303033330037660,0,55908919454008627,1.3142323298695509
2025-06-09 21:57:36+00:00,15571022,67548422167,51397626302274712267175,0,55908919454008627,1.3142323299084047
2025-06-09 21:57:41+00:00,15571027,67548422168,51397626301516094496713,0,55908919454008627,1.3142323299472587
2025-06-09 21:57:47+00:00,15571033,67548422232,51397626350354123996761,0,55908919506980565,1.3142323299436687
2025-06-09 21:57:52+00:00,15571038,67548422165,51397626299344277761018,0,55908919451493462,1.3142323299444234
2025-06-09 21:57:57+00:00,15571043,67548422166,51397626299344277761017,0,55908919451493462,1.3142323299638794
2025-06-09 21:58:44+00:00,15571090,67548422167,51397626298585659990587,0,55908919451493462,1.3142323300027334
2025-06-09 21:59:00+00:00,15571106,67548422166,51397626299585659990587,0,55908919451493462,1.3142323299577074
2025-06-09 21:59:05+00:00,15571111,67548422165,51397626300585659990587,0,55908919451493462,1.3142323299126812
2025-06-09 21:59:10+00:00,15571116,67548422178,51397626310585659990587,0,55908919462253386,1.3142323299099123
2025-06-09 21:59:15+00:00,15571121,67548422177,51397626309789601920083,0,55908919461387456,1.3142323299108112
2025-06-09 21:59:26+00:00,15571132,67548422178,51397626309030984149622,0,55908919461387456,1.3142323299496652
2025-06-09 22:00:10+00:00,15571176,67548422179,51397626308272366379183,0,55908919461387456,1.314232329988519
2025-06-09 22:00:53+00:00,15571219,67548422180,51397626307513748608767,0,55908919461387456,1.314232330027373
2025-06-09 22:01:01+00:00,15571227,67548422181,51397626306755130838373,0,55908919461387456,1.314232330066227
2025-06-09 22:01:06+00:00,15571232,67548422182,51397626305996513068002,0,55908919461387456,1.314232330105081
2025-06-09 22:01:13+00:00,15571239,67548422246,51397626354834542568050,0,55908919514359394,1.3142323301014909
2025-06-09 22:01:18+00:00,15571244,67548422179,51397626303824696334593,0,55908919458872291,1.3142323301022456
2025-06-09 22:01:23+00:00,15571249,67548422180,51397626303824696334592,0,55908919458872291,1.3142323301217018
2025-06-09 22:01:37+00:00,15571263,67548422181,51397626303066078564253,0,55908919458872291,1.3142323301605556
2025-06-09 22:02:20+00:00,15571306,67548422182,51397626302307460793936,0,55908919458872291,1.3142323301994097
2025-06-09 22:02:28+00:00,15571314,67548422181,51397626303307460793936,0,55908919458872291,1.3142323301543837
2025-06-09 22:02:33+00:00,15571319,67548422180,51397626304307460793936,0,55908919458872291,1.3142323301093575
2025-06-09 22:02:39+00:00,15571325,67548422193,51397626314307460793936,0,55908919469632215,1.3142323301065884
2025-06-09 22:02:44+00:00,15571330,67548422192,51397626313511402723479,0,55908919468766285,1.3142323301074874
2025-06-09 22:03:02+00:00,15571348,67548422193,51397626312752784953132,0,55908919468766285,1.3142323301463414
2025-06-09 22:03:45+00:00,15571391,67548422194,51397626311994167182807,0,55908919468766285,1.3142323301851953
2025-06-09 22:04:28+00:00,15571434,67548422195,51397626311235549412504,0,55908919468766285,1.3142323302240493
2025-06-09 22:04:29+00:00,15571435,67548422196,51397626310476931642224,0,55908919468766285,1.314232330262903
2025-06-09 22:04:33+00:00,15571439,67548422197,51397626309718313871966,0,55908919468766285,1.3142323303017571
2025-06-09 22:04:39+00:00,15571445,67548422261,51397626358556343372014,0,55908919521738223,1.314232330298167
2025-06-09 22:04:44+00:00,15571450,67548422194,51397626307546497141596,0,55908919466251120,1.3142323302989218
2025-06-09 22:05:11+00:00,15571477,67548422195,51397626306787879371359,0,55908919466251120,1.3142323303377756
2025-06-09 22:05:54+00:00,15571520,67548422194,51397626307787879371359,0,55908919466251120,1.3142323302927497
2025-06-09 22:05:55+00:00,15571521,67548422195,51397626307029261601119,0,55908919466251120,1.3142323303316037
2025-06-09 22:06:03+00:00,15571529,67548422208,51397626317029261601119,0,55908919477011044,1.3142323303288346
2025-06-09 22:06:08+00:00,15571534,67548422207,51397626316233203530725,0,55908919476145114,1.3142323303297334
2025-06-09 22:06:38+00:00,15571564,67548422208,51397626315474585760506,0,55908919476145114,1.3142323303685874
2025-06-09 22:07:22+00:00,15571608,67548422209,51397626314715967990309,0,55908919476145114,1.3142323304074415
2025-06-09 22:07:52+00:00,15571638,67548422210,51397626313957350220135,0,55908919476145114,1.3142323304462953
2025-06-09 22:07:56+00:00,15571642,67548422211,51397626313198732449983,0,55908919476145114,1.3142323304851493
2025-06-09 22:08:02+00:00,15571648,67548422275,51397626362036761950031,0,55908919529117052,1.3142323304815593
2025-06-09 22:08:05+00:00,15571651,67548422276,51397626361278144179900,0,55908919529117052,1.314232330520413
2025-06-09 22:08:07+00:00,15571653,67548422209,51397626310268297953513,0,55908919473629949,1.3142323305211678
2025-06-09 22:08:13+00:00,15571659,67548422210,51397626310268297953512,0,55908919473629949,1.314232330540624
2025-06-09 22:08:47+00:00,15571693,67548422211,51397626309509680183415,0,55908919473629949,1.3142323305794779
2025-06-09 22:09:16+00:00,15571722,67548422210,51397626310509680183415,0,55908919473629949,1.3142323305344519
2025-06-09 22:09:21+00:00,15571727,67548422209,51397626311509680183415,0,55908919473629949,1.314232330489426
2025-06-09 22:09:27+00:00,15571733,67548422222,51397626321509680183415,0,55908919484389873,1.3142323304866568
2025-06-09 22:10:14+00:00,15571780,67548422223,51397626320751062413286,0,55908919484389873,1.3142323305255108
2025-06-09 22:10:58+00:00,15571824,67548422224,51397626319992444643180,0,55908919484389873,1.3142323305643646
2025-06-09 22:11:15+00:00,15571841,67548422225,51397626319233826873096,0,55908919484389873,1.3142323306032186
2025-06-09 22:11:20+00:00,15571846,67548422226,51397626318475209103035,0,55908919484389873,1.3142323306420725
2025-06-09 22:11:26+00:00,15571852,67548422290,51397626367313238603083,0,55908919537361811,1.3142323306384824
2025-06-09 22:11:31+00:00,15571857,67548422223,51397626316303392378228,0,55908919481874708,1.3142323306392372
2025-06-09 22:11:36+00:00,15571862,67548422224,51397626316303392378227,0,55908919481874708,1.3142323306586934
2025-06-09 22:11:42+00:00,15571868,67548422225,51397626315544774608198,0,55908919481874708,1.3142323306975474
2025-06-09 22:12:25+00:00,15571911,67548422226,51397626314786156838191,0,55908919481874708,1.3142323307364012
2025-06-09 22:12:39+00:00,15571925,67548422225,51397626315786156838191,0,55908919481874708,1.3142323306913752
2025-06-09 22:12:44+00:00,15571930,67548422224,51397626316786156838191,0,55908919481874708,1.314232330646349
2025-06-09 22:12:49+00:00,15571935,67548422237,51397626326786156838191,0,55908919492634632,1.3142323306435801
2025-06-09 22:12:54+00:00,15571940,67548422236,51397626325990098767868,0,55908919491768702,1.314232330644479
2025-06-09 22:13:07+00:00,15571953,67548422237,51397626325231480997831,0,55908919491768702,1.314232330683333
2025-06-09 22:13:50+00:00,15571996,67548422238,51397626324472863227816,0,55908919491768702,1.3142323307221868
2025-06-09 22:14:33+00:00,15572039,67548422239,51397626323714245457823,0,55908919491768702,1.3142323307610408
2025-06-09 22:14:43+00:00,15572049,67548422240,51397626322955627687853,0,55908919491768702,1.3142323307998949
2025-06-09 22:14:49+00:00,15572055,67548422241,51397626322197009917905,0,55908919491768702,1.3142323308387487
2025-06-09 22:14:55+00:00,15572061,67548422305,51397626371035039417953,0,55908919544740640,1.3142323308351587
2025-06-09 22:15:00+00:00,15572066,67548422238,51397626320025193196137,0,55908919489253537,1.3142323308359134
2025-06-09 22:15:06+00:00,15572072,67548422239,51397626320025193196136,0,55908919489253537,1.3142323308553696
2025-06-09 22:15:16+00:00,15572082,67548422240,51397626319266575426220,0,55908919489253537,1.3142323308942234
2025-06-09 22:15:59+00:00,15572125,67548422241,51397626318507957656327,0,55908919489253537,1.3142323309330775
2025-06-09 22:16:16+00:00,15572142,67548422240,51397626319507957656327,0,55908919489253537,1.3142323308880515
2025-06-09 22:16:21+00:00,15572147,67548422239,51397626320507957656327,0,55908919489253537,1.3142323308430253
2025-06-09 22:16:26+00:00,15572152,67548422252,51397626330507957656327,0,55908919500013461,1.3142323308402561
2025-06-09 22:16:31+00:00,15572157,67548422251,51397626329711899586052,0,55908919499147531,1.3142323308411552
2025-06-09 22:16:42+00:00,15572168,67548422252,51397626328953281816128,0,55908919499147531,1.3142323308800092
2025-06-09 22:17:25+00:00,15572211,67548422253,51397626328194664046227,0,55908919499147531,1.314232330918863
2025-06-09 22:18:07+00:00,15572253,67548422254,51397626327436046276348,0,55908919499147531,1.314232330957717
2025-06-09 22:18:22+00:00,15572268,67548422255,51397626326677428506491,0,55908919499147531,1.3142323309965709
2025-06-09 22:18:27+00:00,15572273,67548422256,51397626325918810736657,0,55908919499147531,1.314232331035425
2025-06-09 22:18:34+00:00,15572280,67548422320,51397626374756840236705,0,55908919552119469,1.314232331031835
2025-06-09 22:18:38+00:00,15572284,67548422253,51397626323746994017927,0,55908919496632366,1.3142323310325896
2025-06-09 22:18:43+00:00,15572289,67548422254,51397626323746994017926,0,55908919496632366,1.3142323310520458
2025-06-09 22:18:50+00:00,15572296,67548422255,51397626322988376248124,0,55908919496632366,1.3142323310908997
2025-06-09 22:19:33+00:00,15572339,67548422256,51397626322229758478344,0,55908919496632366,1.3142323311297537
2025-06-09 22:19:50+00:00,15572356,67548422255,51397626323229758478344,0,55908919496632366,1.3142323310847275
2025-06-09 22:19:54+00:00,15572360,67548422254,51397626324229758478344,0,55908919496632366,1.3142323310397015
2025-06-09 22:19:59+00:00,15572365,67548422267,51397626334229758478344,0,55908919507392290,1.3142323310369324
2025-06-09 22:20:04+00:00,15572370,67548422266,51397626333433700408116,0,55908919506526360,1.3142323310378314
2025-06-09 22:20:16+00:00,15572382,67548422267,51397626332675082638306,0,55908919506526360,1.3142323310766852
2025-06-09 22:20:59+00:00,15572425,67548422268,51397626331916464868518,0,55908919506526360,1.3142323311155393
2025-06-09 22:21:42+00:00,15572468,67548422269,51397626331157847098752,0,55908919506526360,1.3142323311543933
2025-06-09 22:21:48+00:00,15572474,67548422270,51397626330399229329009,0,55908919506526360,1.3142323311932471
2025-06-09 22:21:53+00:00,15572479,67548422271,51397626329640611559288,0,55908919506526360,1.3142323312321011
2025-06-09 22:21:59+00:00,15572485,67548422335,51397626378478641059336,0,55908919559498298,1.3142323312285111
2025-06-09 22:22:04+00:00,15572490,67548422268,51397626327468794843597,0,55908919504011195,1.3142323312292659
2025-06-09 22:22:09+00:00,15572495,67548422269,51397626327468794843596,0,55908919504011195,1.3142323312487219
2025-06-09 22:22:24+00:00,15572510,67548422270,51397626326710177073907,0,55908919504011195,1.3142323312875759
2025-06-09 22:23:07+00:00,15572553,67548422271,51397626325951559304241,0,55908919504011195,1.3142323313264297
2025-06-09 22:23:13+00:00,15572559,67548422270,51397626326951559304241,0,55908919504011195,1.3142323312814037
2025-06-09 22:23:18+00:00,15572564,67548422269,51397626327951559304241,0,55908919504011195,1.3142323312363777
2025-06-09 22:23:23+00:00,15572569,67548422282,51397626337951559304241,0,55908919514771119,1.3142323312336086
2025-06-09 22:23:28+00:00,15572574,67548422281,51397626337155501234061,0,55908919513905189,1.3142323312345077
2025-06-09 22:23:49+00:00,15572595,67548422282,51397626336396883464364,0,55908919513905189,1.3142323312733615
2025-06-09 22:24:32+00:00,15572638,67548422283,51397626335638265694690,0,55908919513905189,1.3142323313122155
2025-06-09 22:25:09+00:00,15572675,67548422284,51397626334879647925038,0,55908919513905189,1.3142323313510693
2025-06-09 22:25:14+00:00,15572680,67548422285,51397626334121030155408,0,55908919513905189,1.3142323313899233
2025-06-09 22:25:15+00:00,15572681,67548422286,51397626333362412385801,0,55908919513905189,1.3142323314287772
2025-06-09 22:25:21+00:00,15572687,67548422350,51397626382200441885849,0,55908919566877127,1.3142323314251874
2025-06-09 22:25:30+00:00,15572696,67548422351,51397626382200441885848,0,55908919566877127,1.3142323314446434
2025-06-09 22:25:57+00:00,15572723,67548422352,51397626381441824116272,0,55908919566877127,1.3142323314834974
2025-06-09 22:26:32+00:00,15572758,67548422351,51397626382441824116272,0,55908919566877127,1.3142323314384714
2025-06-09 22:26:37+00:00,15572763,67548422350,51397626383441824116272,0,55908919566877127,1.3142323313934452
2025-06-09 22:26:41+00:00,15572767,67548422363,51397626393441824116272,0,55908919577637051,1.314232331390676
2025-06-09 22:26:46+00:00,15572772,67548422362,51397626392645766046127,0,55908919576771121,1.3142323313915751
2025-06-09 22:27:23+00:00,15572809,67548422363,51397626391887148276521,0,55908919576771121,1.3142323314304292
2025-06-09 22:28:05+00:00,15572851,67548422364,51397626391128530506937,0,55908919576771121,1.314232331469283
2025-06-09 22:28:29+00:00,15572875,67548422365,51397626390369912737376,0,55908919576771121,1.314232331508137
2025-06-09 22:28:40+00:00,15572886,67548422429,51397626439207942237424,0,55908919629743059,1.314232331504547
2025-06-09 22:28:48+00:00,15572894,67548422430,51397626438449324467883,0,55908919629743059,1.3142323315434008
2025-06-09 22:28:49+00:00,15572895,67548422431,51397626438449324467882,0,55908919629743059,1.314232331562857
2025-06-09 22:29:31+00:00,15572937,67548422432,51397626437690706698375,0,55908919629743059,1.314232331601711
2025-06-09 22:29:54+00:00,15572960,67548422431,51397626438690706698375,0,55908919629743059,1.3142323315566848
2025-06-09 22:30:03+00:00,15572969,67548422444,51397626448690706698375,0,55908919640502983,1.314232331553916
2025-06-09 22:30:08+00:00,15572974,67548422443,51397626447894648628270,0,55908919639637053,1.3142323315548148
2025-06-09 22:30:14+00:00,15572980,67548422444,51397626447136030858758,0,55908919639637053,1.3142323315936688
2025-06-09 22:30:58+00:00,15573024,67548422445,51397626446377413089268,0,55908919639637053,1.3142323316325226
2025-06-09 22:31:41+00:00,15573067,67548422446,51397626445618795319801,0,55908919639637053,1.3142323316713767
2025-06-09 22:31:52+00:00,15573078,67548422447,51397626444860177550356,0,55908919639637053,1.3142323317102307
2025-06-09 22:32:02+00:00,15573088,67548422511,51397626493698207050404,0,55908919692608991,1.3142323317066407
2025-06-09 22:32:07+00:00,15573093,67548422444,51397626442688360841761,0,55908919637121888,1.3142323317073952
2025-06-09 22:32:12+00:00,15573098,67548422445,51397626442688360841760,0,55908919637121888,1.3142323317268514
2025-06-09 22:32:24+00:00,15573110,67548422446,51397626441929743072347,0,55908919637121888,1.3142323317657054
2025-06-09 22:33:06+00:00,15573152,67548422447,51397626441171125302957,0,55908919637121888,1.3142323318045592
2025-06-09 22:33:17+00:00,15573163,67548422446,51397626442171125302957,0,55908919637121888,1.3142323317595332
2025-06-09 22:33:26+00:00,15573172,67548422459,51397626452171125302957,0,55908919647881812,1.3142323317567641
2025-06-09 22:33:32+00:00,15573178,67548422458,51397626451375067232903,0,55908919647015882,1.3142323317576632
2025-06-09 22:33:49+00:00,15573195,67548422459,51397626450616449463508,0,55908919647015882,1.314232331796517
2025-06-09 22:34:32+00:00,15573238,67548422460,51397626449857831694136,0,55908919647015882,1.314232331835371
2025-06-09 22:35:14+00:00,15573280,67548422461,51397626449099213924786,0,55908919647015882,1.314232331874225
2025-06-09 22:35:15+00:00,15573281,67548422462,51397626448340596155458,0,55908919647015882,1.3142323319130789
2025-06-09 22:35:24+00:00,15573290,67548422526,51397626497178625655506,0,55908919699987820,1.3142323319094888
2025-06-09 22:35:29+00:00,15573295,67548422459,51397626446168779450142,0,55908919644500717,1.3142323319102436
2025-06-09 22:35:34+00:00,15573300,67548422460,51397626446168779450141,0,55908919644500717,1.3142323319296998
2025-06-09 22:35:57+00:00,15573323,67548422461,51397626445410161680845,0,55908919644500717,1.3142323319685536
2025-06-09 22:36:36+00:00,15573362,67548422460,51397626446410161680845,0,55908919644500717,1.3142323319235276
2025-06-09 22:36:41+00:00,15573367,67548422459,51397626447410161680845,0,55908919644500717,1.3142323318785016
2025-06-09 22:36:50+00:00,15573376,67548422458,51397626446614103610817,0,55908919643634787,1.3142323318794005
2025-06-09 22:37:22+00:00,15573408,67548422459,51397626445855485841492,0,55908919643634787,1.3142323319182545
2025-06-09 22:38:04+00:00,15573450,67548422460,51397626445096868072190,0,55908919643634787,1.3142323319571083
2025-06-09 22:38:32+00:00,15573478,67548422461,51397626444338250302910,0,55908919643634787,1.3142323319959623
2025-06-09 22:38:36+00:00,15573482,67548422462,51397626443579632533653,0,55908919643634787,1.3142323320348162
2025-06-09 22:38:43+00:00,15573489,67548422526,51397626492417662033701,0,55908919696606725,1.3142323320312264
2025-06-09 22:38:45+00:00,15573491,67548422527,51397626491659044264464,0,55908919696606725,1.3142323320700802
2025-06-09 22:38:48+00:00,15573494,67548422460,51397626440649198061493,0,55908919641119622,1.314232332070835
2025-06-09 22:38:52+00:00,15573498,67548422461,51397626440649198061492,0,55908919641119622,1.314232332090291
2025-06-09 22:39:28+00:00,15573534,67548422462,51397626439890580292289,0,55908919641119622,1.314232332129145
2025-06-09 22:39:56+00:00,15573562,67548422461,51397626440890580292289,0,55908919641119622,1.314232332084119
2025-06-09 22:40:05+00:00,15573571,67548422474,51397626450890580292289,0,55908919651879546,1.3142323320813498
2025-06-09 22:40:10+00:00,15573576,67548422473,51397626450094522222312,0,55908919651013616,1.3142323320822489
2025-06-09 22:40:11+00:00,15573577,67548422474,51397626449335904453104,0,55908919651013616,1.3142323321211027
2025-06-09 22:40:54+00:00,15573620,67548422475,51397626448577286683919,0,55908919651013616,1.3142323321599567
2025-06-09 22:41:38+00:00,15573664,67548422476,51397626447818668914756,0,55908919651013616,1.3142323321988105
2025-06-09 22:41:50+00:00,15573676,67548422477,51397626447060051145616,0,55908919651013616,1.3142323322376646
2025-06-09 22:42:00+00:00,15573686,67548422541,51397626495898080645664,0,55908919703985554,1.3142323322340745
2025-06-09 22:42:05+00:00,15573691,67548422474,51397626444888234445218,0,55908919648498451,1.3142323322348293
2025-06-09 22:42:10+00:00,15573696,67548422475,51397626444888234445217,0,55908919648498451,1.3142323322542855
2025-06-09 22:42:20+00:00,15573706,67548422476,51397626444129616676109,0,55908919648498451,1.3142323322931393
2025-06-09 22:43:03+00:00,15573749,67548422477,51397626443370998907023,0,55908919648498451,1.3142323323319933
2025-06-09 22:43:13+00:00,15573759,67548422476,51397626444370998907023,0,55908919648498451,1.3142323322869671
2025-06-09 22:43:18+00:00,15573764,67548422475,51397626445370998907023,0,55908919648498451,1.3142323322419411
2025-06-09 22:43:23+00:00,15573769,67548422488,51397626455370998907023,0,55908919659258375,1.314232332239172
2025-06-09 22:43:28+00:00,15573774,67548422487,51397626454574940837081,0,55908919658392445,1.314232332240071
2025-06-09 22:43:46+00:00,15573792,67548422488,51397626453816323067965,0,55908919658392445,1.314232332278925
2025-06-09 22:44:28+00:00,15573834,67548422489,51397626453057705298871,0,55908919658392445,1.314232332317779
2025-06-09 22:45:09+00:00,15573875,67548422490,51397626452299087529799,0,55908919658392445,1.314232332356633
2025-06-09 22:45:11+00:00,15573877,67548422491,51397626451540469760750,0,55908919658392445,1.3142323323954868
2025-06-09 22:45:14+00:00,15573880,67548422492,51397626450781851991723,0,55908919658392445,1.3142323324343408
2025-06-09 22:45:20+00:00,15573886,67548422556,51397626499619881491771,0,55908919711364383,1.3142323324307508
2025-06-09 22:45:25+00:00,15573891,67548422489,51397626448610035294363,0,55908919655877280,1.3142323324315055
2025-06-09 22:45:30+00:00,15573896,67548422490,51397626448610035294362,0,55908919655877280,1.3142323324509615
2025-06-09 22:45:55+00:00,15573921,67548422491,51397626447851417525367,0,55908919655877280,1.3142323324898155
2025-06-09 22:46:33+00:00,15573959,67548422490,51397626448851417525367,0,55908919655877280,1.3142323324447895
2025-06-09 22:46:38+00:00,15573964,67548422489,51397626449851417525367,0,55908919655877280,1.3142323323997633
2025-06-09 22:46:39+00:00,15573965,67548422490,51397626449092799756343,0,55908919655877280,1.3142323324386174
2025-06-09 22:46:43+00:00,15573969,67548422503,51397626459092799756343,0,55908919666637204,1.3142323324358482
2025-06-09 22:46:48+00:00,15573974,67548422502,51397626458296741686449,0,55908919665771274,1.3142323324367473
2025-06-09 22:47:24+00:00,15574010,67548422503,51397626457538123917446,0,55908919665771274,1.3142323324756011
2025-06-09 22:48:10+00:00,15574056,67548422504,51397626456779506148466,0,55908919665771274,1.3142323325144551
2025-06-09 22:48:30+00:00,15574076,67548422505,51397626456020888379508,0,55908919665771274,1.314232332553309
2025-06-09 22:48:35+00:00,15574081,67548422506,51397626455262270610572,0,55908919665771274,1.314232332592163
2025-06-09 22:48:40+00:00,15574086,67548422570,51397626504100300110620,0,55908919718743212,1.314232332588573
2025-06-09 22:48:45+00:00,15574091,67548422503,51397626453090453915498,0,55908919663256109,1.3142323325893277
2025-06-09 22:48:50+00:00,15574096,67548422504,51397626453090453915497,0,55908919663256109,1.314232332608784
2025-06-09 22:48:55+00:00,15574101,67548422505,51397626452331836146593,0,55908919663256109,1.3142323326476377
2025-06-09 22:49:39+00:00,15574145,67548422506,51397626451573218377712,0,55908919663256109,1.3142323326864918
2025-06-09 22:49:53+00:00,15574159,67548422505,51397626452573218377712,0,55908919663256109,1.3142323326414656
2025-06-09 22:49:58+00:00,15574164,67548422504,51397626453573218377712,0,55908919663256109,1.3142323325964396
2025-06-09 22:50:03+00:00,15574169,67548422517,51397626463573218377712,0,55908919674016033,1.3142323325936704
2025-06-09 22:50:08+00:00,15574174,67548422516,51397626462777160307853,0,55908919673150103,1.3142323325945695
2025-06-09 22:50:24+00:00,15574190,67548422517,51397626462018542538941,0,55908919673150103,1.3142323326334235
2025-06-09 22:51:10+00:00,15574236,67548422518,51397626461259924770052,0,55908919673150103,1.3142323326722773
2025-06-09 22:51:49+00:00,15574275,67548422519,51397626460501307001185,0,55908919673150103,1.3142323327111314
2025-06-09 22:51:53+00:00,15574279,67548422520,51397626459742689232340,0,55908919673150103,1.3142323327499852
2025-06-09 22:51:59+00:00,15574285,67548422584,51397626508580718732388,0,55908919726122041,1.3142323327463952
2025-06-09 22:52:04+00:00,15574290,67548422517,51397626457570872539552,0,55908919670634938,1.31423233274715
2025-06-09 22:52:09+00:00,15574295,67548422518,51397626457570872539551,0,55908919670634938,1.3142323327666061
2025-06-09 22:52:41+00:00,15574327,67548422519,51397626456812254770739,0,55908919670634938,1.31423233280546
2025-06-09 22:53:12+00:00,15574358,67548422518,51397626457812254770739,0,55908919670634938,1.314232332760434
2025-06-09 22:53:17+00:00,15574363,67548422517,51397626458812254770739,0,55908919670634938,1.314232332715408
2025-06-09 22:53:21+00:00,15574367,67548422530,51397626468812254770739,0,55908919681394862,1.3142323327126388
2025-06-09 22:53:26+00:00,15574372,67548422530,51397626467257578932072,0,55908919680528932,1.3142323327523917
2025-06-09 22:53:26+00:00,15574372,67548422531,51397626468053637001895,0,55908919680528932,1.3142323327514929
2025-06-09 22:54:10+00:00,15574416,67548422531,51397626466498961163251,0,55908919680528932,1.3142323327912457
2025-06-09 22:54:53+00:00,15574459,67548422532,51397626465740343394453,0,55908919680528932,1.3142323328300995
2025-06-09 22:55:08+00:00,15574474,67548422533,51397626464981725625677,0,55908919680528932,1.3142323328689536
2025-06-09 22:55:13+00:00,15574479,67548422534,51397626464223107856924,0,55908919680528932,1.3142323329078074
2025-06-09 22:55:19+00:00,15574485,67548422598,51397626513061137356972,0,55908919733500870,1.3142323329042176
2025-06-09 22:55:24+00:00,15574490,67548422531,51397626462051291166421,0,55908919678013767,1.314232332904972
2025-06-09 22:55:28+00:00,15574494,67548422532,51397626462051291166420,0,55908919678013767,1.3142323329244283
2025-06-09 22:55:36+00:00,15574502,67548422533,51397626461292673397699,0,55908919678013767,1.3142323329632823
2025-06-09 22:56:19+00:00,15574545,67548422534,51397626460534055629000,0,55908919678013767,1.3142323330021362
2025-06-09 22:56:32+00:00,15574558,67548422533,51397626461534055629000,0,55908919678013767,1.3142323329571102
2025-06-09 22:56:41+00:00,15574567,67548422546,51397626471534055629000,0,55908919688773691,1.314232332954341
2025-06-09 22:56:46+00:00,15574572,67548422545,51397626470737997559228,0,55908919687907761,1.3142323329552401
2025-06-09 22:57:01+00:00,15574587,67548422546,51397626469979379790524,0,55908919687907761,1.314232332994094
2025-06-09 22:57:43+00:00,15574629,67548422547,51397626469220762021843,0,55908919687907761,1.314232333032948
2025-06-09 22:58:26+00:00,15574672,67548422548,51397626468462144253184,0,55908919687907761,1.3142323330718018
2025-06-09 22:58:28+00:00,15574674,67548422549,51397626467703526484548,0,55908919687907761,1.3142323331106558
2025-06-09 22:58:33+00:00,15574679,67548422550,51397626466944908715934,0,55908919687907761,1.3142323331495098
2025-06-09 22:58:38+00:00,15574684,67548422614,51397626515782938215982,0,55908919740879699,1.3142323331459198
2025-06-09 22:58:43+00:00,15574689,67548422547,51397626464773092029462,0,55908919685392596,1.3142323331466743
2025-06-09 22:58:48+00:00,15574694,67548422548,51397626464773092029461,0,55908919685392596,1.3142323331661305
2025-06-09 22:59:08+00:00,15574714,67548422549,51397626464014474260879,0,55908919685392596,1.3142323332049846
2025-06-09 22:59:50+00:00,15574756,67548422550,51397626463255856492320,0,55908919685392596,1.3142323332438384
2025-06-09 22:59:51+00:00,15574757,67548422549,51397626464255856492320,0,55908919685392596,1.3142323331988124
2025-06-09 22:59:56+00:00,15574762,67548422548,51397626465255856492320,0,55908919685392596,1.3142323331537864
2025-06-09 23:00:01+00:00,15574767,67548422561,51397626475255856492320,0,55908919696152520,1.3142323331510173
2025-06-09 23:00:06+00:00,15574772,67548422560,51397626474459798422596,0,55908919695286590,1.3142323331519163
2025-06-09 23:00:34+00:00,15574800,67548422561,51397626473701180654006,0,55908919695286590,1.3142323331907702
2025-06-09 23:01:18+00:00,15574844,67548422562,51397626472942562885438,0,55908919695286590,1.3142323332296242
2025-06-09 23:01:53+00:00,15574879,67548422563,51397626472183945116893,0,55908919695286590,1.314232333268478
2025-06-09 23:01:58+00:00,15574884,67548422564,51397626471425327348370,0,55908919695286590,1.314232333307332
2025-06-09 23:02:01+00:00,15574887,67548422565,51397626470666709579870,0,55908919695286590,1.3142323333461858
2025-06-09 23:02:04+00:00,15574890,67548422629,51397626519504739079918,0,55908919748258528,1.3142323333425958
2025-06-09 23:02:09+00:00,15574895,67548422562,51397626468494892896437,0,55908919692771425,1.3142323333433505
2025-06-09 23:02:14+00:00,15574900,67548422563,51397626468494892896436,0,55908919692771425,1.3142323333628068
2025-06-09 23:02:44+00:00,15574930,67548422564,51397626467736275127968,0,55908919692771425,1.3142323334016608
2025-06-09 23:03:20+00:00,15574966,67548422563,51397626468736275127968,0,55908919692771425,1.3142323333566346
2025-06-09 23:03:25+00:00,15574971,67548422562,51397626469736275127968,0,55908919692771425,1.3142323333116086
2025-06-09 23:03:26+00:00,15574972,67548422563,51397626468977657359470,0,55908919692771425,1.3142323333504624
2025-06-09 23:03:34+00:00,15574980,67548422562,51397626468181599289795,0,55908919691905495,1.3142323333513615
2025-06-09 23:04:09+00:00,15575015,67548422563,51397626467422981521320,0,55908919691905495,1.3142323333902155
2025-06-09 23:04:52+00:00,15575058,67548422564,51397626466664363752867,0,55908919691905495,1.3142323334290693
2025-06-09 23:05:19+00:00,15575085,67548422565,51397626465905745984437,0,55908919691905495,1.3142323334679233
2025-06-09 23:05:25+00:00,15575091,67548422566,51397626465147128216029,0,55908919691905495,1.3142323335067772
2025-06-09 23:05:31+00:00,15575097,67548422630,51397626513985157716077,0,55908919744877433,1.3142323335031871
2025-06-09 23:05:36+00:00,15575102,67548422563,51397626462975311534989,0,55908919689390330,1.3142323335039419
2025-06-09 23:05:41+00:00,15575107,67548422564,51397626462975311534988,0,55908919689390330,1.314232333523398
2025-06-09 23:06:17+00:00,15575143,67548422565,51397626462216693766612,0,55908919689390330,1.314232333562252
2025-06-09 23:06:46+00:00,15575172,67548422564,51397626463216693766612,0,55908919689390330,1.314232333517226
2025-06-09 23:06:51+00:00,15575177,67548422563,51397626464216693766612,0,55908919689390330,1.3142323334722
2025-06-09 23:06:56+00:00,15575182,67548422576,51397626474216693766612,0,55908919700150254,1.3142323334694308
2025-06-09 23:07:01+00:00,15575187,67548422575,51397626473420635696961,0,55908919699284324,1.3142323334703299
2025-06-09 23:07:43+00:00,15575229,67548422576,51397626472662017928555,0,55908919699284324,1.3142323335091837
2025-06-09 23:08:26+00:00,15575272,67548422577,51397626471903400160171,0,55908919699284324,1.3142323335480377
2025-06-09 23:08:46+00:00,15575292,67548422578,51397626471144782391810,0,55908919699284324,1.3142323335868915
2025-06-09 23:08:51+00:00,15575297,67548422579,51397626470386164623471,0,55908919699284324,1.3142323336257455
2025-06-09 23:08:56+00:00,15575302,67548422643,51397626519224194123519,0,55908919752256262,1.3142323336221555
2025-06-09 23:09:01+00:00,15575307,67548422576,51397626468214347943964,0,55908919696769159,1.3142323336229103
2025-06-09 23:09:06+00:00,15575312,67548422577,51397626468214347943963,0,55908919696769159,1.3142323336423665
2025-06-09 23:09:10+00:00,15575316,67548422578,51397626467455730175656,0,55908919696769159,1.3142323336812203
2025-06-09 23:09:54+00:00,15575360,67548422579,51397626466697112407371,0,55908919696769159,1.3142323337200743
2025-06-09 23:10:10+00:00,15575376,67548422578,51397626467697112407371,0,55908919696769159,1.314232333675048
2025-06-09 23:10:15+00:00,15575381,67548422577,51397626468697112407371,0,55908919696769159,1.3142323336300221
2025-06-09 23:10:20+00:00,15575386,67548422590,51397626478697112407371,0,55908919707529083,1.314232333627253
2025-06-09 23:10:25+00:00,15575391,67548422589,51397626477901054337755,0,55908919706663153,1.314232333628152
2025-06-09 23:10:38+00:00,15575404,67548422590,51397626477142436569440,0,55908919706663153,1.314232333667006
2025-06-09 23:11:21+00:00,15575447,67548422591,51397626476383818801147,0,55908919706663153,1.31423233370586
2025-06-09 23:12:04+00:00,15575490,67548422592,51397626475625201032877,0,55908919706663153,1.314232333744714
2025-06-09 23:12:07+00:00,15575493,67548422593,51397626474866583264629,0,55908919706663153,1.3142323337835677
2025-06-09 23:12:12+00:00,15575498,67548422594,51397626474107965496404,0,55908919706663153,1.3142323338224218
2025-06-09 23:12:18+00:00,15575504,67548422658,51397626522945994996452,0,55908919759635091,1.3142323338188318
2025-06-09 23:12:23+00:00,15575509,67548422591,51397626471936148819935,0,55908919704147988,1.3142323338195865
2025-06-09 23:12:27+00:00,15575513,67548422592,51397626471936148819934,0,55908919704147988,1.3142323338390425
2025-06-09 23:12:46+00:00,15575532,67548422593,51397626471177531051741,0,55908919704147988,1.3142323338778965
2025-06-09 23:13:29+00:00,15575575,67548422594,51397626470418913283570,0,55908919704147988,1.3142323339167505
2025-06-09 23:13:30+00:00,15575576,67548422593,51397626471418913283570,0,55908919704147988,1.3142323338717243
2025-06-09 23:13:35+00:00,15575581,67548422592,51397626472418913283570,0,55908919704147988,1.3142323338266984
2025-06-09 23:13:40+00:00,15575586,67548422605,51397626482418913283570,0,55908919714907912,1.3142323338239292
2025-06-09 23:13:45+00:00,15575591,67548422604,51397626481622855214002,0,55908919714041982,1.3142323338248283
2025-06-09 23:14:11+00:00,15575617,67548422605,51397626480864237445800,0,55908919714041982,1.314232333863682
2025-06-09 23:14:54+00:00,15575660,67548422606,51397626480105619677621,0,55908919714041982,1.3142323339025361
2025-06-09 23:15:27+00:00,15575693,67548422607,51397626479347001909464,0,55908919714041982,1.31423233394139
2025-06-09 23:15:31+00:00,15575697,67548422608,51397626478588384141330,0,55908919714041982,1.314232333980244
2025-06-09 23:15:37+00:00,15575703,67548422672,51397626527426413641378,0,55908919767013920,1.314232333976654
2025-06-09 23:15:38+00:00,15575704,67548422673,51397626526667795873264,0,55908919767013920,1.314232334015508
2025-06-09 23:15:47+00:00,15575713,67548422674,51397626526667795873263,0,55908919767013920,1.314232334034964
2025-06-09 23:16:20+00:00,15575746,67548422675,51397626525909178105183,0,55908919767013920,1.314232334073818
2025-06-09 23:16:51+00:00,15575777,67548422674,51397626526909178105183,0,55908919767013920,1.314232334028792
2025-06-09 23:17:00+00:00,15575786,67548422687,51397626536909178105183,0,55908919777773844,1.314232334026023
2025-06-09 23:17:05+00:00,15575791,67548422686,51397626536113120035666,0,55908919776907914,1.3142323340269217
2025-06-09 23:17:48+00:00,15575834,67548422687,51397626535354502267581,0,55908919776907914,1.3142323340657758
2025-06-09 23:18:31+00:00,15575877,67548422688,51397626534595884499518,0,55908919776907914,1.3142323341046298
2025-06-09 23:18:47+00:00,15575893,67548422689,51397626533837266731478,0,55908919776907914,1.3142323341434836
2025-06-09 23:18:52+00:00,15575898,67548422690,51397626533078648963460,0,55908919776907914,1.3142323341823376
2025-06-09 23:18:57+00:00,15575903,67548422754,51397626581916678463508,0,55908919829879852,1.3142323341787476
2025-06-09 23:19:02+00:00,15575908,67548422687,51397626530906832292555,0,55908919774392749,1.3142323341795024
2025-06-09 23:19:07+00:00,15575913,67548422688,51397626530906832292554,0,55908919774392749,1.3142323341989584
2025-06-09 23:19:16+00:00,15575922,67548422689,51397626530148214524568,0,55908919774392749,1.3142323342378124
2025-06-09 23:20:00+00:00,15575966,67548422690,51397626529389596756605,0,55908919774392749,1.3142323342766662
2025-06-09 23:20:10+00:00,15575976,67548422689,51397626530389596756605,0,55908919774392749,1.3142323342316402
2025-06-09 23:20:15+00:00,15575981,67548422688,51397626531389596756605,0,55908919774392749,1.3142323341866142
2025-06-09 23:20:20+00:00,15575986,67548422701,51397626541389596756605,0,55908919785152673,1.314232334183845
2025-06-09 23:20:25+00:00,15575991,67548422700,51397626540593538687124,0,55908919784286743,1.3142323341847442
2025-06-09 23:20:45+00:00,15576011,67548422701,51397626539834920919130,0,55908919784286743,1.314232334223598
2025-06-09 23:21:28+00:00,15576054,67548422702,51397626539076303151159,0,55908919784286743,1.314232334262452
2025-06-09 23:22:11+00:00,15576097,67548422703,51397626538317685383210,0,55908919784286743,1.3142323343013058
2025-06-09 23:22:11+00:00,15576097,67548422704,51397626537559067615283,0,55908919784286743,1.3142323343401598
2025-06-09 23:22:15+00:00,15576101,67548422705,51397626536800449847379,0,55908919784286743,1.3142323343790137
2025-06-09 23:22:21+00:00,15576107,67548422769,51397626585638479347427,0,55908919837258681,1.3142323343754239
2025-06-09 23:22:26+00:00,15576112,67548422702,51397626534628633179512,0,55908919781771578,1.3142323343761784
2025-06-09 23:22:31+00:00,15576117,67548422703,51397626534628633179511,0,55908919781771578,1.3142323343956346
2025-06-09 23:22:54+00:00,15576140,67548422704,51397626533870015411639,0,55908919781771578,1.3142323344344886
2025-06-09 23:23:33+00:00,15576179,67548422703,51397626534870015411639,0,55908919781771578,1.3142323343894624
2025-06-09 23:23:38+00:00,15576184,67548422702,51397626535870015411639,0,55908919781771578,1.3142323343444364
2025-06-09 23:23:43+00:00,15576189,67548422715,51397626545870015411639,0,55908919792531502,1.3142323343416673
2025-06-09 23:24:19+00:00,15576225,67548422716,51397626545111397643736,0,55908919792531502,1.3142323343805213
2025-06-09 23:25:01+00:00,15576267,67548422717,51397626544352779875855,0,55908919792531502,1.3142323344193751
2025-06-09 23:25:32+00:00,15576298,67548422718,51397626543594162107997,0,55908919792531502,1.3142323344582292
2025-06-09 23:25:37+00:00,15576303,67548422719,51397626542835544340161,0,55908919792531502,1.3142323344970832
2025-06-09 23:25:43+00:00,15576309,67548422783,51397626591673573840209,0,55908919845503440,1.3142323344934932
2025-06-09 23:25:44+00:00,15576310,67548422784,51397626590914956072393,0,55908919845503440,1.314232334532347
2025-06-09 23:25:52+00:00,15576318,67548422785,51397626590914956072392,0,55908919845503440,1.3142323345518032
2025-06-09 23:26:27+00:00,15576353,67548422786,51397626590156338304610,0,55908919845503440,1.314232334590657
2025-06-09 23:26:54+00:00,15576380,67548422785,51397626591156338304610,0,55908919845503440,1.314232334545631
2025-06-09 23:26:58+00:00,15576384,67548422784,51397626592156338304610,0,55908919845503440,1.314232334500605
2025-06-09 23:27:03+00:00,15576389,67548422797,51397626602156338304610,0,55908919856263364,1.314232334497836
2025-06-09 23:27:08+00:00,15576394,67548422796,51397626601360280235200,0,55908919855397434,1.314232334498735
2025-06-09 23:27:10+00:00,15576396,67548422797,51397626600601662467387,0,55908919855397434,1.3142323345375888
2025-06-09 23:27:53+00:00,15576439,67548422798,51397626599843044699597,0,55908919855397434,1.3142323345764428
2025-06-09 23:28:35+00:00,15576481,67548422799,51397626599084426931829,0,55908919855397434,1.3142323346152966
2025-06-09 23:28:51+00:00,15576497,67548422800,51397626598325809164084,0,55908919855397434,1.3142323346541507
2025-06-09 23:28:56+00:00,15576502,67548422801,51397626597567191396361,0,55908919855397434,1.3142323346930045
2025-06-09 23:29:02+00:00,15576508,67548422865,51397626646405220896409,0,55908919908369372,1.3142323346894147
2025-06-09 23:29:07+00:00,15576513,67548422798,51397626595395374733066,0,55908919852882269,1.3142323346901692
2025-06-09 23:29:12+00:00,15576518,67548422799,51397626595395374733065,0,55908919852882269,1.3142323347096254
2025-06-09 23:29:18+00:00,15576524,67548422800,51397626594636756965374,0,55908919852882269,1.3142323347484794
2025-06-09 23:30:00+00:00,15576566,67548422801,51397626593878139197706,0,55908919852882269,1.3142323347873333
2025-06-09 23:30:18+00:00,15576584,67548422800,51397626594878139197706,0,55908919852882269,1.3142323347423073
2025-06-09 23:30:23+00:00,15576589,67548422799,51397626595878139197706,0,55908919852882269,1.3142323346972813
2025-06-09 23:30:28+00:00,15576594,67548422812,51397626605878139197706,0,55908919863642193,1.3142323346945122
2025-06-09 23:30:33+00:00,15576599,67548422811,51397626605082081128343,0,55908919862776263,1.314232334695411
2025-06-09 23:30:44+00:00,15576610,67548422812,51397626604323463360644,0,55908919862776263,1.314232334734265
2025-06-09 23:31:29+00:00,15576655,67548422813,51397626603564845592967,0,55908919862776263,1.314232334773119
2025-06-09 23:32:12+00:00,15576698,67548422814,51397626602806227825313,0,55908919862776263,1.3142323348119729
2025-06-09 23:32:17+00:00,15576703,67548422815,51397626602047610057681,0,55908919862776263,1.314232334850827
2025-06-09 23:32:22+00:00,15576708,67548422816,51397626601288992290072,0,55908919862776263,1.3142323348896807
2025-06-09 23:32:28+00:00,15576714,67548422880,51397626650127021790120,0,55908919915748201,1.3142323348860907
2025-06-09 23:32:33+00:00,15576719,67548422813,51397626599117175629815,0,55908919860261098,1.3142323348868454
2025-06-09 23:32:38+00:00,15576724,67548422814,51397626599117175629814,0,55908919860261098,1.3142323349063016
2025-06-09 23:32:55+00:00,15576741,67548422815,51397626598358557862237,0,55908919860261098,1.3142323349451555
2025-06-09 23:33:38+00:00,15576784,67548422816,51397626597599940094682,0,55908919860261098,1.3142323349840095
2025-06-09 23:33:40+00:00,15576786,67548422815,51397626598599940094682,0,55908919860261098,1.3142323349389835
2025-06-09 23:33:49+00:00,15576795,67548422828,51397626608599940094682,0,55908919871021022,1.3142323349362144
2025-06-09 23:33:53+00:00,15576799,67548422827,51397626607803882025382,0,55908919870155092,1.3142323349371134
2025-06-09 23:34:21+00:00,15576827,67548422828,51397626607045264257822,0,55908919870155092,1.3142323349759673
2025-06-09 23:35:03+00:00,15576869,67548422829,51397626606286646490285,0,55908919870155092,1.3142323350148213
2025-06-09 23:35:36+00:00,15576902,67548422830,51397626605528028722770,0,55908919870155092,1.314232335053675
2025-06-09 23:35:40+00:00,15576906,67548422831,51397626604769410955278,0,55908919870155092,1.3142323350925291
2025-06-09 23:35:46+00:00,15576912,67548422832,51397626604010793187808,0,55908919870155092,1.314232335131383
2025-06-09 23:35:47+00:00,15576913,67548422896,51397626652848822687856,0,55908919923127030,1.314232335127793
2025-06-09 23:35:56+00:00,15576922,67548422897,51397626652848822687855,0,55908919923127030,1.3142323351472491
2025-06-09 23:36:28+00:00,15576954,67548422898,51397626652090204920417,0,55908919923127030,1.3142323351861032
2025-06-09 23:36:58+00:00,15576984,67548422897,51397626653090204920417,0,55908919923127030,1.314232335141077
2025-06-09 23:37:03+00:00,15576989,67548422896,51397626654090204920417,0,55908919923127030,1.314232335096051
2025-06-09 23:37:08+00:00,15576994,67548422909,51397626664090204920417,0,55908919933886954,1.3142323350932819
2025-06-09 23:37:11+00:00,15576997,67548422910,51397626663331587152948,0,55908919933886954,1.3142323351321359
2025-06-09 23:37:13+00:00,15576999,67548422909,51397626662535529083696,0,55908919933021024,1.3142323351330347
2025-06-09 23:37:53+00:00,15577039,67548422910,51397626661776911316249,0,55908919933021024,1.3142323351718888
2025-06-09 23:38:36+00:00,15577082,67548422911,51397626661018293548825,0,55908919933021024,1.3142323352107428
2025-06-09 23:38:54+00:00,15577100,67548422912,51397626660259675781423,0,55908919933021024,1.3142323352495966
2025-06-09 23:38:59+00:00,15577105,67548422913,51397626659501058014044,0,55908919933021024,1.3142323352884506
2025-06-09 23:39:05+00:00,15577111,67548422977,51397626708339087514092,0,55908919985992962,1.3142323352848606
2025-06-09 23:39:10+00:00,15577116,67548422910,51397626657329241360104,0,55908919930505859,1.3142323352856153
2025-06-09 23:39:15+00:00,15577121,67548422911,51397626657329241360103,0,55908919930505859,1.3142323353050713
2025-06-09 23:40:01+00:00,15577167,67548422912,51397626656570623592756,0,55908919930505859,1.3142323353439254
2025-06-09 23:40:18+00:00,15577184,67548422911,51397626657570623592756,0,55908919930505859,1.3142323352988994
2025-06-09 23:40:27+00:00,15577193,67548422924,51397626667570623592756,0,55908919941265783,1.3142323352961303
2025-06-09 23:40:32+00:00,15577198,67548422923,51397626666774565523543,0,55908919940399853,1.314232335297029
2025-06-09 23:40:44+00:00,15577210,67548422924,51397626666015947756191,0,55908919940399853,1.3142323353358831
2025-06-09 23:41:28+00:00,15577254,67548422925,51397626665257329988862,0,55908919940399853,1.3142323353747372
2025-06-09 23:42:10+00:00,15577296,67548422926,51397626664498712221555,0,55908919940399853,1.314232335413591
2025-06-09 23:42:13+00:00,15577299,67548422927,51397626663740094454270,0,55908919940399853,1.314232335452445
2025-06-09 23:42:18+00:00,15577304,67548422928,51397626662981476687008,0,55908919940399853,1.3142323354912988
2025-06-09 23:42:24+00:00,15577310,67548422992,51397626711819506187056,0,55908919993371791,1.3142323354877088
2025-06-09 23:42:29+00:00,15577315,67548422925,51397626660809660036346,0,55908919937884688,1.3142323354884635
2025-06-09 23:42:34+00:00,15577320,67548422926,51397626660809660036345,0,55908919937884688,1.3142323355079197
2025-06-09 23:42:53+00:00,15577339,67548422927,51397626660051042269115,0,55908919937884688,1.3142323355467735
2025-06-09 23:43:36+00:00,15577382,67548422927,51397626660292424501907,0,55908919937884688,1.3142323355406016
2025-06-09 23:43:36+00:00,15577382,67548422928,51397626659292424501907,0,55908919937884688,1.3142323355856276
2025-06-09 23:43:41+00:00,15577387,67548422926,51397626661292424501907,0,55908919937884688,1.3142323354955754
2025-06-09 23:43:46+00:00,15577392,67548422939,51397626671292424501907,0,55908919948644612,1.3142323354928065
2025-06-09 23:43:51+00:00,15577397,67548422938,51397626670496366432742,0,55908919947778682,1.3142323354937053
2025-06-09 23:44:19+00:00,15577425,67548422939,51397626669737748665504,0,55908919947778682,1.3142323355325594
2025-06-09 23:45:02+00:00,15577468,67548422940,51397626668979130898288,0,55908919947778682,1.3142323355714132
2025-06-09 23:45:32+00:00,15577498,67548422941,51397626668220513131095,0,55908919947778682,1.3142323356102672
2025-06-09 23:45:36+00:00,15577502,67548422942,51397626667461895363924,0,55908919947778682,1.314232335649121
2025-06-09 23:45:42+00:00,15577508,67548423006,51397626716299924863972,0,55908920000750620,1.3142323356455312
2025-06-09 23:45:44+00:00,15577510,67548423007,51397626715541307096821,0,55908920000750620,1.314232335684385
2025-06-09 23:45:47+00:00,15577513,67548422940,51397626664531460949149,0,55908919945263517,1.3142323356851398
2025-06-09 23:45:52+00:00,15577518,67548422941,51397626664531460949148,0,55908919945263517,1.314232335704596
2025-06-09 23:46:28+00:00,15577554,67548422942,51397626663772843182031,0,55908919945263517,1.3142323357434498
2025-06-09 23:46:52+00:00,15577578,67548422941,51397626664772843182031,0,55908919945263517,1.3142323356984238
2025-06-09 23:46:57+00:00,15577583,67548422940,51397626665772843182031,0,55908919945263517,1.3142323356533978
2025-06-09 23:47:02+00:00,15577588,67548422953,51397626675772843182031,0,55908919956023441,1.3142323356506287
2025-06-09 23:47:11+00:00,15577597,67548422954,51397626675014225414883,0,55908919956023441,1.3142323356894825
2025-06-09 23:47:54+00:00,15577640,67548422955,51397626674255607647758,0,55908919956023441,1.3142323357283365
2025-06-09 23:48:37+00:00,15577683,67548422956,51397626673496989880655,0,55908919956023441,1.3142323357671903
2025-06-09 23:48:46+00:00,15577692,67548422957,51397626672738372113575,0,55908919956023441,1.3142323358060444
2025-06-09 23:48:51+00:00,15577697,67548422958,51397626671979754346517,0,55908919956023441,1.3142323358448984
2025-06-09 23:48:57+00:00,15577703,67548423022,51397626720817783846565,0,55908920008995379,1.3142323358413084
2025-06-09 23:49:06+00:00,15577712,67548423023,51397626720817783846564,0,55908920008995379,1.3142323358607644
2025-06-09 23:49:21+00:00,15577727,67548423024,51397626720059166079538,0,55908920008995379,1.3142323358996184
2025-06-09 23:50:04+00:00,15577770,67548423025,51397626719300548312534,0,55908920008995379,1.3142323359384724
2025-06-09 23:50:10+00:00,15577776,67548423024,51397626720300548312534,0,55908920008995379,1.3142323358934462
2025-06-09 23:50:15+00:00,15577781,67548423023,51397626721300548312534,0,55908920008995379,1.3142323358484203
2025-06-09 23:50:20+00:00,15577786,67548423036,51397626731300548312534,0,55908920019755303,1.3142323358456511
2025-06-09 23:50:25+00:00,15577791,67548423035,51397626730504490243452,0,55908920018889373,1.3142323358465502
2025-06-09 23:50:49+00:00,15577815,67548423036,51397626729745872476417,0,55908920018889373,1.314232335885404
2025-06-09 23:51:33+00:00,15577859,67548423037,51397626728987254709405,0,55908920018889373,1.314232335924258
2025-06-09 23:52:04+00:00,15577890,67548423038,51397626728228636942415,0,55908920018889373,1.3142323359631118
2025-06-09 23:52:09+00:00,15577895,67548423039,51397626727470019175448,0,55908920018889373,1.3142323360019659
2025-06-09 23:52:15+00:00,15577901,67548423103,51397626776308048675496,0,55908920071861311,1.3142323359983759
2025-06-09 23:52:15+00:00,15577901,67548423104,51397626775549430908549,0,55908920071861311,1.3142323360372299
2025-06-09 23:52:19+00:00,15577905,67548423037,51397626724539584766202,0,55908920016374208,1.3142323360379844
2025-06-09 23:52:24+00:00,15577910,67548423038,51397626724539584766201,0,55908920016374208,1.3142323360574406
2025-06-09 23:52:58+00:00,15577944,67548423039,51397626723780966999288,0,55908920016374208,1.3142323360962946
2025-06-09 23:53:26+00:00,15577972,67548423038,51397626724780966999288,0,55908920016374208,1.3142323360512684
2025-06-09 23:53:35+00:00,15577981,67548423051,51397626734780966999288,0,55908920027134132,1.3142323360484995
2025-06-09 23:53:40+00:00,15577986,67548423050,51397626733984908930257,0,55908920026268202,1.3142323360493984
2025-06-09 23:53:41+00:00,15577987,67548423051,51397626733226291163339,0,55908920026268202,1.3142323360882524
2025-06-09 23:54:24+00:00,15578030,67548423052,51397626732467673396444,0,55908920026268202,1.3142323361271062
2025-06-09 23:55:08+00:00,15578074,67548423053,51397626731709055629571,0,55908920026268202,1.3142323361659602
2025-06-09 23:55:22+00:00,15578088,67548423054,51397626730950437862721,0,55908920026268202,1.3142323362048143
2025-06-09 23:55:26+00:00,15578092,67548423055,51397626730191820095893,0,55908920026268202,1.314232336243668
2025-06-09 23:55:32+00:00,15578098,67548423119,51397626779029849595941,0,55908920079240140,1.314232336240078
2025-06-09 23:55:37+00:00,15578103,67548423052,51397626728020003456872,0,55908920023753037,1.3142323362408328
2025-06-09 23:55:42+00:00,15578108,67548423053,51397626728020003456871,0,55908920023753037,1.314232336260289
2025-06-09 23:55:52+00:00,15578118,67548423054,51397626727261385690075,0,55908920023753037,1.3142323362991428
2025-06-09 23:56:36+00:00,15578162,67548423055,51397626726502767923302,0,55908920023753037,1.3142323363379969
2025-06-09 23:56:44+00:00,15578170,67548423054,51397626727502767923302,0,55908920023753037,1.3142323362929709
2025-06-09 23:56:49+00:00,15578175,67548423053,51397626728502767923302,0,55908920023753037,1.3142323362479447
2025-06-09 23:56:54+00:00,15578180,67548423066,51397626738502767923302,0,55908920034512961,1.3142323362451755
2025-06-09 23:56:58+00:00,15578184,67548423065,51397626737706709854318,0,55908920033647031,1.3142323362460746
2025-06-09 23:57:19+00:00,15578205,67548423066,51397626736948092087514,0,55908920033647031,1.3142323362849286
2025-06-09 23:58:03+00:00,15578249,67548423067,51397626736189474320732,0,55908920033647031,1.3142323363237824
2025-06-09 23:58:40+00:00,15578286,67548423068,51397626735430856553973,0,55908920033647031,1.3142323363626365
2025-06-09 23:58:46+00:00,15578292,67548423069,51397626734672238787236,0,55908920033647031,1.3142323364014903
2025-06-09 23:58:55+00:00,15578301,67548423002,51397626683662392650592,0,55908919978159928,1.314232336402245
2025-06-09 23:59:00+00:00,15578306,67548423003,51397626683662392650591,0,55908919978159928,1.3142323364217012
2025-06-09 23:59:28+00:00,15578334,67548423004,51397626682903774883888,0,55908919978159928,1.314232336460555
