timestamp,block,token0_reserve,token1_reserve,k_last,total_supply,price
2025-06-14 00:00:00+00:00,15923956,67538253494,51405581361987186049356,0,55908970476657967,1.3138311386541854
2025-06-14 00:00:06+00:00,15923962,67538253495,51405581361228336627500,0,55908970476657967,1.3138311386930335
2025-06-14 00:00:12+00:00,15923968,67538253559,51405581410066366127548,0,55908970529637929,1.3138311386898252
2025-06-14 00:00:14+00:00,15923970,67538253560,51405581409307516705712,0,55908970529637929,1.313831138728673
2025-06-14 00:00:17+00:00,15923973,67538253493,51405581358289821988528,0,55908970474150826,1.31383113872923
2025-06-14 00:00:23+00:00,15923979,67538253494,51405581358289821988527,0,55908970474150826,1.3138311387486832
2025-06-14 00:01:02+00:00,15924018,67538253495,51405581357530972566725,0,55908970474150826,1.3138311387875312
2025-06-14 00:01:26+00:00,15924042,67538253494,51405581358530972566725,0,55908970474150826,1.3138311387425199
2025-06-14 00:01:30+00:00,15924046,67538253493,51405581359530972566725,0,55908970474150826,1.3138311386975086
2025-06-14 00:01:35+00:00,15924051,67538253506,51405581369530972566725,0,55908970484912380,1.313831138694818
2025-06-14 00:01:40+00:00,15924056,67538253505,51405581368734792013064,0,55908970484046450,1.3138311386957138
2025-06-14 00:01:48+00:00,15924064,67538253506,51405581367975942591232,0,55908970484046450,1.3138311387345616
2025-06-14 00:02:33+00:00,15924109,67538253507,51405581367217093169422,0,55908970484046450,1.3138311387734096
2025-06-14 00:03:20+00:00,15924156,67538253508,51405581366458243747634,0,55908970484046450,1.3138311388122574
2025-06-14 00:03:22+00:00,15924158,67538253509,51405581365699394325869,0,55908970484046450,1.3138311388511055
2025-06-14 00:03:27+00:00,15924163,67538253510,51405581364940544904126,0,55908970484046450,1.3138311388899533
2025-06-14 00:03:33+00:00,15924169,67538253574,51405581413778574404174,0,55908970537026412,1.3138311388867452
2025-06-14 00:03:38+00:00,15924174,67538253507,51405581362760879689295,0,55908970481539309,1.313831138887302
2025-06-14 00:03:42+00:00,15924178,67538253508,51405581362760879689294,0,55908970481539309,1.3138311389067552
2025-06-14 00:04:05+00:00,15924201,67538253509,51405581362002030267584,0,55908970481539309,1.3138311389456032
2025-06-14 00:04:47+00:00,15924243,67538253508,51405581363002030267584,0,55908970481539309,1.3138311389005919
2025-06-14 00:04:49+00:00,15924245,67538253509,51405581362243180845870,0,55908970481539309,1.31383113893944
2025-06-14 00:04:52+00:00,15924248,67538253508,51405581363243180845870,0,55908970481539309,1.3138311388944286
2025-06-14 00:05:01+00:00,15924257,67538253507,51405581362447000292258,0,55908970480673379,1.3138311388953243
2025-06-14 00:05:35+00:00,15924291,67538253508,51405581361688150870541,0,55908970480673379,1.3138311389341721
2025-06-14 00:06:20+00:00,15924336,67538253509,51405581360929301448846,0,55908970480673379,1.3138311389730202
2025-06-14 00:06:43+00:00,15924359,67538253510,51405581360170452027174,0,55908970480673379,1.313831139011868
2025-06-14 00:06:52+00:00,15924368,67538253574,51405581409008481527222,0,55908970533653341,1.3138311390086599
2025-06-14 00:06:56+00:00,15924372,67538253507,51405581357990786813999,0,55908970478166238,1.3138311390092168
2025-06-14 00:07:01+00:00,15924377,67538253508,51405581357990786813998,0,55908970478166238,1.31383113902867
2025-06-14 00:07:05+00:00,15924381,67538253509,51405581357231937392358,0,55908970478166238,1.313831139067518
2025-06-14 00:07:51+00:00,15924427,67538253510,51405581356473087970740,0,55908970478166238,1.3138311391063657
2025-06-14 00:07:58+00:00,15924434,67538253509,51405581357473087970740,0,55908970478166238,1.3138311390613546
2025-06-14 00:08:02+00:00,15924438,67538253508,51405581358473087970740,0,55908970478166238,1.3138311390163433
2025-06-14 00:08:07+00:00,15924443,67538253521,51405581368473087970740,0,55908970488927792,1.3138311390136528
2025-06-14 00:08:35+00:00,15924471,67538253522,51405581367714238549091,0,55908970488927792,1.3138311390525006
2025-06-14 00:09:20+00:00,15924516,67538253523,51405581366955389127465,0,55908970488927792,1.3138311390913486
2025-06-14 00:09:45+00:00,15924541,67538253524,51405581366196539705861,0,55908970488927792,1.3138311391301964
2025-06-14 00:09:54+00:00,15924550,67538253588,51405581415034569205909,0,55908970541907754,1.3138311391269881
2025-06-14 00:09:58+00:00,15924554,67538253521,51405581364016874494238,0,55908970486420651,1.3138311391275452
2025-06-14 00:10:03+00:00,15924559,67538253522,51405581364016874494237,0,55908970486420651,1.3138311391469983
2025-06-14 00:10:05+00:00,15924561,67538253523,51405581363258025072665,0,55908970486420651,1.3138311391858464
2025-06-14 00:10:50+00:00,15924606,67538253524,51405581362499175651116,0,55908970486420651,1.3138311392246942
2025-06-14 00:11:00+00:00,15924616,67538253523,51405581363499175651116,0,55908970486420651,1.3138311391796829
2025-06-14 00:11:05+00:00,15924621,67538253522,51405581364499175651116,0,55908970486420651,1.3138311391346715
2025-06-14 00:11:10+00:00,15924626,67538253535,51405581374499175651116,0,55908970497182205,1.313831139131981
2025-06-14 00:11:14+00:00,15924630,67538253534,51405581373702995097553,0,55908970496316275,1.3138311391328767
2025-06-14 00:11:35+00:00,15924651,67538253535,51405581372944145675973,0,55908970496316275,1.3138311391717248
2025-06-14 00:12:19+00:00,15924695,67538253536,51405581372185296254416,0,55908970496316275,1.3138311392105726
2025-06-14 00:12:46+00:00,15924722,67538253537,51405581371426446832881,0,55908970496316275,1.3138311392494206
2025-06-14 00:12:50+00:00,15924726,67538253538,51405581370667597411368,0,55908970496316275,1.3138311392882684
2025-06-14 00:12:56+00:00,15924732,67538253602,51405581419505626911416,0,55908970549296237,1.3138311392850601
2025-06-14 00:13:03+00:00,15924739,67538253603,51405581418746777489924,0,55908970549296237,1.3138311393239082
2025-06-14 00:13:04+00:00,15924740,67538253604,51405581418746777489923,0,55908970549296237,1.3138311393433613
2025-06-14 00:13:49+00:00,15924785,67538253605,51405581417987928068465,0,55908970549296237,1.313831139382209
2025-06-14 00:14:02+00:00,15924798,67538253604,51405581418987928068465,0,55908970549296237,1.313831139337198
2025-06-14 00:14:07+00:00,15924803,67538253603,51405581419987928068465,0,55908970549296237,1.3138311392921866
2025-06-14 00:14:16+00:00,15924812,67538253602,51405581419191747514939,0,55908970548430307,1.3138311392930824
2025-06-14 00:14:32+00:00,15924828,67538253603,51405581418432898093452,0,55908970548430307,1.3138311393319302
2025-06-14 00:15:18+00:00,15924874,67538253604,51405581417674048671987,0,55908970548430307,1.3138311393707782
2025-06-14 00:15:51+00:00,15924907,67538253605,51405581416915199250545,0,55908970548430307,1.313831139409626
2025-06-14 00:16:01+00:00,15924917,67538253669,51405581465753228750593,0,55908970601410269,1.313831139406418
2025-06-14 00:16:02+00:00,15924918,67538253670,51405581464994379329171,0,55908970601410269,1.3138311394452657
2025-06-14 00:16:10+00:00,15924926,67538253671,51405581464994379329170,0,55908970601410269,1.3138311394647189
2025-06-14 00:16:46+00:00,15924962,67538253672,51405581464235529907782,0,55908970601410269,1.313831139503567
2025-06-14 00:17:08+00:00,15924984,67538253671,51405581465235529907782,0,55908970601410269,1.3138311394585556
2025-06-14 00:17:13+00:00,15924989,67538253670,51405581466235529907782,0,55908970601410269,1.3138311394135442
2025-06-14 00:17:17+00:00,15924993,67538253683,51405581476235529907782,0,55908970612171823,1.3138311394108537
2025-06-14 00:17:22+00:00,15924998,67538253682,51405581475439349354281,0,55908970611305893,1.3138311394117494
2025-06-14 00:17:30+00:00,15925006,67538253683,51405581474680499932862,0,55908970611305893,1.3138311394505973
2025-06-14 00:18:15+00:00,15925051,67538253684,51405581473921650511466,0,55908970611305893,1.3138311394894453
2025-06-14 00:18:56+00:00,15925092,67538253685,51405581473162801090092,0,55908970611305893,1.3138311395282931
2025-06-14 00:18:58+00:00,15925094,67538253686,51405581472403951668741,0,55908970611305893,1.3138311395671411
2025-06-14 00:19:01+00:00,15925097,67538253687,51405581471645102247412,0,55908970611305893,1.313831139605989
2025-06-14 00:19:06+00:00,15925102,67538253751,51405581520483131747460,0,55908970664285855,1.3138311396027809
2025-06-14 00:19:15+00:00,15925111,67538253752,51405581520483131747459,0,55908970664285855,1.313831139622234
2025-06-14 00:19:43+00:00,15925139,67538253753,51405581519724282326162,0,55908970664285855,1.3138311396610818
2025-06-14 00:20:11+00:00,15925167,67538253752,51405581520724282326162,0,55908970664285855,1.3138311396160705
2025-06-14 00:20:19+00:00,15925175,67538253765,51405581530724282326162,0,55908970675047409,1.31383113961338
2025-06-14 00:20:24+00:00,15925180,67538253764,51405581529928101772712,0,55908970674181479,1.3138311396142757
2025-06-14 00:20:29+00:00,15925185,67538253765,51405581529169252351410,0,55908970674181479,1.3138311396531237
2025-06-14 00:21:15+00:00,15925231,67538253766,51405581528410402930131,0,55908970674181479,1.3138311396919715
2025-06-14 00:21:56+00:00,15925272,67538253767,51405581527651553508874,0,55908970674181479,1.3138311397308196
2025-06-14 00:22:00+00:00,15925276,67538253768,51405581526892704087639,0,55908970674181479,1.3138311397696674
2025-06-14 00:22:05+00:00,15925281,67538253832,51405581575730733587687,0,55908970727161441,1.313831139766459
2025-06-14 00:22:10+00:00,15925286,67538253765,51405581524713038885578,0,55908970671674338,1.3138311397670162
2025-06-14 00:22:44+00:00,15925320,67538253766,51405581523954189464364,0,55908970671674338,1.313831139805864
2025-06-14 00:23:11+00:00,15925347,67538253765,51405581524954189464364,0,55908970671674338,1.3138311397608529
2025-06-14 00:23:15+00:00,15925351,67538253764,51405581525954189464364,0,55908970671674338,1.3138311397158415
2025-06-14 00:23:20+00:00,15925356,67538253777,51405581535954189464364,0,55908970682435892,1.313831139713151
2025-06-14 00:23:25+00:00,15925361,67538253776,51405581535158008910938,0,55908970681569962,1.3138311397140467
2025-06-14 00:24:14+00:00,15925410,67538253777,51405581534399159489694,0,55908970681569962,1.3138311397528946
2025-06-14 00:24:55+00:00,15925451,67538253778,51405581533640310068472,0,55908970681569962,1.3138311397917426
2025-06-14 00:24:57+00:00,15925453,67538253779,51405581532881460647273,0,55908970681569962,1.3138311398305904
2025-06-14 00:25:04+00:00,15925460,67538253843,51405581581719490147321,0,55908970734549924,1.313831139827382
2025-06-14 00:25:09+00:00,15925465,67538253776,51405581530701795446011,0,55908970679062821,1.3138311398279392
2025-06-14 00:25:13+00:00,15925469,67538253777,51405581530701795446010,0,55908970679062821,1.3138311398473923
2025-06-14 00:25:41+00:00,15925497,67538253778,51405581529942946024843,0,55908970679062821,1.3138311398862403
2025-06-14 00:26:10+00:00,15925526,67538253777,51405581530942946024843,0,55908970679062821,1.313831139841229
2025-06-14 00:26:14+00:00,15925530,67538253776,51405581531942946024843,0,55908970679062821,1.3138311397962177
2025-06-14 00:26:19+00:00,15925535,67538253789,51405581541942946024843,0,55908970689824375,1.3138311397935272
2025-06-14 00:26:25+00:00,15925541,67538253790,51405581541184096603645,0,55908970689824375,1.313831139832375
2025-06-14 00:27:09+00:00,15925585,67538253791,51405581540425247182469,0,55908970689824375,1.313831139871223
2025-06-14 00:27:54+00:00,15925630,67538253792,51405581539666397761316,0,55908970689824375,1.3138311399100708
2025-06-14 00:27:55+00:00,15925631,67538253793,51405581538907548340185,0,55908970689824375,1.3138311399489189
2025-06-14 00:27:59+00:00,15925635,67538253794,51405581538148698919076,0,55908970689824375,1.3138311399877667
2025-06-14 00:28:05+00:00,15925641,67538253858,51405581586986728419124,0,55908970742804337,1.3138311399845584
2025-06-14 00:28:09+00:00,15925645,67538253791,51405581535969033720119,0,55908970687317234,1.3138311399851155
2025-06-14 00:28:14+00:00,15925650,67538253792,51405581535969033720118,0,55908970687317234,1.3138311400045686
2025-06-14 00:28:38+00:00,15925674,67538253793,51405581535210184299042,0,55908970687317234,1.3138311400434166
2025-06-14 00:29:12+00:00,15925708,67538253792,51405581536210184299042,0,55908970687317234,1.3138311399984053
2025-06-14 00:29:17+00:00,15925713,67538253791,51405581537210184299042,0,55908970687317234,1.313831139953394
2025-06-14 00:29:21+00:00,15925717,67538253804,51405581547210184299042,0,55908970698078788,1.3138311399507034
2025-06-14 00:29:23+00:00,15925719,67538253805,51405581546451334877934,0,55908970698078788,1.3138311399895513
2025-06-14 00:29:26+00:00,15925722,67538253804,51405581545655154324569,0,55908970697212858,1.313831139990447
2025-06-14 00:30:08+00:00,15925764,67538253805,51405581544896304903484,0,55908970697212858,1.313831140029295
2025-06-14 00:30:53+00:00,15925809,67538253806,51405581544137455482422,0,55908970697212858,1.3138311400681428
2025-06-14 00:31:00+00:00,15925816,67538253807,51405581543378606061382,0,55908970697212858,1.3138311401069909
2025-06-14 00:31:09+00:00,15925825,67538253871,51405581592216635561430,0,55908970750192820,1.3138311401037825
2025-06-14 00:31:14+00:00,15925830,67538253804,51405581541198940863976,0,55908970694705717,1.3138311401043397
2025-06-14 00:31:18+00:00,15925834,67538253805,51405581541198940863975,0,55908970694705717,1.3138311401237928
2025-06-14 00:31:38+00:00,15925854,67538253806,51405581540440091442967,0,55908970694705717,1.3138311401626406
2025-06-14 00:32:15+00:00,15925891,67538253805,51405581541440091442967,0,55908970694705717,1.3138311401176295
2025-06-14 00:32:19+00:00,15925895,67538253804,51405581542440091442967,0,55908970694705717,1.3138311400726181
2025-06-14 00:32:22+00:00,15925898,67538253805,51405581541681242021930,0,55908970694705717,1.313831140111466
2025-06-14 00:32:24+00:00,15925900,67538253818,51405581551681242021930,0,55908970705467271,1.3138311401087754
2025-06-14 00:32:28+00:00,15925904,67538253817,51405581550885061468589,0,55908970704601341,1.3138311401096712
2025-06-14 00:33:07+00:00,15925943,67538253818,51405581550126212047573,0,55908970704601341,1.3138311401485192
2025-06-14 00:33:52+00:00,15925988,67538253819,51405581549367362626580,0,55908970704601341,1.313831140187367
2025-06-14 00:34:01+00:00,15925997,67538253820,51405581548608513205609,0,55908970704601341,1.313831140226215
2025-06-14 00:34:06+00:00,15926002,67538253821,51405581547849663784661,0,55908970704601341,1.3138311402650629
2025-06-14 00:34:12+00:00,15926008,67538253885,51405581596687693284709,0,55908970757581303,1.3138311402618545
2025-06-14 00:34:21+00:00,15926017,67538253886,51405581596687693284708,0,55908970757581303,1.3138311402813077
2025-06-14 00:34:36+00:00,15926032,67538253887,51405581595928843863791,0,55908970757581303,1.3138311403201557
2025-06-14 00:35:16+00:00,15926072,67538253886,51405581596928843863791,0,55908970757581303,1.3138311402751444
2025-06-14 00:35:21+00:00,15926077,67538253885,51405581597928843863791,0,55908970757581303,1.313831140230133
2025-06-14 00:35:21+00:00,15926077,67538253886,51405581597169994442845,0,55908970757581303,1.313831140268981
2025-06-14 00:35:29+00:00,15926085,67538253885,51405581596373813889541,0,55908970756715373,1.3138311402698768
2025-06-14 00:36:06+00:00,15926122,67538253886,51405581595614964468618,0,55908970756715373,1.3138311403087246
2025-06-14 00:36:51+00:00,15926167,67538253887,51405581594856115047717,0,55908970756715373,1.3138311403475726
2025-06-14 00:37:01+00:00,15926177,67538253888,51405581594097265626839,0,55908970756715373,1.3138311403864205
2025-06-14 00:37:05+00:00,15926181,67538253889,51405581593338416205983,0,55908970756715373,1.3138311404252685
2025-06-14 00:37:11+00:00,15926187,67538253953,51405581642176445706031,0,55908970809695335,1.3138311404220602
2025-06-14 00:37:15+00:00,15926191,67538253886,51405581591158751013291,0,55908970754208232,1.3138311404226173
2025-06-14 00:37:20+00:00,15926196,67538253887,51405581591158751013290,0,55908970754208232,1.3138311404420704
2025-06-14 00:37:38+00:00,15926214,67538253888,51405581590399901592466,0,55908970754208232,1.3138311404809182
2025-06-14 00:38:16+00:00,15926252,67538253887,51405581591399901592466,0,55908970754208232,1.313831140435907
2025-06-14 00:38:20+00:00,15926256,67538253886,51405581592399901592466,0,55908970754208232,1.3138311403908958
2025-06-14 00:38:22+00:00,15926258,67538253887,51405581591641052171613,0,55908970754208232,1.3138311404297436
2025-06-14 00:38:25+00:00,15926261,67538253900,51405581601641052171613,0,55908970764969786,1.313831140427053
2025-06-14 00:39:06+00:00,15926302,67538253901,51405581600882202750781,0,55908970764969786,1.3138311404659009
2025-06-14 00:39:51+00:00,15926347,67538253902,51405581600123353329971,0,55908970764969786,1.313831140504749
2025-06-14 00:40:01+00:00,15926357,67538253903,51405581599364503909183,0,55908970764969786,1.3138311405435967
2025-06-14 00:40:06+00:00,15926362,67538253904,51405581598605654488418,0,55908970764969786,1.3138311405824448
2025-06-14 00:40:11+00:00,15926367,67538253968,51405581647443683988466,0,55908970817949748,1.3138311405792364
2025-06-14 00:40:16+00:00,15926372,67538253901,51405581596425989298031,0,55908970762462645,1.3138311405797936
2025-06-14 00:40:36+00:00,15926392,67538253902,51405581595667139877287,0,55908970762462645,1.3138311406186414
2025-06-14 00:41:17+00:00,15926433,67538253901,51405581596667139877287,0,55908970762462645,1.31383114057363
2025-06-14 00:41:21+00:00,15926437,67538253902,51405581595908290456539,0,55908970762462645,1.313831140612478
2025-06-14 00:41:22+00:00,15926438,67538253901,51405581596908290456539,0,55908970762462645,1.3138311405674667
2025-06-14 00:41:31+00:00,15926447,67538253900,51405581596112109903309,0,55908970761596715,1.3138311405683625
2025-06-14 00:42:05+00:00,15926481,67538253901,51405581595353260482558,0,55908970761596715,1.3138311406072105
2025-06-14 00:42:51+00:00,15926527,67538253902,51405581594594411061830,0,55908970761596715,1.3138311406460583
2025-06-14 00:43:02+00:00,15926538,67538253903,51405581593835561641124,0,55908970761596715,1.3138311406849064
2025-06-14 00:43:06+00:00,15926542,67538253904,51405581593076712220441,0,55908970761596715,1.3138311407237542
2025-06-14 00:43:12+00:00,15926548,67538253968,51405581641914741720489,0,55908970814576677,1.3138311407205459
2025-06-14 00:43:21+00:00,15926557,67538253969,51405581641914741720488,0,55908970814576677,1.3138311407399992
2025-06-14 00:43:34+00:00,15926570,67538253970,51405581641155892299836,0,55908970814576677,1.313831140778847
2025-06-14 00:44:17+00:00,15926613,67538253969,51405581642155892299836,0,55908970814576677,1.3138311407338357
2025-06-14 00:44:19+00:00,15926615,67538253970,51405581641397042879181,0,55908970814576677,1.3138311407726837
2025-06-14 00:44:22+00:00,15926618,67538253969,51405581642397042879181,0,55908970814576677,1.3138311407276724
2025-06-14 00:44:26+00:00,15926622,67538253982,51405581652397042879181,0,55908970825338231,1.3138311407249819
2025-06-14 00:44:31+00:00,15926627,67538253981,51405581651600862325987,0,55908970824472301,1.3138311407258776
2025-06-14 00:45:03+00:00,15926659,67538253982,51405581650842012905327,0,55908970824472301,1.3138311407647254
2025-06-14 00:45:49+00:00,15926705,67538253983,51405581650083163484690,0,55908970824472301,1.3138311408035734
2025-06-14 00:46:06+00:00,15926722,67538253984,51405581649324314064075,0,55908970824472301,1.3138311408424213
2025-06-14 00:46:16+00:00,15926732,67538254048,51405581698162343564123,0,55908970877452263,1.313831140839213
2025-06-14 00:46:25+00:00,15926741,67538254049,51405581698162343564122,0,55908970877452263,1.313831140858666
2025-06-14 00:46:34+00:00,15926750,67538254050,51405581697403494143539,0,55908970877452263,1.313831140897514
2025-06-14 00:47:18+00:00,15926794,67538254051,51405581696644644722978,0,55908970877452263,1.3138311409363619
2025-06-14 00:47:23+00:00,15926799,67538254050,51405581697644644722978,0,55908970877452263,1.3138311408913508
2025-06-14 00:47:28+00:00,15926804,67538254049,51405581698644644722978,0,55908970877452263,1.3138311408463395
2025-06-14 00:47:32+00:00,15926808,67538254062,51405581708644644722978,0,55908970888213817,1.3138311408436487
2025-06-14 00:47:36+00:00,15926812,67538254061,51405581707848464169808,0,55908970887347887,1.3138311408445447
2025-06-14 00:48:03+00:00,15926839,67538254062,51405581707089614749217,0,55908970887347887,1.3138311408833925
2025-06-14 00:48:48+00:00,15926884,67538254063,51405581706330765328648,0,55908970887347887,1.3138311409222405
2025-06-14 00:49:07+00:00,15926903,67538254064,51405581705571915908102,0,55908970887347887,1.3138311409610883
2025-06-14 00:49:12+00:00,15926908,67538254065,51405581704813066487578,0,55908970887347887,1.3138311409999364
2025-06-14 00:49:18+00:00,15926914,67538254129,51405581753651095987626,0,55908970940327849,1.313831140996728
2025-06-14 00:49:26+00:00,15926922,67538254130,51405581753651095987625,0,55908970940327849,1.3138311410161811
2025-06-14 00:49:32+00:00,15926928,67538254131,51405581752892246567133,0,55908970940327849,1.313831141055029
2025-06-14 00:50:16+00:00,15926972,67538254132,51405581752133397146663,0,55908970940327849,1.313831141093877
2025-06-14 00:50:22+00:00,15926978,67538254131,51405581753133397146663,0,55908970940327849,1.3138311410488657
2025-06-14 00:50:27+00:00,15926983,67538254130,51405581754133397146663,0,55908970940327849,1.3138311410038543
2025-06-14 00:50:35+00:00,15926991,67538254129,51405581753337216593531,0,55908970939461919,1.31383114100475
2025-06-14 00:51:01+00:00,15927017,67538254130,51405581752578367173032,0,55908970939461919,1.313831141043598
2025-06-14 00:51:45+00:00,15927061,67538254131,51405581751819517752556,0,55908970939461919,1.313831141082446
2025-06-14 00:52:06+00:00,15927082,67538254132,51405581751060668332102,0,55908970939461919,1.313831141121294
2025-06-14 00:52:11+00:00,15927087,67538254133,51405581750301818911671,0,55908970939461919,1.3138311411601418
2025-06-14 00:52:16+00:00,15927092,67538254197,51405581799139848411719,0,55908970992441881,1.3138311411569334
2025-06-14 00:52:20+00:00,15927096,67538254130,51405581748122153729959,0,55908970936954778,1.3138311411574906
2025-06-14 00:52:25+00:00,15927101,67538254131,51405581748122153729958,0,55908970936954778,1.3138311411769437
2025-06-14 00:52:30+00:00,15927106,67538254132,51405581747363304309559,0,55908970936954778,1.3138311412157917
2025-06-14 00:53:15+00:00,15927151,67538254133,51405581746604454889182,0,55908970936954778,1.3138311412546395
2025-06-14 00:53:21+00:00,15927157,67538254132,51405581747604454889182,0,55908970936954778,1.3138311412096284
2025-06-14 00:53:26+00:00,15927162,67538254131,51405581748604454889182,0,55908970936954778,1.313831141164617
2025-06-14 00:53:35+00:00,15927171,67538254130,51405581747808274336087,0,55908970936088848,1.3138311411655128
2025-06-14 00:54:00+00:00,15927196,67538254131,51405581747049424915681,0,55908970936088848,1.3138311412043606
2025-06-14 00:54:46+00:00,15927242,67538254132,51405581746290575495298,0,55908970936088848,1.3138311412432087
2025-06-14 00:55:05+00:00,15927261,67538254133,51405581745531726074937,0,55908970936088848,1.3138311412820565
2025-06-14 00:55:15+00:00,15927271,67538254197,51405581794369755574985,0,55908970989068810,1.3138311412788481
2025-06-14 00:55:23+00:00,15927279,67538254198,51405581794369755574984,0,55908970989068810,1.3138311412983015
2025-06-14 00:55:30+00:00,15927286,67538254199,51405581793610906154655,0,55908970989068810,1.3138311413371493
2025-06-14 00:56:15+00:00,15927331,67538254200,51405581792852056734348,0,55908970989068810,1.3138311413759973
2025-06-14 00:56:21+00:00,15927337,67538254199,51405581793852056734348,0,55908970989068810,1.313831141330986
2025-06-14 00:56:25+00:00,15927341,67538254198,51405581794852056734348,0,55908970989068810,1.3138311412859747
2025-06-14 00:56:30+00:00,15927346,67538254211,51405581804852056734348,0,55908970999830364,1.3138311412832842
2025-06-14 00:56:34+00:00,15927350,67538254210,51405581804055876181277,0,55908970998964434,1.3138311412841799
2025-06-14 00:56:59+00:00,15927375,67538254211,51405581803297026760940,0,55908970998964434,1.3138311413230277
2025-06-14 00:57:45+00:00,15927421,67538254212,51405581802538177340625,0,55908970998964434,1.3138311413618757
2025-06-14 00:58:06+00:00,15927442,67538254213,51405581801779327920333,0,55908970998964434,1.3138311414007235
2025-06-14 00:58:11+00:00,15927447,67538254214,51405581801020478500063,0,55908970998964434,1.3138311414395716
2025-06-14 00:58:16+00:00,15927452,67538254278,51405581849858508000111,0,55908971051944396,1.3138311414363633
2025-06-14 00:58:20+00:00,15927456,67538254211,51405581798840813322312,0,55908970996457293,1.3138311414369204
2025-06-14 00:58:25+00:00,15927461,67538254212,51405581798840813322311,0,55908970996457293,1.3138311414563735
2025-06-14 00:59:13+00:00,15927509,67538254213,51405581798081963902073,0,55908970996457293,1.3138311414952213
2025-06-14 00:59:22+00:00,15927518,67538254212,51405581799081963902073,0,55908970996457293,1.31383114145021
2025-06-14 00:59:27+00:00,15927523,67538254211,51405581800081963902073,0,55908970996457293,1.3138311414051989
2025-06-14 00:59:31+00:00,15927527,67538254224,51405581810081963902073,0,55908971007218847,1.3138311414025081
2025-06-14 00:59:36+00:00,15927532,67538254223,51405581809285783349027,0,55908971006352917,1.3138311414034038
2025-06-14 00:59:58+00:00,15927554,67538254224,51405581808526933928759,0,55908971006352917,1.3138311414422519
2025-06-14 01:00:44+00:00,15927600,67538254225,51405581807768084508513,0,55908971006352917,1.3138311414810997
2025-06-14 01:01:14+00:00,15927630,67538254226,51405581807009235088289,0,55908971006352917,1.3138311415199477
2025-06-14 01:01:19+00:00,15927635,67538254227,51405581806250385668088,0,55908971006352917,1.3138311415587955
2025-06-14 01:01:24+00:00,15927640,67538254291,51405581855088415168136,0,55908971059332879,1.3138311415555874
2025-06-14 01:01:29+00:00,15927645,67538254224,51405581804070720491889,0,55908971003845776,1.3138311415561443
2025-06-14 01:01:30+00:00,15927646,67538254225,51405581803311871071709,0,55908971003845776,1.3138311415949924
2025-06-14 01:02:14+00:00,15927690,67538254226,51405581802553021651551,0,55908971003845776,1.3138311416338402
2025-06-14 01:02:32+00:00,15927708,67538254225,51405581803553021651551,0,55908971003845776,1.313831141588829
2025-06-14 01:02:37+00:00,15927713,67538254224,51405581804553021651551,0,55908971003845776,1.3138311415438177
2025-06-14 01:02:46+00:00,15927722,67538254223,51405581803756841098542,0,55908971002979846,1.3138311415447135
2025-06-14 01:02:58+00:00,15927734,67538254224,51405581802997991678355,0,55908971002979846,1.3138311415835613
2025-06-14 01:03:43+00:00,15927779,67538254225,51405581802239142258191,0,55908971002979846,1.3138311416224093
2025-06-14 01:04:21+00:00,15927817,67538254226,51405581801480292838049,0,55908971002979846,1.3138311416612571
2025-06-14 01:04:27+00:00,15927823,67538254227,51405581800721443417929,0,55908971002979846,1.3138311417001052
2025-06-14 01:04:35+00:00,15927831,67538254160,51405581749703748744215,0,55908970947492743,1.3138311417006623
2025-06-14 01:04:40+00:00,15927836,67538254161,51405581749703748744214,0,55908970947492743,1.3138311417201154
2025-06-14 01:05:11+00:00,15927867,67538254162,51405581748944899324128,0,55908970947492743,1.3138311417589632
2025-06-14 01:05:39+00:00,15927895,67538254161,51405581749944899324128,0,55908970947492743,1.3138311417139519
2025-06-14 01:05:44+00:00,15927900,67538254160,51405581750944899324128,0,55908970947492743,1.3138311416689408
2025-06-14 01:05:52+00:00,15927908,67538254159,51405581750148718771147,0,55908970946626813,1.3138311416698365
2025-06-14 01:06:39+00:00,15927955,67538254160,51405581749389869351032,0,55908970946626813,1.3138311417086843
2025-06-14 01:07:23+00:00,15927999,67538254161,51405581748631019930940,0,55908970946626813,1.3138311417475323
2025-06-14 01:07:28+00:00,15928004,67538254162,51405581747872170510870,0,55908970946626813,1.3138311417863802
2025-06-14 01:07:33+00:00,15928009,67538254163,51405581747113321090823,0,55908970946626813,1.3138311418252282
2025-06-14 01:07:39+00:00,15928015,67538254227,51405581795951350590871,0,55908970999606775,1.3138311418220199
2025-06-14 01:07:43+00:00,15928019,67538254160,51405581744933655918814,0,55908970944119672,1.313831141822577
2025-06-14 01:07:48+00:00,15928024,67538254161,51405581744933655918813,0,55908970944119672,1.31383114184203
2025-06-14 01:08:08+00:00,15928044,67538254162,51405581744174806498798,0,55908970944119672,1.313831141880878
2025-06-14 01:08:47+00:00,15928083,67538254161,51405581745174806498798,0,55908970944119672,1.3138311418358666
2025-06-14 01:08:51+00:00,15928087,67538254160,51405581746174806498798,0,55908970944119672,1.3138311417908555
2025-06-14 01:08:52+00:00,15928088,67538254161,51405581745415957078753,0,55908970944119672,1.3138311418297033
2025-06-14 01:09:00+00:00,15928096,67538254160,51405581744619776525810,0,55908970943253742,1.313831141830599
2025-06-14 01:09:36+00:00,15928132,67538254161,51405581743860927105788,0,55908970943253742,1.313831141869447
2025-06-14 01:10:21+00:00,15928177,67538254162,51405581743102077685789,0,55908970943253742,1.3138311419082949
2025-06-14 01:10:36+00:00,15928192,67538254163,51405581742343228265812,0,55908970943253742,1.313831141947143
2025-06-14 01:10:41+00:00,15928197,67538254164,51405581741584378845858,0,55908970943253742,1.3138311419859907
2025-06-14 01:10:47+00:00,15928203,67538254228,51405581790422408345906,0,55908970996233704,1.3138311419827824
2025-06-14 01:10:57+00:00,15928213,67538254229,51405581790422408345905,0,55908970996233704,1.3138311420022355
2025-06-14 01:11:06+00:00,15928222,67538254230,51405581789663558925982,0,55908970996233704,1.3138311420410835
2025-06-14 01:11:50+00:00,15928266,67538254231,51405581788904709506082,0,55908970996233704,1.3138311420799313
2025-06-14 01:11:56+00:00,15928272,67538254230,51405581789904709506082,0,55908970996233704,1.3138311420349202
2025-06-14 01:12:00+00:00,15928276,67538254229,51405581790904709506082,0,55908970996233704,1.313831141989909
2025-06-14 01:12:05+00:00,15928281,67538254242,51405581800904709506082,0,55908971006995258,1.3138311419872184
2025-06-14 01:12:09+00:00,15928285,67538254241,51405581800108528953175,0,55908971006129328,1.3138311419881141
2025-06-14 01:12:35+00:00,15928311,67538254242,51405581799349679533244,0,55908971006129328,1.313831142026962
2025-06-14 01:13:20+00:00,15928356,67538254243,51405581798590830113336,0,55908971006129328,1.31383114206581
2025-06-14 01:13:45+00:00,15928381,67538254244,51405581797831980693450,0,55908971006129328,1.3138311421046578
2025-06-14 01:13:54+00:00,15928390,67538254308,51405581846670010193498,0,55908971059109290,1.3138311421014495
2025-06-14 01:13:59+00:00,15928395,67538254241,51405581795652315525402,0,55908971003622187,1.3138311421020066
2025-06-14 01:14:04+00:00,15928400,67538254242,51405581794893466105537,0,55908971003622187,1.3138311421408546
2025-06-14 01:14:48+00:00,15928444,67538254243,51405581794134616685694,0,55908971003622187,1.3138311421797024
2025-06-14 01:15:02+00:00,15928458,67538254242,51405581795134616685694,0,55908971003622187,1.313831142134691
2025-06-14 01:15:07+00:00,15928463,67538254241,51405581796134616685694,0,55908971003622187,1.3138311420896798
2025-06-14 01:15:12+00:00,15928468,67538254254,51405581806134616685694,0,55908971014383741,1.3138311420869893
2025-06-14 01:15:17+00:00,15928473,67538254253,51405581805338436132811,0,55908971013517811,1.313831142087885
2025-06-14 01:15:33+00:00,15928489,67538254254,51405581804579586712938,0,55908971013517811,1.313831142126733
2025-06-14 01:16:17+00:00,15928533,67538254255,51405581803820737293087,0,55908971013517811,1.3138311421655808
2025-06-14 01:16:52+00:00,15928568,67538254256,51405581803061887873259,0,55908971013517811,1.3138311422044289
2025-06-14 01:16:57+00:00,15928573,67538254257,51405581802303038453453,0,55908971013517811,1.3138311422432767
2025-06-14 01:17:02+00:00,15928578,67538254322,51405581850382218533716,0,55908971066497773,1.3138311422789164
2025-06-14 01:17:02+00:00,15928578,67538254321,51405581851141067953501,0,55908971066497773,1.3138311422400684
2025-06-14 01:17:06+00:00,15928582,67538254255,51405581799364523868677,0,55908971011010670,1.3138311422794735
2025-06-14 01:17:11+00:00,15928587,67538254256,51405581799364523868676,0,55908971011010670,1.3138311422989266
2025-06-14 01:17:47+00:00,15928623,67538254257,51405581798605674448925,0,55908971011010670,1.3138311423377744
2025-06-14 01:18:10+00:00,15928646,67538254256,51405581799605674448925,0,55908971011010670,1.313831142292763
2025-06-14 01:18:14+00:00,15928650,67538254255,51405581800605674448925,0,55908971011010670,1.313831142247752
2025-06-14 01:18:19+00:00,15928655,67538254268,51405581810605674448925,0,55908971021772224,1.3138311422450613
2025-06-14 01:18:23+00:00,15928659,67538254267,51405581809809493896078,0,55908971020906294,1.313831142245957
2025-06-14 01:18:32+00:00,15928668,67538254268,51405581809050644476296,0,55908971020906294,1.313831142284805
2025-06-14 01:19:16+00:00,15928712,67538254269,51405581808291795056537,0,55908971020906294,1.3138311423236528
2025-06-14 01:19:57+00:00,15928753,67538254270,51405581807532945636800,0,55908971020906294,1.3138311423625009
2025-06-14 01:20:00+00:00,15928756,67538254271,51405581806774096217085,0,55908971020906294,1.3138311424013487
2025-06-14 01:20:02+00:00,15928758,67538254272,51405581806015246797393,0,55908971020906294,1.3138311424401967
2025-06-14 01:20:07+00:00,15928763,67538254336,51405581854853276297441,0,55908971073886256,1.3138311424369884
2025-06-14 01:20:13+00:00,15928769,67538254269,51405581803835581634707,0,55908971018399153,1.3138311424375455
2025-06-14 01:20:44+00:00,15928800,67538254270,51405581803076732215036,0,55908971018399153,1.3138311424763933
2025-06-14 01:21:16+00:00,15928832,67538254269,51405581804076732215036,0,55908971018399153,1.313831142431382
2025-06-14 01:21:24+00:00,15928840,67538254282,51405581814076732215036,0,55908971029160707,1.3138311424286915
2025-06-14 01:21:28+00:00,15928844,67538254283,51405581813317882795360,0,55908971029160707,1.3138311424675395
2025-06-14 01:21:29+00:00,15928845,67538254282,51405581812521702242576,0,55908971028294777,1.3138311424684352
2025-06-14 01:22:12+00:00,15928888,67538254283,51405581811762852822923,0,55908971028294777,1.313831142507283
2025-06-14 01:22:57+00:00,15928933,67538254284,51405581811004003403292,0,55908971028294777,1.313831142546131
2025-06-14 01:23:03+00:00,15928939,67538254285,51405581810245153983684,0,55908971028294777,1.313831142584979
2025-06-14 01:23:13+00:00,15928949,67538254349,51405581859083183483732,0,55908971081274739,1.3138311425817706
2025-06-14 01:23:21+00:00,15928957,67538254350,51405581859083183483731,0,55908971081274739,1.3138311426012237
2025-06-14 01:23:41+00:00,15928977,67538254351,51405581858324334064154,0,55908971081274739,1.3138311426400717
2025-06-14 01:24:21+00:00,15929017,67538254350,51405581859324334064154,0,55908971081274739,1.3138311425950604
2025-06-14 01:24:25+00:00,15929021,67538254351,51405581858565484644574,0,55908971081274739,1.3138311426339084
2025-06-14 01:24:26+00:00,15929022,67538254350,51405581859565484644574,0,55908971081274739,1.313831142588897
2025-06-14 01:24:31+00:00,15929027,67538254363,51405581869565484644574,0,55908971092036293,1.3138311425862064
2025-06-14 01:25:10+00:00,15929066,67538254364,51405581868806635224989,0,55908971092036293,1.3138311426250544
2025-06-14 01:25:55+00:00,15929111,67538254365,51405581868047785805426,0,55908971092036293,1.3138311426639022
2025-06-14 01:26:10+00:00,15929126,67538254366,51405581867288936385886,0,55908971092036293,1.3138311427027503
2025-06-14 01:26:15+00:00,15929131,67538254367,51405581866530086966368,0,55908971092036293,1.313831142741598
2025-06-14 01:26:20+00:00,15929136,67538254431,51405581915368116466416,0,55908971145016254,1.3138311427383897
2025-06-14 01:26:24+00:00,15929140,67538254364,51405581864350421808531,0,55908971089529151,1.3138311427389469
2025-06-14 01:26:29+00:00,15929145,67538254365,51405581864350421808530,0,55908971089529151,1.3138311427584
2025-06-14 01:26:39+00:00,15929155,67538254366,51405581863591572389044,0,55908971089529151,1.313831142797248
2025-06-14 01:27:24+00:00,15929200,67538254367,51405581862832722969581,0,55908971089529151,1.3138311428360958
2025-06-14 01:27:28+00:00,15929204,67538254366,51405581863832722969581,0,55908971089529151,1.3138311427910847
2025-06-14 01:27:33+00:00,15929209,67538254365,51405581864832722969581,0,55908971089529151,1.3138311427460734
2025-06-14 01:27:38+00:00,15929214,67538254378,51405581874832722969581,0,55908971100290705,1.3138311427433826
2025-06-14 01:28:09+00:00,15929245,67538254379,51405581874073873550086,0,55908971100290705,1.3138311427822307
2025-06-14 01:28:54+00:00,15929290,67538254380,51405581873315024130614,0,55908971100290705,1.3138311428210785
2025-06-14 01:29:16+00:00,15929312,67538254381,51405581872556174711164,0,55908971100290705,1.3138311428599265
2025-06-14 01:29:20+00:00,15929316,67538254382,51405581871797325291737,0,55908971100290705,1.3138311428987743
2025-06-14 01:29:26+00:00,15929322,67538254446,51405581920635354791785,0,55908971153270666,1.3138311428955662
2025-06-14 01:29:30+00:00,15929326,67538254379,51405581869617660136205,0,55908971097783563,1.3138311428961231
2025-06-14 01:29:35+00:00,15929331,67538254380,51405581869617660136204,0,55908971097783563,1.3138311429155762
2025-06-14 01:29:39+00:00,15929335,67538254381,51405581868858810716809,0,55908971097783563,1.3138311429544243
2025-06-14 01:30:24+00:00,15929380,67538254382,51405581868099961297436,0,55908971097783563,1.313831142993272
2025-06-14 01:30:34+00:00,15929390,67538254381,51405581869099961297436,0,55908971097783563,1.313831142948261
2025-06-14 01:30:43+00:00,15929399,67538254394,51405581879099961297436,0,55908971108545117,1.3138311429455702
2025-06-14 01:31:09+00:00,15929425,67538254395,51405581878341111878058,0,55908971108545117,1.3138311429844183
2025-06-14 01:31:53+00:00,15929469,67538254396,51405581877582262458703,0,55908971108545117,1.313831143023266
2025-06-14 01:32:22+00:00,15929498,67538254397,51405581876823413039370,0,55908971108545117,1.3138311430621141
2025-06-14 01:32:27+00:00,15929503,67538254398,51405581876064563620060,0,55908971108545117,1.313831143100962
2025-06-14 01:32:33+00:00,15929509,67538254462,51405581924902593120108,0,55908971161525078,1.3138311430977536
2025-06-14 01:32:38+00:00,15929514,67538254396,51405581873126049048535,0,55908971106037975,1.3138311431371588
2025-06-14 01:32:38+00:00,15929514,67538254395,51405581873884898467825,0,55908971106037975,1.3138311430983107
2025-06-14 01:32:42+00:00,15929518,67538254397,51405581873126049048534,0,55908971106037975,1.3138311431566119
2025-06-14 01:33:23+00:00,15929559,67538254398,51405581872367199629278,0,55908971106037975,1.3138311431954597
2025-06-14 01:33:40+00:00,15929576,67538254397,51405581873367199629278,0,55908971106037975,1.3138311431504484
2025-06-14 01:33:45+00:00,15929581,67538254396,51405581874367199629278,0,55908971106037975,1.3138311431054372
2025-06-14 01:33:54+00:00,15929590,67538254395,51405581873571019076643,0,55908971105172045,1.313831143106333
2025-06-14 01:34:08+00:00,15929604,67538254396,51405581872812169657358,0,55908971105172045,1.3138311431451808
2025-06-14 01:34:54+00:00,15929650,67538254397,51405581872053320238096,0,55908971105172045,1.3138311431840288
2025-06-14 01:35:29+00:00,15929685,67538254398,51405581871294470818856,0,55908971105172045,1.3138311432228766
2025-06-14 01:35:33+00:00,15929689,67538254399,51405581870535621399638,0,55908971105172045,1.3138311432617247
2025-06-14 01:35:38+00:00,15929694,67538254400,51405581869776771980443,0,55908971105172045,1.3138311433005725
2025-06-14 01:35:39+00:00,15929695,67538254464,51405581918614801480491,0,55908971158152006,1.3138311432973642
2025-06-14 01:35:48+00:00,15929704,67538254465,51405581918614801480490,0,55908971158152006,1.3138311433168175
2025-06-14 01:36:23+00:00,15929739,67538254466,51405581917855952061327,0,55908971158152006,1.3138311433556653
2025-06-14 01:36:47+00:00,15929763,67538254465,51405581918855952061327,0,55908971158152006,1.313831143310654
2025-06-14 01:36:52+00:00,15929768,67538254464,51405581919855952061327,0,55908971158152006,1.3138311432656427
2025-06-14 01:36:57+00:00,15929773,67538254477,51405581929855952061327,0,55908971168913560,1.3138311432629521
2025-06-14 01:37:08+00:00,15929784,67538254478,51405581929097102642133,0,55908971168913560,1.3138311433018002
2025-06-14 01:37:53+00:00,15929829,67538254479,51405581928338253222961,0,55908971168913560,1.313831143340648
2025-06-14 01:38:39+00:00,15929875,67538254481,51405581926820554384684,0,55908971168913560,1.3138311434183438
2025-06-14 01:38:39+00:00,15929875,67538254480,51405581927579403803811,0,55908971168913560,1.313831143379496
2025-06-14 01:38:43+00:00,15929879,67538254482,51405581926061704965579,0,55908971168913560,1.3138311434571919
2025-06-14 01:38:49+00:00,15929885,67538254546,51405581974899734465627,0,55908971221893521,1.3138311434539836
2025-06-14 01:38:57+00:00,15929893,67538254547,51405581974899734465626,0,55908971221893521,1.3138311434734367
2025-06-14 01:39:23+00:00,15929919,67538254548,51405581974140885046553,0,55908971221893521,1.3138311435122845
2025-06-14 01:39:57+00:00,15929953,67538254547,51405581975140885046553,0,55908971221893521,1.3138311434672731
2025-06-14 01:40:01+00:00,15929957,67538254546,51405581976140885046553,0,55908971221893521,1.313831143422262
2025-06-14 01:40:06+00:00,15929962,67538254559,51405581986140885046553,0,55908971232655075,1.3138311434195713
2025-06-14 01:40:08+00:00,15929964,67538254560,51405581985382035627449,0,55908971232655075,1.3138311434584193
2025-06-14 01:40:11+00:00,15929967,67538254559,51405581984585855074898,0,55908971231789145,1.313831143459315
2025-06-14 01:40:54+00:00,15930010,67538254560,51405581983827005655817,0,55908971231789145,1.3138311434981629
2025-06-14 01:41:39+00:00,15930055,67538254561,51405581983068156236758,0,55908971231789145,1.313831143537011
2025-06-14 01:41:45+00:00,15930061,67538254562,51405581982309306817722,0,55908971231789145,1.3138311435758587
2025-06-14 01:41:49+00:00,15930065,67538254563,51405581981550457398708,0,55908971231789145,1.3138311436147068
2025-06-14 01:41:54+00:00,15930070,67538254627,51405582030388486898756,0,55908971284769106,1.3138311436114984
2025-06-14 01:41:59+00:00,15930075,67538254560,51405581979370792254245,0,55908971229282003,1.3138311436120556
2025-06-14 01:42:04+00:00,15930080,67538254561,51405581979370792254244,0,55908971229282003,1.3138311436315087
2025-06-14 01:42:24+00:00,15930100,67538254562,51405581978611942835262,0,55908971229282003,1.3138311436703565
2025-06-14 01:43:00+00:00,15930136,67538254561,51405581979611942835262,0,55908971229282003,1.3138311436253454
2025-06-14 01:43:05+00:00,15930141,67538254560,51405581980611942835262,0,55908971229282003,1.313831143580334
2025-06-14 01:43:10+00:00,15930146,67538254561,51405581979853093416251,0,55908971229282003,1.3138311436191819
2025-06-14 01:43:57+00:00,15930193,67538254562,51405581979094243997262,0,55908971229282003,1.3138311436580299
2025-06-14 01:44:41+00:00,15930237,67538254563,51405581978335394578296,0,55908971229282003,1.3138311436968777
2025-06-14 01:44:49+00:00,15930245,67538254564,51405581977576545159352,0,55908971229282003,1.3138311437357257
2025-06-14 01:44:53+00:00,15930249,67538254565,51405581976817695740431,0,55908971229282003,1.3138311437745736
2025-06-14 01:44:59+00:00,15930255,67538254629,51405582025655725240479,0,55908971282261964,1.3138311437713652
2025-06-14 01:45:04+00:00,15930260,67538254562,51405581974638030598377,0,55908971226774861,1.3138311437719223
2025-06-14 01:45:09+00:00,15930265,67538254563,51405581974638030598376,0,55908971226774861,1.3138311437913754
2025-06-14 01:45:27+00:00,15930283,67538254564,51405581973879181179487,0,55908971226774861,1.3138311438302235
2025-06-14 01:46:07+00:00,15930323,67538254563,51405581974879181179487,0,55908971226774861,1.3138311437852122
2025-06-14 01:46:11+00:00,15930327,67538254564,51405581974120331760594,0,55908971226774861,1.3138311438240602
2025-06-14 01:46:12+00:00,15930328,67538254563,51405581975120331760594,0,55908971226774861,1.3138311437790489
2025-06-14 01:46:17+00:00,15930333,67538254576,51405581985120331760594,0,55908971237536415,1.3138311437763581
2025-06-14 01:46:56+00:00,15930372,67538254577,51405581984361482341696,0,55908971237536415,1.3138311438152062
2025-06-14 01:47:42+00:00,15930418,67538254578,51405581983602632922821,0,55908971237536415,1.313831143854054
2025-06-14 01:47:53+00:00,15930429,67538254579,51405581982843783503968,0,55908971237536415,1.313831143892902
2025-06-14 01:48:02+00:00,15930438,67538254643,51405582031681813004016,0,55908971290516376,1.3138311438896937
2025-06-14 01:48:07+00:00,15930443,67538254576,51405581980664118363466,0,55908971235029273,1.3138311438902508
2025-06-14 01:48:27+00:00,15930463,67538254577,51405581979905268944634,0,55908971235029273,1.3138311439290986
2025-06-14 01:49:09+00:00,15930505,67538254576,51405581980905268944634,0,55908971235029273,1.3138311438840873
2025-06-14 01:49:11+00:00,15930507,67538254577,51405581980146419525798,0,55908971235029273,1.3138311439229353
2025-06-14 01:49:14+00:00,15930510,67538254576,51405581981146419525798,0,55908971235029273,1.313831143877924
2025-06-14 01:49:19+00:00,15930515,67538254589,51405581991146419525798,0,55908971245790827,1.3138311438752335
2025-06-14 01:49:56+00:00,15930552,67538254590,51405581990387570106957,0,55908971245790827,1.3138311439140813
2025-06-14 01:50:41+00:00,15930597,67538254591,51405581989628720688139,0,55908971245790827,1.3138311439529293
2025-06-14 01:50:58+00:00,15930614,67538254592,51405581988869871269343,0,55908971245790827,1.3138311439917771
2025-06-14 01:51:02+00:00,15930618,67538254593,51405581988111021850570,0,55908971245790827,1.3138311440306252
2025-06-14 01:51:08+00:00,15930624,67538254657,51405582036949051350618,0,55908971298770788,1.3138311440274169
2025-06-14 01:51:13+00:00,15930629,67538254590,51405581985931356712373,0,55908971243283685,1.313831144027974
2025-06-14 01:51:26+00:00,15930642,67538254591,51405581985172507293620,0,55908971243283685,1.3138311440668218
2025-06-14 01:52:11+00:00,15930687,67538254592,51405581984413657874890,0,55908971243283685,1.3138311441056698
2025-06-14 01:52:15+00:00,15930691,67538254591,51405581985413657874890,0,55908971243283685,1.3138311440606585
2025-06-14 01:52:20+00:00,15930696,67538254590,51405581986413657874890,0,55908971243283685,1.3138311440156472
2025-06-14 01:52:24+00:00,15930700,67538254603,51405581996413657874890,0,55908971254045239,1.3138311440129566
2025-06-14 01:52:29+00:00,15930705,67538254602,51405581995617477322473,0,55908971253179309,1.3138311440138524
2025-06-14 01:52:55+00:00,15930731,67538254603,51405581994858627903712,0,55908971253179309,1.3138311440527002
2025-06-14 01:53:39+00:00,15930775,67538254604,51405581994099778484974,0,55908971253179309,1.3138311440915482
2025-06-14 01:54:02+00:00,15930798,67538254605,51405581993340929066258,0,55908971253179309,1.313831144130396
2025-06-14 01:54:06+00:00,15930802,67538254606,51405581992582079647565,0,55908971253179309,1.313831144169244
2025-06-14 01:54:13+00:00,15930809,67538254670,51405582041420109147613,0,55908971306159270,1.3138311441660357
2025-06-14 01:54:17+00:00,15930813,67538254603,51405581990402414511672,0,55908971250672167,1.3138311441665929
2025-06-14 01:54:22+00:00,15930818,67538254604,51405581990402414511671,0,55908971250672167,1.313831144186046
2025-06-14 01:54:24+00:00,15930820,67538254605,51405581989643565093010,0,55908971250672167,1.3138311442248938
2025-06-14 01:55:09+00:00,15930865,67538254606,51405581988884715674371,0,55908971250672167,1.3138311442637418
2025-06-14 01:55:21+00:00,15930877,67538254605,51405581989884715674371,0,55908971250672167,1.3138311442187305
2025-06-14 01:55:26+00:00,15930882,67538254604,51405581990884715674371,0,55908971250672167,1.3138311441737192
2025-06-14 01:55:30+00:00,15930886,67538254617,51405582000884715674371,0,55908971261433721,1.3138311441710286
2025-06-14 01:55:35+00:00,15930891,67538254616,51405582000088535121990,0,55908971260567791,1.3138311441719244
2025-06-14 01:55:54+00:00,15930910,67538254617,51405581999329685703321,0,55908971260567791,1.3138311442107722
2025-06-14 01:56:39+00:00,15930955,67538254618,51405581998570836284674,0,55908971260567791,1.3138311442496202
2025-06-14 01:57:09+00:00,15930985,67538254619,51405581997811986866049,0,55908971260567791,1.313831144288468
2025-06-14 01:57:14+00:00,15930990,67538254620,51405581997053137447447,0,55908971260567791,1.313831144327316
2025-06-14 01:57:19+00:00,15930995,67538254684,51405582045891166947495,0,55908971313547752,1.3138311443241077
2025-06-14 01:57:24+00:00,15931000,67538254618,51405581994114622896030,0,55908971258060649,1.3138311443635127
2025-06-14 01:57:24+00:00,15931000,67538254685,51405582045132317528913,0,55908971258060649,1.3138311443629558
2025-06-14 01:58:08+00:00,15931044,67538254619,51405581993355773477471,0,55908971258060649,1.3138311444023607
2025-06-14 01:58:25+00:00,15931061,67538254618,51405581994355773477471,0,55908971258060649,1.3138311443573494
2025-06-14 01:58:29+00:00,15931065,67538254617,51405581995355773477471,0,55908971258060649,1.313831144312338
2025-06-14 01:58:34+00:00,15931070,67538254630,51405582005355773477471,0,55908971268822203,1.3138311443096475
2025-06-14 01:58:52+00:00,15931088,67538254631,51405582004596924058881,0,55908971268822203,1.3138311443484954
2025-06-14 01:59:37+00:00,15931133,67538254632,51405582003838074640314,0,55908971268822203,1.3138311443873434
2025-06-14 02:00:12+00:00,15931168,67538254633,51405582003079225221769,0,55908971268822203,1.3138311444261912
2025-06-14 02:00:17+00:00,15931173,67538254634,51405582002320375803246,0,55908971268822203,1.3138311444650392
2025-06-14 02:00:22+00:00,15931178,67538254635,51405582001561526384746,0,55908971268822203,1.313831144503887
2025-06-14 02:00:23+00:00,15931179,67538254699,51405582050399555884794,0,55908971321802164,1.3138311445006787
2025-06-14 02:00:28+00:00,15931184,67538254632,51405581999381861254216,0,55908971266315061,1.3138311445012358
2025-06-14 02:01:08+00:00,15931224,67538254633,51405581998623011835737,0,55908971266315061,1.3138311445400839
2025-06-14 02:01:31+00:00,15931247,67538254632,51405581999623011835737,0,55908971266315061,1.3138311444950725
2025-06-14 02:01:40+00:00,15931256,67538254645,51405582009623011835737,0,55908971277076615,1.313831144492382
2025-06-14 02:01:45+00:00,15931261,67538254644,51405582008826831283443,0,55908971276210685,1.3138311444932778
2025-06-14 02:01:53+00:00,15931269,67538254645,51405582008067981864959,0,55908971276210685,1.3138311445321256
2025-06-14 02:02:39+00:00,15931315,67538254646,51405582007309132446498,0,55908971276210685,1.3138311445709736
2025-06-14 02:03:24+00:00,15931360,67538254647,51405582006550283028059,0,55908971276210685,1.3138311446098214
2025-06-14 02:03:25+00:00,15931361,67538254648,51405582005791433609643,0,55908971276210685,1.3138311446486695
2025-06-14 02:03:35+00:00,15931371,67538254712,51405582054629463109691,0,55908971329190646,1.3138311446454611
2025-06-14 02:03:40+00:00,15931376,67538254645,51405582003611768481657,0,55908971273703543,1.313831144646018
2025-06-14 02:04:08+00:00,15931404,67538254646,51405582002852919063261,0,55908971273703543,1.313831144684866
2025-06-14 02:04:44+00:00,15931440,67538254645,51405582003852919063261,0,55908971273703543,1.3138311446398547
2025-06-14 02:04:49+00:00,15931445,67538254644,51405582004852919063261,0,55908971273703543,1.3138311445948434
2025-06-14 02:04:57+00:00,15931453,67538254643,51405582004056738510993,0,55908971272837613,1.3138311445957394
2025-06-14 02:05:37+00:00,15931493,67538254644,51405582003297889092568,0,55908971272837613,1.3138311446345872
2025-06-14 02:06:22+00:00,15931538,67538254645,51405582002539039674166,0,55908971272837613,1.313831144673435
2025-06-14 02:06:36+00:00,15931552,67538254646,51405582001780190255786,0,55908971272837613,1.313831144712283
2025-06-14 02:06:41+00:00,15931557,67538254647,51405582001021340837429,0,55908971272837613,1.3138311447511308
2025-06-14 02:06:46+00:00,15931562,67538254711,51405582049859370337477,0,55908971325817574,1.3138311447479227
2025-06-14 02:06:51+00:00,15931567,67538254644,51405581998841675711099,0,55908971270330471,1.3138311447484796
2025-06-14 02:07:07+00:00,15931583,67538254645,51405581998082826292763,0,55908971270330471,1.3138311447873277
2025-06-14 02:07:52+00:00,15931628,67538254644,51405581999082826292763,0,55908971270330471,1.3138311447423163
2025-06-14 02:07:52+00:00,15931628,67538254645,51405581998323976874423,0,55908971270330471,1.3138311447811644
2025-06-14 02:07:56+00:00,15931632,67538254644,51405581999323976874423,0,55908971270330471,1.313831144736153
2025-06-14 02:08:00+00:00,15931636,67538254657,51405582009323976874423,0,55908971281092025,1.3138311447334623
2025-06-14 02:08:05+00:00,15931641,67538254656,51405582008527796322191,0,55908971280226095,1.3138311447343582
2025-06-14 02:08:36+00:00,15931672,67538254657,51405582007768946903846,0,55908971280226095,1.313831144773206
2025-06-14 02:09:21+00:00,15931717,67538254658,51405582007010097485524,0,55908971280226095,1.3138311448120539
2025-06-14 02:09:43+00:00,15931739,67538254659,51405582006251248067224,0,55908971280226095,1.313831144850902
2025-06-14 02:09:47+00:00,15931743,67538254660,51405582005492398648947,0,55908971280226095,1.3138311448897497
2025-06-14 02:09:53+00:00,15931749,67538254724,51405582054330428148995,0,55908971333206056,1.3138311448865416
2025-06-14 02:09:57+00:00,15931753,67538254657,51405582003312733524922,0,55908971277718953,1.3138311448870985
2025-06-14 02:10:02+00:00,15931758,67538254658,51405582003312733524921,0,55908971277718953,1.3138311449065518
2025-06-14 02:10:05+00:00,15931761,67538254659,51405582002553884106676,0,55908971277718953,1.3138311449453997
2025-06-14 02:10:49+00:00,15931805,67538254660,51405582001795034688453,0,55908971277718953,1.3138311449842475
2025-06-14 02:10:59+00:00,15931815,67538254659,51405582002795034688453,0,55908971277718953,1.3138311449392364
2025-06-14 02:11:07+00:00,15931823,67538254672,51405582012795034688453,0,55908971288480507,1.3138311449365456
2025-06-14 02:11:12+00:00,15931828,67538254671,51405582011998854136272,0,55908971287614577,1.3138311449374414
2025-06-14 02:11:35+00:00,15931851,67538254672,51405582011240004718045,0,55908971287614577,1.3138311449762894
2025-06-14 02:12:19+00:00,15931895,67538254673,51405582010481155299840,0,55908971287614577,1.3138311450151372
2025-06-14 02:12:48+00:00,15931924,67538254674,51405582009722305881658,0,55908971287614577,1.3138311450539852
2025-06-14 02:12:53+00:00,15931929,67538254675,51405582008963456463498,0,55908971287614577,1.313831145092833
2025-06-14 02:12:58+00:00,15931934,67538254739,51405582057801485963546,0,55908971340594538,1.313831145089625
2025-06-14 02:13:03+00:00,15931939,67538254672,51405582006783791342770,0,55908971285107435,1.3138311450901818
2025-06-14 02:13:04+00:00,15931940,67538254673,51405582006024941924631,0,55908971285107435,1.3138311451290299
2025-06-14 02:13:49+00:00,15931985,67538254674,51405582005266092506514,0,55908971285107435,1.3138311451678777
2025-06-14 02:14:09+00:00,15932005,67538254673,51405582006266092506514,0,55908971285107435,1.3138311451228664
2025-06-14 02:14:14+00:00,15932010,67538254672,51405582007266092506514,0,55908971285107435,1.3138311450778553
2025-06-14 02:14:19+00:00,15932015,67538254685,51405582017266092506514,0,55908971295868989,1.3138311450751645
2025-06-14 02:14:23+00:00,15932019,67538254684,51405582016469911954369,0,55908971295003059,1.3138311450760602
2025-06-14 02:14:35+00:00,15932031,67538254685,51405582015711062536222,0,55908971295003059,1.3138311451149083
2025-06-14 02:15:22+00:00,15932078,67538254686,51405582014952213118097,0,55908971295003059,1.313831145153756
2025-06-14 02:16:00+00:00,15932116,67538254687,51405582014193363699995,0,55908971295003059,1.3138311451926041
2025-06-14 02:16:05+00:00,15932121,67538254688,51405582013434514281915,0,55908971295003059,1.313831145231452
2025-06-14 02:16:10+00:00,15932126,67538254752,51405582062272543781963,0,55908971347983020,1.3138311452282438
2025-06-14 02:16:15+00:00,15932131,67538254685,51405582011254849163492,0,55908971292495917,1.3138311452288007
2025-06-14 02:16:20+00:00,15932136,67538254686,51405582011254849163491,0,55908971292495917,1.3138311452482538
2025-06-14 02:16:56+00:00,15932172,67538254687,51405582010495999745443,0,55908971292495917,1.3138311452871019
2025-06-14 02:17:20+00:00,15932196,67538254686,51405582011495999745443,0,55908971292495917,1.3138311452420905
2025-06-14 02:17:24+00:00,15932200,67538254685,51405582012495999745443,0,55908971292495917,1.3138311451970792
2025-06-14 02:17:29+00:00,15932205,67538254698,51405582022495999745443,0,55908971303257471,1.3138311451943887
2025-06-14 02:17:34+00:00,15932210,67538254697,51405582021699819193323,0,55908971302391541,1.3138311451952844
2025-06-14 02:17:41+00:00,15932217,67538254698,51405582020940969775245,0,55908971302391541,1.3138311452341325
2025-06-14 02:18:27+00:00,15932263,67538254699,51405582020182120357189,0,55908971302391541,1.3138311452729803
2025-06-14 02:19:08+00:00,15932304,67538254700,51405582019423270939156,0,55908971302391541,1.3138311453118283
2025-06-14 02:19:12+00:00,15932308,67538254702,51405582017905572103156,0,55908971302391541,1.3138311453895242
2025-06-14 02:19:12+00:00,15932308,67538254701,51405582018664421521145,0,55908971302391541,1.3138311453506761
2025-06-14 02:19:18+00:00,15932314,67538254766,51405582066743601603204,0,55908971355371502,1.3138311453863158
2025-06-14 02:19:23+00:00,15932319,67538254699,51405582015725906987038,0,55908971299884399,1.3138311453868727
2025-06-14 02:19:57+00:00,15932353,67538254700,51405582014967057569070,0,55908971299884399,1.3138311454257208
2025-06-14 02:20:24+00:00,15932380,67538254699,51405582015967057569070,0,55908971299884399,1.3138311453807094
2025-06-14 02:20:28+00:00,15932384,67538254698,51405582016967057569070,0,55908971299884399,1.3138311453356981
2025-06-14 02:20:33+00:00,15932389,67538254711,51405582026967057569070,0,55908971310645953,1.3138311453330076
2025-06-14 02:20:42+00:00,15932398,67538254712,51405582026208208151071,0,55908971310645953,1.3138311453718556
2025-06-14 02:21:27+00:00,15932443,67538254713,51405582025449358733095,0,55908971310645953,1.3138311454107034
2025-06-14 02:22:11+00:00,15932487,67538254714,51405582024690509315141,0,55908971310645953,1.3138311454495513
2025-06-14 02:22:12+00:00,15932488,67538254715,51405582023931659897210,0,55908971310645953,1.3138311454883993
2025-06-14 02:22:22+00:00,15932498,67538254779,51405582072769689397258,0,55908971363625914,1.313831145485191
2025-06-14 02:22:26+00:00,15932502,67538254712,51405582021751994782643,0,55908971308138811,1.313831145485748
2025-06-14 02:22:31+00:00,15932507,67538254713,51405582021751994782642,0,55908971308138811,1.3138311455052012
2025-06-14 02:22:55+00:00,15932531,67538254714,51405582020993145364743,0,55908971308138811,1.3138311455440492
2025-06-14 02:23:28+00:00,15932564,67538254713,51405582021993145364743,0,55908971308138811,1.313831145499038
2025-06-14 02:23:37+00:00,15932573,67538254726,51405582031993145364743,0,55908971318900365,1.3138311454963472
2025-06-14 02:23:39+00:00,15932575,67538254727,51405582031234295946839,0,55908971318900365,1.3138311455351952
2025-06-14 02:24:23+00:00,15932619,67538254728,51405582030475446528957,0,55908971318900365,1.313831145574043
2025-06-14 02:25:07+00:00,15932663,67538254729,51405582029716597111097,0,55908971318900365,1.313831145612891
2025-06-14 02:25:17+00:00,15932673,67538254730,51405582028957747693260,0,55908971318900365,1.3138311456517389
2025-06-14 02:25:22+00:00,15932678,67538254731,51405582028198898275445,0,55908971318900365,1.313831145690587
2025-06-14 02:25:28+00:00,15932684,67538254795,51405582077036927775493,0,55908971371880326,1.3138311456873786
2025-06-14 02:25:37+00:00,15932693,67538254796,51405582077036927775492,0,55908971371880326,1.3138311457068317
2025-06-14 02:25:52+00:00,15932708,67538254797,51405582076278078357709,0,55908971371880326,1.3138311457456797
2025-06-14 02:26:35+00:00,15932751,67538254796,51405582077278078357709,0,55908971371880326,1.3138311457006684
2025-06-14 02:26:37+00:00,15932753,67538254797,51405582076519228939923,0,55908971371880326,1.3138311457395162
2025-06-14 02:26:39+00:00,15932755,67538254796,51405582077519228939923,0,55908971371880326,1.3138311456945049
2025-06-14 02:26:44+00:00,15932760,67538254809,51405582087519228939923,0,55908971382641880,1.3138311456918144
2025-06-14 02:26:49+00:00,15932765,67538254808,51405582086723048387926,0,55908971381775950,1.31383114569271
2025-06-14 02:27:21+00:00,15932797,67538254809,51405582085964198970135,0,55908971381775950,1.3138311457315581
2025-06-14 02:28:06+00:00,15932842,67538254810,51405582085205349552366,0,55908971381775950,1.313831145770406
2025-06-14 02:28:23+00:00,15932859,67538254811,51405582084446500134620,0,55908971381775950,1.313831145809254
2025-06-14 02:28:28+00:00,15932864,67538254812,51405582083687650716896,0,55908971381775950,1.3138311458481018
2025-06-14 02:28:33+00:00,15932869,67538254876,51405582132525680216944,0,55908971434755911,1.3138311458448935
2025-06-14 02:28:38+00:00,15932874,67538254809,51405582081507985607931,0,55908971379268808,1.3138311458454506
2025-06-14 02:28:50+00:00,15932886,67538254810,51405582080749136190228,0,55908971379268808,1.3138311458842986
2025-06-14 02:29:34+00:00,15932930,67538254811,51405582079990286772548,0,55908971379268808,1.3138311459231464
2025-06-14 02:29:41+00:00,15932937,67538254810,51405582080990286772548,0,55908971379268808,1.313831145878135
2025-06-14 02:29:45+00:00,15932941,67538254809,51405582081990286772548,0,55908971379268808,1.3138311458331238
2025-06-14 02:29:50+00:00,15932946,67538254822,51405582091990286772548,0,55908971390030362,1.3138311458304333
2025-06-14 02:30:19+00:00,15932975,67538254823,51405582091231437354837,0,55908971390030362,1.3138311458692813
2025-06-14 02:31:04+00:00,15933020,67538254824,51405582090472587937148,0,55908971390030362,1.313831145908129
2025-06-14 02:31:30+00:00,15933046,67538254825,51405582089713738519481,0,55908971390030362,1.3138311459469771
2025-06-14 02:31:34+00:00,15933050,67538254826,51405582088954889101837,0,55908971390030362,1.313831145985825
2025-06-14 02:31:40+00:00,15933056,67538254890,51405582137792918601885,0,55908971443010323,1.3138311459826166
2025-06-14 02:31:48+00:00,15933064,67538254891,51405582137034069184261,0,55908971443010323,1.3138311460214647
2025-06-14 02:31:49+00:00,15933065,67538254892,51405582137034069184260,0,55908971443010323,1.3138311460409178
2025-06-14 02:32:32+00:00,15933108,67538254893,51405582136275219766670,0,55908971443010323,1.3138311460797656
2025-06-14 02:32:47+00:00,15933123,67538254892,51405582137275219766670,0,55908971443010323,1.3138311460347545
2025-06-14 02:32:56+00:00,15933132,67538254905,51405582147275219766670,0,55908971453771877,1.3138311460320637
2025-06-14 02:33:16+00:00,15933152,67538254906,51405582146516370349075,0,55908971453771877,1.3138311460709118
2025-06-14 02:34:00+00:00,15933196,67538254907,51405582145757520931502,0,55908971453771877,1.3138311461097596
2025-06-14 02:34:34+00:00,15933230,67538254908,51405582144998671513952,0,55908971453771877,1.3138311461486076
2025-06-14 02:34:38+00:00,15933234,67538254909,51405582144239822096424,0,55908971453771877,1.3138311461874554
2025-06-14 02:34:43+00:00,15933239,67538254973,51405582193077851596472,0,55908971506751838,1.3138311461842471
2025-06-14 02:34:44+00:00,15933240,67538254974,51405582192319002178965,0,55908971506751838,1.3138311462230952
2025-06-14 02:34:52+00:00,15933248,67538254975,51405582192319002178964,0,55908971506751838,1.3138311462425483
2025-06-14 02:35:30+00:00,15933286,67538254976,51405582191560152761491,0,55908971506751838,1.313831146281396
2025-06-14 02:35:50+00:00,15933306,67538254975,51405582192560152761491,0,55908971506751838,1.313831146236385
2025-06-14 02:35:58+00:00,15933314,67538254988,51405582202560152761491,0,55908971517513392,1.3138311462336942
2025-06-14 02:36:03+00:00,15933319,67538254987,51405582201763972209633,0,55908971516647462,1.31383114623459
2025-06-14 02:36:14+00:00,15933330,67538254988,51405582201005122792155,0,55908971516647462,1.313831146273438
2025-06-14 02:36:57+00:00,15933373,67538254989,51405582200246273374699,0,55908971516647462,1.3138311463122858
2025-06-14 02:37:37+00:00,15933413,67538254990,51405582199487423957266,0,55908971516647462,1.3138311463511338
2025-06-14 02:37:42+00:00,15933418,67538254991,51405582198728574539855,0,55908971516647462,1.3138311463899817
2025-06-14 02:37:42+00:00,15933418,67538254992,51405582197969725122467,0,55908971516647462,1.3138311464288297
2025-06-14 02:37:47+00:00,15933423,67538255056,51405582246807754622515,0,55908971569627423,1.3138311464256214
2025-06-14 02:37:55+00:00,15933431,67538255057,51405582246807754622514,0,55908971569627423,1.3138311464450745
2025-06-14 02:38:27+00:00,15933463,67538255058,51405582246048905205158,0,55908971569627423,1.3138311464839223
2025-06-14 02:38:54+00:00,15933490,67538255057,51405582247048905205158,0,55908971569627423,1.3138311464389112
2025-06-14 02:38:58+00:00,15933494,67538255056,51405582248048905205158,0,55908971569627423,1.3138311463938999
2025-06-14 02:39:03+00:00,15933499,67538255069,51405582258048905205158,0,55908971580388977,1.3138311463912093
2025-06-14 02:39:07+00:00,15933503,67538255068,51405582257252724653336,0,55908971579523047,1.313831146392105
2025-06-14 02:39:54+00:00,15933550,67538255069,51405582256493875235949,0,55908971579523047,1.313831146430953
2025-06-14 02:40:38+00:00,15933594,67538255070,51405582255735025818584,0,55908971579523047,1.313831146469801
2025-06-14 02:40:42+00:00,15933598,67538255071,51405582254976176401242,0,55908971579523047,1.3138311465086487
2025-06-14 02:40:47+00:00,15933603,67538255072,51405582254217326983922,0,55908971579523047,1.3138311465474968
2025-06-14 02:40:53+00:00,15933609,67538255136,51405582303055356483970,0,55908971632503008,1.3138311465442885
2025-06-14 02:41:01+00:00,15933617,67538255137,51405582303055356483969,0,55908971632503008,1.3138311465637416
2025-06-14 02:41:21+00:00,15933637,67538255138,51405582302296507066681,0,55908971632503008,1.3138311466025894
2025-06-14 02:42:00+00:00,15933676,67538255137,51405582303296507066681,0,55908971632503008,1.3138311465575783
2025-06-14 02:42:05+00:00,15933681,67538255136,51405582304296507066681,0,55908971632503008,1.313831146512567
2025-06-14 02:42:05+00:00,15933681,67538255137,51405582303537657649364,0,55908971632503008,1.3138311465514148
2025-06-14 02:42:14+00:00,15933690,67538255136,51405582302741477097579,0,55908971631637078,1.3138311465523105
2025-06-14 02:42:49+00:00,15933725,67538255137,51405582301982627680284,0,55908971631637078,1.3138311465911585
2025-06-14 02:43:33+00:00,15933769,67538255138,51405582301223778263012,0,55908971631637078,1.3138311466300063
2025-06-14 02:43:48+00:00,15933784,67538255139,51405582300464928845762,0,55908971631637078,1.3138311466688544
2025-06-14 02:43:57+00:00,15933793,67538255203,51405582349302958345810,0,55908971684617039,1.313831146665646
2025-06-14 02:44:02+00:00,15933798,67538255136,51405582298285263749658,0,55908971629129936,1.3138311466662032
2025-06-14 02:44:18+00:00,15933814,67538255137,51405582297526414332429,0,55908971629129936,1.313831146705051
2025-06-14 02:45:02+00:00,15933858,67538255138,51405582296767564915223,0,55908971629129936,1.313831146743899
2025-06-14 02:45:10+00:00,15933866,67538255137,51405582297767564915223,0,55908971629129936,1.3138311466988877
2025-06-14 02:45:15+00:00,15933871,67538255150,51405582307767564915223,0,55908971639891490,1.3138311466961972
2025-06-14 02:45:20+00:00,15933876,67538255149,51405582306971384363478,0,55908971639025560,1.3138311466970929
2025-06-14 02:45:47+00:00,15933903,67538255150,51405582306212534946267,0,55908971639025560,1.3138311467359407
2025-06-14 02:46:31+00:00,15933947,67538255151,51405582305453685529079,0,55908971639025560,1.3138311467747887
2025-06-14 02:46:56+00:00,15933972,67538255152,51405582304694836111913,0,55908971639025560,1.3138311468136366
2025-06-14 02:47:01+00:00,15933977,67538255153,51405582303935986694769,0,55908971639025560,1.3138311468524846
2025-06-14 02:47:07+00:00,15933983,67538255217,51405582352774016194817,0,55908971692005521,1.3138311468492763
2025-06-14 02:47:16+00:00,15933992,67538255219,51405582352015166777704,0,55908971692005521,1.3138311469075772
2025-06-14 02:47:16+00:00,15933992,67538255218,51405582352774016194816,0,55908971692005521,1.3138311468687294
2025-06-14 02:48:01+00:00,15934037,67538255220,51405582351256317360615,0,55908971692005521,1.3138311469464252
2025-06-14 02:48:13+00:00,15934049,67538255219,51405582352256317360615,0,55908971692005521,1.313831146901414
2025-06-14 02:48:18+00:00,15934054,67538255218,51405582353256317360615,0,55908971692005521,1.3138311468564026
2025-06-14 02:48:22+00:00,15934058,67538255231,51405582363256317360615,0,55908971702767075,1.313831146853712
2025-06-14 02:48:27+00:00,15934063,67538255230,51405582362460136808906,0,55908971701901145,1.3138311468546078
2025-06-14 02:48:45+00:00,15934081,67538255231,51405582361701287391786,0,55908971701901145,1.3138311468934558
2025-06-14 02:49:30+00:00,15934126,67538255232,51405582360942437974689,0,55908971701901145,1.3138311469323036
2025-06-14 02:49:58+00:00,15934154,67538255233,51405582360183588557614,0,55908971701901145,1.3138311469711514
2025-06-14 02:50:08+00:00,15934164,67538255297,51405582409021618057662,0,55908971754881106,1.3138311469679433
2025-06-14 02:50:13+00:00,15934169,67538255230,51405582358003923466358,0,55908971699394003,1.3138311469685002
2025-06-14 02:50:14+00:00,15934170,67538255231,51405582357245074049304,0,55908971699394003,1.3138311470073483
2025-06-14 02:50:59+00:00,15934215,67538255232,51405582356486224632272,0,55908971699394003,1.313831147046196
2025-06-14 02:51:15+00:00,15934231,67538255231,51405582357486224632272,0,55908971699394003,1.313831147001185
2025-06-14 02:51:20+00:00,15934236,67538255230,51405582358486224632272,0,55908971699394003,1.3138311469561736
2025-06-14 02:51:28+00:00,15934244,67538255229,51405582357690044080589,0,55908971698528073,1.3138311469570694
2025-06-14 02:51:44+00:00,15934260,67538255230,51405582356931194663528,0,55908971698528073,1.3138311469959172
2025-06-14 02:52:28+00:00,15934304,67538255231,51405582356172345246490,0,55908971698528073,1.3138311470347652
2025-06-14 02:53:00+00:00,15934336,67538255232,51405582355413495829474,0,55908971698528073,1.313831147073613
2025-06-14 02:53:05+00:00,15934341,67538255233,51405582354654646412481,0,55908971698528073,1.313831147112461
2025-06-14 02:53:10+00:00,15934346,67538255297,51405582403492675912529,0,55908971751508034,1.3138311471092528
2025-06-14 02:53:13+00:00,15934349,67538255298,51405582402733826495556,0,55908971751508034,1.3138311471481006
2025-06-14 02:53:15+00:00,15934351,67538255231,51405582351716131907415,0,55908971696020931,1.3138311471486577
2025-06-14 02:53:57+00:00,15934393,67538255232,51405582350957282490465,0,55908971696020931,1.3138311471875057
2025-06-14 02:54:16+00:00,15934412,67538255231,51405582351957282490465,0,55908971696020931,1.3138311471424944
2025-06-14 02:54:21+00:00,15934417,67538255230,51405582352957282490465,0,55908971696020931,1.313831147097483
2025-06-14 02:54:25+00:00,15934421,67538255243,51405582362957282490465,0,55908971706782485,1.3138311470947925
2025-06-14 02:54:30+00:00,15934426,67538255242,51405582362161101938818,0,55908971705916555,1.3138311470956883
2025-06-14 02:54:42+00:00,15934438,67538255243,51405582361402252521837,0,55908971705916555,1.313831147134536
2025-06-14 02:55:27+00:00,15934483,67538255244,51405582360643403104879,0,55908971705916555,1.3138311471733841
2025-06-14 02:56:01+00:00,15934517,67538255245,51405582359884553687943,0,55908971705916555,1.313831147212232
2025-06-14 02:56:06+00:00,15934522,67538255246,51405582359125704271030,0,55908971705916555,1.31383114725108
2025-06-14 02:56:11+00:00,15934527,67538255311,51405582407204884354185,0,55908971758896516,1.3138311472867195
2025-06-14 02:56:11+00:00,15934527,67538255310,51405582407963733771078,0,55908971758896516,1.3138311472478716
2025-06-14 02:56:16+00:00,15934532,67538255244,51405582356187189768349,0,55908971703409413,1.3138311472872766
2025-06-14 02:56:21+00:00,15934537,67538255245,51405582356187189768348,0,55908971703409413,1.3138311473067297
2025-06-14 02:56:56+00:00,15934572,67538255246,51405582355428340351489,0,55908971703409413,1.3138311473455777
2025-06-14 02:57:16+00:00,15934592,67538255245,51405582356428340351489,0,55908971703409413,1.3138311473005664
2025-06-14 02:57:20+00:00,15934596,67538255244,51405582357428340351489,0,55908971703409413,1.313831147255555
2025-06-14 02:57:25+00:00,15934601,67538255257,51405582367428340351489,0,55908971714170967,1.3138311472528645
2025-06-14 02:57:41+00:00,15934617,67538255258,51405582366669490934599,0,55908971714170967,1.3138311472917124
2025-06-14 02:58:25+00:00,15934661,67538255259,51405582365910641517732,0,55908971714170967,1.3138311473305604
2025-06-14 02:59:01+00:00,15934697,67538255260,51405582365151792100887,0,55908971714170967,1.3138311473694082
2025-06-14 02:59:05+00:00,15934701,67538255261,51405582364392942684064,0,55908971714170967,1.3138311474082562
2025-06-14 02:59:09+00:00,15934705,67538255262,51405582363634093267264,0,55908971714170967,1.313831147447104
2025-06-14 02:59:11+00:00,15934707,67538255326,51405582412472122767312,0,55908971767150928,1.3138311474438957
2025-06-14 02:59:20+00:00,15934716,67538255327,51405582412472122767311,0,55908971767150928,1.313831147463349
2025-06-14 02:59:53+00:00,15934749,67538255328,51405582411713273350543,0,55908971767150928,1.3138311475021969
2025-06-14 03:00:18+00:00,15934774,67538255327,51405582412713273350543,0,55908971767150928,1.3138311474571855
2025-06-14 03:00:23+00:00,15934779,67538255326,51405582413713273350543,0,55908971767150928,1.3138311474121744
2025-06-14 03:00:28+00:00,15934784,67538255339,51405582423713273350543,0,55908971777912482,1.3138311474094837
2025-06-14 03:00:32+00:00,15934788,67538255338,51405582422917092798968,0,55908971777046552,1.3138311474103794
2025-06-14 03:00:38+00:00,15934794,67538255339,51405582422158243382169,0,55908971777046552,1.3138311474492275
2025-06-14 03:01:22+00:00,15934838,67538255340,51405582421399393965393,0,55908971777046552,1.3138311474880753
2025-06-14 03:02:06+00:00,15934882,67538255341,51405582420640544548639,0,55908971777046552,1.3138311475269233
2025-06-14 03:02:07+00:00,15934883,67538255342,51405582419881695131907,0,55908971777046552,1.3138311475657711
2025-06-14 03:02:17+00:00,15934893,67538255406,51405582468719724631955,0,55908971830026513,1.3138311475625628
2025-06-14 03:02:25+00:00,15934901,67538255407,51405582468719724631954,0,55908971830026513,1.313831147582016
2025-06-14 03:02:50+00:00,15934926,67538255408,51405582467960875215254,0,55908971830026513,1.313831147620864
2025-06-14 03:03:22+00:00,15934958,67538255407,51405582468960875215254,0,55908971830026513,1.3138311475758526
2025-06-14 03:03:27+00:00,15934963,67538255406,51405582469960875215254,0,55908971830026513,1.3138311475308413
2025-06-14 03:03:34+00:00,15934970,67538255407,51405582469202025798525,0,55908971830026513,1.3138311475696893
2025-06-14 03:03:36+00:00,15934972,67538255406,51405582468405845246987,0,55908971829160583,1.313831147570585
2025-06-14 03:04:17+00:00,15935013,67538255407,51405582467646995830281,0,55908971829160583,1.3138311476094329
2025-06-14 03:05:01+00:00,15935057,67538255408,51405582466888146413597,0,55908971829160583,1.313831147648281
2025-06-14 03:05:11+00:00,15935067,67538255409,51405582466129296996935,0,55908971829160583,1.3138311476871287
2025-06-14 03:05:16+00:00,15935072,67538255410,51405582465370447580296,0,55908971829160583,1.3138311477259768
2025-06-14 03:05:22+00:00,15935078,67538255474,51405582514208477080344,0,55908971882140544,1.3138311477227684
2025-06-14 03:05:27+00:00,15935083,67538255407,51405582463190782500773,0,55908971826653441,1.3138311477233255
2025-06-14 03:05:45+00:00,15935101,67538255408,51405582462431933084155,0,55908971826653441,1.3138311477621734
2025-06-14 03:06:29+00:00,15935145,67538255407,51405582463431933084155,0,55908971826653441,1.3138311477171623
2025-06-14 03:06:30+00:00,15935146,67538255408,51405582462673083667533,0,55908971826653441,1.31383114775601
2025-06-14 03:06:38+00:00,15935154,67538255421,51405582472673083667533,0,55908971837414995,1.3138311477533196
2025-06-14 03:06:43+00:00,15935159,67538255420,51405582471876903116047,0,55908971836549065,1.3138311477542153
2025-06-14 03:07:14+00:00,15935190,67538255421,51405582471118053699447,0,55908971836549065,1.313831147793063
2025-06-14 03:07:59+00:00,15935235,67538255422,51405582470359204282869,0,55908971836549065,1.3138311478319111
2025-06-14 03:08:19+00:00,15935255,67538255423,51405582469600354866314,0,55908971836549065,1.313831147870759
2025-06-14 03:08:24+00:00,15935260,67538255424,51405582468841505449781,0,55908971836549065,1.313831147909607
2025-06-14 03:08:30+00:00,15935266,67538255488,51405582517679534949829,0,55908971889529026,1.3138311479063987
2025-06-14 03:08:39+00:00,15935275,67538255489,51405582517679534949828,0,55908971889529026,1.3138311479258518
2025-06-14 03:08:42+00:00,15935278,67538255490,51405582516920685533327,0,55908971889529026,1.3138311479646996
2025-06-14 03:09:26+00:00,15935322,67538255491,51405582516161836116848,0,55908971889529026,1.3138311480035476
2025-06-14 03:09:38+00:00,15935334,67538255490,51405582517161836116848,0,55908971889529026,1.3138311479585363
2025-06-14 03:09:43+00:00,15935339,67538255489,51405582518161836116848,0,55908971889529026,1.313831147913525
2025-06-14 03:09:48+00:00,15935344,67538255502,51405582528161836116848,0,55908971900290580,1.3138311479108344
2025-06-14 03:09:53+00:00,15935349,67538255501,51405582527365655565398,0,55908971899424650,1.3138311479117302
2025-06-14 03:10:10+00:00,15935366,67538255502,51405582526606806148889,0,55908971899424650,1.3138311479505782
2025-06-14 03:10:55+00:00,15935411,67538255503,51405582525847956732402,0,55908971899424650,1.313831147989426
2025-06-14 03:11:28+00:00,15935444,67538255504,51405582525089107315938,0,55908971899424650,1.313831148028274
2025-06-14 03:11:32+00:00,15935448,67538255505,51405582524330257899496,0,55908971899424650,1.3138311480671219
2025-06-14 03:11:38+00:00,15935454,67538255570,51405582572409437983123,0,55908971952404611,1.3138311481027616
2025-06-14 03:11:38+00:00,15935454,67538255569,51405582573168287399544,0,55908971952404611,1.3138311480639135
2025-06-14 03:11:42+00:00,15935458,67538255503,51405582521391743409907,0,55908971896917508,1.3138311481033185
2025-06-14 03:11:46+00:00,15935462,67538255504,51405582521391743409906,0,55908971896917508,1.3138311481227718
2025-06-14 03:12:22+00:00,15935498,67538255505,51405582520632893993519,0,55908971896917508,1.3138311481616196
2025-06-14 03:12:44+00:00,15935520,67538255504,51405582521632893993519,0,55908971896917508,1.3138311481166083
2025-06-14 03:12:49+00:00,15935525,67538255503,51405582522632893993519,0,55908971896917508,1.3138311480715972
2025-06-14 03:12:57+00:00,15935533,67538255502,51405582521836713442106,0,55908971896051578,1.313831148072493
2025-06-14 03:13:06+00:00,15935542,67538255503,51405582521077864025690,0,55908971896051578,1.3138311481113407
2025-06-14 03:13:50+00:00,15935586,67538255504,51405582520319014609296,0,55908971896051578,1.3138311481501888
2025-06-14 03:14:31+00:00,15935627,67538255505,51405582519560165192924,0,55908971896051578,1.3138311481890366
2025-06-14 03:14:35+00:00,15935631,67538255506,51405582518801315776575,0,55908971896051578,1.3138311482278846
2025-06-14 03:14:41+00:00,15935637,67538255570,51405582567639345276623,0,55908971949031539,1.3138311482246763
2025-06-14 03:14:46+00:00,15935642,67538255503,51405582516621650705063,0,55908971893544436,1.3138311482252332
2025-06-14 03:14:51+00:00,15935647,67538255504,51405582516621650705062,0,55908971893544436,1.3138311482446865
2025-06-14 03:15:19+00:00,15935675,67538255505,51405582515862801288745,0,55908971893544436,1.3138311482835343
2025-06-14 03:15:52+00:00,15935708,67538255504,51405582516862801288745,0,55908971893544436,1.313831148238523
2025-06-14 03:15:56+00:00,15935712,67538255503,51405582517862801288745,0,55908971893544436,1.3138311481935119
2025-06-14 03:16:01+00:00,15935717,67538255516,51405582527862801288745,0,55908971904305990,1.3138311481908211
2025-06-14 03:16:03+00:00,15935719,67538255517,51405582527103951872397,0,55908971904305990,1.3138311482296692
2025-06-14 03:16:47+00:00,15935763,67538255518,51405582526345102456071,0,55908971904305990,1.313831148268517
2025-06-14 03:17:31+00:00,15935807,67538255519,51405582525586253039768,0,55908971904305990,1.313831148307365
2025-06-14 03:17:43+00:00,15935819,67538255520,51405582524827403623487,0,55908971904305990,1.3138311483462128
2025-06-14 03:17:53+00:00,15935829,67538255584,51405582573665433123535,0,55908971957285951,1.3138311483430045
2025-06-14 03:17:57+00:00,15935833,67538255517,51405582522647738553527,0,55908971901798848,1.3138311483435616
2025-06-14 03:18:02+00:00,15935838,67538255518,51405582522647738553526,0,55908971901798848,1.3138311483630147
2025-06-14 03:18:16+00:00,15935852,67538255519,51405582521888889137277,0,55908971901798848,1.3138311484018628
2025-06-14 03:19:00+00:00,15935896,67538255520,51405582521130039721051,0,55908971901798848,1.3138311484407106
2025-06-14 03:19:01+00:00,15935897,67538255519,51405582522130039721051,0,55908971901798848,1.3138311483956993
2025-06-14 03:19:05+00:00,15935901,67538255518,51405582523130039721051,0,55908971901798848,1.3138311483506881
2025-06-14 03:19:10+00:00,15935906,67538255531,51405582533130039721051,0,55908971912560402,1.3138311483479974
2025-06-14 03:19:44+00:00,15935940,67538255532,51405582532371190304794,0,55908971912560402,1.3138311483868454
2025-06-14 03:20:28+00:00,15935984,67538255533,51405582531612340888559,0,55908971912560402,1.3138311484256933
2025-06-14 03:20:50+00:00,15936006,67538255534,51405582530853491472347,0,55908971912560402,1.3138311484645413
2025-06-14 03:20:55+00:00,15936011,67538255535,51405582530094642056157,0,55908971912560402,1.3138311485033891
2025-06-14 03:21:00+00:00,15936016,67538255599,51405582578932671556205,0,55908971965540363,1.3138311485001808
2025-06-14 03:21:09+00:00,15936025,67538255600,51405582578932671556204,0,55908971965540363,1.313831148519634
2025-06-14 03:21:56+00:00,15936072,67538255601,51405582578173822140046,0,55908971965540363,1.313831148558482
2025-06-14 03:22:06+00:00,15936082,67538255600,51405582579173822140046,0,55908971965540363,1.3138311485134706
2025-06-14 03:22:11+00:00,15936087,67538255599,51405582580173822140046,0,55908971965540363,1.3138311484684593
2025-06-14 03:22:20+00:00,15936096,67538255598,51405582579377641588719,0,55908971964674433,1.313831148469355
2025-06-14 03:22:40+00:00,15936116,67538255599,51405582578618792172532,0,55908971964674433,1.313831148508203
2025-06-14 03:23:23+00:00,15936159,67538255600,51405582577859942756367,0,55908971964674433,1.3138311485470509
2025-06-14 03:23:53+00:00,15936189,67538255601,51405582577101093340225,0,55908971964674433,1.313831148585899
2025-06-14 03:24:02+00:00,15936198,67538255665,51405582625939122840273,0,55908972017654394,1.3138311485826906
2025-06-14 03:24:07+00:00,15936203,67538255598,51405582574921428273473,0,55908971962167291,1.3138311485832477
2025-06-14 03:24:08+00:00,15936204,67538255599,51405582574162578857352,0,55908971962167291,1.3138311486220955
2025-06-14 03:24:52+00:00,15936248,67538255600,51405582573403729441253,0,55908971962167291,1.3138311486609435
2025-06-14 03:25:10+00:00,15936266,67538255599,51405582574403729441253,0,55908971962167291,1.3138311486159322
2025-06-14 03:25:14+00:00,15936270,67538255598,51405582575403729441253,0,55908971962167291,1.3138311485709209
2025-06-14 03:25:19+00:00,15936275,67538255611,51405582585403729441253,0,55908971972928845,1.3138311485682304
2025-06-14 03:25:24+00:00,15936280,67538255610,51405582584607548889951,0,55908971972062915,1.313831148569126
2025-06-14 03:25:35+00:00,15936291,67538255611,51405582583848699473821,0,55908971972062915,1.313831148607974
2025-06-14 03:26:20+00:00,15936336,67538255612,51405582583089850057714,0,55908971972062915,1.313831148646822
2025-06-14 03:26:56+00:00,15936372,67538255613,51405582582331000641629,0,55908971972062915,1.3138311486856697
2025-06-14 03:27:00+00:00,15936376,67538255614,51405582581572151225567,0,55908971972062915,1.3138311487245178
2025-06-14 03:27:04+00:00,15936380,67538255615,51405582580813301809527,0,55908971972062915,1.3138311487633656
2025-06-14 03:27:06+00:00,15936382,67538255679,51405582629651331309575,0,55908972025042876,1.3138311487601573
2025-06-14 03:27:11+00:00,15936387,67538255612,51405582578633636745833,0,55908971969555773,1.3138311487607144
2025-06-14 03:27:15+00:00,15936391,67538255613,51405582578633636745832,0,55908971969555773,1.3138311487801675
2025-06-14 03:27:48+00:00,15936424,67538255614,51405582577874787329824,0,55908971969555773,1.3138311488190155
2025-06-14 03:28:11+00:00,15936447,67538255613,51405582578874787329824,0,55908971969555773,1.3138311487740042
2025-06-14 03:28:15+00:00,15936451,67538255612,51405582579874787329824,0,55908971969555773,1.3138311487289929
2025-06-14 03:28:20+00:00,15936456,67538255625,51405582589874787329824,0,55908971980317327,1.3138311487263024
2025-06-14 03:28:33+00:00,15936469,67538255626,51405582589115937913785,0,55908971980317327,1.3138311487651502
2025-06-14 03:29:18+00:00,15936514,67538255627,51405582588357088497769,0,55908971980317327,1.3138311488039982
2025-06-14 03:29:57+00:00,15936553,67538255628,51405582587598239081775,0,55908971980317327,1.313831148842846
2025-06-14 03:30:02+00:00,15936558,67538255630,51405582586080540249854,0,55908971980317327,1.3138311489205419
2025-06-14 03:30:02+00:00,15936558,67538255629,51405582586839389665803,0,55908971980317327,1.313831148881694
2025-06-14 03:30:08+00:00,15936564,67538255694,51405582634918569749902,0,55908972033297288,1.3138311489173335
2025-06-14 03:30:13+00:00,15936569,67538255627,51405582583900875188465,0,55908971977810185,1.3138311489178907
2025-06-14 03:30:18+00:00,15936574,67538255628,51405582583900875188464,0,55908971977810185,1.3138311489373438
2025-06-14 03:30:48+00:00,15936604,67538255629,51405582583142025772547,0,55908971977810185,1.3138311489761918
2025-06-14 03:31:19+00:00,15936635,67538255628,51405582584142025772547,0,55908971977810185,1.3138311489311805
2025-06-14 03:31:24+00:00,15936640,67538255627,51405582585142025772547,0,55908971977810185,1.3138311488861691
2025-06-14 03:31:28+00:00,15936644,67538255640,51405582595142025772547,0,55908971988571739,1.3138311488834786
2025-06-14 03:31:33+00:00,15936649,67538255639,51405582594345845221317,0,55908971987705809,1.3138311488843744
2025-06-14 03:32:16+00:00,15936692,67538255640,51405582593586995805369,0,55908971987705809,1.3138311489232224
2025-06-14 03:33:01+00:00,15936737,67538255641,51405582592828146389444,0,55908971987705809,1.3138311489620702
2025-06-14 03:33:08+00:00,15936744,67538255642,51405582592069296973541,0,55908971987705809,1.3138311490009182
2025-06-14 03:33:17+00:00,15936753,67538255706,51405582640907326473589,0,55908972040685770,1.31383114899771
2025-06-14 03:33:22+00:00,15936758,67538255639,51405582589889631912950,0,55908971985198667,1.3138311489982668
2025-06-14 03:33:26+00:00,15936762,67538255640,51405582589889631912949,0,55908971985198667,1.3138311490177201
2025-06-14 03:33:46+00:00,15936782,67538255641,51405582589130782497078,0,55908971985198667,1.313831149056568
2025-06-14 03:34:25+00:00,15936821,67538255640,51405582590130782497078,0,55908971985198667,1.3138311490115566
2025-06-14 03:34:30+00:00,15936826,67538255639,51405582591130782497078,0,55908971985198667,1.3138311489665453
2025-06-14 03:34:31+00:00,15936827,67538255640,51405582590371933081178,0,55908971985198667,1.3138311490053933
2025-06-14 03:34:39+00:00,15936835,67538255639,51405582589575752529973,0,55908971984332737,1.313831149006289
2025-06-14 03:35:16+00:00,15936872,67538255640,51405582588816903114096,0,55908971984332737,1.313831149045137
2025-06-14 03:36:01+00:00,15936917,67538255641,51405582588058053698241,0,55908971984332737,1.313831149083985
2025-06-14 03:36:18+00:00,15936934,67538255642,51405582587299204282409,0,55908971984332737,1.313831149122833
2025-06-14 03:36:22+00:00,15936938,67538255643,51405582586540354866599,0,55908971984332737,1.3138311491616808
2025-06-14 03:36:28+00:00,15936944,67538255707,51405582635378384366647,0,55908972037312698,1.3138311491584724
2025-06-14 03:36:33+00:00,15936949,67538255640,51405582584360689808417,0,55908971981825595,1.3138311491590295
2025-06-14 03:36:38+00:00,15936954,67538255641,51405582584360689808416,0,55908971981825595,1.3138311491784826
2025-06-14 03:36:47+00:00,15936963,67538255642,51405582583601840392638,0,55908971981825595,1.3138311492173307
2025-06-14 03:37:33+00:00,15937009,67538255643,51405582582842990976883,0,55908971981825595,1.3138311492561785
2025-06-14 03:37:38+00:00,15937014,67538255642,51405582583842990976883,0,55908971981825595,1.3138311492111672
2025-06-14 03:37:47+00:00,15937023,67538255655,51405582593842990976883,0,55908971992587149,1.3138311492084767
2025-06-14 03:37:51+00:00,15937027,67538255654,51405582593046810425730,0,55908971991721219,1.3138311492093724
2025-06-14 03:38:17+00:00,15937053,67538255655,51405582592287961009970,0,55908971991721219,1.3138311492482204
2025-06-14 03:39:02+00:00,15937098,67538255656,51405582591529111594233,0,55908971991721219,1.3138311492870682
2025-06-14 03:39:29+00:00,15937125,67538255657,51405582590770262178518,0,55908971991721219,1.313831149325916
2025-06-14 03:39:34+00:00,15937130,67538255658,51405582590011412762825,0,55908971991721219,1.313831149364764
2025-06-14 03:39:39+00:00,15937135,67538255722,51405582638849442262873,0,55908972044701180,1.3138311493615558
2025-06-14 03:39:44+00:00,15937140,67538255655,51405582587831747707941,0,55908971989214077,1.3138311493621129
2025-06-14 03:39:49+00:00,15937145,67538255656,51405582587831747707940,0,55908971989214077,1.313831149381566
2025-06-14 03:40:34+00:00,15937190,67538255657,51405582587072898292280,0,55908971989214077,1.3138311494204138
2025-06-14 03:40:51+00:00,15937207,67538255656,51405582588072898292280,0,55908971989214077,1.3138311493754027
2025-06-14 03:40:56+00:00,15937212,67538255655,51405582589072898292280,0,55908971989214077,1.3138311493303914
2025-06-14 03:41:00+00:00,15937216,67538255668,51405582599072898292280,0,55908971999975631,1.3138311493277008
2025-06-14 03:41:05+00:00,15937221,67538255667,51405582598276717741151,0,55908971999109701,1.3138311493285966
2025-06-14 03:41:20+00:00,15937236,67538255668,51405582597517868325460,0,55908971999109701,1.3138311493674444
2025-06-14 03:42:04+00:00,15937280,67538255669,51405582596759018909791,0,55908971999109701,1.3138311494062924
2025-06-14 03:42:42+00:00,15937318,67538255670,51405582596000169494145,0,55908971999109701,1.3138311494451402
2025-06-14 03:42:50+00:00,15937326,67538255671,51405582595241320078521,0,55908971999109701,1.3138311494839883
2025-06-14 03:42:52+00:00,15937328,67538255735,51405582644079349578569,0,55908972052089662,1.31383114948078
2025-06-14 03:43:00+00:00,15937336,67538255736,51405582644079349578568,0,55908972052089662,1.313831149500233
2025-06-14 03:43:35+00:00,15937371,67538255737,51405582643320500162976,0,55908972052089662,1.3138311495390809
2025-06-14 03:43:59+00:00,15937395,67538255736,51405582644320500162976,0,55908972052089662,1.3138311494940698
2025-06-14 03:44:04+00:00,15937400,67538255735,51405582645320500162976,0,55908972052089662,1.3138311494490584
2025-06-14 03:44:13+00:00,15937409,67538255734,51405582644524319611873,0,55908972051223732,1.3138311494499542
2025-06-14 03:44:21+00:00,15937417,67538255735,51405582643765470196252,0,55908972051223732,1.313831149488802
2025-06-14 03:45:06+00:00,15937462,67538255736,51405582643006620780654,0,55908972051223732,1.31383114952765
2025-06-14 03:45:50+00:00,15937506,67538255737,51405582642247771365078,0,55908972051223732,1.3138311495664978
2025-06-14 03:45:52+00:00,15937508,67538255738,51405582641488921949524,0,55908972051223732,1.3138311496053459
2025-06-14 03:45:55+00:00,15937511,67538255739,51405582640730072533993,0,55908972051223732,1.3138311496441937
2025-06-14 03:46:00+00:00,15937516,67538255803,51405582689568102034041,0,55908972104203693,1.3138311496409854
2025-06-14 03:46:05+00:00,15937521,67538255736,51405582638550407483069,0,55908972048716590,1.3138311496415425
2025-06-14 03:46:09+00:00,15937525,67538255737,51405582638550407483068,0,55908972048716590,1.3138311496609956
2025-06-14 03:46:36+00:00,15937552,67538255738,51405582637791558067569,0,55908972048716590,1.3138311496998436
2025-06-14 03:47:06+00:00,15937582,67538255737,51405582638791558067569,0,55908972048716590,1.3138311496548323
2025-06-14 03:47:14+00:00,15937590,67538255750,51405582648791558067569,0,55908972059478144,1.3138311496521418
2025-06-14 03:47:18+00:00,15937594,67538255749,51405582647995377516517,0,55908972058612214,1.3138311496530375
2025-06-14 03:48:07+00:00,15937643,67538255750,51405582647236528101013,0,55908972058612214,1.3138311496918853
2025-06-14 03:48:51+00:00,15937687,67538255751,51405582646477678685532,0,55908972058612214,1.3138311497307333
2025-06-14 03:48:51+00:00,15937687,67538255752,51405582645718829270073,0,55908972058612214,1.3138311497695812
2025-06-14 03:49:00+00:00,15937696,67538255816,51405582694556858770121,0,55908972111592175,1.3138311497663728
2025-06-14 03:49:05+00:00,15937701,67538255749,51405582643539164220940,0,55908972056105072,1.31383114976693
2025-06-14 03:49:09+00:00,15937705,67538255750,51405582643539164220939,0,55908972056105072,1.313831149786383
2025-06-14 03:49:36+00:00,15937732,67538255751,51405582642780314805512,0,55908972056105072,1.313831149825231
2025-06-14 03:50:07+00:00,15937763,67538255750,51405582643780314805512,0,55908972056105072,1.3138311497802198
2025-06-14 03:50:12+00:00,15937768,67538255749,51405582644780314805512,0,55908972056105072,1.3138311497352084
2025-06-14 03:50:16+00:00,15937772,67538255762,51405582654780314805512,0,55908972066866626,1.313831149732518
2025-06-14 03:50:21+00:00,15937777,67538255761,51405582653984134254473,0,55908972066000696,1.3138311497334136
2025-06-14 03:50:21+00:00,15937777,67538255762,51405582653225284839016,0,55908972066000696,1.3138311497722615
2025-06-14 03:51:07+00:00,15937823,67538255763,51405582652466435423581,0,55908972066000696,1.3138311498111095
2025-06-14 03:51:51+00:00,15937867,67538255764,51405582651707586008169,0,55908972066000696,1.3138311498499573
2025-06-14 03:51:53+00:00,15937869,67538255765,51405582650948736592779,0,55908972066000696,1.3138311498888053
2025-06-14 03:52:03+00:00,15937879,67538255829,51405582699786766092827,0,55908972118980657,1.313831149885597
2025-06-14 03:52:08+00:00,15937884,67538255762,51405582648769071545198,0,55908972063493554,1.3138311498861541
2025-06-14 03:52:36+00:00,15937912,67538255763,51405582648010222129829,0,55908972063493554,1.313831149925002
2025-06-14 03:53:10+00:00,15937946,67538255762,51405582649010222129829,0,55908972063493554,1.3138311498799908
2025-06-14 03:53:15+00:00,15937951,67538255761,51405582650010222129829,0,55908972063493554,1.3138311498349795
2025-06-14 03:53:21+00:00,15937957,67538255762,51405582649251372714430,0,55908972063493554,1.3138311498738273
2025-06-14 03:53:24+00:00,15937960,67538255761,51405582648455192163429,0,55908972062627624,1.313831149874723
2025-06-14 03:54:07+00:00,15938003,67538255762,51405582647696342748053,0,55908972062627624,1.313831149913571
2025-06-14 03:54:51+00:00,15938047,67538255763,51405582646937493332700,0,55908972062627624,1.313831149952419
2025-06-14 03:54:55+00:00,15938051,67538255764,51405582646178643917369,0,55908972062627624,1.313831149991267
2025-06-14 03:54:59+00:00,15938055,67538255765,51405582645419794502061,0,55908972062627624,1.3138311500301147
2025-06-14 03:55:05+00:00,15938061,67538255829,51405582694257824002109,0,55908972115607585,1.3138311500269064
2025-06-14 03:55:14+00:00,15938070,67538255830,51405582694257824002108,0,55908972115607585,1.3138311500463598
2025-06-14 03:55:38+00:00,15938094,67538255831,51405582693498974586832,0,55908972115607585,1.3138311500852076
2025-06-14 03:56:12+00:00,15938128,67538255830,51405582694498974586832,0,55908972115607585,1.3138311500401962
2025-06-14 03:56:16+00:00,15938132,67538255829,51405582695498974586832,0,55908972115607585,1.313831149995185
2025-06-14 03:56:21+00:00,15938137,67538255842,51405582705498974586832,0,55908972126369139,1.3138311499924944
2025-06-14 03:56:23+00:00,15938139,67538255843,51405582704740125171524,0,55908972126369139,1.3138311500313424
2025-06-14 03:57:09+00:00,15938185,67538255844,51405582703981275756239,0,55908972126369139,1.3138311500701902
2025-06-14 03:57:54+00:00,15938230,67538255845,51405582703222426340976,0,55908972126369139,1.3138311501090383
2025-06-14 03:57:56+00:00,15938232,67538255846,51405582702463576925736,0,55908972126369139,1.313831150147886
2025-06-14 03:58:01+00:00,15938237,67538255847,51405582701704727510518,0,55908972126369139,1.313831150186734
2025-06-14 03:58:06+00:00,15938242,67538255911,51405582750542757010566,0,55908972179349100,1.3138311501835258
2025-06-14 03:58:11+00:00,15938247,67538255844,51405582699525062467651,0,55908972123861997,1.3138311501840827
2025-06-14 03:58:38+00:00,15938274,67538255845,51405582698766213052454,0,55908972123861997,1.3138311502229307
2025-06-14 03:59:15+00:00,15938311,67538255844,51405582699766213052454,0,55908972123861997,1.3138311501779194
2025-06-14 03:59:20+00:00,15938316,67538255843,51405582700766213052454,0,55908972123861997,1.313831150132908
2025-06-14 03:59:25+00:00,15938321,67538255856,51405582710766213052454,0,55908972134623551,1.3138311501302176
2025-06-14 03:59:30+00:00,15938326,67538255855,51405582709970032501513,0,55908972133757621,1.3138311501311133
2025-06-14 04:00:08+00:00,15938364,67538255856,51405582709211183086286,0,55908972133757621,1.3138311501699613
2025-06-14 04:00:54+00:00,15938410,67538255857,51405582708452333671081,0,55908972133757621,1.3138311502088091
2025-06-14 04:01:05+00:00,15938421,67538255858,51405582707693484255898,0,55908972133757621,1.3138311502476572
2025-06-14 04:01:10+00:00,15938426,67538255859,51405582706934634840738,0,55908972133757621,1.313831150286505
2025-06-14 04:01:16+00:00,15938432,67538255923,51405582755772664340786,0,55908972186737582,1.3138311502832967
2025-06-14 04:01:20+00:00,15938436,67538255856,51405582704754969799423,0,55908972131250479,1.3138311502838538
2025-06-14 04:01:25+00:00,15938441,67538255857,51405582704754969799422,0,55908972131250479,1.3138311503033069
2025-06-14 04:01:41+00:00,15938457,67538255858,51405582703996120384294,0,55908972131250479,1.313831150342155
2025-06-14 04:02:21+00:00,15938497,67538255857,51405582704996120384294,0,55908972131250479,1.3138311502971436
2025-06-14 04:02:26+00:00,15938502,67538255856,51405582705996120384294,0,55908972131250479,1.3138311502521323
2025-06-14 04:02:27+00:00,15938503,67538255857,51405582705237270969136,0,55908972131250479,1.31383115029098
2025-06-14 04:02:34+00:00,15938510,67538255856,51405582704441090418232,0,55908972130384549,1.313831150291876
2025-06-14 04:03:12+00:00,15938548,67538255857,51405582703682241003097,0,55908972130384549,1.3138311503307238
2025-06-14 04:03:58+00:00,15938594,67538255858,51405582702923391587985,0,55908972130384549,1.3138311503695719
2025-06-14 04:04:10+00:00,15938606,67538255859,51405582702164542172895,0,55908972130384549,1.3138311504084197
2025-06-14 04:04:20+00:00,15938616,67538255923,51405582751002571672943,0,55908972183364510,1.3138311504052114
2025-06-14 04:04:24+00:00,15938620,67538255856,51405582699984877133236,0,55908972127877407,1.3138311504057685
2025-06-14 04:04:29+00:00,15938625,67538255857,51405582699984877133235,0,55908972127877407,1.3138311504252216
2025-06-14 04:04:43+00:00,15938639,67538255858,51405582699226027718177,0,55908972127877407,1.3138311504640696
2025-06-14 04:05:26+00:00,15938682,67538255857,51405582700226027718177,0,55908972127877407,1.3138311504190583
2025-06-14 04:05:28+00:00,15938684,67538255858,51405582699467178303116,0,55908972127877407,1.313831150457906
2025-06-14 04:05:31+00:00,15938687,67538255857,51405582700467178303116,0,55908972127877407,1.3138311504128948
2025-06-14 04:05:40+00:00,15938696,67538255856,51405582699670997752238,0,55908972127011477,1.3138311504137907
2025-06-14 04:06:14+00:00,15938730,67538255857,51405582698912148337174,0,55908972127011477,1.3138311504526385
2025-06-14 04:07:01+00:00,15938777,67538255858,51405582698153298922132,0,55908972127011477,1.3138311504914866
2025-06-14 04:07:11+00:00,15938787,67538255859,51405582697394449507113,0,55908972127011477,1.3138311505303344
2025-06-14 04:07:16+00:00,15938792,67538255860,51405582696635600092116,0,55908972127011477,1.3138311505691822
2025-06-14 04:07:21+00:00,15938797,67538255924,51405582745473629592164,0,55908972179991438,1.313831150565974
2025-06-14 04:07:26+00:00,15938802,67538255857,51405582694455935054866,0,55908972124504335,1.313831150566531
2025-06-14 04:07:46+00:00,15938822,67538255858,51405582693697085639890,0,55908972124504335,1.313831150605379
2025-06-14 04:08:26+00:00,15938862,67538255857,51405582694697085639890,0,55908972124504335,1.3138311505603677
2025-06-14 04:08:31+00:00,15938867,67538255858,51405582693938236224910,0,55908972124504335,1.3138311505992157
2025-06-14 04:08:39+00:00,15938875,67538255857,51405582693142055674085,0,55908972123638405,1.3138311506001115
2025-06-14 04:09:15+00:00,15938911,67538255858,51405582692383206259128,0,55908972123638405,1.3138311506389593
2025-06-14 04:10:00+00:00,15938956,67538255859,51405582691624356844194,0,55908972123638405,1.3138311506778073
2025-06-14 04:10:12+00:00,15938968,67538255860,51405582690865507429282,0,55908972123638405,1.3138311507166551
2025-06-14 04:10:16+00:00,15938972,67538255861,51405582690106658014393,0,55908972123638405,1.3138311507555032
2025-06-14 04:10:22+00:00,15938978,67538255925,51405582738944687514441,0,55908972176618366,1.3138311507522948
2025-06-14 04:10:30+00:00,15938986,67538255926,51405582738944687514440,0,55908972176618366,1.313831150771748
2025-06-14 04:10:46+00:00,15939002,67538255927,51405582738185838099583,0,55908972176618366,1.3138311508105958
2025-06-14 04:11:27+00:00,15939043,67538255926,51405582739185838099583,0,55908972176618366,1.3138311507655847
2025-06-14 04:11:31+00:00,15939047,67538255926,51405582739426988684722,0,55908972176618366,1.3138311507594211
2025-06-14 04:11:31+00:00,15939047,67538255927,51405582738426988684722,0,55908972176618366,1.3138311508044325
2025-06-14 04:11:36+00:00,15939052,67538255939,51405582749426988684722,0,55908972187379920,1.3138311507567306
2025-06-14 04:11:41+00:00,15939057,67538255938,51405582748630808133933,0,55908972186513990,1.3138311507576264
2025-06-14 04:12:16+00:00,15939092,67538255939,51405582747871958719067,0,55908972186513990,1.3138311507964742
2025-06-14 04:13:01+00:00,15939137,67538255940,51405582747113109304224,0,55908972186513990,1.3138311508353222
2025-06-14 04:13:15+00:00,15939151,67538255941,51405582746354259889403,0,55908972186513990,1.31383115087417
2025-06-14 04:13:25+00:00,15939161,67538256005,51405582795192289389451,0,55908972239493951,1.313831150870962
2025-06-14 04:13:29+00:00,15939165,67538255938,51405582744174594857106,0,55908972184006848,1.3138311508715188
2025-06-14 04:13:34+00:00,15939170,67538255939,51405582744174594857105,0,55908972184006848,1.3138311508909721
2025-06-14 04:13:47+00:00,15939183,67538255940,51405582743415745442316,0,55908972184006848,1.31383115092982
2025-06-14 04:14:31+00:00,15939227,67538255939,51405582744415745442316,0,55908972184006848,1.3138311508848086
2025-06-14 04:14:35+00:00,15939231,67538255938,51405582745415745442316,0,55908972184006848,1.3138311508397973
2025-06-14 04:14:40+00:00,15939236,67538255951,51405582755415745442316,0,55908972194768402,1.3138311508371068
2025-06-14 04:15:22+00:00,15939278,67538255952,51405582754656896027496,0,55908972194768402,1.3138311508759548
2025-06-14 04:16:08+00:00,15939324,67538255953,51405582753898046612699,0,55908972194768402,1.3138311509148026
2025-06-14 04:16:17+00:00,15939333,67538255954,51405582753139197197924,0,55908972194768402,1.3138311509536507
2025-06-14 04:16:22+00:00,15939338,67538255955,51405582752380347783172,0,55908972194768402,1.3138311509924985
2025-06-14 04:16:27+00:00,15939343,67538256019,51405582801218377283220,0,55908972247748363,1.3138311509892902
2025-06-14 04:16:32+00:00,15939348,67538255952,51405582750200682752427,0,55908972192261260,1.3138311509898473
2025-06-14 04:16:52+00:00,15939368,67538255953,51405582749441833337696,0,55908972192261260,1.313831151028695
2025-06-14 04:17:34+00:00,15939410,67538255952,51405582750441833337696,0,55908972192261260,1.313831150983684
2025-06-14 04:17:37+00:00,15939413,67538255953,51405582749682983922961,0,55908972192261260,1.3138311510225318
2025-06-14 04:17:42+00:00,15939418,67538255966,51405582759682983922961,0,55908972203022814,1.3138311510198413
2025-06-14 04:17:47+00:00,15939423,67538255965,51405582758886803372236,0,55908972202156884,1.313831151020737
2025-06-14 04:18:22+00:00,15939458,67538255966,51405582758127953957522,0,55908972202156884,1.3138311510595848
2025-06-14 04:19:07+00:00,15939503,67538255967,51405582757369104542831,0,55908972202156884,1.3138311510984328
2025-06-14 04:19:19+00:00,15939515,67538255968,51405582756610255128162,0,55908972202156884,1.3138311511372807
2025-06-14 04:19:24+00:00,15939520,67538255969,51405582755851405713516,0,55908972202156884,1.3138311511761287
2025-06-14 04:19:29+00:00,15939525,67538256033,51405582804689435213564,0,55908972255136845,1.3138311511729204
2025-06-14 04:19:38+00:00,15939534,67538256034,51405582804689435213563,0,55908972255136845,1.3138311511923735
2025-06-14 04:19:52+00:00,15939548,67538256035,51405582803930585798949,0,55908972255136845,1.3138311512312215
2025-06-14 04:20:35+00:00,15939591,67538256034,51405582804930585798949,0,55908972255136845,1.3138311511862102
2025-06-14 04:20:38+00:00,15939594,67538256035,51405582804171736384331,0,55908972255136845,1.313831151225058
2025-06-14 04:20:39+00:00,15939595,67538256034,51405582805171736384331,0,55908972255136845,1.3138311511800467
2025-06-14 04:20:43+00:00,15939599,67538256047,51405582815171736384331,0,55908972265898399,1.3138311511773562
2025-06-14 04:20:48+00:00,15939604,67538256046,51405582814375555833642,0,55908972265032469,1.3138311511782519
2025-06-14 04:21:23+00:00,15939639,67538256047,51405582813616706419019,0,55908972265032469,1.3138311512171
2025-06-14 04:22:09+00:00,15939685,67538256048,51405582812857857004419,0,55908972265032469,1.3138311512559477
2025-06-14 04:22:21+00:00,15939697,67538256049,51405582812099007589841,0,55908972265032469,1.3138311512947958
2025-06-14 04:22:31+00:00,15939707,67538256113,51405582860937037089889,0,55908972318012430,1.3138311512915875
2025-06-14 04:22:40+00:00,15939716,67538256114,51405582860937037089888,0,55908972318012430,1.3138311513110406
2025-06-14 04:22:53+00:00,15939729,67538256115,51405582860178187675342,0,55908972318012430,1.3138311513498884
2025-06-14 04:23:38+00:00,15939774,67538256114,51405582861178187675342,0,55908972318012430,1.3138311513048773
2025-06-14 04:23:38+00:00,15939774,67538256115,51405582860419338260792,0,55908972318012430,1.313831151343725
2025-06-14 04:23:42+00:00,15939778,67538256114,51405582861419338260792,0,55908972318012430,1.3138311512987138
2025-06-14 04:23:47+00:00,15939783,67538256127,51405582871419338260792,0,55908972328773984,1.3138311512960232
2025-06-14 04:24:23+00:00,15939819,67538256128,51405582870660488846237,0,55908972328773984,1.313831151334871
2025-06-14 04:25:08+00:00,15939864,67538256129,51405582869901639431705,0,55908972328773984,1.313831151373719
2025-06-14 04:25:25+00:00,15939881,67538256130,51405582869142790017195,0,55908972328773984,1.313831151412567
2025-06-14 04:25:30+00:00,15939886,67538256131,51405582868383940602708,0,55908972328773984,1.313831151451415
2025-06-14 04:25:35+00:00,15939891,67538256195,51405582917221970102756,0,55908972381753945,1.3138311514482066
2025-06-14 04:25:39+00:00,15939895,67538256128,51405582866204275579117,0,55908972326266842,1.3138311514487637
2025-06-14 04:25:44+00:00,15939900,67538256129,51405582866204275579116,0,55908972326266842,1.3138311514682168
2025-06-14 04:25:54+00:00,15939910,67538256130,51405582865445426164661,0,55908972326266842,1.3138311515070646
2025-06-14 04:26:39+00:00,15939955,67538256131,51405582864686576750228,0,55908972326266842,1.3138311515459127
2025-06-14 04:26:43+00:00,15939959,67538256130,51405582865686576750228,0,55908972326266842,1.3138311515009014
2025-06-14 04:26:48+00:00,15939964,67538256129,51405582866686576750228,0,55908972326266842,1.31383115145589
2025-06-14 04:26:56+00:00,15939972,67538256128,51405582865890396199601,0,55908972325400912,1.3138311514567858
2025-06-14 04:27:24+00:00,15940000,67538256129,51405582865131546785139,0,55908972325400912,1.3138311514956338
2025-06-14 04:28:09+00:00,15940045,67538256130,51405582864372697370700,0,55908972325400912,1.3138311515344816
2025-06-14 04:28:31+00:00,15940067,67538256131,51405582863613847956283,0,55908972325400912,1.3138311515733296
2025-06-14 04:28:41+00:00,15940077,67538256195,51405582912451877456331,0,55908972378380873,1.3138311515701213
2025-06-14 04:28:49+00:00,15940085,67538256196,51405582912451877456330,0,55908972378380873,1.3138311515895744
2025-06-14 04:28:54+00:00,15940090,67538256197,51405582911693028041945,0,55908972378380873,1.3138311516284225
2025-06-14 04:29:40+00:00,15940136,67538256198,51405582910934178627582,0,55908972378380873,1.3138311516672703
2025-06-14 04:29:47+00:00,15940143,67538256197,51405582911934178627582,0,55908972378380873,1.313831151622259
2025-06-14 04:29:52+00:00,15940148,67538256196,51405582912934178627582,0,55908972378380873,1.3138311515772476
2025-06-14 04:30:00+00:00,15940156,67538256195,51405582912137998076981,0,55908972377514943,1.3138311515781436
2025-06-14 04:30:26+00:00,15940182,67538256196,51405582911379148662589,0,55908972377514943,1.3138311516169914
2025-06-14 04:31:11+00:00,15940227,67538256197,51405582910620299248220,0,55908972377514943,1.3138311516558394
2025-06-14 04:31:35+00:00,15940251,67538256198,51405582909861449833873,0,55908972377514943,1.3138311516946872
2025-06-14 04:31:44+00:00,15940260,67538256262,51405582958699479333921,0,55908972430494904,1.313831151691479
2025-06-14 04:31:49+00:00,15940265,67538256195,51405582907681784813594,0,55908972375007801,1.313831151692036
2025-06-14 04:31:56+00:00,15940272,67538256196,51405582906922935399268,0,55908972375007801,1.3138311517308838
2025-06-14 04:32:41+00:00,15940317,67538256197,51405582906164085984965,0,55908972375007801,1.3138311517697319
2025-06-14 04:32:51+00:00,15940327,67538256196,51405582907164085984965,0,55908972375007801,1.3138311517247205
2025-06-14 04:32:56+00:00,15940332,67538256195,51405582908164085984965,0,55908972375007801,1.3138311516797092
2025-06-14 04:33:04+00:00,15940340,67538256194,51405582907367905434390,0,55908972374141871,1.313831151680605
2025-06-14 04:33:26+00:00,15940362,67538256195,51405582906609056020057,0,55908972374141871,1.313831151719453
2025-06-14 04:34:11+00:00,15940407,67538256196,51405582905850206605747,0,55908972374141871,1.3138311517583008
2025-06-14 04:34:38+00:00,15940434,67538256197,51405582905091357191459,0,55908972374141871,1.3138311517971488
2025-06-14 04:34:43+00:00,15940439,67538256198,51405582904332507777194,0,55908972374141871,1.3138311518359966
2025-06-14 04:34:48+00:00,15940444,67538256262,51405582953170537277242,0,55908972427121832,1.3138311518327883
2025-06-14 04:34:53+00:00,15940449,67538256195,51405582902152842759324,0,55908972371634729,1.3138311518333454
2025-06-14 04:34:55+00:00,15940451,67538256196,51405582901393993345080,0,55908972371634729,1.3138311518721935
2025-06-14 04:35:40+00:00,15940496,67538256197,51405582900635143930858,0,55908972371634729,1.3138311519110413
2025-06-14 04:35:56+00:00,15940512,67538256196,51405582901635143930858,0,55908972371634729,1.31383115186603
2025-06-14 04:36:01+00:00,15940517,67538256195,51405582902635143930858,0,55908972371634729,1.3138311518210188
2025-06-14 04:36:10+00:00,15940526,67538256194,51405582901838963380320,0,55908972370768799,1.3138311518219146
2025-06-14 04:36:25+00:00,15940541,67538256195,51405582901080113966069,0,55908972370768799,1.3138311518607624
2025-06-14 04:37:10+00:00,15940586,67538256196,51405582900321264551841,0,55908972370768799,1.3138311518996104
2025-06-14 04:37:44+00:00,15940620,67538256197,51405582899562415137635,0,55908972370768799,1.3138311519384582
2025-06-14 04:37:49+00:00,15940625,67538256198,51405582898803565723451,0,55908972370768799,1.3138311519773063
2025-06-14 04:37:54+00:00,15940630,67538256262,51405582947641595223499,0,55908972423748760,1.313831151974098
2025-06-14 04:37:55+00:00,15940631,67538256263,51405582946882745809336,0,55908972423748760,1.3138311520129458
2025-06-14 04:38:03+00:00,15940639,67538256264,51405582946882745809335,0,55908972423748760,1.3138311520323989
2025-06-14 04:38:39+00:00,15940675,67538256265,51405582946123896395206,0,55908972423748760,1.313831152071247
2025-06-14 04:39:02+00:00,15940698,67538256264,51405582947123896395206,0,55908972423748760,1.3138311520262356
2025-06-14 04:39:07+00:00,15940703,67538256263,51405582948123896395206,0,55908972423748760,1.3138311519812242
2025-06-14 04:39:11+00:00,15940707,67538256276,51405582958123896395206,0,55908972434510314,1.3138311519785337
2025-06-14 04:39:16+00:00,15940712,67538256275,51405582957327715844704,0,55908972433644384,1.3138311519794295
2025-06-14 04:39:24+00:00,15940720,67538256276,51405582956568866430544,0,55908972433644384,1.3138311520182775
2025-06-14 04:40:09+00:00,15940765,67538256277,51405582955810017016407,0,55908972433644384,1.3138311520571253
2025-06-14 04:40:53+00:00,15940809,67538256278,51405582955051167602292,0,55908972433644384,1.3138311520959733
2025-06-14 04:40:55+00:00,15940811,67538256279,51405582954292318188199,0,55908972433644384,1.3138311521348212
2025-06-14 04:41:00+00:00,15940816,67538256280,51405582953533468774129,0,55908972433644384,1.313831152173669
2025-06-14 04:41:06+00:00,15940822,67538256344,51405583002371498274177,0,55908972486624345,1.3138311521704609
2025-06-14 04:41:15+00:00,15940831,67538256345,51405583002371498274176,0,55908972486624345,1.313831152189914
2025-06-14 04:41:38+00:00,15940854,67538256346,51405583001612648860138,0,55908972486624345,1.3138311522287618
2025-06-14 04:42:15+00:00,15940891,67538256345,51405583002612648860138,0,55908972486624345,1.3138311521837505
2025-06-14 04:42:20+00:00,15940896,67538256344,51405583003612648860138,0,55908972486624345,1.3138311521387394
2025-06-14 04:42:25+00:00,15940901,67538256357,51405583013612648860138,0,55908972497385899,1.3138311521360486
2025-06-14 04:43:09+00:00,15940945,67538256358,51405583012853799446069,0,55908972497385899,1.3138311521748967
2025-06-14 04:43:54+00:00,15940990,67538256359,51405583012094950032022,0,55908972497385899,1.3138311522137445
2025-06-14 04:44:06+00:00,15941002,67538256360,51405583011336100617997,0,55908972497385899,1.3138311522525925
2025-06-14 04:44:11+00:00,15941007,67538256361,51405583010577251203995,0,55908972497385899,1.3138311522914403
2025-06-14 04:44:16+00:00,15941012,67538256425,51405583059415280704043,0,55908972550365860,1.313831152288232
2025-06-14 04:44:21+00:00,15941017,67538256358,51405583008397586193144,0,55908972494878757,1.313831152288789
2025-06-14 04:44:26+00:00,15941022,67538256359,51405583008397586193143,0,55908972494878757,1.3138311523082422
2025-06-14 04:44:40+00:00,15941036,67538256360,51405583007638736779173,0,55908972494878757,1.3138311523470902
2025-06-14 04:45:24+00:00,15941080,67538256361,51405583006879887365225,0,55908972494878757,1.313831152385938
2025-06-14 04:45:32+00:00,15941088,67538256360,51405583007879887365225,0,55908972494878757,1.3138311523409267
2025-06-14 04:45:37+00:00,15941093,67538256373,51405583017879887365225,0,55908972505640311,1.3138311523382362
2025-06-14 04:45:42+00:00,15941098,67538256372,51405583017083706814811,0,55908972504774381,1.313831152339132
2025-06-14 04:46:09+00:00,15941125,67538256373,51405583016324857400859,0,55908972504774381,1.31383115237798
2025-06-14 04:46:54+00:00,15941170,67538256374,51405583015566007986929,0,55908972504774381,1.3138311524168278
2025-06-14 04:47:20+00:00,15941196,67538256375,51405583014807158573022,0,55908972504774381,1.3138311524556758
2025-06-14 04:47:25+00:00,15941201,67538256376,51405583014048309159137,0,55908972504774381,1.3138311524945236
2025-06-14 04:47:31+00:00,15941207,67538256440,51405583062886338659185,0,55908972557754342,1.3138311524913153
2025-06-14 04:47:39+00:00,15941215,67538256441,51405583062127489245321,0,55908972557754342,1.3138311525301634
2025-06-14 04:47:40+00:00,15941216,67538256442,51405583062127489245320,0,55908972557754342,1.3138311525496165
2025-06-14 04:48:23+00:00,15941259,67538256443,51405583061368639831489,0,55908972557754342,1.3138311525884643
2025-06-14 04:48:40+00:00,15941276,67538256442,51405583062368639831489,0,55908972557754342,1.3138311525434532
2025-06-14 04:48:45+00:00,15941281,67538256441,51405583063368639831489,0,55908972557754342,1.3138311524984418
2025-06-14 04:48:50+00:00,15941286,67538256454,51405583073368639831489,0,55908972568515896,1.313831152495751
2025-06-14 04:49:08+00:00,15941304,67538256455,51405583072609790417627,0,55908972568515896,1.3138311525345991
2025-06-14 04:49:53+00:00,15941349,67538256456,51405583071850941003788,0,55908972568515896,1.313831152573447
2025-06-14 04:50:33+00:00,15941389,67538256457,51405583071092091589971,0,55908972568515896,1.313831152612295
2025-06-14 04:50:38+00:00,15941394,67538256458,51405583070333242176177,0,55908972568515896,1.3138311526511428
2025-06-14 04:50:39+00:00,15941395,67538256459,51405583069574392762405,0,55908972568515896,1.3138311526899908
2025-06-14 04:50:48+00:00,15941404,67538256392,51405583018556698257986,0,55908972513028793,1.313831152690548
2025-06-14 04:51:24+00:00,15941440,67538256393,51405583017797848844237,0,55908972513028793,1.3138311527293958
2025-06-14 04:51:52+00:00,15941468,67538256392,51405583018797848844237,0,55908972513028793,1.3138311526843844
2025-06-14 04:51:57+00:00,15941473,67538256391,51405583019797848844237,0,55908972513028793,1.3138311526393733
2025-06-14 04:52:01+00:00,15941477,67538256404,51405583029797848844237,0,55908972523790347,1.3138311526366826
2025-06-14 04:52:06+00:00,15941482,67538256403,51405583029001668293896,0,55908972522924417,1.3138311526375783
2025-06-14 04:52:08+00:00,15941484,67538256404,51405583028242818880116,0,55908972522924417,1.3138311526764264
2025-06-14 04:52:53+00:00,15941529,67538256405,51405583027483969466359,0,55908972522924417,1.3138311527152742
2025-06-14 04:53:38+00:00,15941574,67538256406,51405583026725120052624,0,55908972522924417,1.3138311527541222
2025-06-14 04:53:41+00:00,15941577,67538256407,51405583025966270638912,0,55908972522924417,1.31383115279297
2025-06-14 04:53:50+00:00,15941586,67538256471,51405583074804300138960,0,55908972575904378,1.3138311527897617
2025-06-14 04:53:55+00:00,15941591,67538256404,51405583023786605636092,0,55908972520417275,1.3138311527903188
2025-06-14 04:53:59+00:00,15941595,67538256405,51405583023786605636091,0,55908972520417275,1.313831152809772
2025-06-14 04:54:23+00:00,15941619,67538256406,51405583023027756222411,0,55908972520417275,1.31383115284862
2025-06-14 04:54:58+00:00,15941654,67538256405,51405583024027756222411,0,55908972520417275,1.3138311528036086
2025-06-14 04:55:07+00:00,15941663,67538256419,51405583033268906808727,0,55908972531178829,1.313831152839766
2025-06-14 04:55:07+00:00,15941663,67538256406,51405583023268906808727,0,55908972531178829,1.3138311528424564
2025-06-14 04:55:12+00:00,15941668,67538256418,51405583032472726258438,0,55908972530312899,1.3138311528406617
2025-06-14 04:55:51+00:00,15941707,67538256419,51405583031713876844776,0,55908972530312899,1.3138311528795097
2025-06-14 04:56:36+00:00,15941752,67538256420,51405583030955027431136,0,55908972530312899,1.3138311529183575
2025-06-14 04:56:46+00:00,15941762,67538256421,51405583030196178017518,0,55908972530312899,1.3138311529572055
2025-06-14 04:56:51+00:00,15941767,67538256422,51405583029437328603923,0,55908972530312899,1.3138311529960534
2025-06-14 04:56:56+00:00,15941772,67538256486,51405583078275358103971,0,55908972583292860,1.313831152992845
2025-06-14 04:57:00+00:00,15941776,67538256419,51405583027257663604401,0,55908972527805757,1.3138311529934021
2025-06-14 04:57:05+00:00,15941781,67538256420,51405583027257663604400,0,55908972527805757,1.3138311530128552
2025-06-14 04:57:20+00:00,15941796,67538256421,51405583026498814190837,0,55908972527805757,1.3138311530517033
2025-06-14 04:58:03+00:00,15941839,67538256420,51405583027498814190837,0,55908972527805757,1.313831153006692
2025-06-14 04:58:05+00:00,15941841,67538256421,51405583026739964777270,0,55908972527805757,1.3138311530455398
2025-06-14 04:58:11+00:00,15941847,67538256434,51405583036739964777270,0,55908972538567311,1.3138311530428493
2025-06-14 04:58:16+00:00,15941852,67538256433,51405583035943784227032,0,55908972537701381,1.313831153043745
2025-06-14 04:58:51+00:00,15941887,67538256434,51405583035184934813487,0,55908972537701381,1.313831153082593
2025-06-14 04:59:35+00:00,15941931,67538256435,51405583034426085399964,0,55908972537701381,1.3138311531214408
2025-06-14 04:59:50+00:00,15941946,67538256436,51405583033667235986464,0,55908972537701381,1.3138311531602889
2025-06-14 05:00:00+00:00,15941956,67538256500,51405583082505265486512,0,55908972590681342,1.3138311531570805
2025-06-14 05:00:05+00:00,15941961,67538256433,51405583031487570989486,0,55908972535194239,1.3138311531576374
2025-06-14 05:00:10+00:00,15941966,67538256434,51405583031487570989485,0,55908972535194239,1.3138311531770908
2025-06-14 05:00:21+00:00,15941977,67538256435,51405583030728721576017,0,55908972535194239,1.3138311532159386
2025-06-14 05:01:08+00:00,15942024,67538256436,51405583029969872162571,0,55908972535194239,1.3138311532547866
2025-06-14 05:01:11+00:00,15942027,67538256435,51405583030969872162571,0,55908972535194239,1.3138311532097753
2025-06-14 05:01:15+00:00,15942031,67538256434,51405583031969872162571,0,55908972535194239,1.313831153164764
2025-06-14 05:01:20+00:00,15942036,67538256447,51405583041969872162571,0,55908972545955793,1.3138311531620734
2025-06-14 05:01:24+00:00,15942040,67538256446,51405583041173691612358,0,55908972545089863,1.3138311531629692
2025-06-14 05:01:54+00:00,15942070,67538256447,51405583040414842198882,0,55908972545089863,1.313831153201817
2025-06-14 05:02:39+00:00,15942115,67538256448,51405583039655992785428,0,55908972545089863,1.313831153240665
2025-06-14 05:03:01+00:00,15942137,67538256449,51405583038897143371997,0,55908972545089863,1.3138311532795128
2025-06-14 05:03:11+00:00,15942147,67538256513,51405583087735172872045,0,55908972598069824,1.3138311532763045
2025-06-14 05:03:19+00:00,15942155,67538256514,51405583087735172872044,0,55908972598069824,1.3138311532957576
2025-06-14 05:03:26+00:00,15942162,67538256515,51405583086976323458644,0,55908972598069824,1.3138311533346057
2025-06-14 05:04:12+00:00,15942208,67538256516,51405583086217474045267,0,55908972598069824,1.3138311533734535
2025-06-14 05:04:20+00:00,15942216,67538256515,51405583087217474045267,0,55908972598069824,1.3138311533284424
2025-06-14 05:04:25+00:00,15942221,67538256528,51405583097217474045267,0,55908972608831378,1.3138311533257516
2025-06-14 05:04:29+00:00,15942225,67538256527,51405583096421293495093,0,55908972607965448,1.3138311533266473
2025-06-14 05:04:57+00:00,15942253,67538256528,51405583095662444081711,0,55908972607965448,1.3138311533654954
2025-06-14 05:05:43+00:00,15942299,67538256529,51405583094903594668352,0,55908972607965448,1.3138311534043432
2025-06-14 05:06:05+00:00,15942321,67538256530,51405583094144745255015,0,55908972607965448,1.3138311534431912
2025-06-14 05:06:15+00:00,15942331,67538256594,51405583142982774755063,0,55908972660945409,1.313831153439983
2025-06-14 05:06:24+00:00,15942340,67538256595,51405583142982774755062,0,55908972660945409,1.313831153459436
2025-06-14 05:07:13+00:00,15942389,67538256596,51405583142223925341757,0,55908972660945409,1.313831153498284
2025-06-14 05:07:23+00:00,15942399,67538256595,51405583143223925341757,0,55908972660945409,1.3138311534532727
2025-06-14 05:07:31+00:00,15942407,67538256608,51405583153223925341757,0,55908972671706963,1.313831153450582
2025-06-14 05:07:36+00:00,15942412,67538256607,51405583152427744791611,0,55908972670841033,1.313831153451478
2025-06-14 05:07:58+00:00,15942434,67538256608,51405583151668895378301,0,55908972670841033,1.3138311534903258
2025-06-14 05:08:43+00:00,15942479,67538256609,51405583150910045965014,0,55908972670841033,1.3138311535291736
2025-06-14 05:09:10+00:00,15942506,67538256610,51405583150151196551749,0,55908972670841033,1.3138311535680216
2025-06-14 05:09:15+00:00,15942511,67538256611,51405583149392347138507,0,55908972670841033,1.3138311536068694
2025-06-14 05:09:20+00:00,15942516,67538256675,51405583198230376638555,0,55908972723820994,1.3138311536036613
2025-06-14 05:09:25+00:00,15942521,67538256608,51405583147212682148169,0,55908972668333891,1.3138311536042182
2025-06-14 05:09:28+00:00,15942524,67538256609,51405583146453832734948,0,55908972668333891,1.3138311536430662
2025-06-14 05:09:29+00:00,15942525,67538256610,51405583146453832734947,0,55908972668333891,1.3138311536625193
2025-06-14 05:10:13+00:00,15942569,67538256611,51405583145694983321759,0,55908972668333891,1.3138311537013672
2025-06-14 05:10:29+00:00,15942585,67538256610,51405583146694983321759,0,55908972668333891,1.313831153656356
2025-06-14 05:10:34+00:00,15942590,67538256609,51405583147694983321759,0,55908972668333891,1.3138311536113447
2025-06-14 05:10:39+00:00,15942595,67538256622,51405583157694983321759,0,55908972679095445,1.3138311536086542
2025-06-14 05:10:43+00:00,15942599,67538256621,51405583156898802771649,0,55908972678229515,1.31383115360955
2025-06-14 05:10:58+00:00,15942614,67538256622,51405583156139953358431,0,55908972678229515,1.3138311536483978
2025-06-14 05:11:43+00:00,15942659,67538256623,51405583155381103945235,0,55908972678229515,1.3138311536872458
2025-06-14 05:12:18+00:00,15942694,67538256624,51405583154622254532062,0,55908972678229515,1.3138311537260936
2025-06-14 05:12:22+00:00,15942698,67538256625,51405583153863405118911,0,55908972678229515,1.3138311537649416
2025-06-14 05:12:28+00:00,15942704,67538256690,51405583201942585205829,0,55908972731209476,1.3138311538005811
2025-06-14 05:12:28+00:00,15942704,67538256689,51405583202701434618959,0,55908972731209476,1.3138311537617333
2025-06-14 05:12:33+00:00,15942709,67538256623,51405583150924890718500,0,55908972675722373,1.3138311538011382
2025-06-14 05:13:13+00:00,15942749,67538256624,51405583150166041305392,0,55908972675722373,1.313831153839986
2025-06-14 05:13:34+00:00,15942770,67538256623,51405583151166041305392,0,55908972675722373,1.313831153794975
2025-06-14 05:13:39+00:00,15942775,67538256622,51405583152166041305392,0,55908972675722373,1.3138311537499636
2025-06-14 05:13:48+00:00,15942784,67538256621,51405583151369860755320,0,55908972674856443,1.3138311537508593
2025-06-14 05:13:58+00:00,15942794,67538256622,51405583150611011342183,0,55908972674856443,1.3138311537897072
2025-06-14 05:14:43+00:00,15942839,67538256623,51405583149852161929069,0,55908972674856443,1.3138311538285552
2025-06-14 05:15:23+00:00,15942879,67538256624,51405583149093312515977,0,55908972674856443,1.313831153867403
2025-06-14 05:15:29+00:00,15942885,67538256625,51405583148334463102908,0,55908972674856443,1.313831153906251
2025-06-14 05:15:32+00:00,15942888,67538256689,51405583197172492602956,0,55908972727836404,1.3138311539030427
2025-06-14 05:15:37+00:00,15942893,67538256622,51405583146154798117284,0,55908972672349301,1.3138311539035998
2025-06-14 05:15:41+00:00,15942897,67538256623,51405583146154798117283,0,55908972672349301,1.313831153923053
2025-06-14 05:16:15+00:00,15942931,67538256624,51405583145395948704246,0,55908972672349301,1.3138311539619008
2025-06-14 05:16:40+00:00,15942956,67538256623,51405583146395948704246,0,55908972672349301,1.3138311539168896
2025-06-14 05:16:44+00:00,15942960,67538256622,51405583147395948704246,0,55908972672349301,1.3138311538718783
2025-06-14 05:16:49+00:00,15942965,67538256635,51405583157395948704246,0,55908972683110855,1.3138311538691876
2025-06-14 05:16:53+00:00,15942969,67538256634,51405583156599768154198,0,55908972682244925,1.3138311538700835
2025-06-14 05:17:00+00:00,15942976,67538256635,51405583155840918741130,0,55908972682244925,1.3138311539089313
2025-06-14 05:17:46+00:00,15943022,67538256636,51405583155082069328085,0,55908972682244925,1.3138311539477794
2025-06-14 05:18:28+00:00,15943064,67538256637,51405583154323219915062,0,55908972682244925,1.3138311539866272
2025-06-14 05:18:31+00:00,15943067,67538256638,51405583153564370502061,0,55908972682244925,1.3138311540254752
2025-06-14 05:18:37+00:00,15943073,67538256702,51405583202402400002109,0,55908972735224886,1.313831154022267
2025-06-14 05:18:42+00:00,15943078,67538256635,51405583151384705517988,0,55908972679737783,1.3138311540228238
2025-06-14 05:18:47+00:00,15943083,67538256636,51405583151384705517987,0,55908972679737783,1.3138311540422771
2025-06-14 05:19:16+00:00,15943112,67538256637,51405583150625856105019,0,55908972679737783,1.313831154081125
2025-06-14 05:19:46+00:00,15943142,67538256636,51405583151625856105019,0,55908972679737783,1.3138311540361136
2025-06-14 05:19:55+00:00,15943151,67538256649,51405583161625856105019,0,55908972690499337,1.313831154033423
2025-06-14 05:20:01+00:00,15943157,67538256650,51405583160867006692045,0,55908972690499337,1.313831154072271
2025-06-14 05:20:47+00:00,15943203,67538256651,51405583160108157279094,0,55908972690499337,1.313831154111119
2025-06-14 05:21:32+00:00,15943248,67538256652,51405583159349307866165,0,55908972690499337,1.3138311541499668
2025-06-14 05:21:34+00:00,15943250,67538256653,51405583158590458453259,0,55908972690499337,1.3138311541888148
2025-06-14 05:21:39+00:00,15943255,67538256654,51405583157831609040375,0,55908972690499337,1.3138311542276626
2025-06-14 05:21:44+00:00,15943260,67538256718,51405583206669638540423,0,55908972743479298,1.3138311542244543
2025-06-14 05:21:48+00:00,15943264,67538256651,51405583155651944059599,0,55908972687992195,1.3138311542250114
2025-06-14 05:21:52+00:00,15943268,67538256652,51405583155651944059598,0,55908972687992195,1.3138311542444645
2025-06-14 05:22:17+00:00,15943293,67538256653,51405583154893094646746,0,55908972687992195,1.3138311542833125
2025-06-14 05:22:49+00:00,15943325,67538256652,51405583155893094646746,0,55908972687992195,1.3138311542383012
2025-06-14 05:22:54+00:00,15943330,67538256651,51405583156893094646746,0,55908972687992195,1.3138311541932899
2025-06-14 05:22:58+00:00,15943334,67538256664,51405583166893094646746,0,55908972698753749,1.3138311541905994
2025-06-14 05:23:02+00:00,15943338,67538256663,51405583166096914096774,0,55908972697887819,1.313831154191495
2025-06-14 05:23:48+00:00,15943384,67538256664,51405583165338064683892,0,55908972697887819,1.3138311542303431
2025-06-14 05:24:33+00:00,15943429,67538256665,51405583164579215271032,0,55908972697887819,1.313831154269191
2025-06-14 05:24:41+00:00,15943437,67538256666,51405583163820365858195,0,55908972697887819,1.3138311543080388
2025-06-14 05:24:47+00:00,15943443,67538256730,51405583212658395358243,0,55908972750867780,1.3138311543048307
2025-06-14 05:24:55+00:00,15943451,67538256731,51405583212658395358242,0,55908972750867780,1.3138311543242838
2025-06-14 05:25:19+00:00,15943475,67538256732,51405583211899545945436,0,55908972750867780,1.3138311543631316
2025-06-14 05:25:53+00:00,15943509,67538256731,51405583212899545945436,0,55908972750867780,1.3138311543181203
2025-06-14 05:25:57+00:00,15943513,67538256730,51405583213899545945436,0,55908972750867780,1.3138311542731091
2025-06-14 05:26:02+00:00,15943518,67538256743,51405583223899545945436,0,55908972761629334,1.3138311542704184
2025-06-14 05:26:03+00:00,15943519,67538256744,51405583223140696532599,0,55908972761629334,1.3138311543092664
2025-06-14 05:26:49+00:00,15943565,67538256745,51405583222381847119785,0,55908972761629334,1.3138311543481143
2025-06-14 05:27:36+00:00,15943612,67538256746,51405583221622997706993,0,55908972761629334,1.3138311543869623
2025-06-14 05:27:38+00:00,15943614,67538256747,51405583220864148294224,0,55908972761629334,1.31383115442581
2025-06-14 05:27:43+00:00,15943619,67538256748,51405583220105298881477,0,55908972761629334,1.3138311544646581
2025-06-14 05:27:48+00:00,15943624,67538256812,51405583268943328381525,0,55908972814609295,1.3138311544614498
2025-06-14 05:27:52+00:00,15943628,67538256745,51405583217925633903805,0,55908972759122192,1.313831154462007
2025-06-14 05:27:57+00:00,15943633,67538256746,51405583217925633903804,0,55908972759122192,1.31383115448146
2025-06-14 05:28:23+00:00,15943659,67538256747,51405583217166784491089,0,55908972759122192,1.3138311545203079
2025-06-14 05:28:53+00:00,15943689,67538256746,51405583218166784491089,0,55908972759122192,1.3138311544752965
2025-06-14 05:28:58+00:00,15943694,67538256745,51405583219166784491089,0,55908972759122192,1.3138311544302854
2025-06-14 05:29:07+00:00,15943703,67538256744,51405583218370603941167,0,55908972758256262,1.3138311544311811
2025-06-14 05:29:08+00:00,15943704,67538256745,51405583217611754528423,0,55908972758256262,1.313831154470029
2025-06-14 05:29:55+00:00,15943751,67538256746,51405583216852905115702,0,55908972758256262,1.313831154508877
2025-06-14 05:30:42+00:00,15943798,67538256747,51405583216094055703003,0,55908972758256262,1.3138311545477248
2025-06-14 05:30:42+00:00,15943798,67538256748,51405583215335206290327,0,55908972758256262,1.3138311545865728
2025-06-14 05:30:46+00:00,15943802,67538256749,51405583214576356877673,0,55908972758256262,1.3138311546254207
2025-06-14 05:30:52+00:00,15943808,67538256813,51405583263414386377721,0,55908972811236223,1.3138311546222123
2025-06-14 05:30:56+00:00,15943812,67538256746,51405583212396691902410,0,55908972755749120,1.3138311546227694
2025-06-14 05:31:01+00:00,15943817,67538256747,51405583212396691902409,0,55908972755749120,1.3138311546422226
2025-06-14 05:31:28+00:00,15943844,67538256748,51405583211637842489787,0,55908972755749120,1.3138311546810706
2025-06-14 05:31:58+00:00,15943874,67538256747,51405583212637842489787,0,55908972755749120,1.3138311546360593
2025-06-14 05:32:03+00:00,15943879,67538256746,51405583213637842489787,0,55908972755749120,1.313831154591048
2025-06-14 05:32:08+00:00,15943884,67538256759,51405583223637842489787,0,55908972766510674,1.3138311545883574
2025-06-14 05:32:12+00:00,15943888,67538256758,51405583222841661939901,0,55908972765644744,1.3138311545892531
2025-06-14 05:32:13+00:00,15943889,67538256759,51405583222082812527248,0,55908972765644744,1.313831154628101
2025-06-14 05:33:00+00:00,15943936,67538256760,51405583221323963114618,0,55908972765644744,1.313831154666949
2025-06-14 05:33:46+00:00,15943982,67538256761,51405583220565113702010,0,55908972765644744,1.3138311547057968
2025-06-14 05:33:47+00:00,15943983,67538256762,51405583219806264289425,0,55908972765644744,1.3138311547446448
2025-06-14 05:33:56+00:00,15943992,67538256826,51405583268644293789473,0,55908972818624705,1.3138311547414365
2025-06-14 05:34:01+00:00,15943997,67538256759,51405583217626599315714,0,55908972763137602,1.3138311547419936
2025-06-14 05:34:32+00:00,15944028,67538256760,51405583216867749903150,0,55908972763137602,1.3138311547808414
2025-06-14 05:35:03+00:00,15944059,67538256759,51405583217867749903150,0,55908972763137602,1.3138311547358301
2025-06-14 05:35:08+00:00,15944064,67538256758,51405583218867749903150,0,55908972763137602,1.313831154690819
2025-06-14 05:35:12+00:00,15944068,67538256771,51405583228867749903150,0,55908972773899156,1.3138311546881283
2025-06-14 05:35:17+00:00,15944073,67538256770,51405583228071569353288,0,55908972773033226,1.313831154689024
2025-06-14 05:35:18+00:00,15944074,67538256771,51405583227312719940693,0,55908972773033226,1.313831154727872
2025-06-14 05:36:03+00:00,15944119,67538256772,51405583226553870528121,0,55908972773033226,1.3138311547667199
2025-06-14 05:36:49+00:00,15944165,67538256774,51405583225036171703043,0,55908972773033226,1.3138311548444157
2025-06-14 05:36:49+00:00,15944165,67538256773,51405583225795021115571,0,55908972773033226,1.313831154805568
2025-06-14 05:36:53+00:00,15944169,67538256775,51405583224277322290538,0,55908972773033226,1.3138311548832637
2025-06-14 05:36:59+00:00,15944175,67538256839,51405583273115351790586,0,55908972826013187,1.3138311548800554
2025-06-14 05:37:08+00:00,15944184,67538256840,51405583273115351790585,0,55908972826013187,1.3138311548995085
2025-06-14 05:37:36+00:00,15944212,67538256841,51405583272356502378112,0,55908972826013187,1.3138311549383563
2025-06-14 05:38:04+00:00,15944240,67538256840,51405583273356502378112,0,55908972826013187,1.3138311548933452
2025-06-14 05:38:08+00:00,15944244,67538256839,51405583274356502378112,0,55908972826013187,1.313831154848334
2025-06-14 05:38:13+00:00,15944249,67538256852,51405583284356502378112,0,55908972836774741,1.3138311548456434
2025-06-14 05:38:17+00:00,15944253,67538256851,51405583283560321828286,0,55908972835908811,1.3138311548465391
2025-06-14 05:38:22+00:00,15944258,67538256852,51405583282801472415782,0,55908972835908811,1.313831154885387
2025-06-14 05:39:08+00:00,15944304,67538256853,51405583282042623003301,0,55908972835908811,1.313831154924235
2025-06-14 05:39:50+00:00,15944346,67538256854,51405583281283773590842,0,55908972835908811,1.3138311549630828
2025-06-14 05:39:52+00:00,15944348,67538256855,51405583280524924178405,0,55908972835908811,1.3138311550019308
2025-06-14 05:39:59+00:00,15944355,67538256919,51405583329362953678453,0,55908972888888772,1.3138311549987225
2025-06-14 05:40:04+00:00,15944360,67538256852,51405583278345259208550,0,55908972833401669,1.3138311549992794
2025-06-14 05:40:09+00:00,15944365,67538256853,51405583278345259208549,0,55908972833401669,1.3138311550187327
2025-06-14 05:40:37+00:00,15944393,67538256854,51405583277586409796145,0,55908972833401669,1.3138311550575805
2025-06-14 05:41:06+00:00,15944422,67538256853,51405583278586409796145,0,55908972833401669,1.3138311550125692
2025-06-14 05:41:15+00:00,15944431,67538256866,51405583288586409796145,0,55908972844163223,1.3138311550098787
2025-06-14 05:41:20+00:00,15944436,67538256865,51405583287790229246359,0,55908972843297293,1.3138311550107744
2025-06-14 05:42:08+00:00,15944484,67538256866,51405583287031379833950,0,55908972843297293,1.3138311550496224
2025-06-14 05:42:52+00:00,15944528,67538256867,51405583286272530421563,0,55908972843297293,1.3138311550884703
2025-06-14 05:42:54+00:00,15944530,67538256868,51405583285513681009199,0,55908972843297293,1.3138311551273183
2025-06-14 05:42:56+00:00,15944532,67538256869,51405583284754831596857,0,55908972843297293,1.313831155166166
2025-06-14 05:43:01+00:00,15944537,67538256933,51405583333592861096905,0,55908972896277254,1.3138311551629578
2025-06-14 05:43:06+00:00,15944542,67538256866,51405583282575166629546,0,55908972840790151,1.313831155163515
2025-06-14 05:43:10+00:00,15944546,67538256867,51405583282575166629545,0,55908972840790151,1.313831155182968
2025-06-14 05:43:40+00:00,15944576,67538256868,51405583281816317217235,0,55908972840790151,1.313831155221816
2025-06-14 05:44:09+00:00,15944605,67538256867,51405583282816317217235,0,55908972840790151,1.3138311551768047
2025-06-14 05:44:13+00:00,15944609,67538256866,51405583283816317217235,0,55908972840790151,1.3138311551317934
2025-06-14 05:44:18+00:00,15944614,67538256879,51405583293816317217235,0,55908972851551705,1.3138311551291029
2025-06-14 05:44:22+00:00,15944618,67538256878,51405583293020136667473,0,55908972850685775,1.3138311551299986
2025-06-14 05:44:25+00:00,15944621,67538256879,51405583292261287255133,0,55908972850685775,1.3138311551688464
2025-06-14 05:45:10+00:00,15944666,67538256880,51405583291502437842815,0,55908972850685775,1.3138311552076944
2025-06-14 05:45:55+00:00,15944711,67538256881,51405583290743588430520,0,55908972850685775,1.3138311552465423
2025-06-14 05:45:56+00:00,15944712,67538256882,51405583289984739018247,0,55908972850685775,1.3138311552853903
2025-06-14 05:46:00+00:00,15944716,67538256883,51405583289225889605997,0,55908972850685775,1.313831155324238
2025-06-14 05:46:06+00:00,15944722,67538256947,51405583338063919106045,0,55908972903665736,1.3138311553210298
2025-06-14 05:46:11+00:00,15944727,67538256880,51405583287046224640991,0,55908972848178633,1.313831155321587
2025-06-14 05:46:15+00:00,15944731,67538256881,51405583287046224640990,0,55908972848178633,1.31383115534104
2025-06-14 05:46:41+00:00,15944757,67538256882,51405583286287375228772,0,55908972848178633,1.313831155379888
2025-06-14 05:47:13+00:00,15944789,67538256881,51405583287287375228772,0,55908972848178633,1.3138311553348767
2025-06-14 05:47:18+00:00,15944794,67538256880,51405583288287375228772,0,55908972848178633,1.3138311552898654
2025-06-14 05:47:26+00:00,15944802,67538256881,51405583287528525816524,0,55908972848178633,1.3138311553287134
2025-06-14 05:47:27+00:00,15944803,67538256880,51405583286732345266811,0,55908972847312703,1.3138311553296091
2025-06-14 05:48:11+00:00,15944847,67538256881,51405583285973495854586,0,55908972847312703,1.313831155368457
2025-06-14 05:48:56+00:00,15944892,67538256882,51405583285214646442384,0,55908972847312703,1.313831155407305
2025-06-14 05:49:04+00:00,15944900,67538256883,51405583284455797030204,0,55908972847312703,1.3138311554461528
2025-06-14 05:49:10+00:00,15944906,67538256947,51405583333293826530252,0,55908972900292664,1.3138311554429445
2025-06-14 05:49:19+00:00,15944915,67538256948,51405583333293826530251,0,55908972900292664,1.3138311554623976
2025-06-14 05:49:42+00:00,15944938,67538256949,51405583332534977118103,0,55908972900292664,1.3138311555012456
2025-06-14 05:50:16+00:00,15944972,67538256948,51405583333534977118103,0,55908972900292664,1.3138311554562343
2025-06-14 05:50:24+00:00,15944980,67538256961,51405583343534977118103,0,55908972911054218,1.3138311554535438
2025-06-14 05:50:28+00:00,15944984,67538256962,51405583342776127705950,0,55908972911054218,1.3138311554923916
2025-06-14 05:50:29+00:00,15944985,67538256961,51405583341979947156277,0,55908972910188288,1.3138311554932873
2025-06-14 05:51:14+00:00,15945030,67538256962,51405583341221097744147,0,55908972910188288,1.3138311555321354
2025-06-14 05:51:59+00:00,15945075,67538256963,51405583340462248332039,0,55908972910188288,1.3138311555709832
2025-06-14 05:52:06+00:00,15945082,67538256964,51405583339703398919954,0,55908972910188288,1.3138311556098312
2025-06-14 05:52:16+00:00,15945092,67538257028,51405583388541428420002,0,55908972963168249,1.313831155606623
2025-06-14 05:52:20+00:00,15945096,67538256961,51405583337523733959148,0,55908972907681146,1.31383115560718
2025-06-14 05:52:25+00:00,15945101,67538256962,51405583337523733959147,0,55908972907681146,1.313831155626633
2025-06-14 05:52:45+00:00,15945121,67538256963,51405583336764884547094,0,55908972907681146,1.313831155665481
2025-06-14 05:53:21+00:00,15945157,67538256962,51405583337764884547094,0,55908972907681146,1.3138311556204696
2025-06-14 05:53:26+00:00,15945162,67538256961,51405583338764884547094,0,55908972907681146,1.3138311555754585
2025-06-14 05:53:31+00:00,15945167,67538256962,51405583338006035135011,0,55908972907681146,1.3138311556143063
2025-06-14 05:54:17+00:00,15945213,67538256963,51405583337247185722951,0,55908972907681146,1.3138311556531543
2025-06-14 05:55:01+00:00,15945257,67538256964,51405583336488336310913,0,55908972907681146,1.3138311556920022
2025-06-14 05:55:08+00:00,15945264,67538256965,51405583335729486898897,0,55908972907681146,1.3138311557308502
2025-06-14 05:55:18+00:00,15945274,67538257029,51405583384567516398945,0,55908972960661107,1.3138311557276419
2025-06-14 05:55:27+00:00,15945283,67538257030,51405583384567516398944,0,55908972960661107,1.313831155747095
2025-06-14 05:55:47+00:00,15945303,67538257031,51405583383808666986960,0,55908972960661107,1.3138311557859428
2025-06-14 05:56:23+00:00,15945339,67538257030,51405583384808666986960,0,55908972960661107,1.3138311557409317
2025-06-14 05:56:28+00:00,15945344,67538257029,51405583385808666986960,0,55908972960661107,1.3138311556959203
2025-06-14 05:56:33+00:00,15945349,67538257030,51405583385049817574947,0,55908972960661107,1.3138311557347682
2025-06-14 05:57:19+00:00,15945395,67538257031,51405583384290968162956,0,55908972960661107,1.3138311557736162
2025-06-14 05:58:04+00:00,15945440,67538257032,51405583383532118750988,0,55908972960661107,1.313831155812464
2025-06-14 05:58:09+00:00,15945445,67538257033,51405583382773269339042,0,55908972960661107,1.313831155851312
2025-06-14 05:58:13+00:00,15945449,67538257034,51405583382014419927118,0,55908972960661107,1.3138311558901599
2025-06-14 05:58:19+00:00,15945455,67538257098,51405583430852449427166,0,55908973013641068,1.3138311558869515
2025-06-14 05:58:23+00:00,15945459,67538257031,51405583379834754970377,0,55908972958153965,1.3138311558875087
2025-06-14 05:58:28+00:00,15945464,67538257032,51405583379834754970376,0,55908972958153965,1.3138311559069618
2025-06-14 05:58:50+00:00,15945486,67538257033,51405583379075905558485,0,55908972958153965,1.3138311559458098
2025-06-14 05:59:25+00:00,15945521,67538257032,51405583380075905558485,0,55908972958153965,1.3138311559007985
2025-06-14 05:59:30+00:00,15945526,67538257031,51405583381075905558485,0,55908972958153965,1.3138311558557871
2025-06-14 05:59:36+00:00,15945532,67538257032,51405583380317056146564,0,55908972958153965,1.3138311558946352
2025-06-14 05:59:38+00:00,15945534,67538257031,51405583379520875596980,0,55908972957288035,1.313831155895531
2025-06-14 06:00:23+00:00,15945579,67538257032,51405583378762026185082,0,55908972957288035,1.3138311559343787
2025-06-14 06:01:09+00:00,15945625,67538257033,51405583378003176773206,0,55908972957288035,1.3138311559732267
2025-06-14 06:01:16+00:00,15945632,67538257034,51405583377244327361353,0,55908972957288035,1.3138311560120746
2025-06-14 06:01:21+00:00,15945637,67538257035,51405583376485477949522,0,55908972957288035,1.3138311560509226
2025-06-14 06:01:27+00:00,15945643,67538257099,51405583425323507449570,0,55908973010267996,1.3138311560477143
2025-06-14 06:01:35+00:00,15945651,67538257100,51405583425323507449569,0,55908973010267996,1.3138311560671674
2025-06-14 06:01:56+00:00,15945672,67538257101,51405583424564658037770,0,55908973010267996,1.3138311561060152
2025-06-14 06:02:33+00:00,15945709,67538257100,51405583425564658037770,0,55908973010267996,1.313831156061004
2025-06-14 06:02:38+00:00,15945714,67538257099,51405583426564658037770,0,55908973010267996,1.3138311560159928
2025-06-14 06:02:43+00:00,15945719,67538257112,51405583436564658037770,0,55908973021029550,1.313831156013302
2025-06-14 06:02:43+00:00,15945719,67538257113,51405583435805808625940,0,55908973021029550,1.31383115605215
2025-06-14 06:03:28+00:00,15945764,67538257114,51405583435046959214132,0,55908973021029550,1.3138311560909979
2025-06-14 06:04:14+00:00,15945810,67538257115,51405583434288109802347,0,55908973021029550,1.313831156129846
2025-06-14 06:04:22+00:00,15945818,67538257116,51405583433529260390584,0,55908973021029550,1.3138311561686937
2025-06-14 06:04:27+00:00,15945823,67538257117,51405583432770410978844,0,55908973021029550,1.3138311562075418
2025-06-14 06:04:32+00:00,15945828,67538257181,51405583481608440478892,0,55908973074009511,1.3138311562043334
2025-06-14 06:04:37+00:00,15945833,67538257114,51405583430590746026817,0,55908973018522408,1.3138311562048905
2025-06-14 06:04:42+00:00,15945838,67538257115,51405583430590746026816,0,55908973018522408,1.3138311562243437
2025-06-14 06:05:00+00:00,15945856,67538257116,51405583429831896615108,0,55908973018522408,1.3138311562631915
2025-06-14 06:05:42+00:00,15945898,67538257115,51405583430831896615108,0,55908973018522408,1.3138311562181804
2025-06-14 06:05:47+00:00,15945903,67538257115,51405583431073047203370,0,55908973018522408,1.3138311562120168
2025-06-14 06:05:47+00:00,15945903,67538257114,51405583431831896615108,0,55908973018522408,1.313831156173169
2025-06-14 06:05:55+00:00,15945911,67538257114,51405583430276866653860,0,55908973017656478,1.3138311562129126
2025-06-14 06:06:33+00:00,15945949,67538257115,51405583429518017242145,0,55908973017656478,1.3138311562517606
2025-06-14 06:07:18+00:00,15945994,67538257116,51405583428759167830453,0,55908973017656478,1.3138311562906084
2025-06-14 06:07:29+00:00,15946005,67538257117,51405583428000318418783,0,55908973017656478,1.3138311563294565
2025-06-14 06:07:34+00:00,15946010,67538257118,51405583427241469007136,0,55908973017656478,1.3138311563683043
2025-06-14 06:07:40+00:00,15946016,67538257182,51405583476079498507184,0,55908973070636439,1.313831156365096
2025-06-14 06:07:44+00:00,15946020,67538257115,51405583425061804057519,0,55908973015149336,1.313831156365653
2025-06-14 06:07:49+00:00,15946025,67538257116,51405583425061804057518,0,55908973015149336,1.3138311563851062
2025-06-14 06:08:05+00:00,15946041,67538257117,51405583424302954645903,0,55908973015149336,1.3138311564239542
2025-06-14 06:08:47+00:00,15946083,67538257116,51405583425302954645903,0,55908973015149336,1.3138311563789429
2025-06-14 06:08:50+00:00,15946086,67538257117,51405583424544105234284,0,55908973015149336,1.3138311564177907
2025-06-14 06:08:52+00:00,15946088,67538257116,51405583425544105234284,0,55908973015149336,1.3138311563727796
2025-06-14 06:09:00+00:00,15946096,67538257115,51405583424747924684811,0,55908973014283406,1.3138311563736753
2025-06-14 06:09:36+00:00,15946132,67538257116,51405583423989075273189,0,55908973014283406,1.3138311564125231
2025-06-14 06:10:22+00:00,15946178,67538257117,51405583423230225861590,0,55908973014283406,1.3138311564513712
2025-06-14 06:10:38+00:00,15946194,67538257118,51405583422471376450013,0,55908973014283406,1.313831156490219
2025-06-14 06:10:43+00:00,15946199,67538257119,51405583421712527038458,0,55908973014283406,1.313831156529067
2025-06-14 06:10:49+00:00,15946205,67538257183,51405583470550556538506,0,55908973067263367,1.3138311565258587
2025-06-14 06:10:58+00:00,15946214,67538257184,51405583470550556538505,0,55908973067263367,1.3138311565453118
2025-06-14 06:11:09+00:00,15946225,67538257185,51405583469791707126982,0,55908973067263367,1.3138311565841596
2025-06-14 06:11:56+00:00,15946272,67538257186,51405583469032857715482,0,55908973067263367,1.3138311566230076
2025-06-14 06:11:58+00:00,15946274,67538257185,51405583470032857715482,0,55908973067263367,1.3138311565779963
2025-06-14 06:12:07+00:00,15946283,67538257198,51405583480032857715482,0,55908973078024921,1.3138311565753058
2025-06-14 06:12:43+00:00,15946319,67538257199,51405583479274008303977,0,55908973078024921,1.3138311566141536
2025-06-14 06:13:30+00:00,15946366,67538257200,51405583478515158892494,0,55908973078024921,1.3138311566530017
2025-06-14 06:13:47+00:00,15946383,67538257201,51405583477756309481033,0,55908973078024921,1.3138311566918495
2025-06-14 06:13:56+00:00,15946392,67538257265,51405583526594338981081,0,55908973131004882,1.3138311566886411
2025-06-14 06:14:00+00:00,15946396,67538257198,51405583475576644536369,0,55908973075517779,1.3138311566891983
2025-06-14 06:14:05+00:00,15946401,67538257199,51405583475576644536368,0,55908973075517779,1.3138311567086514
2025-06-14 06:14:16+00:00,15946412,67538257200,51405583474817795124940,0,55908973075517779,1.3138311567474994
2025-06-14 06:15:01+00:00,15946457,67538257201,51405583474058945713534,0,55908973075517779,1.3138311567863472
2025-06-14 06:15:04+00:00,15946460,67538257200,51405583475058945713534,0,55908973075517779,1.3138311567413359
2025-06-14 06:15:09+00:00,15946465,67538257199,51405583476058945713534,0,55908973075517779,1.3138311566963248
2025-06-14 06:15:13+00:00,15946469,67538257212,51405583486058945713534,0,55908973086279333,1.313831156693634
2025-06-14 06:15:18+00:00,15946474,67538257211,51405583485262765164137,0,55908973085413403,1.3138311566945298
2025-06-14 06:15:48+00:00,15946504,67538257212,51405583484503915752700,0,55908973085413403,1.3138311567333778
2025-06-14 06:16:34+00:00,15946550,67538257213,51405583483745066341286,0,55908973085413403,1.3138311567722256
2025-06-14 06:16:53+00:00,15946569,67538257214,51405583482986216929894,0,55908973085413403,1.3138311568110737
2025-06-14 06:17:03+00:00,15946579,67538257278,51405583531824246429942,0,55908973138393364,1.3138311568078653
2025-06-14 06:17:07+00:00,15946583,67538257211,51405583480806551986782,0,55908973082906261,1.3138311568084224
2025-06-14 06:17:12+00:00,15946588,67538257212,51405583480806551986781,0,55908973082906261,1.3138311568278755
2025-06-14 06:17:20+00:00,15946596,67538257213,51405583480047702575421,0,55908973082906261,1.3138311568667234
2025-06-14 06:18:07+00:00,15946643,67538257214,51405583479288853164084,0,55908973082906261,1.3138311569055714
2025-06-14 06:18:16+00:00,15946652,67538257213,51405583480288853164084,0,55908973082906261,1.31383115686056
2025-06-14 06:18:25+00:00,15946661,67538257212,51405583479492672614728,0,55908973082040331,1.3138311568614558
2025-06-14 06:18:52+00:00,15946688,67538257213,51405583478733823203388,0,55908973082040331,1.3138311569003038
2025-06-14 06:19:37+00:00,15946733,67538257214,51405583477974973792070,0,55908973082040331,1.3138311569391516
2025-06-14 06:19:58+00:00,15946754,67538257215,51405583477216124380775,0,55908973082040331,1.3138311569779997
2025-06-14 06:20:03+00:00,15946759,67538257216,51405583476457274969502,0,55908973082040331,1.3138311570168475
2025-06-14 06:20:09+00:00,15946765,67538257280,51405583525295304469550,0,55908973135020292,1.3138311570136392
2025-06-14 06:20:14+00:00,15946770,67538257213,51405583474277610029791,0,55908973079533189,1.3138311570141963
2025-06-14 06:20:18+00:00,15946774,67538257214,51405583474277610029790,0,55908973079533189,1.3138311570336494
2025-06-14 06:20:23+00:00,15946779,67538257215,51405583473518760618549,0,55908973079533189,1.3138311570724974
2025-06-14 06:21:08+00:00,15946824,67538257216,51405583472759911207331,0,55908973079533189,1.3138311571113452
2025-06-14 06:21:17+00:00,15946833,67538257215,51405583473759911207331,0,55908973079533189,1.313831157066334
2025-06-14 06:21:21+00:00,15946837,67538257214,51405583474759911207331,0,55908973079533189,1.3138311570213228
2025-06-14 06:21:26+00:00,15946842,67538257227,51405583484759911207331,0,55908973090294743,1.313831157018632
2025-06-14 06:21:30+00:00,15946846,67538257226,51405583483963730658011,0,55908973089428813,1.3138311570195278
2025-06-14 06:21:54+00:00,15946870,67538257227,51405583483204881246762,0,55908973089428813,1.3138311570583758
2025-06-14 06:22:40+00:00,15946916,67538257228,51405583482446031835536,0,55908973089428813,1.3138311570972236
2025-06-14 06:23:05+00:00,15946941,67538257229,51405583481687182424332,0,55908973089428813,1.3138311571360717
2025-06-14 06:23:10+00:00,15946946,67538257230,51405583480928333013150,0,55908973089428813,1.3138311571749195
2025-06-14 06:23:17+00:00,15946953,67538257294,51405583529766362513198,0,55908973142408774,1.3138311571717112
2025-06-14 06:23:26+00:00,15946962,67538257296,51405583529007513102047,0,55908973142408774,1.3138311572300123
2025-06-14 06:23:26+00:00,15946962,67538257295,51405583529766362513197,0,55908973142408774,1.3138311571911643
2025-06-14 06:24:11+00:00,15947007,67538257297,51405583528248663690920,0,55908973142408774,1.3138311572688601
2025-06-14 06:24:25+00:00,15947021,67538257296,51405583529248663690920,0,55908973142408774,1.313831157223849
2025-06-14 06:24:34+00:00,15947030,67538257309,51405583539248663690920,0,55908973153170328,1.3138311572211583
2025-06-14 06:24:56+00:00,15947052,67538257310,51405583538489814279788,0,55908973153170328,1.3138311572600063
2025-06-14 06:25:42+00:00,15947098,67538257311,51405583537730964868678,0,55908973153170328,1.3138311572988541
2025-06-14 06:26:14+00:00,15947130,67538257312,51405583536972115457591,0,55908973153170328,1.3138311573377022
2025-06-14 06:26:19+00:00,15947135,67538257313,51405583536213266046526,0,55908973153170328,1.31383115737655
2025-06-14 06:26:25+00:00,15947141,67538257377,51405583585051295546574,0,55908973206150289,1.3138311573733417
2025-06-14 06:26:27+00:00,15947143,67538257378,51405583584292446135530,0,55908973206150289,1.3138311574121897
2025-06-14 06:26:34+00:00,15947150,67538257379,51405583584292446135529,0,55908973206150289,1.3138311574316428
2025-06-14 06:27:13+00:00,15947189,67538257380,51405583583533596724518,0,55908973206150289,1.3138311574704906
2025-06-14 06:27:34+00:00,15947210,67538257379,51405583584533596724518,0,55908973206150289,1.3138311574254795
2025-06-14 06:27:43+00:00,15947219,67538257392,51405583594533596724518,0,55908973216911843,1.3138311574227888
2025-06-14 06:28:00+00:00,15947236,67538257393,51405583593774747313502,0,55908973216911843,1.3138311574616368
2025-06-14 06:28:45+00:00,15947281,67538257394,51405583593015897902509,0,55908973216911843,1.3138311575004846
2025-06-14 06:29:22+00:00,15947318,67538257395,51405583592257048491538,0,55908973216911843,1.3138311575393327
2025-06-14 06:29:27+00:00,15947323,67538257396,51405583591498199080589,0,55908973216911843,1.3138311575781805
2025-06-14 06:29:32+00:00,15947328,67538257460,51405583640336228580637,0,55908973269891804,1.3138311575749722
2025-06-14 06:29:37+00:00,15947333,67538257393,51405583589318534149778,0,55908973214404701,1.3138311575755293
2025-06-14 06:30:17+00:00,15947373,67538257394,51405583588559684738850,0,55908973214404701,1.313831157614377
2025-06-14 06:30:41+00:00,15947397,67538257393,51405583589559684738850,0,55908973214404701,1.313831157569366
2025-06-14 06:30:46+00:00,15947402,67538257392,51405583590559684738850,0,55908973214404701,1.3138311575243546
2025-06-14 06:30:50+00:00,15947406,67538257405,51405583600559684738850,0,55908973225166255,1.3138311575216641
2025-06-14 06:30:54+00:00,15947410,67538257404,51405583599763504189657,0,55908973224300325,1.3138311575225599
2025-06-14 06:31:04+00:00,15947420,67538257405,51405583599004654778699,0,55908973224300325,1.3138311575614077
2025-06-14 06:31:50+00:00,15947466,67538257406,51405583598245805367763,0,55908973224300325,1.3138311576002557
2025-06-14 06:32:30+00:00,15947506,67538257407,51405583597486955956850,0,55908973224300325,1.3138311576391035
2025-06-14 06:32:34+00:00,15947510,67538257408,51405583596728106545959,0,55908973224300325,1.3138311576779516
2025-06-14 06:32:36+00:00,15947512,67538257409,51405583595969257135090,0,55908973224300325,1.3138311577167994
2025-06-14 06:32:44+00:00,15947520,67538257342,51405583544951562706660,0,55908973168813222,1.3138311577173565
2025-06-14 06:32:49+00:00,15947525,67538257343,51405583544951562706659,0,55908973168813222,1.3138311577368096
2025-06-14 06:33:21+00:00,15947557,67538257344,51405583544192713295824,0,55908973168813222,1.3138311577756574
2025-06-14 06:33:48+00:00,15947584,67538257343,51405583545192713295824,0,55908973168813222,1.3138311577306463
2025-06-14 06:33:53+00:00,15947589,67538257342,51405583546192713295824,0,55908973168813222,1.313831157685635
2025-06-14 06:33:58+00:00,15947594,67538257355,51405583556192713295824,0,55908973179574776,1.3138311576829445
2025-06-14 06:34:07+00:00,15947603,67538257356,51405583555433863884958,0,55908973179574776,1.3138311577217923
2025-06-14 06:34:53+00:00,15947649,67538257357,51405583554675014474115,0,55908973179574776,1.3138311577606403
2025-06-14 06:35:39+00:00,15947695,67538257358,51405583553916165063294,0,55908973179574776,1.3138311577994881
2025-06-14 06:35:44+00:00,15947700,67538257359,51405583553157315652496,0,55908973179574776,1.313831157838336
2025-06-14 06:35:48+00:00,15947704,67538257360,51405583552398466241720,0,55908973179574776,1.313831157877184
2025-06-14 06:35:54+00:00,15947710,67538257424,51405583601236495741768,0,55908973232554737,1.3138311578739756
2025-06-14 06:36:03+00:00,15947719,67538257425,51405583601236495741767,0,55908973232554737,1.3138311578934287
2025-06-14 06:36:26+00:00,15947742,67538257426,51405583600477646331023,0,55908973232554737,1.3138311579322768
2025-06-14 06:37:03+00:00,15947779,67538257425,51405583601477646331023,0,55908973232554737,1.3138311578872655
2025-06-14 06:37:08+00:00,15947784,67538257424,51405583602477646331023,0,55908973232554737,1.3138311578422541
2025-06-14 06:37:13+00:00,15947789,67538257437,51405583612477646331023,0,55908973243316291,1.3138311578395636
2025-06-14 06:37:18+00:00,15947794,67538257436,51405583611681465781904,0,55908973242450361,1.3138311578404593
2025-06-14 06:37:57+00:00,15947833,67538257437,51405583610922616371129,0,55908973242450361,1.3138311578793072
2025-06-14 06:38:44+00:00,15947880,67538257438,51405583610163766960377,0,55908973242450361,1.3138311579181552
2025-06-14 06:38:56+00:00,15947892,67538257439,51405583609404917549647,0,55908973242450361,1.313831157957003
2025-06-14 06:39:01+00:00,15947897,67538257440,51405583608646068138940,0,55908973242450361,1.313831157995851
2025-06-14 06:39:07+00:00,15947903,67538257504,51405583657484097638988,0,55908973295430322,1.3138311579926427
2025-06-14 06:39:16+00:00,15947912,67538257505,51405583657484097638987,0,55908973295430322,1.3138311580120958
2025-06-14 06:39:29+00:00,15947925,67538257506,51405583656725248228311,0,55908973295430322,1.3138311580509436
2025-06-14 06:40:16+00:00,15947972,67538257507,51405583655966398817658,0,55908973295430322,1.3138311580897917
2025-06-14 06:40:17+00:00,15947973,67538257506,51405583656966398817658,0,55908973295430322,1.3138311580447803
2025-06-14 06:40:21+00:00,15947977,67538257505,51405583657966398817658,0,55908973295430322,1.313831157999769
2025-06-14 06:40:26+00:00,15947982,67538257518,51405583667966398817658,0,55908973306191876,1.3138311579970785
2025-06-14 06:40:31+00:00,15947987,67538257517,51405583667170218268575,0,55908973305325946,1.3138311579979742
2025-06-14 06:41:02+00:00,15948018,67538257518,51405583666411368857891,0,55908973305325946,1.3138311580368223
2025-06-14 06:41:48+00:00,15948064,67538257519,51405583665652519447230,0,55908973305325946,1.31383115807567
2025-06-14 06:42:10+00:00,15948086,67538257520,51405583664893670036591,0,55908973305325946,1.3138311581145181
2025-06-14 06:42:14+00:00,15948090,67538257521,51405583664134820625975,0,55908973305325946,1.313831158153366
2025-06-14 06:42:20+00:00,15948096,67538257585,51405583712972850126023,0,55908973358305907,1.3138311581501576
2025-06-14 06:42:25+00:00,15948101,67538257518,51405583661955155703754,0,55908973302818804,1.3138311581507147
2025-06-14 06:42:30+00:00,15948106,67538257519,51405583661955155703753,0,55908973302818804,1.3138311581701678
2025-06-14 06:42:34+00:00,15948110,67538257520,51405583661196306293169,0,55908973302818804,1.3138311582090159
2025-06-14 06:43:20+00:00,15948156,67538257521,51405583660437456882607,0,55908973302818804,1.3138311582478637
2025-06-14 06:43:31+00:00,15948167,67538257520,51405583661437456882607,0,55908973302818804,1.3138311582028523
2025-06-14 06:43:36+00:00,15948172,67538257519,51405583662437456882607,0,55908973302818804,1.313831158157841
2025-06-14 06:43:41+00:00,15948177,67538257532,51405583672437456882607,0,55908973313580358,1.3138311581551505
2025-06-14 06:44:05+00:00,15948201,67538257533,51405583671678607472014,0,55908973313580358,1.3138311581939985
2025-06-14 06:44:52+00:00,15948248,67538257534,51405583670919758061444,0,55908973313580358,1.3138311582328464
2025-06-14 06:45:25+00:00,15948281,67538257535,51405583670160908650896,0,55908973313580358,1.3138311582716944
2025-06-14 06:45:35+00:00,15948291,67538257599,51405583718998938150944,0,55908973366560319,1.313831158268486
2025-06-14 06:45:40+00:00,15948296,67538257532,51405583667981243730227,0,55908973311073216,1.313831158269043
2025-06-14 06:45:44+00:00,15948300,67538257533,51405583667981243730226,0,55908973311073216,1.3138311582884963
2025-06-14 06:46:25+00:00,15948341,67538257534,51405583667222394319710,0,55908973311073216,1.313831158327344
2025-06-14 06:46:45+00:00,15948361,67538257533,51405583668222394319710,0,55908973311073216,1.3138311582823328
2025-06-14 06:46:53+00:00,15948369,67538257546,51405583678222394319710,0,55908973321834770,1.3138311582796423
2025-06-14 06:46:58+00:00,15948374,67538257545,51405583677426213770691,0,55908973320968840,1.313831158280538
2025-06-14 06:47:13+00:00,15948389,67538257546,51405583676667364360171,0,55908973320968840,1.313831158319386
2025-06-14 06:48:01+00:00,15948437,67538257547,51405583675908514949673,0,55908973320968840,1.3138311583582338
2025-06-14 06:48:37+00:00,15948473,67538257548,51405583675149665539197,0,55908973320968840,1.3138311583970816
2025-06-14 06:48:41+00:00,15948477,67538257549,51405583674390816128744,0,55908973320968840,1.3138311584359297
2025-06-14 06:48:47+00:00,15948483,67538257613,51405583723228845628792,0,55908973373948801,1.3138311584327214
2025-06-14 06:48:47+00:00,15948483,67538257614,51405583722469996218359,0,55908973373948801,1.3138311584715694
2025-06-14 06:48:51+00:00,15948487,67538257547,51405583671452301800939,0,55908973318461698,1.3138311584721263
2025-06-14 06:48:56+00:00,15948492,67538257548,51405583671452301800938,0,55908973318461698,1.3138311584915794
2025-06-14 06:49:33+00:00,15948529,67538257549,51405583670693452390539,0,55908973318461698,1.3138311585304274
2025-06-14 06:49:56+00:00,15948552,67538257548,51405583671693452390539,0,55908973318461698,1.313831158485416
2025-06-14 06:50:01+00:00,15948557,67538257547,51405583672693452390539,0,55908973318461698,1.3138311584404048
2025-06-14 06:50:06+00:00,15948562,67538257560,51405583682693452390539,0,55908973329223252,1.3138311584377143
2025-06-14 06:50:11+00:00,15948567,67538257559,51405583681897271841556,0,55908973328357322,1.31383115843861
2025-06-14 06:50:18+00:00,15948574,67538257560,51405583681138422431127,0,55908973328357322,1.313831158477458
2025-06-14 06:51:04+00:00,15948620,67538257561,51405583680379573020720,0,55908973328357322,1.3138311585163058
2025-06-14 06:51:50+00:00,15948666,67538257562,51405583679620723610336,0,55908973328357322,1.3138311585551539
2025-06-14 06:51:51+00:00,15948667,67538257563,51405583678861874199974,0,55908973328357322,1.3138311585940017
2025-06-14 06:51:55+00:00,15948671,67538257564,51405583678103024789635,0,55908973328357322,1.3138311586328497
2025-06-14 06:52:01+00:00,15948677,67538257628,51405583726941054289683,0,55908973381337283,1.3138311586296414
2025-06-14 06:52:05+00:00,15948681,67538257561,51405583675923359874568,0,55908973325850180,1.3138311586301983
2025-06-14 06:52:10+00:00,15948686,67538257562,51405583675923359874567,0,55908973325850180,1.3138311586496516
2025-06-14 06:52:36+00:00,15948712,67538257563,51405583675164510464260,0,55908973325850180,1.3138311586884994
2025-06-14 06:53:11+00:00,15948747,67538257562,51405583676164510464260,0,55908973325850180,1.313831158643488
2025-06-14 06:53:16+00:00,15948752,67538257561,51405583677164510464260,0,55908973325850180,1.3138311585984768
2025-06-14 06:53:21+00:00,15948757,67538257574,51405583687164510464260,0,55908973336611734,1.3138311585957863
2025-06-14 06:53:23+00:00,15948759,67538257575,51405583686405661053922,0,55908973336611734,1.3138311586346343
2025-06-14 06:53:25+00:00,15948761,67538257574,51405583685609480504987,0,55908973335745804,1.31383115863553
2025-06-14 06:54:09+00:00,15948805,67538257575,51405583684850631094672,0,55908973335745804,1.3138311586743778
2025-06-14 06:54:55+00:00,15948851,67538257576,51405583684091781684379,0,55908973335745804,1.3138311587132259
2025-06-14 06:55:03+00:00,15948859,67538257577,51405583683332932274108,0,55908973335745804,1.3138311587520737
2025-06-14 06:55:08+00:00,15948864,67538257578,51405583682574082863860,0,55908973335745804,1.3138311587909217
2025-06-14 06:55:14+00:00,15948870,67538257642,51405583731412112363908,0,55908973388725765,1.3138311587877134
2025-06-14 06:55:19+00:00,15948875,67538257575,51405583680394417951098,0,55908973333238662,1.3138311587882705
2025-06-14 06:55:24+00:00,15948880,67538257576,51405583680394417951097,0,55908973333238662,1.3138311588077236
2025-06-14 06:55:41+00:00,15948897,67538257577,51405583679635568540881,0,55908973333238662,1.3138311588465714
2025-06-14 06:56:25+00:00,15948941,67538257576,51405583680635568540881,0,55908973333238662,1.31383115880156
2025-06-14 06:56:28+00:00,15948944,67538257577,51405583679876719130661,0,55908973333238662,1.3138311588404081
2025-06-14 06:56:29+00:00,15948945,67538257576,51405583680876719130661,0,55908973333238662,1.3138311587953968
2025-06-14 06:56:34+00:00,15948950,67538257589,51405583690876719130661,0,55908973344000216,1.3138311587927063
2025-06-14 06:56:39+00:00,15948955,67538257588,51405583690080538581762,0,55908973343134286,1.313831158793602
2025-06-14 06:57:13+00:00,15948989,67538257589,51405583689321689171538,0,55908973343134286,1.3138311588324498
2025-06-14 06:57:59+00:00,15949035,67538257590,51405583688562839761336,0,55908973343134286,1.3138311588712979
2025-06-14 06:58:13+00:00,15949049,67538257591,51405583687803990351157,0,55908973343134286,1.3138311589101457
2025-06-14 06:58:18+00:00,15949054,67538257592,51405583687045140941000,0,55908973343134286,1.3138311589489937
2025-06-14 06:58:23+00:00,15949059,67538257656,51405583735883170441048,0,55908973396114247,1.3138311589457854
2025-06-14 06:58:27+00:00,15949063,67538257589,51405583684865476030542,0,55908973340627144,1.3138311589463425
2025-06-14 06:58:32+00:00,15949068,67538257590,51405583684865476030541,0,55908973340627144,1.3138311589657956
2025-06-14 06:58:45+00:00,15949081,67538257591,51405583684106626620416,0,55908973340627144,1.3138311590046434
2025-06-14 06:59:29+00:00,15949125,67538257590,51405583685106626620416,0,55908973340627144,1.313831158959632
2025-06-14 06:59:31+00:00,15949127,67538257591,51405583684347777210288,0,55908973340627144,1.3138311589984801
2025-06-14 06:59:33+00:00,15949129,67538257590,51405583685347777210288,0,55908973340627144,1.3138311589534688
2025-06-14 06:59:38+00:00,15949134,67538257603,51405583695347777210288,0,55908973351388698,1.3138311589507783
2025-06-14 06:59:42+00:00,15949138,67538257602,51405583694551596661425,0,55908973350522768,1.313831158951674
2025-06-14 07:00:18+00:00,15949174,67538257603,51405583693792747251292,0,55908973350522768,1.3138311589905218
2025-06-14 07:01:04+00:00,15949220,67538257604,51405583693033897841182,0,55908973350522768,1.3138311590293699
2025-06-14 07:01:21+00:00,15949237,67538257605,51405583692275048431094,0,55908973350522768,1.3138311590682177
2025-06-14 07:01:31+00:00,15949247,67538257669,51405583741113077931142,0,55908973403502729,1.3138311590650094
2025-06-14 07:01:35+00:00,15949251,67538257602,51405583690095383522188,0,55908973348015626,1.3138311590655665
2025-06-14 07:01:40+00:00,15949256,67538257603,51405583690095383522187,0,55908973348015626,1.3138311590850196
2025-06-14 07:01:50+00:00,15949266,67538257604,51405583689336534112131,0,55908973348015626,1.3138311591238676
2025-06-14 07:02:37+00:00,15949313,67538257605,51405583688577684702098,0,55908973348015626,1.3138311591627154
2025-06-14 07:02:40+00:00,15949316,67538257604,51405583689577684702098,0,55908973348015626,1.3138311591177043
2025-06-14 07:02:49+00:00,15949325,67538257617,51405583699577684702098,0,55908973358777180,1.3138311591150136
2025-06-14 07:02:53+00:00,15949329,67538257616,51405583698781504153275,0,55908973357911250,1.3138311591159093
2025-06-14 07:03:23+00:00,15949359,67538257617,51405583698022654743237,0,55908973357911250,1.3138311591547573
2025-06-14 07:04:08+00:00,15949404,67538257618,51405583697263805333221,0,55908973357911250,1.3138311591936052
2025-06-14 07:04:30+00:00,15949426,67538257619,51405583696504955923228,0,55908973357911250,1.3138311592324532
2025-06-14 07:04:35+00:00,15949431,67538257620,51405583695746106513257,0,55908973357911250,1.313831159271301
2025-06-14 07:04:41+00:00,15949437,67538257684,51405583744584136013305,0,55908973410891211,1.3138311592680927
2025-06-14 07:04:50+00:00,15949446,67538257685,51405583744584136013304,0,55908973410891211,1.3138311592875458
2025-06-14 07:04:54+00:00,15949450,67538257686,51405583743825286603365,0,55908973410891211,1.3138311593263938
2025-06-14 07:05:39+00:00,15949495,67538257687,51405583743066437193449,0,55908973410891211,1.3138311593652416
2025-06-14 07:05:50+00:00,15949506,67538257686,51405583744066437193449,0,55908973410891211,1.3138311593202305
2025-06-14 07:05:59+00:00,15949515,67538257699,51405583754066437193449,0,55908973421652765,1.3138311593175398
2025-06-14 07:06:04+00:00,15949520,67538257698,51405583753270256644677,0,55908973420786835,1.3138311593184355
2025-06-14 07:06:25+00:00,15949541,67538257699,51405583752511407234756,0,55908973420786835,1.3138311593572836
2025-06-14 07:07:12+00:00,15949588,67538257700,51405583751752557824857,0,55908973420786835,1.3138311593961314
2025-06-14 07:07:45+00:00,15949621,67538257701,51405583750993708414981,0,55908973420786835,1.3138311594349794
2025-06-14 07:07:50+00:00,15949626,67538257702,51405583750234859005127,0,55908973420786835,1.3138311594738272
2025-06-14 07:07:55+00:00,15949631,67538257766,51405583799072888505175,0,55908973473766796,1.313831159470619
2025-06-14 07:07:57+00:00,15949633,67538257767,51405583798314039095342,0,55908973473766796,1.313831159509467
2025-06-14 07:08:00+00:00,15949636,67538257700,51405583747296344693736,0,55908973418279693,1.313831159510024
2025-06-14 07:08:05+00:00,15949641,67538257701,51405583747296344693735,0,55908973418279693,1.3138311595294772
2025-06-14 07:08:42+00:00,15949678,67538257702,51405583746537495283936,0,55908973418279693,1.313831159568325
2025-06-14 07:09:06+00:00,15949702,67538257701,51405583747537495283936,0,55908973418279693,1.3138311595233139
2025-06-14 07:09:11+00:00,15949707,67538257700,51405583748537495283936,0,55908973418279693,1.3138311594783025
2025-06-14 07:09:16+00:00,15949712,67538257713,51405583758537495283936,0,55908973429041247,1.3138311594756118
2025-06-14 07:09:21+00:00,15949717,67538257712,51405583757741314735200,0,55908973428175317,1.3138311594765075
2025-06-14 07:09:28+00:00,15949724,67538257713,51405583756982465325370,0,55908973428175317,1.3138311595153556
2025-06-14 07:10:13+00:00,15949769,67538257714,51405583756223615915563,0,55908973428175317,1.3138311595542034
2025-06-14 07:11:00+00:00,15949816,67538257715,51405583755464766505778,0,55908973428175317,1.3138311595930514
2025-06-14 07:11:00+00:00,15949816,67538257716,51405583754705917096016,0,55908973428175317,1.3138311596318992
2025-06-14 07:11:04+00:00,15949820,67538257717,51405583753947067686276,0,55908973428175317,1.3138311596707473
2025-06-14 07:11:10+00:00,15949826,67538257781,51405583802785097186324,0,55908973481155278,1.313831159667539
2025-06-14 07:11:15+00:00,15949831,67538257714,51405583751767402787022,0,55908973425668175,1.313831159668096
2025-06-14 07:11:20+00:00,15949836,67538257715,51405583751767402787021,0,55908973425668175,1.3138311596875492
2025-06-14 07:11:46+00:00,15949862,67538257716,51405583751008553377313,0,55908973425668175,1.313831159726397
2025-06-14 07:12:22+00:00,15949898,67538257715,51405583752008553377313,0,55908973425668175,1.3138311596813859
2025-06-14 07:12:27+00:00,15949903,67538257714,51405583753008553377313,0,55908973425668175,1.3138311596363745
2025-06-14 07:12:31+00:00,15949907,67538257727,51405583763008553377313,0,55908973436429729,1.3138311596336838
2025-06-14 07:12:32+00:00,15949908,67538257728,51405583762249703967574,0,55908973436429729,1.3138311596725318
2025-06-14 07:12:36+00:00,15949912,67538257727,51405583761453523418886,0,55908973435563799,1.3138311596734276
2025-06-14 07:13:18+00:00,15949954,67538257728,51405583760694674009170,0,55908973435563799,1.3138311597122756
2025-06-14 07:14:04+00:00,15950000,67538257729,51405583759935824599476,0,55908973435563799,1.3138311597511234
2025-06-14 07:14:15+00:00,15950011,67538257730,51405583759176975189805,0,55908973435563799,1.3138311597899714
2025-06-14 07:14:20+00:00,15950016,67538257731,51405583758418125780156,0,55908973435563799,1.3138311598288193
2025-06-14 07:14:25+00:00,15950021,67538257795,51405583807256155280204,0,55908973488543760,1.313831159825611
2025-06-14 07:14:30+00:00,15950026,67538257728,51405583756238460883207,0,55908973433056657,1.313831159826168
2025-06-14 07:14:35+00:00,15950031,67538257729,51405583756238460883206,0,55908973433056657,1.3138311598456212
2025-06-14 07:14:49+00:00,15950045,67538257730,51405583755479611473589,0,55908973433056657,1.3138311598844692
2025-06-14 07:15:35+00:00,15950091,67538257731,51405583754720762063995,0,55908973433056657,1.313831159923317
2025-06-14 07:15:36+00:00,15950092,67538257730,51405583755720762063995,0,55908973433056657,1.3138311598783057
2025-06-14 07:15:44+00:00,15950100,67538257743,51405583765720762063995,0,55908973443818211,1.3138311598756152
2025-06-14 07:15:49+00:00,15950105,67538257742,51405583764924581515358,0,55908973442952281,1.313831159876511
2025-06-14 07:16:21+00:00,15950137,67538257743,51405583764165732105759,0,55908973442952281,1.3138311599153587
2025-06-14 07:17:06+00:00,15950182,67538257744,51405583763406882696183,0,55908973442952281,1.3138311599542067
2025-06-14 07:17:27+00:00,15950203,67538257745,51405583762648033286629,0,55908973442952281,1.3138311599930546
2025-06-14 07:17:32+00:00,15950208,67538257746,51405583761889183877098,0,55908973442952281,1.3138311600319026
2025-06-14 07:17:37+00:00,15950213,67538257810,51405583810727213377146,0,55908973495932242,1.3138311600286943
2025-06-14 07:17:42+00:00,15950218,67538257743,51405583759709518983446,0,55908973440445139,1.3138311600292514
2025-06-14 07:17:46+00:00,15950222,67538257744,51405583759709518983445,0,55908973440445139,1.3138311600487045
2025-06-14 07:17:51+00:00,15950227,67538257745,51405583758950669573946,0,55908973440445139,1.3138311600875523
2025-06-14 07:18:37+00:00,15950273,67538257746,51405583758191820164469,0,55908973440445139,1.3138311601264003
2025-06-14 07:18:49+00:00,15950285,67538257745,51405583759191820164469,0,55908973440445139,1.313831160081389
2025-06-14 07:18:57+00:00,15950293,67538257758,51405583769191820164469,0,55908973451206693,1.3138311600786985
2025-06-14 07:19:02+00:00,15950298,67538257757,51405583768395639615884,0,55908973450340763,1.3138311600795942
2025-06-14 07:19:24+00:00,15950320,67538257758,51405583767636790206403,0,55908973450340763,1.313831160118442
2025-06-14 07:20:10+00:00,15950366,67538257759,51405583766877940796944,0,55908973450340763,1.31383116015729
2025-06-14 07:20:41+00:00,15950397,67538257760,51405583766119091387508,0,55908973450340763,1.3138311601961379
2025-06-14 07:20:50+00:00,15950406,67538257824,51405583814957120887556,0,55908973503320724,1.3138311601929296
2025-06-14 07:20:55+00:00,15950411,67538257757,51405583763939426496400,0,55908973447833621,1.3138311601934867
2025-06-14 07:20:56+00:00,15950412,67538257758,51405583763180577086984,0,55908973447833621,1.3138311602323347
2025-06-14 07:21:42+00:00,15950458,67538257759,51405583762421727677591,0,55908973447833621,1.3138311602711825
2025-06-14 07:22:00+00:00,15950476,67538257758,51405583763421727677591,0,55908973447833621,1.3138311602261712
2025-06-14 07:22:05+00:00,15950481,67538257757,51405583764421727677591,0,55908973447833621,1.31383116018116
2025-06-14 07:22:10+00:00,15950486,67538257770,51405583774421727677591,0,55908973458595175,1.3138311601784693
2025-06-14 07:22:28+00:00,15950504,67538257771,51405583773662878268167,0,55908973458595175,1.3138311602173174
2025-06-14 07:23:14+00:00,15950550,67538257772,51405583772904028858765,0,55908973458595175,1.3138311602561652
2025-06-14 07:23:55+00:00,15950591,67538257773,51405583772145179449386,0,55908973458595175,1.3138311602950132
2025-06-14 07:24:00+00:00,15950596,67538257774,51405583771386330040029,0,55908973458595175,1.313831160333861
2025-06-14 07:24:00+00:00,15950596,67538257775,51405583770627480630694,0,55908973458595175,1.313831160372709
2025-06-14 07:24:05+00:00,15950601,67538257839,51405583819465510130742,0,55908973511575136,1.3138311603695008
2025-06-14 07:24:10+00:00,15950606,67538257772,51405583768447815742644,0,55908973456088033,1.3138311603700576
2025-06-14 07:24:15+00:00,15950611,67538257773,51405583768447815742643,0,55908973456088033,1.313831160389511
2025-06-14 07:24:46+00:00,15950642,67538257774,51405583767688966333341,0,55908973456088033,1.3138311604283588
2025-06-14 07:25:17+00:00,15950673,67538257773,51405583768688966333341,0,55908973456088033,1.3138311603833475
2025-06-14 07:25:21+00:00,15950677,67538257772,51405583769688966333341,0,55908973456088033,1.3138311603383364
2025-06-14 07:25:26+00:00,15950682,67538257785,51405583779688966333341,0,55908973466849587,1.3138311603356456
2025-06-14 07:25:31+00:00,15950687,67538257784,51405583778892785784816,0,55908973465983657,1.3138311603365413
2025-06-14 07:25:31+00:00,15950687,67538257785,51405583778133936375483,0,55908973465983657,1.3138311603753894
2025-06-14 07:26:17+00:00,15950733,67538257786,51405583777375086966172,0,55908973465983657,1.3138311604142372
2025-06-14 07:27:03+00:00,15950779,67538257787,51405583776616237556884,0,55908973465983657,1.3138311604530852
2025-06-14 07:27:08+00:00,15950784,67538257788,51405583775857388147618,0,55908973465983657,1.313831160491933
2025-06-14 07:27:13+00:00,15950789,67538257789,51405583775098538738375,0,55908973465983657,1.313831160530781
2025-06-14 07:27:19+00:00,15950795,67538257853,51405583823936568238423,0,55908973518963618,1.3138311605275728
2025-06-14 07:27:23+00:00,15950799,67538257786,51405583772918873852630,0,55908973463476515,1.3138311605281299
2025-06-14 07:27:28+00:00,15950804,67538257787,51405583772918873852629,0,55908973463476515,1.313831160547583
2025-06-14 07:27:50+00:00,15950826,67538257788,51405583772160024443418,0,55908973463476515,1.3138311605864308
2025-06-14 07:28:30+00:00,15950866,67538257787,51405583773160024443418,0,55908973463476515,1.3138311605414195
2025-06-14 07:28:36+00:00,15950872,67538257788,51405583772401175034203,0,55908973463476515,1.3138311605802675
2025-06-14 07:28:39+00:00,15950875,67538257801,51405583782401175034203,0,55908973474238069,1.313831160577577
2025-06-14 07:28:43+00:00,15950879,67538257800,51405583781604994485741,0,55908973473372139,1.3138311605784727
2025-06-14 07:29:22+00:00,15950918,67538257801,51405583780846145076548,0,55908973473372139,1.3138311606173205
2025-06-14 07:30:08+00:00,15950964,67538257802,51405583780087295667377,0,55908973473372139,1.3138311606561686
2025-06-14 07:30:23+00:00,15950979,67538257803,51405583779328446258229,0,55908973473372139,1.3138311606950164
2025-06-14 07:30:28+00:00,15950984,67538257804,51405583778569596849103,0,55908973473372139,1.3138311607338644
2025-06-14 07:30:33+00:00,15950989,67538257868,51405583827407626349151,0,55908973526352100,1.313831160730656
2025-06-14 07:30:38+00:00,15950994,67538257801,51405583776389931966655,0,55908973470864997,1.313831160731213
2025-06-14 07:30:43+00:00,15950999,67538257802,51405583776389931966654,0,55908973470864997,1.3138311607506663
2025-06-14 07:30:54+00:00,15951010,67538257803,51405583775631082557560,0,55908973470864997,1.3138311607895141
2025-06-14 07:31:41+00:00,15951057,67538257804,51405583774872233148489,0,55908973470864997,1.3138311608283622
2025-06-14 07:31:49+00:00,15951065,67538257803,51405583775872233148489,0,55908973470864997,1.3138311607833508
2025-06-14 07:31:54+00:00,15951070,67538257816,51405583785872233148489,0,55908973481626551,1.31383116078066
2025-06-14 07:32:27+00:00,15951103,67538257817,51405583785113383739413,0,55908973481626551,1.3138311608195081
2025-06-14 07:33:13+00:00,15951149,67538257818,51405583784354534330359,0,55908973481626551,1.313831160858356
2025-06-14 07:33:36+00:00,15951172,67538257819,51405583783595684921327,0,55908973481626551,1.313831160897204
2025-06-14 07:33:41+00:00,15951177,67538257820,51405583782836835512318,0,55908973481626551,1.3138311609360518
2025-06-14 07:33:47+00:00,15951183,67538257884,51405583831674865012366,0,55908973534606512,1.3138311609328435
2025-06-14 07:33:56+00:00,15951192,67538257885,51405583831674865012365,0,55908973534606512,1.3138311609522968
2025-06-14 07:34:45+00:00,15951241,67538257886,51405583830916015603388,0,55908973534606512,1.3138311609911446
2025-06-14 07:34:57+00:00,15951253,67538257885,51405583831916015603388,0,55908973534606512,1.3138311609461333
2025-06-14 07:35:02+00:00,15951258,67538257884,51405583832916015603388,0,55908973534606512,1.313831160901122
2025-06-14 07:35:07+00:00,15951263,67538257897,51405583842916015603388,0,55908973545368066,1.3138311608984314
2025-06-14 07:35:12+00:00,15951268,67538257896,51405583842119835055002,0,55908973544502136,1.3138311608993272
2025-06-14 07:35:32+00:00,15951288,67538257897,51405583841360985645994,0,55908973544502136,1.3138311609381752
2025-06-14 07:36:18+00:00,15951334,67538257898,51405583840602136237009,0,55908973544502136,1.313831160977023
2025-06-14 07:36:50+00:00,15951366,67538257899,51405583839843286828046,0,55908973544502136,1.313831161015871
2025-06-14 07:36:55+00:00,15951371,67538257900,51405583839084437419105,0,55908973544502136,1.3138311610547189
2025-06-14 07:37:00+00:00,15951376,67538257964,51405583887922466919153,0,55908973597482097,1.3138311610515105
2025-06-14 07:37:05+00:00,15951381,67538257897,51405583836904772541506,0,55908973541994994,1.3138311610520677
2025-06-14 07:37:49+00:00,15951425,67538257898,51405583836145923132586,0,55908973541994994,1.3138311610909155
2025-06-14 07:38:10+00:00,15951446,67538257897,51405583837145923132586,0,55908973541994994,1.3138311610459044
2025-06-14 07:38:15+00:00,15951451,67538257896,51405583838145923132586,0,55908973541994994,1.313831161000893
2025-06-14 07:38:20+00:00,15951456,67538257909,51405583848145923132586,0,55908973552756548,1.3138311609982025
2025-06-14 07:38:24+00:00,15951460,67538257908,51405583847349742584224,0,55908973551890618,1.3138311609990982
2025-06-14 07:38:35+00:00,15951471,67538257909,51405583846590893175274,0,55908973551890618,1.313831161037946
2025-06-14 07:39:21+00:00,15951517,67538257910,51405583845832043766346,0,55908973551890618,1.313831161076794
2025-06-14 07:40:05+00:00,15951561,67538257911,51405583845073194357441,0,55908973551890618,1.313831161115642
2025-06-14 07:40:07+00:00,15951563,67538257912,51405583844314344948558,0,55908973551890618,1.31383116115449
2025-06-14 07:40:10+00:00,15951566,67538257913,51405583843555495539697,0,55908973551890618,1.3138311611933378
2025-06-14 07:40:15+00:00,15951571,67538257977,51405583892393525039745,0,55908973604870579,1.3138311611901294
2025-06-14 07:40:20+00:00,15951576,67538257910,51405583841375830664403,0,55908973549383476,1.3138311611906865
2025-06-14 07:40:25+00:00,15951581,67538257911,51405583841375830664402,0,55908973549383476,1.3138311612101397
2025-06-14 07:40:54+00:00,15951610,67538257912,51405583840616981255574,0,55908973549383476,1.3138311612489877
2025-06-14 07:41:26+00:00,15951642,67538257911,51405583841616981255574,0,55908973549383476,1.3138311612039764
2025-06-14 07:41:31+00:00,15951647,67538257910,51405583842616981255574,0,55908973549383476,1.313831161158965
2025-06-14 07:41:35+00:00,15951651,67538257923,51405583852616981255574,0,55908973560145030,1.3138311611562745
2025-06-14 07:41:40+00:00,15951656,67538257922,51405583851820800707248,0,55908973559279100,1.3138311611571702
2025-06-14 07:41:42+00:00,15951658,67538257923,51405583851061951298389,0,55908973559279100,1.313831161196018
2025-06-14 07:42:27+00:00,15951703,67538257924,51405583850303101889552,0,55908973559279100,1.313831161234866
2025-06-14 07:43:15+00:00,15951751,67538257925,51405583849544252480738,0,55908973559279100,1.313831161273714
2025-06-14 07:43:20+00:00,15951756,67538257926,51405583848785403071946,0,55908973559279100,1.313831161312562
2025-06-14 07:43:30+00:00,15951766,67538257990,51405583897623432571994,0,55908973612259061,1.3138311613093536
2025-06-14 07:43:34+00:00,15951770,67538257923,51405583846605738198204,0,55908973556771958,1.3138311613099107
2025-06-14 07:43:39+00:00,15951775,67538257924,51405583846605738198203,0,55908973556771958,1.3138311613293638
2025-06-14 07:44:00+00:00,15951796,67538257925,51405583845846888789443,0,55908973556771958,1.3138311613682117
2025-06-14 07:44:40+00:00,15951836,67538257924,51405583846846888789443,0,55908973556771958,1.3138311613232003
2025-06-14 07:44:46+00:00,15951842,67538257925,51405583846088039380680,0,55908973556771958,1.3138311613620484
2025-06-14 07:44:49+00:00,15951845,67538257938,51405583856088039380680,0,55908973567533512,1.3138311613593578
2025-06-14 07:44:54+00:00,15951850,67538257937,51405583855291858832405,0,55908973566667582,1.3138311613602536
2025-06-14 07:45:32+00:00,15951888,67538257938,51405583854533009423663,0,55908973566667582,1.3138311613991014
2025-06-14 07:46:19+00:00,15951935,67538257939,51405583853774160014944,0,55908973566667582,1.3138311614379494
2025-06-14 07:46:34+00:00,15951950,67538257940,51405583853015310606247,0,55908973566667582,1.3138311614767972
2025-06-14 07:46:39+00:00,15951955,67538257941,51405583852256461197573,0,55908973566667582,1.3138311615156453
2025-06-14 07:46:45+00:00,15951961,67538258005,51405583901094490697621,0,55908973619647543,1.313831161512437
2025-06-14 07:46:54+00:00,15951970,67538258006,51405583901094490697620,0,55908973619647543,1.31383116153189
2025-06-14 07:47:04+00:00,15951980,67538258007,51405583900335641288977,0,55908973619647543,1.3138311615707379
2025-06-14 07:47:50+00:00,15952026,67538258008,51405583899576791880357,0,55908973619647543,1.313831161609586
2025-06-14 07:47:55+00:00,15952031,67538258007,51405583900576791880357,0,55908973619647543,1.3138311615645746
2025-06-14 07:48:04+00:00,15952040,67538258020,51405583910576791880357,0,55908973630409097,1.313831161561884
2025-06-14 07:48:09+00:00,15952045,67538258019,51405583909780611332134,0,55908973629543167,1.3138311615627798
2025-06-14 07:48:36+00:00,15952072,67538258020,51405583909021761923509,0,55908973629543167,1.3138311616016276
2025-06-14 07:49:21+00:00,15952117,67538258021,51405583908262912514907,0,55908973629543167,1.3138311616404756
2025-06-14 07:49:49+00:00,15952145,67538258022,51405583907504063106327,0,55908973629543167,1.3138311616793235
2025-06-14 07:49:54+00:00,15952150,67538258023,51405583906745213697770,0,55908973629543167,1.3138311617181715
2025-06-14 07:49:59+00:00,15952155,67538258087,51405583955583243197818,0,55908973682523128,1.3138311617149632
2025-06-14 07:50:04+00:00,15952160,67538258020,51405583904565548830622,0,55908973627036025,1.31383116171552
2025-06-14 07:50:08+00:00,15952164,67538258021,51405583903806699422086,0,55908973627036025,1.313831161754368
2025-06-14 07:50:09+00:00,15952165,67538258022,51405583903806699422085,0,55908973627036025,1.3138311617738212
2025-06-14 07:50:54+00:00,15952210,67538258023,51405583903047850013582,0,55908973627036025,1.3138311618126692
2025-06-14 07:51:09+00:00,15952225,67538258022,51405583904047850013582,0,55908973627036025,1.313831161767658
2025-06-14 07:51:14+00:00,15952230,67538258021,51405583905047850013582,0,55908973627036025,1.3138311617226466
2025-06-14 07:51:19+00:00,15952235,67538258034,51405583915047850013582,0,55908973637797579,1.313831161719956
2025-06-14 07:51:24+00:00,15952240,67538258033,51405583914251669465395,0,55908973636931649,1.3138311617208518
2025-06-14 07:51:41+00:00,15952257,67538258034,51405583913492820056862,0,55908973636931649,1.3138311617596996
2025-06-14 07:52:27+00:00,15952303,67538258035,51405583912733970648351,0,55908973636931649,1.3138311617985476
2025-06-14 07:53:02+00:00,15952338,67538258036,51405583911975121239862,0,55908973636931649,1.3138311618373955
2025-06-14 07:53:07+00:00,15952343,67538258037,51405583911216271831396,0,55908973636931649,1.3138311618762435
2025-06-14 07:53:13+00:00,15952349,67538258038,51405583910457422422952,0,55908973689911610,1.3138311619150913
2025-06-14 07:53:13+00:00,15952349,67538258102,51405583959295451923000,0,55908973689911610,1.313831161911883
2025-06-14 07:53:18+00:00,15952354,67538258035,51405583908277757558862,0,55908973634424507,1.31383116191244
2025-06-14 07:53:23+00:00,15952359,67538258036,51405583908277757558861,0,55908973634424507,1.3138311619318932
2025-06-14 07:53:59+00:00,15952395,67538258037,51405583907518908150449,0,55908973634424507,1.3138311619707412
2025-06-14 07:54:24+00:00,15952420,67538258036,51405583908518908150449,0,55908973634424507,1.31383116192573
2025-06-14 07:54:28+00:00,15952424,67538258035,51405583909518908150449,0,55908973634424507,1.3138311618807186
2025-06-14 07:54:33+00:00,15952429,67538258048,51405583919518908150449,0,55908973645186061,1.313831161878028
2025-06-14 07:54:38+00:00,15952434,67538258047,51405583918722727602298,0,55908973644320131,1.3138311618789238
2025-06-14 07:54:45+00:00,15952441,67538258048,51405583917963878193856,0,55908973644320131,1.3138311619177716
2025-06-14 07:55:30+00:00,15952486,67538258049,51405583917205028785436,0,55908973644320131,1.3138311619566196
2025-06-14 07:56:15+00:00,15952531,67538258050,51405583916446179377039,0,55908973644320131,1.3138311619954675
2025-06-14 07:56:16+00:00,15952532,67538258051,51405583915687329968664,0,55908973644320131,1.3138311620343155
2025-06-14 07:56:25+00:00,15952541,67538258115,51405583964525359468712,0,55908973697300092,1.3138311620311072
2025-06-14 07:56:29+00:00,15952545,67538258048,51405583913507665106126,0,55908973641812989,1.3138311620316643
2025-06-14 07:56:34+00:00,15952550,67538258049,51405583913507665106125,0,55908973641812989,1.3138311620511174
2025-06-14 07:57:02+00:00,15952578,67538258050,51405583912748815697782,0,55908973641812989,1.3138311620899652
2025-06-14 07:57:32+00:00,15952608,67538258049,51405583913748815697782,0,55908973641812989,1.313831162044954
2025-06-14 07:57:41+00:00,15952617,67538258062,51405583923748815697782,0,55908973652574543,1.3138311620422634
2025-06-14 07:57:49+00:00,15952625,67538258063,51405583922989966289434,0,55908973652574543,1.3138311620811114
2025-06-14 07:58:35+00:00,15952671,67538258064,51405583922231116881109,0,55908973652574543,1.3138311621199592
2025-06-14 07:59:21+00:00,15952717,67538258065,51405583921472267472806,0,55908973652574543,1.3138311621588072
2025-06-14 07:59:21+00:00,15952717,67538258066,51405583920713418064526,0,55908973652574543,1.313831162197655
2025-06-14 07:59:26+00:00,15952722,67538258067,51405583919954568656268,0,55908973652574543,1.313831162236503
2025-06-14 07:59:31+00:00,15952727,67538258131,51405583968792598156316,0,55908973705554504,1.3138311622332948
2025-06-14 07:59:36+00:00,15952732,67538258064,51405583917774903797027,0,55908973650067401,1.3138311622338517
2025-06-14 08:00:06+00:00,15952762,67538258065,51405583917016054388790,0,55908973650067401,1.3138311622726997
2025-06-14 08:00:42+00:00,15952798,67538258064,51405583918016054388790,0,55908973650067401,1.3138311622276884
2025-06-14 08:00:46+00:00,15952802,67538258063,51405583919016054388790,0,55908973650067401,1.313831162182677
2025-06-14 08:00:51+00:00,15952807,67538258076,51405583929016054388790,0,55908973660828955,1.3138311621799865
2025-06-14 08:00:53+00:00,15952809,67538258077,51405583928257204980522,0,55908973660828955,1.3138311622188343
2025-06-14 08:00:56+00:00,15952812,67538258076,51405583927461024432458,0,55908973659963025,1.3138311622197303
2025-06-14 08:01:41+00:00,15952857,67538258077,51405583926702175024213,0,55908973659963025,1.313831162258578
2025-06-14 08:02:27+00:00,15952903,67538258078,51405583925943325615990,0,55908973659963025,1.3138311622974261
2025-06-14 08:02:33+00:00,15952909,67538258079,51405583925184476207790,0,55908973659963025,1.313831162336274
2025-06-14 08:02:38+00:00,15952914,67538258080,51405583924425626799612,0,55908973659963025,1.3138311623751218
2025-06-14 08:02:44+00:00,15952920,67538258144,51405583973263656299660,0,55908973712942986,1.3138311623719137
2025-06-14 08:02:48+00:00,15952924,67538258077,51405583922245961942676,0,55908973657455883,1.3138311623724706
2025-06-14 08:02:53+00:00,15952929,67538258078,51405583922245961942675,0,55908973657455883,1.3138311623919239
2025-06-14 08:03:13+00:00,15952949,67538258079,51405583921487112534529,0,55908973657455883,1.3138311624307717
2025-06-14 08:03:54+00:00,15952990,67538258078,51405583922487112534529,0,55908973657455883,1.3138311623857604
2025-06-14 08:03:58+00:00,15952994,67538258079,51405583921728263126380,0,55908973657455883,1.3138311624246084
2025-06-14 08:03:59+00:00,15952995,67538258078,51405583922728263126380,0,55908973657455883,1.313831162379597
2025-06-14 08:04:08+00:00,15953004,67538258077,51405583921932082578354,0,55908973656589953,1.3138311623804928
2025-06-14 08:04:44+00:00,15953040,67538258078,51405583921173233170202,0,55908973656589953,1.3138311624193406
2025-06-14 08:05:29+00:00,15953085,67538258079,51405583920414383762072,0,55908973656589953,1.3138311624581887
2025-06-14 08:05:44+00:00,15953100,67538258080,51405583919655534353964,0,55908973656589953,1.3138311624970365
2025-06-14 08:05:48+00:00,15953104,67538258081,51405583918896684945879,0,55908973656589953,1.3138311625358845
2025-06-14 08:05:54+00:00,15953110,67538258145,51405583967734714445927,0,55908973709569914,1.3138311625326762
2025-06-14 08:05:58+00:00,15953114,67538258078,51405583916717020091352,0,55908973654082811,1.3138311625332333
2025-06-14 08:06:03+00:00,15953119,67538258079,51405583916717020091351,0,55908973654082811,1.3138311625526864
2025-06-14 08:06:15+00:00,15953131,67538258080,51405583915958170683298,0,55908973654082811,1.3138311625915342
2025-06-14 08:07:00+00:00,15953176,67538258081,51405583915199321275267,0,55908973654082811,1.3138311626303822
2025-06-14 08:07:08+00:00,15953184,67538258080,51405583916199321275267,0,55908973654082811,1.313831162585371
2025-06-14 08:07:13+00:00,15953189,67538258093,51405583926199321275267,0,55908973664844365,1.3138311625826804
2025-06-14 08:07:18+00:00,15953194,67538258092,51405583925403140727292,0,55908973663978435,1.3138311625835761
2025-06-14 08:07:46+00:00,15953222,67538258093,51405583924644291319257,0,55908973663978435,1.313831162622424
2025-06-14 08:08:32+00:00,15953268,67538258094,51405583923885441911244,0,55908973663978435,1.313831162661272
2025-06-14 08:08:56+00:00,15953292,67538258095,51405583923126592503254,0,55908973663978435,1.3138311627001198
2025-06-14 08:09:01+00:00,15953297,67538258096,51405583922367743095286,0,55908973663978435,1.3138311627389678
2025-06-14 08:09:07+00:00,15953303,67538258160,51405583971205772595334,0,55908973716958396,1.3138311627357595
2025-06-14 08:09:12+00:00,15953308,67538258093,51405583920188078244056,0,55908973661471293,1.3138311627363166
2025-06-14 08:09:17+00:00,15953313,67538258094,51405583920188078244055,0,55908973661471293,1.3138311627557697
2025-06-14 08:09:18+00:00,15953314,67538258095,51405583919429228836119,0,55908973661471293,1.3138311627946175
2025-06-14 08:10:04+00:00,15953360,67538258096,51405583918670379428206,0,55908973661471293,1.3138311628334656
2025-06-14 08:10:18+00:00,15953374,67538258095,51405583919670379428206,0,55908973661471293,1.3138311627884542
2025-06-14 08:10:23+00:00,15953379,67538258094,51405583920670379428206,0,55908973661471293,1.313831162743443
2025-06-14 08:10:32+00:00,15953388,67538258093,51405583919874198880269,0,55908973660605363,1.3138311627443386
2025-06-14 08:10:50+00:00,15953406,67538258094,51405583919115349472327,0,55908973660605363,1.3138311627831867
2025-06-14 08:11:36+00:00,15953452,67538258095,51405583918356500064407,0,55908973660605363,1.3138311628220345
2025-06-14 08:12:10+00:00,15953486,67538258096,51405583917597650656510,0,55908973660605363,1.3138311628608825
2025-06-14 08:12:15+00:00,15953491,67538258097,51405583916838801248635,0,55908973660605363,1.3138311628997303
2025-06-14 08:12:21+00:00,15953497,67538258161,51405583965676830748683,0,55908973713585324,1.313831162896522
2025-06-14 08:12:22+00:00,15953498,67538258162,51405583964917981340829,0,55908973713585324,1.31383116293537
2025-06-14 08:12:30+00:00,15953506,67538258163,51405583964917981340828,0,55908973713585324,1.3138311629548232
2025-06-14 08:13:09+00:00,15953545,67538258164,51405583964159131933007,0,55908973713585324,1.313831162993671
2025-06-14 08:13:32+00:00,15953568,67538258163,51405583965159131933007,0,55908973713585324,1.3138311629486599
2025-06-14 08:13:41+00:00,15953577,67538258176,51405583975159131933007,0,55908973724346878,1.3138311629459691
2025-06-14 08:13:46+00:00,15953582,67538258175,51405583974362951385121,0,55908973723480948,1.3138311629468649
2025-06-14 08:13:54+00:00,15953590,67538258176,51405583973604101977296,0,55908973723480948,1.313831162985713
2025-06-14 08:14:40+00:00,15953636,67538258177,51405583972845252569493,0,55908973723480948,1.3138311630245607
2025-06-14 08:15:26+00:00,15953682,67538258178,51405583972086403161713,0,55908973723480948,1.3138311630634087
2025-06-14 08:15:26+00:00,15953682,67538258179,51405583971327553753955,0,55908973723480948,1.3138311631022566
2025-06-14 08:15:36+00:00,15953692,67538258243,51405584020165583254003,0,55908973776460909,1.3138311630990482
2025-06-14 08:15:41+00:00,15953697,67538258176,51405583969147888908432,0,55908973720973806,1.3138311630996053
2025-06-14 08:15:46+00:00,15953702,67538258177,51405583969147888908431,0,55908973720973806,1.3138311631190585
2025-06-14 08:16:11+00:00,15953727,67538258178,51405583968389039500705,0,55908973720973806,1.3138311631579065
2025-06-14 08:16:47+00:00,15953763,67538258177,51405583969389039500705,0,55908973720973806,1.3138311631128952
2025-06-14 08:16:56+00:00,15953772,67538258190,51405583979389039500705,0,55908973731735360,1.3138311631102046
2025-06-14 08:16:56+00:00,15953772,67538258191,51405583978630190092974,0,55908973731735360,1.3138311631490525
2025-06-14 08:17:00+00:00,15953776,67538258190,51405583977834009545140,0,55908973730869430,1.3138311631499482
2025-06-14 08:17:42+00:00,15953818,67538258191,51405583977075160137432,0,55908973730869430,1.3138311631887962
2025-06-14 08:18:28+00:00,15953864,67538258192,51405583976316310729746,0,55908973730869430,1.313831163227644
2025-06-14 08:18:40+00:00,15953876,67538258193,51405583975557461322083,0,55908973730869430,1.313831163266492
2025-06-14 08:18:45+00:00,15953881,67538258194,51405583974798611914442,0,55908973730869430,1.3138311633053399
2025-06-14 08:18:50+00:00,15953886,67538258258,51405584023636641414490,0,55908973783849391,1.3138311633021316
2025-06-14 08:18:55+00:00,15953891,67538258191,51405583972618947072216,0,55908973728362288,1.3138311633026887
2025-06-14 08:19:14+00:00,15953910,67538258192,51405583971860097664596,0,55908973728362288,1.3138311633415367
2025-06-14 08:19:59+00:00,15953955,67538258192,51405583972101248256973,0,55908973728362288,1.3138311633353732
2025-06-14 08:19:59+00:00,15953955,67538258191,51405583972860097664596,0,55908973728362288,1.3138311632965254
2025-06-14 08:20:05+00:00,15953961,67538258191,51405583973101248256973,0,55908973728362288,1.3138311632903619
2025-06-14 08:20:10+00:00,15953966,67538258204,51405583983101248256973,0,55908973739123842,1.3138311632876714
2025-06-14 08:20:15+00:00,15953971,67538258203,51405583982305067709175,0,55908973738257912,1.313831163288567
2025-06-14 08:20:46+00:00,15954002,67538258204,51405583981546218301547,0,55908973738257912,1.3138311633274151
2025-06-14 08:21:32+00:00,15954048,67538258205,51405583980787368893942,0,55908973738257912,1.313831163366263
2025-06-14 08:21:54+00:00,15954070,67538258206,51405583980028519486359,0,55908973738257912,1.313831163405111
2025-06-14 08:21:59+00:00,15954075,67538258207,51405583979269670078798,0,55908973738257912,1.3138311634439588
2025-06-14 08:22:04+00:00,15954080,67538258271,51405584028107699578846,0,55908973791237873,1.3138311634407505
2025-06-14 08:22:10+00:00,15954086,67538258204,51405583977090005238877,0,55908973735750770,1.3138311634413076
2025-06-14 08:22:18+00:00,15954094,67538258205,51405583976331155831337,0,55908973735750770,1.3138311634801554
2025-06-14 08:23:04+00:00,15954140,67538258206,51405583975572306423820,0,55908973735750770,1.3138311635190034
2025-06-14 08:23:13+00:00,15954149,67538258205,51405583976572306423820,0,55908973735750770,1.313831163473992
2025-06-14 08:23:18+00:00,15954154,67538258204,51405583977572306423820,0,55908973735750770,1.3138311634289808
2025-06-14 08:23:27+00:00,15954163,67538258203,51405583976776125876059,0,55908973734884840,1.3138311634298765
2025-06-14 08:23:49+00:00,15954185,67538258204,51405583976017276468513,0,55908973734884840,1.3138311634687245
2025-06-14 08:24:34+00:00,15954230,67538258205,51405583975258427060989,0,55908973734884840,1.3138311635075723
2025-06-14 08:25:09+00:00,15954265,67538258206,51405583974499577653488,0,55908973734884840,1.3138311635464204
2025-06-14 08:25:14+00:00,15954270,67538258207,51405583973740728246009,0,55908973734884840,1.3138311635852682
2025-06-14 08:25:19+00:00,15954275,67538258208,51405583972981878838552,0,55908973734884840,1.3138311636241162
2025-06-14 08:25:20+00:00,15954276,67538258272,51405584021819908338600,0,55908973787864801,1.313831163620908
2025-06-14 08:25:29+00:00,15954285,67538258273,51405584021819908338599,0,55908973787864801,1.313831163640361
2025-06-14 08:26:05+00:00,15954321,67538258274,51405584021061058931174,0,55908973787864801,1.313831163679209
2025-06-14 08:26:31+00:00,15954347,67538258273,51405584022061058931174,0,55908973787864801,1.3138311636341977
2025-06-14 08:26:36+00:00,15954352,67538258272,51405584023061058931174,0,55908973787864801,1.3138311635891864
2025-06-14 08:26:45+00:00,15954361,67538258271,51405584022264878383451,0,55908973786998871,1.3138311635900821
2025-06-14 08:26:51+00:00,15954367,67538258272,51405584021506028975997,0,55908973786998871,1.3138311636289302
2025-06-14 08:27:38+00:00,15954414,67538258273,51405584020747179568566,0,55908973786998871,1.313831163667778
2025-06-14 08:28:25+00:00,15954461,67538258275,51405584019229480753771,0,55908973786998871,1.3138311637454738
2025-06-14 08:28:25+00:00,15954461,67538258274,51405584019988330161157,0,55908973786998871,1.313831163706626
2025-06-14 08:28:29+00:00,15954465,67538258276,51405584018470631346407,0,55908973786998871,1.3138311637843216
2025-06-14 08:28:36+00:00,15954472,67538258340,51405584067308660846455,0,55908973839978832,1.3138311637811135
2025-06-14 08:28:45+00:00,15954481,67538258341,51405584067308660846454,0,55908973839978832,1.3138311638005666
2025-06-14 08:29:11+00:00,15954507,67538258342,51405584066549811439122,0,55908973839978832,1.3138311638394145
2025-06-14 08:29:46+00:00,15954542,67538258341,51405584067549811439122,0,55908973839978832,1.3138311637944031
2025-06-14 08:29:51+00:00,15954547,67538258340,51405584068549811439122,0,55908973839978832,1.313831163749392
2025-06-14 08:29:57+00:00,15954553,67538258341,51405584067790962031760,0,55908973839978832,1.3138311637882398
2025-06-14 08:30:00+00:00,15954556,67538258340,51405584066994781484086,0,55908973839112902,1.3138311637891356
2025-06-14 08:30:45+00:00,15954601,67538258341,51405584066235932076747,0,55908973839112902,1.3138311638279836
2025-06-14 08:31:32+00:00,15954648,67538258342,51405584065477082669431,0,55908973839112902,1.3138311638668314
2025-06-14 08:31:44+00:00,15954660,67538258343,51405584064718233262137,0,55908973839112902,1.3138311639056794
2025-06-14 08:31:49+00:00,15954665,67538258344,51405584063959383854866,0,55908973839112902,1.3138311639445273
2025-06-14 08:31:55+00:00,15954671,67538258408,51405584112797413354914,0,55908973892092863,1.313831163941319
2025-06-14 08:32:04+00:00,15954680,67538258409,51405584112797413354913,0,55908973892092863,1.313831163960772
2025-06-14 08:32:19+00:00,15954695,67538258410,51405584112038563947673,0,55908973892092863,1.31383116399962
2025-06-14 08:33:06+00:00,15954742,67538258410,51405584112279714540456,0,55908973892092863,1.3138311639934566
2025-06-14 08:33:06+00:00,15954742,67538258411,51405584111279714540456,0,55908973892092863,1.313831164038468
2025-06-14 08:33:11+00:00,15954747,67538258409,51405584113279714540456,0,55908973892092863,1.3138311639484455
2025-06-14 08:33:16+00:00,15954752,67538258422,51405584123279714540456,0,55908973902854417,1.3138311639457547
2025-06-14 08:33:21+00:00,15954757,67538258421,51405584122483533992818,0,55908973901988487,1.3138311639466504
2025-06-14 08:33:53+00:00,15954789,67538258422,51405584121724684585570,0,55908973901988487,1.3138311639854985
2025-06-14 08:34:39+00:00,15954835,67538258423,51405584120965835178345,0,55908973901988487,1.3138311640243463
2025-06-14 08:35:00+00:00,15954856,67538258424,51405584120206985771142,0,55908973901988487,1.3138311640631943
2025-06-14 08:35:04+00:00,15954860,67538258425,51405584119448136363961,0,55908973901988487,1.3138311641020421
2025-06-14 08:35:11+00:00,15954867,67538258489,51405584168286165864009,0,55908973954968448,1.3138311640988338
2025-06-14 08:35:15+00:00,15954871,67538258422,51405584117268471534325,0,55908973899481345,1.313831164099391
2025-06-14 08:35:20+00:00,15954876,67538258423,51405584117268471534324,0,55908973899481345,1.313831164118844
2025-06-14 08:35:26+00:00,15954882,67538258424,51405584116509622127176,0,55908973899481345,1.313831164157692
2025-06-14 08:36:12+00:00,15954928,67538258425,51405584115750772720050,0,55908973899481345,1.31383116419654
2025-06-14 08:36:21+00:00,15954937,67538258424,51405584116750772720050,0,55908973899481345,1.3138311641515288
2025-06-14 08:36:26+00:00,15954942,67538258423,51405584117750772720050,0,55908973899481345,1.3138311641065175
2025-06-14 08:36:31+00:00,15954947,67538258436,51405584127750772720050,0,55908973910242899,1.3138311641038267
2025-06-14 08:36:36+00:00,15954952,67538258435,51405584126954592172448,0,55908973909376969,1.3138311641047227
2025-06-14 08:36:58+00:00,15954974,67538258436,51405584126195742765291,0,55908973909376969,1.3138311641435705
2025-06-14 08:37:45+00:00,15955021,67538258437,51405584125436893358157,0,55908973909376969,1.3138311641824183
2025-06-14 08:38:14+00:00,15955050,67538258438,51405584124678043951045,0,55908973909376969,1.3138311642212663
2025-06-14 08:38:19+00:00,15955055,67538258439,51405584123919194543956,0,55908973909376969,1.3138311642601141
2025-06-14 08:38:25+00:00,15955061,67538258503,51405584172757224044004,0,55908973962356930,1.3138311642569058
2025-06-14 08:38:29+00:00,15955065,67538258436,51405584121739529716625,0,55908973906869827,1.313831164257463
2025-06-14 08:38:32+00:00,15955068,67538258437,51405584120980680309557,0,55908973906869827,1.313831164296311
2025-06-14 08:38:34+00:00,15955070,67538258438,51405584120980680309556,0,55908973906869827,1.313831164315764
2025-06-14 08:39:18+00:00,15955114,67538258439,51405584120221830902521,0,55908973906869827,1.313831164354612
2025-06-14 08:39:35+00:00,15955131,67538258438,51405584121221830902521,0,55908973906869827,1.3138311643096008
2025-06-14 08:39:40+00:00,15955136,67538258437,51405584122221830902521,0,55908973906869827,1.3138311642645895
2025-06-14 08:39:45+00:00,15955141,67538258450,51405584132221830902521,0,55908973917631381,1.3138311642618987
2025-06-14 08:40:04+00:00,15955160,67538258451,51405584131462981495455,0,55908973917631381,1.3138311643007468
2025-06-14 08:40:50+00:00,15955206,67538258452,51405584130704132088412,0,55908973917631381,1.3138311643395946
2025-06-14 08:41:29+00:00,15955245,67538258453,51405584129945282681391,0,55908973917631381,1.3138311643784426
2025-06-14 08:41:34+00:00,15955250,67538258454,51405584129186433274393,0,55908973917631381,1.3138311644172904
2025-06-14 08:41:39+00:00,15955255,67538258518,51405584178024462774441,0,55908973970611342,1.313831164414082
2025-06-14 08:41:44+00:00,15955260,67538258451,51405584127006768449367,0,55908973915124239,1.3138311644146392
2025-06-14 08:42:25+00:00,15955301,67538258452,51405584126247919042389,0,55908973915124239,1.3138311644534872
2025-06-14 08:42:49+00:00,15955325,67538258451,51405584127247919042389,0,55908973915124239,1.313831164408476
2025-06-14 08:42:58+00:00,15955334,67538258464,51405584137247919042389,0,55908973925885793,1.3138311644057854
2025-06-14 08:43:02+00:00,15955338,67538258463,51405584136451738494863,0,55908973925019863,1.3138311644066811
2025-06-14 08:43:12+00:00,15955348,67538258464,51405584135692889087881,0,55908973925019863,1.313831164445529
2025-06-14 08:43:58+00:00,15955394,67538258465,51405584134934039680921,0,55908973925019863,1.313831164484377
2025-06-14 08:44:41+00:00,15955437,67538258466,51405584134175190273984,0,55908973925019863,1.3138311645232248
2025-06-14 08:44:46+00:00,15955442,67538258467,51405584133416340867069,0,55908973925019863,1.3138311645620728
2025-06-14 08:44:51+00:00,15955447,67538258531,51405584182254370367117,0,55908973977999824,1.3138311645588645
2025-06-14 08:44:55+00:00,15955451,67538258464,51405584131236676044587,0,55908973922512721,1.3138311645594214
2025-06-14 08:45:00+00:00,15955456,67538258465,51405584131236676044586,0,55908973922512721,1.3138311645788747
2025-06-14 08:45:32+00:00,15955488,67538258466,51405584130477826637703,0,55908973922512721,1.3138311646177225
2025-06-14 08:46:02+00:00,15955518,67538258465,51405584131477826637703,0,55908973922512721,1.3138311645727112
2025-06-14 08:46:07+00:00,15955523,67538258464,51405584132477826637703,0,55908973922512721,1.3138311645277
2025-06-14 08:46:16+00:00,15955532,67538258463,51405584131681646090203,0,55908973921646791,1.3138311645285958
2025-06-14 08:47:06+00:00,15955582,67538258464,51405584130922796683291,0,55908973921646791,1.3138311645674436
2025-06-14 08:47:53+00:00,15955629,67538258465,51405584130163947276402,0,55908973921646791,1.3138311646062917
2025-06-14 08:47:55+00:00,15955631,67538258466,51405584129405097869535,0,55908973921646791,1.3138311646451395
2025-06-14 08:48:00+00:00,15955636,67538258467,51405584128646248462691,0,55908973921646791,1.3138311646839875
2025-06-14 08:48:06+00:00,15955642,67538258531,51405584177484277962739,0,55908973974626752,1.3138311646807792
2025-06-14 08:48:11+00:00,15955647,67538258464,51405584126466583641865,0,55908973919139649,1.313831164681336
2025-06-14 08:48:16+00:00,15955652,67538258465,51405584126466583641864,0,55908973919139649,1.3138311647007894
2025-06-14 08:48:40+00:00,15955676,67538258466,51405584125707734235052,0,55908973919139649,1.3138311647396372
2025-06-14 08:49:19+00:00,15955715,67538258465,51405584126707734235052,0,55908973919139649,1.313831164694626
2025-06-14 08:49:24+00:00,15955720,67538258464,51405584127707734235052,0,55908973919139649,1.3138311646496148
2025-06-14 08:49:26+00:00,15955722,67538258465,51405584126948884828210,0,55908973919139649,1.3138311646884626
2025-06-14 08:49:33+00:00,15955729,67538258464,51405584126152704280747,0,55908973918273719,1.3138311646893583
2025-06-14 08:50:12+00:00,15955768,67538258465,51405584125393854873928,0,55908973918273719,1.3138311647282064
2025-06-14 08:50:59+00:00,15955815,67538258466,51405584124635005467132,0,55908973918273719,1.3138311647670542
2025-06-14 08:51:12+00:00,15955828,67538258467,51405584123876156060358,0,55908973918273719,1.3138311648059022
2025-06-14 08:51:22+00:00,15955838,67538258531,51405584172714185560406,0,55908973971253680,1.313831164802694
2025-06-14 08:51:27+00:00,15955843,67538258464,51405584121696491241188,0,55908973915766577,1.3138311648032508
2025-06-14 08:51:32+00:00,15955848,67538258465,51405584121696491241187,0,55908973915766577,1.3138311648227041
2025-06-14 08:51:45+00:00,15955861,67538258466,51405584120937641834445,0,55908973915766577,1.313831164861552
2025-06-14 08:52:32+00:00,15955908,67538258467,51405584120178792427726,0,55908973915766577,1.3138311649004
2025-06-14 08:52:34+00:00,15955910,67538258466,51405584121178792427726,0,55908973915766577,1.3138311648553886
2025-06-14 08:52:39+00:00,15955915,67538258465,51405584122178792427726,0,55908973915766577,1.3138311648103773
2025-06-14 08:52:43+00:00,15955919,67538258478,51405584132178792427726,0,55908973926528131,1.3138311648076868
2025-06-14 08:52:48+00:00,15955924,67538258477,51405584131382611880287,0,55908973925662201,1.3138311648085825
2025-06-14 08:53:20+00:00,15955956,67538258478,51405584130623762473537,0,55908973925662201,1.3138311648474303
2025-06-14 08:54:06+00:00,15956002,67538258479,51405584129864913066809,0,55908973925662201,1.3138311648862784
2025-06-14 08:54:28+00:00,15956024,67538258480,51405584129106063660104,0,55908973925662201,1.3138311649251262
2025-06-14 08:54:33+00:00,15956029,67538258481,51405584128347214253421,0,55908973925662201,1.3138311649639742
2025-06-14 08:54:38+00:00,15956034,67538258545,51405584177185243753469,0,55908973978642162,1.313831164960766
2025-06-14 08:54:43+00:00,15956039,67538258478,51405584126167549436556,0,55908973923155059,1.313831164961323
2025-06-14 08:54:51+00:00,15956047,67538258479,51405584125408700029894,0,55908973923155059,1.3138311650001708
2025-06-14 08:55:37+00:00,15956093,67538258480,51405584124649850623255,0,55908973923155059,1.3138311650390186
2025-06-14 08:55:48+00:00,15956104,67538258479,51405584125649850623255,0,55908973923155059,1.3138311649940075
2025-06-14 08:55:53+00:00,15956109,67538258478,51405584126649850623255,0,55908973923155059,1.3138311649489962
2025-06-14 08:56:01+00:00,15956117,67538258477,51405584125853670075854,0,55908973922289129,1.313831164949892
2025-06-14 08:56:24+00:00,15956140,67538258478,51405584125094820669186,0,55908973922289129,1.3138311649887398
2025-06-14 08:57:10+00:00,15956186,67538258479,51405584124335971262540,0,55908973922289129,1.3138311650275878
2025-06-14 08:57:38+00:00,15956214,67538258480,51405584123577121855917,0,55908973922289129,1.3138311650664356
2025-06-14 08:57:48+00:00,15956224,67538258544,51405584172415151355965,0,55908973975269090,1.3138311650632273
2025-06-14 08:57:57+00:00,15956233,67538258545,51405584172415151355964,0,55908973975269090,1.3138311650826806
2025-06-14 08:57:57+00:00,15956233,67538258546,51405584171656301949372,0,55908973975269090,1.3138311651215284
2025-06-14 08:58:43+00:00,15956279,67538258547,51405584170897452542803,0,55908973975269090,1.3138311651603765
2025-06-14 08:58:57+00:00,15956293,67538258546,51405584171897452542803,0,55908973975269090,1.3138311651153651
2025-06-14 08:59:02+00:00,15956298,67538258545,51405584172897452542803,0,55908973975269090,1.3138311650703538
2025-06-14 08:59:07+00:00,15956303,67538258558,51405584182897452542803,0,55908973986030644,1.3138311650676633
2025-06-14 08:59:12+00:00,15956308,67538258557,51405584182101271995426,0,55908973985164714,1.313831165068559
2025-06-14 08:59:29+00:00,15956325,67538258558,51405584181342422588826,0,55908973985164714,1.3138311651074068
2025-06-14 09:00:15+00:00,15956371,67538258559,51405584180583573182249,0,55908973985164714,1.3138311651462549
2025-06-14 09:00:50+00:00,15956406,67538258560,51405584179824723775694,0,55908973985164714,1.3138311651851027
2025-06-14 09:00:55+00:00,15956411,67538258561,51405584179065874369161,0,55908973985164714,1.3138311652239507
2025-06-14 09:01:00+00:00,15956416,67538258625,51405584227903903869209,0,55908974038144675,1.3138311652207424
2025-06-14 09:01:02+00:00,15956418,67538258626,51405584227145054462697,0,55908974038144675,1.3138311652595902
2025-06-14 09:01:09+00:00,15956425,67538258627,51405584227145054462696,0,55908974038144675,1.3138311652790433
2025-06-14 09:01:50+00:00,15956466,67538258628,51405584226386205056218,0,55908974038144675,1.3138311653178913
2025-06-14 09:02:08+00:00,15956484,67538258627,51405584227386205056218,0,55908974038144675,1.31383116527288
2025-06-14 09:02:17+00:00,15956493,67538258640,51405584237386205056218,0,55908974048906229,1.3138311652701895
2025-06-14 09:02:22+00:00,15956498,67538258639,51405584236590024508893,0,55908974048040299,1.3138311652710852
2025-06-14 09:02:37+00:00,15956513,67538258640,51405584235831175102410,0,55908974048040299,1.313831165309933
2025-06-14 09:03:23+00:00,15956559,67538258641,51405584235072325695950,0,55908974048040299,1.313831165348781
2025-06-14 09:03:58+00:00,15956594,67538258642,51405584234313476289512,0,55908974048040299,1.313831165387629
2025-06-14 09:04:02+00:00,15956598,67538258643,51405584233554626883096,0,55908974048040299,1.313831165426477
2025-06-14 09:04:08+00:00,15956604,67538258707,51405584282392656383144,0,55908974101020260,1.3138311654232686
2025-06-14 09:04:10+00:00,15956606,67538258708,51405584281633806976749,0,55908974101020260,1.3138311654621164
2025-06-14 09:04:17+00:00,15956613,67538258709,51405584281633806976748,0,55908974101020260,1.3138311654815695
2025-06-14 09:04:56+00:00,15956652,67538258710,51405584280874957570387,0,55908974101020260,1.3138311655204176
2025-06-14 09:05:16+00:00,15956672,67538258709,51405584281874957570387,0,55908974101020260,1.3138311654754062
2025-06-14 09:05:26+00:00,15956682,67538258722,51405584291874957570387,0,55908974111781814,1.3138311654727157
2025-06-14 09:05:30+00:00,15956686,67538258721,51405584291078777023113,0,55908974110915884,1.3138311654736115
2025-06-14 09:05:43+00:00,15956699,67538258722,51405584290319927616747,0,55908974110915884,1.3138311655124593
2025-06-14 09:06:30+00:00,15956746,67538258723,51405584289561078210404,0,55908974110915884,1.3138311655513073
2025-06-14 09:07:04+00:00,15956780,67538258724,51405584288802228804083,0,55908974110915884,1.3138311655901551
2025-06-14 09:07:08+00:00,15956784,67538258725,51405584288043379397784,0,55908974110915884,1.3138311656290032
2025-06-14 09:07:14+00:00,15956790,67538258789,51405584336881408897832,0,55908974163895845,1.3138311656257948
2025-06-14 09:07:19+00:00,15956795,67538258722,51405584285863714591474,0,55908974108408742,1.313831165626352
2025-06-14 09:08:03+00:00,15956839,67538258723,51405584285104865185196,0,55908974108408742,1.3138311656651998
2025-06-14 09:08:23+00:00,15956859,67538258722,51405584286104865185196,0,55908974108408742,1.3138311656201884
2025-06-14 09:08:28+00:00,15956864,67538258721,51405584287104865185196,0,55908974108408742,1.3138311655751773
2025-06-14 09:08:37+00:00,15956873,67538258720,51405584286308684637948,0,55908974107542812,1.313831165576073
2025-06-14 09:08:48+00:00,15956884,67538258721,51405584285549835231641,0,55908974107542812,1.3138311656149209
2025-06-14 09:09:37+00:00,15956933,67538258722,51405584284790985825357,0,55908974107542812,1.313831165653769
2025-06-14 09:10:12+00:00,15956968,67538258723,51405584284032136419095,0,55908974107542812,1.3138311656926167
2025-06-14 09:10:17+00:00,15956973,67538258724,51405584283273287012856,0,55908974107542812,1.3138311657314647
2025-06-14 09:10:22+00:00,15956978,67538258788,51405584332111316512904,0,55908974160522773,1.3138311657282564
2025-06-14 09:10:25+00:00,15956981,67538258789,51405584331352467106685,0,55908974160522773,1.3138311657671042
2025-06-14 09:10:27+00:00,15956983,67538258722,51405584280334772802736,0,55908974105035670,1.3138311657676613
2025-06-14 09:11:12+00:00,15957028,67538258723,51405584279575923396540,0,55908974105035670,1.3138311658065092
2025-06-14 09:11:30+00:00,15957046,67538258722,51405584280575923396540,0,55908974105035670,1.313831165761498
2025-06-14 09:11:35+00:00,15957051,67538258721,51405584281575923396540,0,55908974105035670,1.3138311657164867
2025-06-14 09:11:40+00:00,15957056,67538258734,51405584291575923396540,0,55908974115797224,1.313831165713796
2025-06-14 09:11:45+00:00,15957061,67538258733,51405584290779742849328,0,55908974114931294,1.313831165714692
2025-06-14 09:11:59+00:00,15957075,67538258734,51405584290020893443101,0,55908974114931294,1.3138311657535398
2025-06-14 09:12:47+00:00,15957123,67538258735,51405584289262044036897,0,55908974114931294,1.3138311657923878
2025-06-14 09:13:20+00:00,15957156,67538258736,51405584288503194630715,0,55908974114931294,1.3138311658312356
2025-06-14 09:13:25+00:00,15957161,67538258737,51405584287744345224556,0,55908974114931294,1.3138311658700834
2025-06-14 09:13:30+00:00,15957166,67538258801,51405584336582374724604,0,55908974167911255,1.313831165866875
2025-06-14 09:13:35+00:00,15957171,67538258734,51405584285564680422207,0,55908974112424152,1.3138311658674322
2025-06-14 09:13:40+00:00,15957176,67538258735,51405584285564680422206,0,55908974112424152,1.3138311658868853
2025-06-14 09:14:20+00:00,15957216,67538258736,51405584284805831016079,0,55908974112424152,1.3138311659257333
2025-06-14 09:14:38+00:00,15957234,67538258735,51405584285805831016079,0,55908974112424152,1.313831165880722
2025-06-14 09:14:46+00:00,15957242,67538258748,51405584295805831016079,0,55908974123185706,1.3138311658780315
2025-06-14 09:14:51+00:00,15957247,67538258747,51405584295009650468907,0,55908974122319776,1.3138311658789272
2025-06-14 09:15:06+00:00,15957262,67538258748,51405584294250801062775,0,55908974122319776,1.313831165917775
2025-06-14 09:15:53+00:00,15957309,67538258749,51405584293491951656666,0,55908974122319776,1.313831165956623
2025-06-14 09:16:28+00:00,15957344,67538258750,51405584292733102250579,0,55908974122319776,1.313831165995471
2025-06-14 09:16:33+00:00,15957349,67538258751,51405584291974252844515,0,55908974122319776,1.313831166034319
2025-06-14 09:16:38+00:00,15957354,67538258752,51405584291215403438473,0,55908974122319776,1.3138311660731667
2025-06-14 09:16:39+00:00,15957355,67538258816,51405584340053432938521,0,55908974175299737,1.3138311660699584
2025-06-14 09:16:48+00:00,15957364,67538258817,51405584340053432938520,0,55908974175299737,1.3138311660894118
2025-06-14 09:17:25+00:00,15957401,67538258818,51405584339294583532510,0,55908974175299737,1.3138311661282596
2025-06-14 09:17:50+00:00,15957426,67538258817,51405584340294583532510,0,55908974175299737,1.3138311660832482
2025-06-14 09:17:59+00:00,15957435,67538258830,51405584350294583532510,0,55908974186061291,1.3138311660805577
2025-06-14 09:18:11+00:00,15957447,67538258831,51405584349535734126495,0,55908974186061291,1.3138311661194055
2025-06-14 09:18:58+00:00,15957494,67538258832,51405584348776884720502,0,55908974186061291,1.3138311661582536
2025-06-14 09:19:40+00:00,15957536,67538258833,51405584348018035314532,0,55908974186061291,1.3138311661971014
2025-06-14 09:19:44+00:00,15957540,67538258835,51405584346500336502658,0,55908974186061291,1.3138311662747972
2025-06-14 09:19:44+00:00,15957540,67538258834,51405584347259185908584,0,55908974186061291,1.3138311662359494
2025-06-14 09:19:50+00:00,15957546,67538258899,51405584395338366002706,0,55908974239041252,1.313831166271589
2025-06-14 09:19:55+00:00,15957551,67538258832,51405584344320671706903,0,55908974183554149,1.313831166272146
2025-06-14 09:19:59+00:00,15957555,67538258833,51405584344320671706902,0,55908974183554149,1.3138311662915991
2025-06-14 09:20:32+00:00,15957588,67538258834,51405584343561822301009,0,55908974183554149,1.3138311663304472
2025-06-14 09:20:58+00:00,15957614,67538258833,51405584344561822301009,0,55908974183554149,1.3138311662854358
2025-06-14 09:21:02+00:00,15957618,67538258832,51405584345561822301009,0,55908974183554149,1.3138311662404245
2025-06-14 09:21:07+00:00,15957623,67538258845,51405584355561822301009,0,55908974194315703,1.313831166237734
2025-06-14 09:21:12+00:00,15957628,67538258844,51405584354765641753924,0,55908974193449773,1.3138311662386297
2025-06-14 09:21:18+00:00,15957634,67538258845,51405584354006792348000,0,55908974193449773,1.3138311662774775
2025-06-14 09:22:04+00:00,15957680,67538258846,51405584353247942942098,0,55908974193449773,1.3138311663163256
2025-06-14 09:22:50+00:00,15957726,67538258847,51405584352489093536219,0,55908974193449773,1.3138311663551734
2025-06-14 09:22:51+00:00,15957727,67538258848,51405584351730244130362,0,55908974193449773,1.3138311663940214
2025-06-14 09:23:00+00:00,15957736,67538258912,51405584400568273630410,0,55908974246429734,1.313831166390813
2025-06-14 09:23:05+00:00,15957741,67538258845,51405584349550579336159,0,55908974190942631,1.3138311663913702
2025-06-14 09:23:09+00:00,15957745,67538258846,51405584349550579336158,0,55908974190942631,1.3138311664108233
2025-06-14 09:23:37+00:00,15957773,67538258847,51405584348791729930333,0,55908974190942631,1.3138311664496711
2025-06-14 09:24:09+00:00,15957805,67538258846,51405584349791729930333,0,55908974190942631,1.31383116640466
2025-06-14 09:24:14+00:00,15957810,67538258845,51405584350791729930333,0,55908974190942631,1.3138311663596487
2025-06-14 09:24:19+00:00,15957815,67538258858,51405584360791729930333,0,55908974201704185,1.313831166356958
2025-06-14 09:24:24+00:00,15957820,67538258858,51405584359236699977417,0,55908974200838255,1.3138311663967017
2025-06-14 09:24:24+00:00,15957820,67538258857,51405584359995549383272,0,55908974200838255,1.313831166357854
2025-06-14 09:25:10+00:00,15957866,67538258859,51405584358477850571584,0,55908974200838255,1.3138311664355495
2025-06-14 09:25:56+00:00,15957912,67538258860,51405584357719001165774,0,55908974200838255,1.3138311664743976
2025-06-14 09:25:59+00:00,15957915,67538258861,51405584356960151759986,0,55908974200838255,1.3138311665132454
2025-06-14 09:26:04+00:00,15957920,67538258862,51405584356201302354221,0,55908974200838255,1.3138311665520934
2025-06-14 09:26:10+00:00,15957926,67538258926,51405584405039331854269,0,55908974253818216,1.313831166548885
2025-06-14 09:26:15+00:00,15957931,67538258859,51405584354021637562323,0,55908974198331113,1.3138311665494422
2025-06-14 09:26:20+00:00,15957936,67538258860,51405584354021637562322,0,55908974198331113,1.3138311665688953
2025-06-14 09:26:42+00:00,15957958,67538258861,51405584353262788156589,0,55908974198331113,1.3138311666077431
2025-06-14 09:27:20+00:00,15957996,67538258860,51405584354262788156589,0,55908974198331113,1.313831166562732
2025-06-14 09:27:24+00:00,15958000,67538258859,51405584355262788156589,0,55908974198331113,1.3138311665177207
2025-06-14 09:27:28+00:00,15958004,67538258860,51405584354503938750826,0,55908974198331113,1.3138311665565685
2025-06-14 09:27:29+00:00,15958005,67538258873,51405584364503938750826,0,55908974209092667,1.313831166553878
2025-06-14 09:27:33+00:00,15958009,67538258872,51405584363707758203813,0,55908974208226737,1.3138311665547737
2025-06-14 09:28:15+00:00,15958051,67538258873,51405584362948908798072,0,55908974208226737,1.3138311665936218
2025-06-14 09:29:01+00:00,15958097,67538258874,51405584362190059392353,0,55908974208226737,1.3138311666324696
2025-06-14 09:29:12+00:00,15958108,67538258875,51405584361431209986656,0,55908974208226737,1.3138311666713174
2025-06-14 09:29:16+00:00,15958112,67538258876,51405584360672360580982,0,55908974208226737,1.3138311667101654
2025-06-14 09:29:22+00:00,15958118,67538258940,51405584409510390081030,0,55908974261206698,1.313831166706957
2025-06-14 09:29:27+00:00,15958123,67538258873,51405584358492695791389,0,55908974205719595,1.3138311667075142
2025-06-14 09:29:47+00:00,15958143,67538258874,51405584357733846385736,0,55908974205719595,1.313831166746362
2025-06-14 09:30:33+00:00,15958189,67538258873,51405584358733846385736,0,55908974205719595,1.313831166701351
2025-06-14 09:30:34+00:00,15958190,67538258874,51405584357974996980079,0,55908974205719595,1.3138311667401987
2025-06-14 09:30:42+00:00,15958198,67538258887,51405584367974996980079,0,55908974216481149,1.3138311667375082
2025-06-14 09:30:47+00:00,15958203,67538258886,51405584367178816433118,0,55908974215615219,1.313831166738404
2025-06-14 09:31:21+00:00,15958237,67538258887,51405584366419967027483,0,55908974215615219,1.3138311667772518
2025-06-14 09:32:08+00:00,15958284,67538258888,51405584365661117621870,0,55908974215615219,1.3138311668160998
2025-06-14 09:32:29+00:00,15958305,67538258889,51405584364902268216280,0,55908974215615219,1.3138311668549476
2025-06-14 09:32:34+00:00,15958310,67538258890,51405584364143418810712,0,55908974215615219,1.3138311668937956
2025-06-14 09:32:39+00:00,15958315,67538258954,51405584412981448310760,0,55908974268595180,1.3138311668905873
2025-06-14 09:32:44+00:00,15958320,67538258887,51405584361963754024416,0,55908974213108077,1.3138311668911444
2025-06-14 09:32:49+00:00,15958325,67538258888,51405584361963754024415,0,55908974213108077,1.3138311669105975
2025-06-14 09:32:54+00:00,15958330,67538258889,51405584361204904618879,0,55908974213108077,1.3138311669494454
2025-06-14 09:33:41+00:00,15958377,67538258890,51405584360446055213366,0,55908974213108077,1.3138311669882934
2025-06-14 09:33:50+00:00,15958386,67538258889,51405584361446055213366,0,55908974213108077,1.313831166943282
2025-06-14 09:33:54+00:00,15958390,67538258888,51405584362446055213366,0,55908974213108077,1.3138311668982707
2025-06-14 09:33:59+00:00,15958395,67538258901,51405584372446055213366,0,55908974223869631,1.3138311668955802
2025-06-14 09:34:03+00:00,15958399,67538258900,51405584371649874666440,0,55908974223003701,1.313831166896476
2025-06-14 09:34:27+00:00,15958423,67538258901,51405584370891025260896,0,55908974223003701,1.3138311669353238
2025-06-14 09:35:13+00:00,15958469,67538258902,51405584370132175855374,0,55908974223003701,1.3138311669741718
2025-06-14 09:35:44+00:00,15958500,67538258903,51405584369373326449875,0,55908974223003701,1.3138311670130196
2025-06-14 09:35:49+00:00,15958505,67538258904,51405584368614477044398,0,55908974223003701,1.3138311670518676
2025-06-14 09:35:54+00:00,15958510,67538258968,51405584417452506544446,0,55908974275983662,1.3138311670486593
2025-06-14 09:35:59+00:00,15958515,67538258901,51405584366434812260407,0,55908974220496559,1.3138311670492164
2025-06-14 09:36:00+00:00,15958516,67538258902,51405584365675962854951,0,55908974220496559,1.3138311670880642
2025-06-14 09:36:46+00:00,15958562,67538258903,51405584364917113449518,0,55908974220496559,1.3138311671269123
2025-06-14 09:37:06+00:00,15958582,67538258902,51405584365917113449518,0,55908974220496559,1.313831167081901
2025-06-14 09:37:11+00:00,15958587,67538258901,51405584366917113449518,0,55908974220496559,1.3138311670368896
2025-06-14 09:37:16+00:00,15958592,67538258914,51405584376917113449518,0,55908974231258113,1.313831167034199
2025-06-14 09:37:21+00:00,15958597,67538258913,51405584376120932902628,0,55908974230392183,1.3138311670350948
2025-06-14 09:37:33+00:00,15958609,67538258914,51405584375362083497164,0,55908974230392183,1.3138311670739427
2025-06-14 09:38:19+00:00,15958655,67538258915,51405584374603234091722,0,55908974230392183,1.3138311671127907
2025-06-14 09:39:02+00:00,15958698,67538258916,51405584373844384686303,0,55908974230392183,1.3138311671516385
2025-06-14 09:39:07+00:00,15958703,67538258917,51405584373085535280906,0,55908974230392183,1.3138311671904865
2025-06-14 09:39:13+00:00,15958709,67538258981,51405584421923564780954,0,55908974283372144,1.3138311671872782
2025-06-14 09:39:18+00:00,15958714,67538258914,51405584370905870499219,0,55908974227885041,1.3138311671878353
2025-06-14 09:39:22+00:00,15958718,67538258915,51405584370905870499218,0,55908974227885041,1.3138311672072884
2025-06-14 09:39:51+00:00,15958747,67538258916,51405584370147021093853,0,55908974227885041,1.3138311672461362
2025-06-14 09:40:26+00:00,15958782,67538258915,51405584371147021093853,0,55908974227885041,1.313831167201125
2025-06-14 09:40:31+00:00,15958787,67538258914,51405584372147021093853,0,55908974227885041,1.3138311671561138
2025-06-14 09:40:36+00:00,15958792,67538258927,51405584382147021093853,0,55908974238646595,1.313831167153423
2025-06-14 09:40:37+00:00,15958793,67538258928,51405584381388171688457,0,55908974238646595,1.313831167192271
2025-06-14 09:41:23+00:00,15958839,67538258929,51405584380629322283084,0,55908974238646595,1.313831167231119
2025-06-14 09:42:09+00:00,15958885,67538258930,51405584379870472877733,0,55908974238646595,1.313831167269967
2025-06-14 09:42:23+00:00,15958899,67538258931,51405584379111623472405,0,55908974238646595,1.3138311673088148
2025-06-14 09:42:28+00:00,15958904,67538258932,51405584378352774067099,0,55908974238646595,1.3138311673476628
2025-06-14 09:42:34+00:00,15958910,67538258996,51405584427190803567147,0,55908974291626556,1.3138311673444545
2025-06-14 09:42:43+00:00,15958919,67538258997,51405584427190803567146,0,55908974291626556,1.3138311673639076
2025-06-14 09:42:57+00:00,15958933,67538258998,51405584426431954161872,0,55908974291626556,1.3138311674027554
2025-06-14 09:43:43+00:00,15958979,67538258999,51405584425673104756620,0,55908974291626556,1.3138311674416034
2025-06-14 09:43:44+00:00,15958980,67538258998,51405584426673104756620,0,55908974291626556,1.3138311673965921
2025-06-14 09:43:48+00:00,15958984,67538258997,51405584427673104756620,0,55908974291626556,1.3138311673515808
2025-06-14 09:43:53+00:00,15958989,67538259010,51405584437673104756620,0,55908974302388110,1.3138311673488903
2025-06-14 09:43:57+00:00,15958993,67538259009,51405584436876924209802,0,55908974301522180,1.313831167349786
2025-06-14 09:44:29+00:00,15959025,67538259010,51405584436118074804520,0,55908974301522180,1.3138311673886338
2025-06-14 09:45:15+00:00,15959071,67538259011,51405584435359225399260,0,55908974301522180,1.3138311674274818
2025-06-14 09:45:38+00:00,15959094,67538259012,51405584434600375994023,0,55908974301522180,1.3138311674663297
2025-06-14 09:45:48+00:00,15959104,67538259076,51405584483438405494071,0,55908974354502141,1.3138311674631213
2025-06-14 09:45:53+00:00,15959109,67538259009,51405584432420711216193,0,55908974299015038,1.3138311674636785
2025-06-14 09:45:58+00:00,15959114,67538259010,51405584432420711216192,0,55908974299015038,1.3138311674831316
2025-06-14 09:46:01+00:00,15959117,67538259011,51405584431661861810987,0,55908974299015038,1.3138311675219796
2025-06-14 09:46:48+00:00,15959164,67538259012,51405584430903012405804,0,55908974299015038,1.3138311675608274
2025-06-14 09:47:01+00:00,15959177,67538259011,51405584431903012405804,0,55908974299015038,1.3138311675158163
2025-06-14 09:47:06+00:00,15959182,67538259010,51405584432903012405804,0,55908974299015038,1.313831167470805
2025-06-14 09:47:11+00:00,15959187,67538259023,51405584442903012405804,0,55908974309776592,1.3138311674681142
2025-06-14 09:47:16+00:00,15959192,67538259022,51405584442106831859011,0,55908974308910662,1.3138311674690102
2025-06-14 09:47:33+00:00,15959209,67538259023,51405584441347982453798,0,55908974308910662,1.313831167507858
2025-06-14 09:48:19+00:00,15959255,67538259024,51405584440589133048607,0,55908974308910662,1.3138311675467058
2025-06-14 09:48:58+00:00,15959294,67538259025,51405584439830283643439,0,55908974308910662,1.3138311675855538
2025-06-14 09:49:03+00:00,15959299,67538259026,51405584439071434238293,0,55908974308910662,1.3138311676244017
2025-06-14 09:49:04+00:00,15959300,67538259027,51405584438312584833169,0,55908974308910662,1.3138311676632497
2025-06-14 09:49:09+00:00,15959305,67538259091,51405584487150614333217,0,55908974361890623,1.3138311676600414
2025-06-14 09:49:14+00:00,15959310,67538259024,51405584436132920058397,0,55908974306403520,1.3138311676605985
2025-06-14 09:49:19+00:00,15959315,67538259025,51405584436132920058396,0,55908974306403520,1.3138311676800516
2025-06-14 09:49:50+00:00,15959346,67538259026,51405584435374070653305,0,55908974306403520,1.3138311677188994
2025-06-14 09:50:21+00:00,15959377,67538259025,51405584436374070653305,0,55908974306403520,1.3138311676738883
2025-06-14 09:50:26+00:00,15959382,67538259024,51405584437374070653305,0,55908974306403520,1.313831167628877
2025-06-14 09:50:31+00:00,15959387,67538259037,51405584447374070653305,0,55908974317165074,1.3138311676261862
2025-06-14 09:50:36+00:00,15959392,67538259036,51405584446577890106548,0,55908974316299144,1.3138311676270822
2025-06-14 09:50:37+00:00,15959393,67538259037,51405584445819040701426,0,55908974316299144,1.31383116766593
2025-06-14 09:51:24+00:00,15959440,67538259038,51405584445060191296326,0,55908974316299144,1.313831167704778
2025-06-14 09:52:10+00:00,15959486,67538259039,51405584444301341891249,0,55908974316299144,1.3138311677436258
2025-06-14 09:52:17+00:00,15959493,67538259040,51405584443542492486194,0,55908974316299144,1.3138311677824737
2025-06-14 09:52:21+00:00,15959497,67538259041,51405584442783643081162,0,55908974316299144,1.3138311678213217
2025-06-14 09:52:27+00:00,15959503,67538259105,51405584491621672581210,0,55908974369279105,1.3138311678181134
2025-06-14 09:52:32+00:00,15959508,67538259038,51405584440603978308695,0,55908974313792002,1.3138311678186705
2025-06-14 09:52:37+00:00,15959513,67538259039,51405584440603978308694,0,55908974313792002,1.3138311678381236
2025-06-14 09:52:56+00:00,15959532,67538259040,51405584439845128903694,0,55908974313792002,1.3138311678769714
2025-06-14 09:53:37+00:00,15959573,67538259039,51405584440845128903694,0,55908974313792002,1.3138311678319603
2025-06-14 09:53:42+00:00,15959578,67538259038,51405584441845128903694,0,55908974313792002,1.313831167786949
2025-06-14 09:53:44+00:00,15959580,67538259039,51405584441086279498664,0,55908974313792002,1.3138311678257968
2025-06-14 09:53:47+00:00,15959583,67538259052,51405584451086279498664,0,55908974324553556,1.3138311678231063
2025-06-14 09:53:51+00:00,15959587,67538259051,51405584450290098951954,0,55908974323687626,1.313831167824002
2025-06-14 09:54:30+00:00,15959626,67538259052,51405584449531249546946,0,55908974323687626,1.31383116786285
2025-06-14 09:55:16+00:00,15959672,67538259053,51405584448772400141960,0,55908974323687626,1.3138311679016978
2025-06-14 09:55:32+00:00,15959688,67538259054,51405584448013550736997,0,55908974323687626,1.3138311679405459
2025-06-14 09:55:36+00:00,15959692,67538259055,51405584447254701332056,0,55908974323687626,1.3138311679793937
2025-06-14 09:55:42+00:00,15959698,67538259119,51405584496092730832104,0,55908974376667587,1.3138311679761854
2025-06-14 09:55:46+00:00,15959702,67538259052,51405584445075036561893,0,55908974321180484,1.3138311679767425
2025-06-14 09:55:51+00:00,15959707,67538259053,51405584445075036561892,0,55908974321180484,1.3138311679961956
2025-06-14 09:56:03+00:00,15959719,67538259054,51405584444316187156983,0,55908974321180484,1.3138311680350436
2025-06-14 09:56:50+00:00,15959766,67538259055,51405584443557337752097,0,55908974321180484,1.3138311680738914
2025-06-14 09:56:52+00:00,15959768,67538259054,51405584444557337752097,0,55908974321180484,1.3138311680288801
2025-06-14 09:56:57+00:00,15959773,67538259053,51405584445557337752097,0,55908974321180484,1.3138311679838688
2025-06-14 09:57:06+00:00,15959782,67538259052,51405584444761157205425,0,55908974320314554,1.3138311679847647
2025-06-14 09:57:37+00:00,15959813,67538259053,51405584444002307800510,0,55908974320314554,1.3138311680236126
2025-06-14 09:58:23+00:00,15959859,67538259054,51405584443243458395617,0,55908974320314554,1.3138311680624606
2025-06-14 09:58:45+00:00,15959881,67538259055,51405584442484608990746,0,55908974320314554,1.3138311681013084
2025-06-14 09:58:50+00:00,15959886,67538259056,51405584441725759585898,0,55908974320314554,1.3138311681401562
2025-06-14 09:58:55+00:00,15959891,67538259120,51405584490563789085946,0,55908974373294515,1.313831168136948
2025-06-14 09:59:00+00:00,15959896,67538259053,51405584439546094818145,0,55908974317807412,1.313831168137505
2025-06-14 09:59:05+00:00,15959901,67538259054,51405584439546094818144,0,55908974317807412,1.313831168156958
2025-06-14 09:59:09+00:00,15959905,67538259055,51405584438787245413328,0,55908974317807412,1.3138311681958061
2025-06-14 09:59:55+00:00,15959951,67538259056,51405584438028396008534,0,55908974317807412,1.313831168234654
2025-06-14 10:00:04+00:00,15959960,67538259055,51405584439028396008534,0,55908974317807412,1.3138311681896429
2025-06-14 10:00:10+00:00,15959966,67538259054,51405584440028396008534,0,55908974317807412,1.3138311681446315
2025-06-14 10:00:16+00:00,15959972,67538259067,51405584450028396008534,0,55908974328568966,1.313831168141941
2025-06-14 10:00:21+00:00,15959977,67538259066,51405584449232215461898,0,55908974327703036,1.3138311681428367
2025-06-14 10:00:44+00:00,15960000,67538259067,51405584448473366057074,0,55908974327703036,1.3138311681816845
2025-06-14 10:01:30+00:00,15960046,67538259068,51405584447714516652272,0,55908974327703036,1.3138311682205326
2025-06-14 10:02:01+00:00,15960077,67538259069,51405584446955667247493,0,55908974327703036,1.3138311682593804
2025-06-14 10:02:06+00:00,15960082,67538259070,51405584446196817842736,0,55908974327703036,1.3138311682982284
2025-06-14 10:02:12+00:00,15960088,67538259134,51405584495034847342784,0,55908974380682997,1.3138311682950201
2025-06-14 10:02:17+00:00,15960093,67538259067,51405584444017153077287,0,55908974325195894,1.313831168295577
2025-06-14 10:02:22+00:00,15960098,67538259068,51405584444017153077286,0,55908974325195894,1.3138311683150303
2025-06-14 10:03:02+00:00,15960138,67538259069,51405584443258303672561,0,55908974325195894,1.3138311683538781
2025-06-14 10:03:25+00:00,15960161,67538259068,51405584444258303672561,0,55908974325195894,1.3138311683088668
2025-06-14 10:03:30+00:00,15960166,67538259067,51405584445258303672561,0,55908974325195894,1.3138311682638555
2025-06-14 10:03:35+00:00,15960171,67538259080,51405584455258303672561,0,55908974335957448,1.313831168261165
2025-06-14 10:03:49+00:00,15960185,67538259081,51405584454499454267805,0,55908974335957448,1.313831168300013
2025-06-14 10:04:36+00:00,15960232,67538259082,51405584453740604863072,0,55908974335957448,1.3138311683388608
2025-06-14 10:05:21+00:00,15960277,67538259083,51405584452981755458361,0,55908974335957448,1.3138311683777089
2025-06-14 10:05:22+00:00,15960278,67538259084,51405584452222906053672,0,55908974335957448,1.3138311684165567
2025-06-14 10:05:31+00:00,15960287,67538259148,51405584501060935553720,0,55908974388937409,1.3138311684133483
2025-06-14 10:05:36+00:00,15960292,67538259081,51405584450043241289775,0,55908974333450306,1.3138311684139055
2025-06-14 10:05:40+00:00,15960296,67538259082,51405584450043241289774,0,55908974333450306,1.3138311684333586
2025-06-14 10:06:08+00:00,15960324,67538259083,51405584449284391885118,0,55908974333450306,1.3138311684722066
2025-06-14 10:06:42+00:00,15960358,67538259082,51405584450284391885118,0,55908974333450306,1.3138311684271953
2025-06-14 10:06:51+00:00,15960367,67538259095,51405584460284391885118,0,55908974344211860,1.3138311684245045
2025-06-14 10:06:54+00:00,15960370,67538259096,51405584459525542480457,0,55908974344211860,1.3138311684633526
2025-06-14 10:06:55+00:00,15960371,67538259095,51405584458729361933897,0,55908974343345930,1.3138311684642483
2025-06-14 10:07:40+00:00,15960416,67538259096,51405584457970512529258,0,55908974343345930,1.3138311685030961
2025-06-14 10:08:26+00:00,15960462,67538259097,51405584457211663124642,0,55908974343345930,1.3138311685419441
2025-06-14 10:08:36+00:00,15960472,67538259098,51405584456452813720048,0,55908974343345930,1.313831168580792
2025-06-14 10:08:41+00:00,15960477,67538259099,51405584455693964315477,0,55908974343345930,1.31383116861964
2025-06-14 10:08:46+00:00,15960482,67538259163,51405584504531993815525,0,55908974396325891,1.3138311686164317
2025-06-14 10:08:50+00:00,15960486,67538259096,51405584453514299554877,0,55908974340838788,1.3138311686169888
2025-06-14 10:08:55+00:00,15960491,67538259097,51405584453514299554876,0,55908974340838788,1.313831168636442
2025-06-14 10:09:12+00:00,15960508,67538259098,51405584452755450150337,0,55908974340838788,1.3138311686752897
2025-06-14 10:09:56+00:00,15960552,67538259097,51405584453755450150337,0,55908974340838788,1.3138311686302786
2025-06-14 10:09:58+00:00,15960554,67538259098,51405584452996600745794,0,55908974340838788,1.3138311686691264
2025-06-14 10:10:00+00:00,15960556,67538259097,51405584453996600745794,0,55908974340838788,1.313831168624115
2025-06-14 10:10:05+00:00,15960561,67538259110,51405584463996600745794,0,55908974351600342,1.3138311686214246
2025-06-14 10:10:10+00:00,15960566,67538259109,51405584463200420199270,0,55908974350734412,1.3138311686223203
2025-06-14 10:10:45+00:00,15960601,67538259110,51405584462441570794723,0,55908974350734412,1.3138311686611681
2025-06-14 10:11:31+00:00,15960647,67538259111,51405584461682721390198,0,55908974350734412,1.3138311687000161
2025-06-14 10:11:52+00:00,15960668,67538259112,51405584460923871985696,0,55908974350734412,1.313831168738864
2025-06-14 10:11:57+00:00,15960673,67538259113,51405584460165022581216,0,55908974350734412,1.313831168777712
2025-06-14 10:12:04+00:00,15960680,67538259177,51405584509003052081264,0,55908974403714373,1.3138311687745037
2025-06-14 10:12:09+00:00,15960685,67538259110,51405584457985357822921,0,55908974348227270,1.3138311687750608
2025-06-14 10:12:15+00:00,15960691,67538259111,51405584457985357822920,0,55908974348227270,1.313831168794514
2025-06-14 10:12:16+00:00,15960692,67538259112,51405584457226508418472,0,55908974348227270,1.3138311688333617
2025-06-14 10:13:02+00:00,15960738,67538259113,51405584456467659014047,0,55908974348227270,1.3138311688722097
2025-06-14 10:13:21+00:00,15960757,67538259112,51405584457467659014047,0,55908974348227270,1.3138311688271984
2025-06-14 10:13:26+00:00,15960762,67538259111,51405584458467659014047,0,55908974348227270,1.313831168782187
2025-06-14 10:13:31+00:00,15960767,67538259124,51405584468467659014047,0,55908974358988824,1.3138311687794966
2025-06-14 10:13:36+00:00,15960772,67538259123,51405584467671478467558,0,55908974358122894,1.3138311687803923
2025-06-14 10:13:49+00:00,15960785,67538259124,51405584466912629063102,0,55908974358122894,1.3138311688192403
2025-06-14 10:14:35+00:00,15960831,67538259125,51405584466153779658669,0,55908974358122894,1.3138311688580881
2025-06-14 10:15:16+00:00,15960872,67538259126,51405584465394930254258,0,55908974358122894,1.3138311688969362
2025-06-14 10:15:20+00:00,15960876,67538259127,51405584464636080849869,0,55908974358122894,1.313831168935784
2025-06-14 10:15:26+00:00,15960882,67538259191,51405584513474110349917,0,55908974411102855,1.3138311689325757
2025-06-14 10:15:31+00:00,15960887,67538259124,51405584462456416093879,0,55908974355615752,1.3138311689331328
2025-06-14 10:15:36+00:00,15960892,67538259125,51405584462456416093878,0,55908974355615752,1.313831168952586
2025-06-14 10:16:11+00:00,15960927,67538259126,51405584461697566689522,0,55908974355615752,1.3138311689914337
2025-06-14 10:16:39+00:00,15960955,67538259125,51405584462697566689522,0,55908974355615752,1.3138311689464226
2025-06-14 10:16:43+00:00,15960959,67538259124,51405584463697566689522,0,55908974355615752,1.3138311689014113
2025-06-14 10:16:48+00:00,15960964,67538259137,51405584473697566689522,0,55908974366377306,1.3138311688987208
2025-06-14 10:16:53+00:00,15960969,67538259136,51405584472901386143058,0,55908974365511376,1.3138311688996165
2025-06-14 10:16:58+00:00,15960974,67538259137,51405584472142536738671,0,55908974365511376,1.3138311689384643
2025-06-14 10:17:44+00:00,15961020,67538259138,51405584471383687334306,0,55908974365511376,1.3138311689773123
2025-06-14 10:18:30+00:00,15961066,67538259139,51405584470624837929964,0,55908974365511376,1.3138311690161601
2025-06-14 10:18:39+00:00,15961075,67538259140,51405584469865988525644,0,55908974365511376,1.3138311690550082
2025-06-14 10:18:45+00:00,15961081,67538259204,51405584518704018025692,0,55908974418491337,1.3138311690517999
2025-06-14 10:18:54+00:00,15961090,67538259205,51405584518704018025691,0,55908974418491337,1.313831169071253
2025-06-14 10:19:16+00:00,15961112,67538259206,51405584517945168621403,0,55908974418491337,1.3138311691101008
2025-06-14 10:19:58+00:00,15961154,67538259205,51405584518945168621403,0,55908974418491337,1.3138311690650895
2025-06-14 10:20:02+00:00,15961158,67538259206,51405584518186319217112,0,55908974418491337,1.3138311691039375
2025-06-14 10:20:03+00:00,15961159,67538259205,51405584519186319217112,0,55908974418491337,1.3138311690589262
2025-06-14 10:20:08+00:00,15961164,67538259218,51405584529186319217112,0,55908974429252891,1.3138311690562356
2025-06-14 10:20:13+00:00,15961169,67538259217,51405584528390138670684,0,55908974428386961,1.3138311690571314
2025-06-14 10:20:48+00:00,15961204,67538259218,51405584527631289266388,0,55908974428386961,1.3138311690959792
2025-06-14 10:21:34+00:00,15961250,67538259219,51405584526872439862114,0,55908974428386961,1.3138311691348272
2025-06-14 10:21:54+00:00,15961270,67538259220,51405584526113590457863,0,55908974428386961,1.313831169173675
2025-06-14 10:21:59+00:00,15961275,67538259221,51405584525354741053634,0,55908974428386961,1.313831169212523
2025-06-14 10:22:05+00:00,15961281,67538259285,51405584574192770553682,0,55908974481366922,1.3138311692093148
2025-06-14 10:22:14+00:00,15961290,67538259286,51405584574192770553681,0,55908974481366922,1.3138311692287679
2025-06-14 10:22:19+00:00,15961295,67538259287,51405584573433921149484,0,55908974481366922,1.3138311692676157
2025-06-14 10:23:05+00:00,15961341,67538259288,51405584572675071745309,0,55908974481366922,1.3138311693064637
2025-06-14 10:23:17+00:00,15961353,67538259287,51405584573675071745309,0,55908974481366922,1.3138311692614524
2025-06-14 10:23:22+00:00,15961358,67538259286,51405584574675071745309,0,55908974481366922,1.313831169216441
2025-06-14 10:23:27+00:00,15961363,67538259299,51405584584675071745309,0,55908974492128476,1.3138311692137505
2025-06-14 10:23:31+00:00,15961367,67538259298,51405584583878891198917,0,55908974491262546,1.3138311692146463
2025-06-14 10:23:50+00:00,15961386,67538259299,51405584583120041794712,0,55908974491262546,1.3138311692534943
2025-06-14 10:24:36+00:00,15961432,67538259300,51405584582361192390529,0,55908974491262546,1.3138311692923421
2025-06-14 10:25:11+00:00,15961467,67538259301,51405584581602342986369,0,55908974491262546,1.3138311693311902
2025-06-14 10:25:16+00:00,15961472,67538259302,51405584580843493582231,0,55908974491262546,1.313831169370038
2025-06-14 10:25:21+00:00,15961477,67538259303,51405584580084644178116,0,55908974491262546,1.3138311694088858
2025-06-14 10:25:22+00:00,15961478,67538259367,51405584628922673678164,0,55908974544242507,1.3138311694056775
2025-06-14 10:25:27+00:00,15961483,67538259300,51405584577904979429040,0,55908974488755404,1.3138311694062346
2025-06-14 10:25:32+00:00,15961488,67538259301,51405584577904979429039,0,55908974488755404,1.3138311694256877
2025-06-14 10:26:06+00:00,15961522,67538259302,51405584577146130024956,0,55908974488755404,1.3138311694645357
2025-06-14 10:26:33+00:00,15961549,67538259301,51405584578146130024956,0,55908974488755404,1.3138311694195244
2025-06-14 10:26:37+00:00,15961553,67538259300,51405584579146130024956,0,55908974488755404,1.313831169374513
2025-06-14 10:26:42+00:00,15961558,67538259313,51405584589146130024956,0,55908974499516958,1.3138311693718225
2025-06-14 10:26:47+00:00,15961563,67538259312,51405584588349949478600,0,55908974498651028,1.3138311693727183
2025-06-14 10:26:51+00:00,15961567,67538259313,51405584587591100074486,0,55908974498651028,1.3138311694115663
2025-06-14 10:27:38+00:00,15961614,67538259314,51405584586832250670395,0,55908974498651028,1.3138311694504141
2025-06-14 10:28:23+00:00,15961659,67538259315,51405584586073401266326,0,55908974498651028,1.3138311694892622
2025-06-14 10:28:31+00:00,15961667,67538259316,51405584585314551862280,0,55908974498651028,1.31383116952811
2025-06-14 10:28:37+00:00,15961673,67538259380,51405584634152581362328,0,55908974551630989,1.3138311695249016
2025-06-14 10:28:41+00:00,15961677,67538259313,51405584583134887114756,0,55908974496143886,1.3138311695254588
2025-06-14 10:28:46+00:00,15961682,67538259314,51405584583134887114755,0,55908974496143886,1.3138311695449119
2025-06-14 10:29:09+00:00,15961705,67538259315,51405584582376037710741,0,55908974496143886,1.31383116958376
2025-06-14 10:29:46+00:00,15961742,67538259314,51405584583376037710741,0,55908974496143886,1.3138311695387486
2025-06-14 10:29:51+00:00,15961747,67538259313,51405584584376037710741,0,55908974496143886,1.3138311694937372
2025-06-14 10:29:59+00:00,15961755,67538259312,51405584583579857164410,0,55908974495277956,1.313831169494633
2025-06-14 10:30:41+00:00,15961797,67538259313,51405584582821007760367,0,55908974495277956,1.313831169533481
2025-06-14 10:31:28+00:00,15961844,67538259314,51405584582062158356346,0,55908974495277956,1.3138311695723288
2025-06-14 10:31:38+00:00,15961854,67538259315,51405584581303308952347,0,55908974495277956,1.3138311696111769
2025-06-14 10:31:47+00:00,15961863,67538259379,51405584630141338452395,0,55908974548257917,1.3138311696079685
2025-06-14 10:31:52+00:00,15961868,67538259312,51405584579123644205726,0,55908974492770814,1.3138311696085254
2025-06-14 10:32:13+00:00,15961889,67538259313,51405584578364794801748,0,55908974492770814,1.3138311696473735
2025-06-14 10:32:58+00:00,15961934,67538259312,51405584579364794801748,0,55908974492770814,1.3138311696023621
2025-06-14 10:32:59+00:00,15961935,67538259313,51405584578605945397767,0,55908974492770814,1.3138311696412102
2025-06-14 10:33:07+00:00,15961943,67538259326,51405584588605945397767,0,55908974503532368,1.3138311696385194
2025-06-14 10:33:12+00:00,15961948,67538259325,51405584587809764851476,0,55908974502666438,1.3138311696394152
2025-06-14 10:33:45+00:00,15961981,67538259326,51405584587050915447516,0,55908974502666438,1.3138311696782632
2025-06-14 10:34:31+00:00,15962027,67538259327,51405584586292066043579,0,55908974502666438,1.313831169717111
2025-06-14 10:34:52+00:00,15962048,67538259328,51405584585533216639664,0,55908974502666438,1.313831169755959
2025-06-14 10:34:57+00:00,15962053,67538259329,51405584584774367235772,0,55908974502666438,1.3138311697948069
2025-06-14 10:35:02+00:00,15962058,67538259393,51405584633612396735820,0,55908974555646399,1.3138311697915985
2025-06-14 10:35:07+00:00,15962063,67538259326,51405584582594702492448,0,55908974500159296,1.3138311697921556
2025-06-14 10:35:12+00:00,15962068,67538259327,51405584582594702492447,0,55908974500159296,1.3138311698116087
2025-06-14 10:35:19+00:00,15962075,67538259328,51405584581835853088587,0,55908974500159296,1.3138311698504568
2025-06-14 10:36:05+00:00,15962121,67538259329,51405584581077003684749,0,55908974500159296,1.3138311698893046
2025-06-14 10:36:13+00:00,15962129,67538259328,51405584582077003684749,0,55908974500159296,1.3138311698442933
2025-06-14 10:36:22+00:00,15962138,67538259341,51405584592077003684749,0,55908974510920850,1.3138311698416028
2025-06-14 10:36:27+00:00,15962143,67538259340,51405584591280823138510,0,55908974510054920,1.3138311698424985
2025-06-14 10:36:51+00:00,15962167,67538259341,51405584590521973734668,0,55908974510054920,1.3138311698813465
2025-06-14 10:37:38+00:00,15962214,67538259342,51405584589763124330848,0,55908974510054920,1.3138311699201943
2025-06-14 10:38:04+00:00,15962240,67538259343,51405584589004274927050,0,55908974510054920,1.3138311699590424
2025-06-14 10:38:09+00:00,15962245,67538259344,51405584588245425523275,0,55908974510054920,1.3138311699978902
2025-06-14 10:38:15+00:00,15962251,67538259408,51405584637083455023323,0,55908974563034881,1.3138311699946819
2025-06-14 10:38:20+00:00,15962256,67538259341,51405584586065760783248,0,55908974507547778,1.313831169995239
2025-06-14 10:38:24+00:00,15962260,67538259343,51405584585306911379493,0,55908974507547778,1.31383117005354
2025-06-14 10:38:24+00:00,15962260,67538259342,51405584585306911379494,0,55908974507547778,1.3138311700340868
2025-06-14 10:39:10+00:00,15962306,67538259344,51405584584548061975772,0,55908974507547778,1.313831170092388
2025-06-14 10:39:27+00:00,15962323,67538259343,51405584585548061975772,0,55908974507547778,1.3138311700473766
2025-06-14 10:39:36+00:00,15962332,67538259356,51405584595548061975772,0,55908974518309332,1.313831170044686
2025-06-14 10:39:41+00:00,15962337,67538259355,51405584594751881429584,0,55908974517443402,1.3138311700455818
2025-06-14 10:39:57+00:00,15962353,67538259356,51405584593993032025859,0,55908974517443402,1.3138311700844296
2025-06-14 10:40:44+00:00,15962400,67538259357,51405584593234182622156,0,55908974517443402,1.3138311701232777
2025-06-14 10:41:21+00:00,15962437,67538259358,51405584592475333218476,0,55908974517443402,1.3138311701621255
2025-06-14 10:41:26+00:00,15962442,67538259359,51405584591716483814818,0,55908974517443402,1.3138311702009735
2025-06-14 10:41:30+00:00,15962446,67538259360,51405584590957634411183,0,55908974517443402,1.3138311702398213
2025-06-14 10:41:32+00:00,15962448,67538259424,51405584639795663911231,0,55908974570423363,1.313831170236613
2025-06-14 10:41:41+00:00,15962457,67538259425,51405584639795663911230,0,55908974570423363,1.3138311702560663
2025-06-14 10:42:16+00:00,15962492,67538259426,51405584639036814507626,0,55908974570423363,1.3138311702949141
2025-06-14 10:42:44+00:00,15962520,67538259425,51405584640036814507626,0,55908974570423363,1.3138311702499028
2025-06-14 10:42:53+00:00,15962529,67538259438,51405584650036814507626,0,55908974581184917,1.3138311702472123
2025-06-14 10:42:57+00:00,15962533,67538259437,51405584649240633961490,0,55908974580318987,1.313831170248108
2025-06-14 10:43:03+00:00,15962539,67538259438,51405584648481784557882,0,55908974580318987,1.3138311702869558
2025-06-14 10:43:49+00:00,15962585,67538259439,51405584647722935154296,0,55908974580318987,1.3138311703258039
2025-06-14 10:44:34+00:00,15962630,67538259440,51405584646964085750733,0,55908974580318987,1.3138311703646517
2025-06-14 10:44:38+00:00,15962634,67538259441,51405584646205236347192,0,55908974580318987,1.3138311704034997
2025-06-14 10:44:43+00:00,15962639,67538259442,51405584645446386943674,0,55908974580318987,1.3138311704423475
2025-06-14 10:44:49+00:00,15962645,67538259506,51405584694284416443722,0,55908974633298948,1.3138311704391392
2025-06-14 10:44:53+00:00,15962649,67538259439,51405584643266722210995,0,55908974577811845,1.3138311704396963
2025-06-14 10:44:58+00:00,15962654,67538259440,51405584643266722210994,0,55908974577811845,1.3138311704591494
2025-06-14 10:45:21+00:00,15962677,67538259441,51405584642507872807508,0,55908974577811845,1.3138311704979975
2025-06-14 10:46:01+00:00,15962717,67538259440,51405584643507872807508,0,55908974577811845,1.3138311704529861
2025-06-14 10:46:06+00:00,15962722,67538259439,51405584644507872807508,0,55908974577811845,1.3138311704079748
2025-06-14 10:46:08+00:00,15962724,67538259440,51405584643749023403992,0,55908974577811845,1.3138311704468228
2025-06-14 10:46:11+00:00,15962727,67538259453,51405584653749023403992,0,55908974588573399,1.3138311704441321
2025-06-14 10:46:16+00:00,15962732,67538259452,51405584652952842857903,0,55908974587707469,1.313831170445028
2025-06-14 10:46:53+00:00,15962769,67538259453,51405584652193993454409,0,55908974587707469,1.3138311704838759
2025-06-14 10:47:39+00:00,15962815,67538259454,51405584651435144050937,0,55908974587707469,1.3138311705227237
2025-06-14 10:47:56+00:00,15962832,67538259455,51405584650676294647487,0,55908974587707469,1.3138311705615717
2025-06-14 10:48:06+00:00,15962842,67538259519,51405584699514324147535,0,55908974640687430,1.3138311705583634
2025-06-14 10:48:11+00:00,15962847,67538259452,51405584648496629916359,0,55908974585200327,1.3138311705589205
2025-06-14 10:48:16+00:00,15962852,67538259453,51405584648496629916358,0,55908974585200327,1.3138311705783736
2025-06-14 10:48:25+00:00,15962861,67538259454,51405584647737780512941,0,55908974585200327,1.3138311706172214
2025-06-14 10:49:12+00:00,15962908,67538259455,51405584646978931109546,0,55908974585200327,1.3138311706560695
2025-06-14 10:49:18+00:00,15962914,67538259454,51405584647978931109546,0,55908974585200327,1.3138311706110581
2025-06-14 10:49:23+00:00,15962919,67538259453,51405584648978931109546,0,55908974585200327,1.3138311705660468
2025-06-14 10:49:27+00:00,15962923,67538259466,51405584658978931109546,0,55908974595961881,1.3138311705633563
2025-06-14 10:49:32+00:00,15962928,67538259465,51405584658182750563481,0,55908974595095951,1.313831170564252
2025-06-14 10:49:58+00:00,15962954,67538259466,51405584657423901160055,0,55908974595095951,1.3138311706031
2025-06-14 10:50:44+00:00,15963000,67538259467,51405584656665051756652,0,55908974595095951,1.3138311706419479
2025-06-14 10:51:12+00:00,15963028,67538259468,51405584655906202353271,0,55908974595095951,1.313831170680796
2025-06-14 10:51:17+00:00,15963033,67538259469,51405584655147352949913,0,55908974595095951,1.3138311707196437
2025-06-14 10:51:23+00:00,15963039,67538259533,51405584703985382449961,0,55908974648075912,1.3138311707164354
2025-06-14 10:51:28+00:00,15963044,67538259466,51405584652967688221090,0,55908974592588809,1.3138311707169925
2025-06-14 10:51:30+00:00,15963046,67538259467,51405584652208838817753,0,55908974592588809,1.3138311707558403
2025-06-14 10:51:33+00:00,15963049,67538259468,51405584652208838817752,0,55908974592588809,1.3138311707752937
2025-06-14 10:52:17+00:00,15963093,67538259469,51405584651449989414448,0,55908974592588809,1.3138311708141415
2025-06-14 10:52:35+00:00,15963111,67538259468,51405584652449989414448,0,55908974592588809,1.3138311707691301
2025-06-14 10:52:40+00:00,15963116,67538259467,51405584653449989414448,0,55908974592588809,1.3138311707241188
2025-06-14 10:52:49+00:00,15963125,67538259466,51405584652653808868421,0,55908974591722879,1.3138311707250148
2025-06-14 10:53:04+00:00,15963140,67538259467,51405584651894959465088,0,55908974591722879,1.3138311707638626
2025-06-14 10:53:52+00:00,15963188,67538259468,51405584651136110061778,0,55908974591722879,1.3138311708027106
2025-06-14 10:54:26+00:00,15963222,67538259469,51405584650377260658490,0,55908974591722879,1.3138311708415584
2025-06-14 10:54:36+00:00,15963232,67538259533,51405584699215290158538,0,55908974644702840,1.31383117083835
2025-06-14 10:54:45+00:00,15963241,67538259534,51405584699215290158537,0,55908974644702840,1.3138311708578032
2025-06-14 10:55:26+00:00,15963282,67538259535,51405584698456440755281,0,55908974644702840,1.3138311708966512
2025-06-14 10:55:46+00:00,15963302,67538259534,51405584699456440755281,0,55908974644702840,1.31383117085164
2025-06-14 10:55:51+00:00,15963307,67538259533,51405584700456440755281,0,55908974644702840,1.3138311708066286
2025-06-14 10:55:55+00:00,15963311,67538259546,51405584710456440755281,0,55908974655464394,1.313831170803938
2025-06-14 10:56:00+00:00,15963316,67538259545,51405584709660260209267,0,55908974654598464,1.3138311708048338
2025-06-14 10:56:12+00:00,15963328,67538259546,51405584708901410805980,0,55908974654598464,1.3138311708436816
2025-06-14 10:56:58+00:00,15963374,67538259547,51405584708142561402716,0,55908974654598464,1.3138311708825297
2025-06-14 10:57:39+00:00,15963415,67538259548,51405584707383711999474,0,55908974654598464,1.3138311709213775
2025-06-14 10:57:44+00:00,15963420,67538259549,51405584706624862596255,0,55908974654598464,1.3138311709602255
2025-06-14 10:57:49+00:00,15963425,67538259613,51405584755462892096303,0,55908974707578425,1.3138311709570172
2025-06-14 10:57:58+00:00,15963434,67538259614,51405584755462892096302,0,55908974707578425,1.3138311709764703
2025-06-14 10:58:30+00:00,15963466,67538259615,51405584754704042693115,0,55908974707578425,1.313831171015318
2025-06-14 10:58:58+00:00,15963494,67538259614,51405584755704042693115,0,55908974707578425,1.313831170970307
2025-06-14 10:59:02+00:00,15963498,67538259613,51405584756704042693115,0,55908974707578425,1.3138311709252957
2025-06-14 10:59:07+00:00,15963503,67538259626,51405584766704042693115,0,55908974718339979,1.313831170922605
2025-06-14 10:59:12+00:00,15963508,67538259625,51405584765907862147125,0,55908974717474049,1.3138311709235009
2025-06-14 11:00:03+00:00,15963559,67538259626,51405584765149012743907,0,55908974717474049,1.3138311709623487
2025-06-14 11:00:50+00:00,15963606,67538259627,51405584764390163340711,0,55908974717474049,1.3138311710011965
2025-06-14 11:00:52+00:00,15963608,67538259628,51405584763631313937538,0,55908974717474049,1.3138311710400445
2025-06-14 11:00:57+00:00,15963613,67538259629,51405584762872464534387,0,55908974717474049,1.3138311710788924
2025-06-14 11:01:02+00:00,15963618,67538259693,51405584811710494034435,0,55908974770454010,1.313831171075684
2025-06-14 11:01:07+00:00,15963623,67538259626,51405584760692799810323,0,55908974714966907,1.3138311710762411
2025-06-14 11:01:12+00:00,15963628,67538259627,51405584760692799810322,0,55908974714966907,1.3138311710956943
2025-06-14 11:01:35+00:00,15963651,67538259628,51405584759933950407203,0,55908974714966907,1.3138311711345423
2025-06-14 11:02:13+00:00,15963689,67538259627,51405584760933950407203,0,55908974714966907,1.313831171089531
2025-06-14 11:02:18+00:00,15963694,67538259626,51405584761933950407203,0,55908974714966907,1.3138311710445196
2025-06-14 11:02:21+00:00,15963697,67538259627,51405584761175101004055,0,55908974714966907,1.3138311710833677
2025-06-14 11:02:23+00:00,15963699,67538259640,51405584771175101004055,0,55908974725728461,1.313831171080677
2025-06-14 11:03:06+00:00,15963742,67538259641,51405584770416251600928,0,55908974725728461,1.313831171119525
2025-06-14 11:03:54+00:00,15963790,67538259642,51405584769657402197823,0,55908974725728461,1.3138311711583728
2025-06-14 11:04:03+00:00,15963799,67538259643,51405584768898552794741,0,55908974725728461,1.3138311711972208
2025-06-14 11:04:07+00:00,15963803,67538259644,51405584768139703391681,0,55908974725728461,1.3138311712360686
2025-06-14 11:04:14+00:00,15963810,67538259708,51405584816977732891729,0,55908974778708422,1.3138311712328603
2025-06-14 11:04:23+00:00,15963819,67538259709,51405584816977732891728,0,55908974778708422,1.3138311712523136
2025-06-14 11:04:40+00:00,15963836,67538259710,51405584816218883488700,0,55908974778708422,1.3138311712911614
2025-06-14 11:05:23+00:00,15963879,67538259709,51405584817218883488700,0,55908974778708422,1.3138311712461501
2025-06-14 11:05:28+00:00,15963884,67538259708,51405584818218883488700,0,55908974778708422,1.3138311712011388
2025-06-14 11:05:33+00:00,15963889,67538259721,51405584828218883488700,0,55908974789469976,1.3138311711984483
2025-06-14 11:05:37+00:00,15963893,67538259720,51405584827422702942770,0,55908974788604046,1.313831171199344
2025-06-14 11:06:13+00:00,15963929,67538259721,51405584826663853539711,0,55908974788604046,1.313831171238192
2025-06-14 11:06:58+00:00,15963974,67538259722,51405584825905004136675,0,55908974788604046,1.3138311712770399
2025-06-14 11:07:14+00:00,15963990,67538259723,51405584825146154733661,0,55908974788604046,1.313831171315888
2025-06-14 11:07:19+00:00,15963995,67538259724,51405584824387305330670,0,55908974788604046,1.3138311713547357
2025-06-14 11:07:24+00:00,15964000,67538259788,51405584873225334830718,0,55908974841584007,1.3138311713515274
2025-06-14 11:07:29+00:00,15964005,67538259721,51405584822207640610463,0,55908974786096904,1.3138311713520845
2025-06-14 11:07:34+00:00,15964010,67538259722,51405584822207640610462,0,55908974786096904,1.3138311713715376
2025-06-14 11:07:43+00:00,15964019,67538259723,51405584821448791207503,0,55908974786096904,1.3138311714103856
2025-06-14 11:08:29+00:00,15964065,67538259724,51405584820689941804566,0,55908974786096904,1.3138311714492334
2025-06-14 11:08:34+00:00,15964070,67538259723,51405584821689941804566,0,55908974786096904,1.3138311714042221
2025-06-14 11:08:39+00:00,15964075,67538259722,51405584822689941804566,0,55908974786096904,1.3138311713592108
2025-06-14 11:08:43+00:00,15964079,67538259735,51405584832689941804566,0,55908974796858458,1.3138311713565203
2025-06-14 11:08:48+00:00,15964084,67538259734,51405584831893761258672,0,55908974795992528,1.313831171357416
2025-06-14 11:09:15+00:00,15964111,67538259735,51405584831134911855705,0,55908974795992528,1.313831171396264
2025-06-14 11:10:00+00:00,15964156,67538259736,51405584830376062452760,0,55908974795992528,1.3138311714351119
2025-06-14 11:10:25+00:00,15964181,67538259737,51405584829617213049837,0,55908974795992528,1.31383117147396
2025-06-14 11:10:30+00:00,15964186,67538259738,51405584828858363646937,0,55908974795992528,1.3138311715128077
2025-06-14 11:10:35+00:00,15964191,67538259802,51405584877696393146985,0,55908974848972489,1.3138311715095994
2025-06-14 11:10:40+00:00,15964196,67538259735,51405584826678698929035,0,55908974793485386,1.3138311715101565
2025-06-14 11:10:44+00:00,15964200,67538259736,51405584826678698929034,0,55908974793485386,1.3138311715296096
2025-06-14 11:10:45+00:00,15964201,67538259737,51405584825919849526166,0,55908974793485386,1.3138311715684576
2025-06-14 11:11:31+00:00,15964247,67538259738,51405584825161000123320,0,55908974793485386,1.3138311716073054
2025-06-14 11:11:45+00:00,15964261,67538259737,51405584826161000123320,0,55908974793485386,1.3138311715622941
2025-06-14 11:11:50+00:00,15964266,67538259736,51405584827161000123320,0,55908974793485386,1.313831171517283
2025-06-14 11:11:59+00:00,15964275,67538259735,51405584826364819577463,0,55908974792619456,1.3138311715181787
2025-06-14 11:12:16+00:00,15964292,67538259736,51405584825605970174588,0,55908974792619456,1.3138311715570266
2025-06-14 11:13:02+00:00,15964338,67538259737,51405584824847120771736,0,55908974792619456,1.3138311715958746
2025-06-14 11:13:37+00:00,15964373,67538259738,51405584824088271368906,0,55908974792619456,1.3138311716347224
2025-06-14 11:13:41+00:00,15964377,67538259739,51405584823329421966099,0,55908974792619456,1.3138311716735704
2025-06-14 11:13:47+00:00,15964383,67538259803,51405584872167451466147,0,55908974845599417,1.3138311716703621
2025-06-14 11:13:49+00:00,15964385,67538259804,51405584871408602063360,0,55908974845599417,1.31383117170921
2025-06-14 11:13:56+00:00,15964392,67538259805,51405584871408602063359,0,55908974845599417,1.313831171728663
2025-06-14 11:14:35+00:00,15964431,67538259806,51405584870649752660606,0,55908974845599417,1.313831171767511
2025-06-14 11:14:55+00:00,15964451,67538259805,51405584871649752660606,0,55908974845599417,1.3138311717224997
2025-06-14 11:15:00+00:00,15964456,67538259804,51405584872649752660606,0,55908974845599417,1.3138311716774884
2025-06-14 11:15:05+00:00,15964461,67538259817,51405584882649752660606,0,55908974856360971,1.313831171674798
2025-06-14 11:15:21+00:00,15964477,67538259818,51405584881890903257822,0,55908974856360971,1.3138311717136457
2025-06-14 11:16:07+00:00,15964523,67538259819,51405584881132053855060,0,55908974856360971,1.3138311717524938
2025-06-14 11:16:50+00:00,15964566,67538259820,51405584880373204452321,0,55908974856360971,1.3138311717913416
2025-06-14 11:17:00+00:00,15964576,67538259884,51405584929211233952369,0,55908974909340932,1.3138311717881332
2025-06-14 11:17:09+00:00,15964585,67538259885,51405584929211233952368,0,55908974909340932,1.3138311718075864
2025-06-14 11:17:40+00:00,15964616,67538259886,51405584928452384549661,0,55908974909340932,1.3138311718464344
2025-06-14 11:18:12+00:00,15964648,67538259885,51405584929452384549661,0,55908974909340932,1.313831171801423
2025-06-14 11:18:17+00:00,15964653,67538259884,51405584930452384549661,0,55908974909340932,1.3138311717564117
2025-06-14 11:18:22+00:00,15964658,67538259897,51405584940452384549661,0,55908974920102486,1.3138311717537212
2025-06-14 11:18:27+00:00,15964663,67538259897,51405584938897354601126,0,55908974919236556,1.3138311717934648
2025-06-14 11:18:27+00:00,15964663,67538259898,51405584939693535146922,0,55908974919236556,1.313831171792569
2025-06-14 11:19:13+00:00,15964709,67538259898,51405584938138505198410,0,55908974919236556,1.3138311718323128
2025-06-14 11:19:59+00:00,15964755,67538259899,51405584937379655795717,0,55908974919236556,1.3138311718711606
2025-06-14 11:20:06+00:00,15964762,67538259900,51405584936620806393046,0,55908974919236556,1.3138311719100086
2025-06-14 11:20:11+00:00,15964767,67538259901,51405584935861956990398,0,55908974919236556,1.3138311719488565
2025-06-14 11:20:17+00:00,15964773,67538259965,51405584984699986490446,0,55908974972216517,1.3138311719456481
2025-06-14 11:20:23+00:00,15964779,67538259898,51405584933682292278761,0,55908974916729414,1.3138311719462052
2025-06-14 11:20:44+00:00,15964800,67538259899,51405584932923442876134,0,55908974916729414,1.3138311719850533
2025-06-14 11:21:29+00:00,15964845,67538259898,51405584933923442876134,0,55908974916729414,1.313831171940042
2025-06-14 11:21:30+00:00,15964846,67538259899,51405584933164593473503,0,55908974916729414,1.3138311719788898
2025-06-14 11:21:39+00:00,15964855,67538259912,51405584943164593473503,0,55908974927490968,1.3138311719761993
2025-06-14 11:21:44+00:00,15964860,67538259911,51405584942368412927758,0,55908974926625038,1.313831171977095
2025-06-14 11:22:15+00:00,15964891,67538259912,51405584941609563525148,0,55908974926625038,1.313831172015943
2025-06-14 11:23:00+00:00,15964936,67538259913,51405584940850714122561,0,55908974926625038,1.3138311720547908
2025-06-14 11:23:25+00:00,15964961,67538259914,51405584940091864719996,0,55908974926625038,1.3138311720936389
2025-06-14 11:23:30+00:00,15964966,67538259915,51405584939333015317454,0,55908974926625038,1.3138311721324867
2025-06-14 11:23:35+00:00,15964971,67538259979,51405584988171044817502,0,55908974979604999,1.3138311721292784
2025-06-14 11:23:40+00:00,15964976,67538259912,51405584937153350609115,0,55908974924117896,1.3138311721298355
2025-06-14 11:23:45+00:00,15964981,67538259913,51405584936394501206594,0,55908974924117896,1.3138311721686833
2025-06-14 11:23:45+00:00,15964981,67538259914,51405584936394501206593,0,55908974924117896,1.3138311721881366
2025-06-14 11:24:30+00:00,15965026,67538259915,51405584935635651804105,0,55908974924117896,1.3138311722269844
2025-06-14 11:24:47+00:00,15965043,67538259914,51405584936635651804105,0,55908974924117896,1.313831172181973
2025-06-14 11:24:52+00:00,15965048,67538259913,51405584937635651804105,0,55908974924117896,1.3138311721369618
2025-06-14 11:24:56+00:00,15965052,67538259926,51405584947635651804105,0,55908974934879450,1.3138311721342713
2025-06-14 11:25:01+00:00,15965057,67538259925,51405584946839471258396,0,55908974934013520,1.313831172135167
2025-06-14 11:25:16+00:00,15965072,67538259926,51405584946080621855878,0,55908974934013520,1.313831172174015
2025-06-14 11:26:01+00:00,15965117,67538259927,51405584945321772453382,0,55908974934013520,1.3138311722128628
2025-06-14 11:26:41+00:00,15965157,67538259928,51405584944562923050909,0,55908974934013520,1.3138311722517109
2025-06-14 11:26:46+00:00,15965162,67538259929,51405584943804073648458,0,55908974934013520,1.3138311722905587
2025-06-14 11:26:55+00:00,15965171,67538259862,51405584892786379442500,0,55908974878526417,1.3138311722911158
2025-06-14 11:27:00+00:00,15965176,67538259863,51405584892786379442499,0,55908974878526417,1.313831172310569
2025-06-14 11:27:32+00:00,15965208,67538259864,51405584892027530040082,0,55908974878526417,1.313831172349417
2025-06-14 11:28:02+00:00,15965238,67538259863,51405584893027530040082,0,55908974878526417,1.3138311723044056
2025-06-14 11:28:07+00:00,15965243,67538259862,51405584894027530040082,0,55908974878526417,1.3138311722593943
2025-06-14 11:28:12+00:00,15965248,67538259875,51405584904027530040082,0,55908974889287971,1.3138311722567038
2025-06-14 11:28:16+00:00,15965252,67538259874,51405584903231349494399,0,55908974888422041,1.3138311722575995
2025-06-14 11:28:17+00:00,15965253,67538259875,51405584902472500091951,0,55908974888422041,1.3138311722964473
2025-06-14 11:29:03+00:00,15965299,67538259876,51405584901713650689526,0,55908974888422041,1.3138311723352953
2025-06-14 11:29:48+00:00,15965344,67538259877,51405584900954801287123,0,55908974888422041,1.3138311723741432
2025-06-14 11:29:57+00:00,15965353,67538259878,51405584900195951884743,0,55908974888422041,1.3138311724129912
2025-06-14 11:30:02+00:00,15965358,67538259879,51405584899437102482385,0,55908974888422041,1.313831172451839
2025-06-14 11:30:08+00:00,15965364,67538259943,51405584948275131982433,0,55908974941402002,1.3138311724486307
2025-06-14 11:30:14+00:00,15965370,67538259876,51405584897257437778780,0,55908974885914899,1.3138311724491878
2025-06-14 11:30:19+00:00,15965375,67538259877,51405584897257437778779,0,55908974885914899,1.313831172468641
2025-06-14 11:30:36+00:00,15965392,67538259878,51405584896498588376453,0,55908974885914899,1.313831172507489
2025-06-14 11:31:21+00:00,15965437,67538259877,51405584897498588376453,0,55908974885914899,1.3138311724624776
2025-06-14 11:31:23+00:00,15965439,67538259878,51405584896739738974124,0,55908974885914899,1.3138311725013254
2025-06-14 11:31:26+00:00,15965442,67538259877,51405584897739738974124,0,55908974885914899,1.3138311724563143
2025-06-14 11:31:31+00:00,15965447,67538259890,51405584907739738974124,0,55908974896676453,1.3138311724536236
2025-06-14 11:31:35+00:00,15965451,67538259889,51405584906943558428489,0,55908974895810523,1.3138311724545193
2025-06-14 11:32:10+00:00,15965486,67538259890,51405584906184709026155,0,55908974895810523,1.3138311724933673
2025-06-14 11:32:56+00:00,15965532,67538259891,51405584905425859623844,0,55908974895810523,1.3138311725322152
2025-06-14 11:33:16+00:00,15965552,67538259892,51405584904667010221555,0,55908974895810523,1.3138311725710632
2025-06-14 11:33:21+00:00,15965557,67538259893,51405584903908160819289,0,55908974895810523,1.313831172609911
2025-06-14 11:33:27+00:00,15965563,67538259957,51405584952746190319337,0,55908974948790484,1.3138311726067027
2025-06-14 11:33:31+00:00,15965567,67538259890,51405584901728496117988,0,55908974893303381,1.3138311726072598
2025-06-14 11:33:36+00:00,15965572,67538259891,51405584901728496117987,0,55908974893303381,1.313831172626713
2025-06-14 11:33:43+00:00,15965579,67538259892,51405584900969646715753,0,55908974893303381,1.313831172665561
2025-06-14 11:34:29+00:00,15965625,67538259893,51405584900210797313541,0,55908974893303381,1.3138311727044087
2025-06-14 11:34:37+00:00,15965633,67538259892,51405584901210797313541,0,55908974893303381,1.3138311726593974
2025-06-14 11:34:46+00:00,15965642,67538259905,51405584911210797313541,0,55908974904064935,1.313831172656707
2025-06-14 11:34:50+00:00,15965646,67538259904,51405584910414616767957,0,55908974903199005,1.3138311726576026
2025-06-14 11:35:15+00:00,15965671,67538259905,51405584909655767365740,0,55908974903199005,1.3138311726964507
2025-06-14 11:36:01+00:00,15965717,67538259906,51405584908896917963546,0,55908974903199005,1.3138311727352985
2025-06-14 11:36:31+00:00,15965747,67538259907,51405584908138068561374,0,55908974903199005,1.3138311727741465
2025-06-14 11:36:36+00:00,15965752,67538259908,51405584907379219159225,0,55908974903199005,1.3138311728129943
2025-06-14 11:36:41+00:00,15965757,67538259972,51405584956217248659273,0,55908974956178966,1.313831172809786
2025-06-14 11:36:46+00:00,15965762,67538259905,51405584905199554461222,0,55908974900691863,1.3138311728103431
2025-06-14 11:36:48+00:00,15965764,67538259906,51405584904440705059094,0,55908974900691863,1.313831172849191
2025-06-14 11:36:50+00:00,15965766,67538259907,51405584904440705059093,0,55908974900691863,1.313831172868644
2025-06-14 11:37:33+00:00,15965809,67538259908,51405584903681855656998,0,55908974900691863,1.313831172907492
2025-06-14 11:37:51+00:00,15965827,67538259907,51405584904681855656998,0,55908974900691863,1.3138311728624807
2025-06-14 11:37:56+00:00,15965832,67538259906,51405584905681855656998,0,55908974900691863,1.3138311728174694
2025-06-14 11:38:01+00:00,15965837,67538259919,51405584915681855656998,0,55908974911453417,1.313831172814779
2025-06-14 11:38:06+00:00,15965842,67538259918,51405584914885675111450,0,55908974910587487,1.3138311728156746
2025-06-14 11:38:19+00:00,15965855,67538259919,51405584914126825709325,0,55908974910587487,1.3138311728545227
2025-06-14 11:39:05+00:00,15965901,67538259920,51405584913367976307222,0,55908974910587487,1.3138311728933705
2025-06-14 11:39:45+00:00,15965941,67538259921,51405584912609126905142,0,55908974910587487,1.3138311729322185
2025-06-14 11:39:50+00:00,15965946,67538259922,51405584911850277503084,0,55908974910587487,1.3138311729710663
2025-06-14 11:39:51+00:00,15965947,67538259923,51405584911091428101049,0,55908974910587487,1.3138311730099144
2025-06-14 11:39:56+00:00,15965952,67538259987,51405584959929457601097,0,55908974963567448,1.313831173006706
2025-06-14 11:40:05+00:00,15965961,67538259988,51405584959929457601096,0,55908974963567448,1.3138311730261591
2025-06-14 11:40:38+00:00,15965994,67538259989,51405584959170608199092,0,55908974963567448,1.313831173065007
2025-06-14 11:41:07+00:00,15966023,67538259988,51405584960170608199092,0,55908974963567448,1.3138311730199956
2025-06-14 11:41:12+00:00,15966028,67538259987,51405584961170608199092,0,55908974963567448,1.3138311729749845
2025-06-14 11:41:17+00:00,15966033,67538260000,51405584971170608199092,0,55908974974329002,1.3138311729722938
2025-06-14 11:41:21+00:00,15966037,67538259999,51405584970374427653580,0,55908974973463072,1.3138311729731895
2025-06-14 11:41:25+00:00,15966041,67538260000,51405584969615578251546,0,55908974973463072,1.3138311730120376
2025-06-14 11:42:13+00:00,15966089,67538260001,51405584968856728849534,0,55908974973463072,1.3138311730508854
2025-06-14 11:42:59+00:00,15966135,67538260002,51405584968097879447545,0,55908974973463072,1.3138311730897334
2025-06-14 11:42:59+00:00,15966135,67538260003,51405584967339030045578,0,55908974973463072,1.3138311731285812
2025-06-14 11:43:04+00:00,15966140,67538260004,51405584966580180643634,0,55908974973463072,1.3138311731674293
2025-06-14 11:43:10+00:00,15966146,67538260068,51405585015418210143682,0,55908975026443033,1.313831173164221
2025-06-14 11:43:15+00:00,15966151,67538260001,51405584964400515950993,0,55908974970955930,1.313831173164778
2025-06-14 11:43:20+00:00,15966156,67538260002,51405584964400515950992,0,55908974970955930,1.3138311731842311
2025-06-14 11:43:45+00:00,15966181,67538260003,51405584963641666549080,0,55908974970955930,1.313831173223079
2025-06-14 11:44:20+00:00,15966216,67538260002,51405584964641666549080,0,55908974970955930,1.3138311731780676
2025-06-14 11:44:25+00:00,15966221,67538260001,51405584965641666549080,0,55908974970955930,1.3138311731330565
2025-06-14 11:44:30+00:00,15966226,67538260014,51405584975641666549080,0,55908974981717484,1.3138311731303658
2025-06-14 11:44:30+00:00,15966226,67538260015,51405584974882817147137,0,55908974981717484,1.3138311731692138
2025-06-14 11:44:35+00:00,15966231,67538260014,51405584974086636601673,0,55908974980851554,1.3138311731701096
2025-06-14 11:45:15+00:00,15966271,67538260015,51405584973327787199753,0,55908974980851554,1.3138311732089574
2025-06-14 11:46:01+00:00,15966317,67538260016,51405584972568937797855,0,55908974980851554,1.3138311732478054
2025-06-14 11:46:15+00:00,15966331,67538260017,51405584971810088395979,0,55908974980851554,1.3138311732866532
2025-06-14 11:46:20+00:00,15966336,67538260018,51405584971051238994126,0,55908974980851554,1.3138311733255013
2025-06-14 11:46:26+00:00,15966342,67538260082,51405585019889268494174,0,55908975033831515,1.313831173322293
2025-06-14 11:46:35+00:00,15966351,67538260083,51405585019889268494173,0,55908975033831515,1.313831173341746
2025-06-14 11:46:47+00:00,15966363,67538260084,51405585019130419092352,0,55908975033831515,1.3138311733805939
2025-06-14 11:47:34+00:00,15966410,67538260084,51405585019371569690553,0,55908975033831515,1.3138311733744306
2025-06-14 11:47:34+00:00,15966410,67538260085,51405585018371569690553,0,55908975033831515,1.3138311734194419
2025-06-14 11:47:39+00:00,15966415,67538260083,51405585020371569690553,0,55908975033831515,1.3138311733294192
2025-06-14 11:47:44+00:00,15966420,67538260096,51405585030371569690553,0,55908975044593069,1.3138311733267287
2025-06-14 11:47:49+00:00,15966425,67538260095,51405585029575389145125,0,55908975043727139,1.3138311733276244
2025-06-14 11:48:21+00:00,15966457,67538260096,51405585028816539743295,0,55908975043727139,1.3138311733664725
2025-06-14 11:49:06+00:00,15966502,67538260097,51405585028057690341488,0,55908975043727139,1.3138311734053203
2025-06-14 11:49:27+00:00,15966523,67538260098,51405585027298840939703,0,55908975043727139,1.313831173444168
2025-06-14 11:49:37+00:00,15966533,67538260162,51405585076136870439751,0,55908975096707100,1.3138311734409598
2025-06-14 11:49:46+00:00,15966542,67538260163,51405585076136870439750,0,55908975096707100,1.3138311734604131
2025-06-14 11:49:52+00:00,15966548,67538260164,51405585075378021037997,0,55908975096707100,1.313831173499261
2025-06-14 11:50:38+00:00,15966594,67538260165,51405585074619171636267,0,55908975096707100,1.313831173538109
2025-06-14 11:50:46+00:00,15966602,67538260164,51405585075619171636267,0,55908975096707100,1.3138311734930976
2025-06-14 11:50:55+00:00,15966611,67538260177,51405585085619171636267,0,55908975107468654,1.313831173490407
2025-06-14 11:51:24+00:00,15966640,67538260178,51405585084860322234532,0,55908975107468654,1.313831173529255
2025-06-14 11:52:10+00:00,15966686,67538260179,51405585084101472832819,0,55908975107468654,1.3138311735681028
2025-06-14 11:52:36+00:00,15966712,67538260180,51405585083342623431128,0,55908975107468654,1.3138311736069508
2025-06-14 11:52:45+00:00,15966721,67538260244,51405585132180652931176,0,55908975160448615,1.3138311736037425
2025-06-14 11:52:50+00:00,15966726,67538260177,51405585081162958744888,0,55908975104961512,1.3138311736042996
2025-06-14 11:52:56+00:00,15966732,67538260178,51405585080404109343218,0,55908975104961512,1.3138311736431474
2025-06-14 11:53:41+00:00,15966777,67538260179,51405585079645259941571,0,55908975104961512,1.3138311736819954
2025-06-14 11:53:51+00:00,15966787,67538260178,51405585080645259941571,0,55908975104961512,1.313831173636984
2025-06-14 11:53:55+00:00,15966791,67538260177,51405585081645259941571,0,55908975104961512,1.3138311735919728
2025-06-14 11:54:01+00:00,15966797,67538260190,51405585091645259941571,0,55908975115723066,1.3138311735892823
2025-06-14 11:54:05+00:00,15966801,67538260189,51405585090849079396207,0,55908975114857136,1.313831173590178
2025-06-14 11:54:28+00:00,15966824,67538260190,51405585090090229994529,0,55908975114857136,1.3138311736290258
2025-06-14 11:55:14+00:00,15966870,67538260191,51405585089331380592874,0,55908975114857136,1.3138311736678738
2025-06-14 11:55:40+00:00,15966896,67538260192,51405585088572531191241,0,55908975114857136,1.3138311737067216
2025-06-14 11:55:49+00:00,15966905,67538260256,51405585137410560691289,0,55908975167837097,1.3138311737035133
2025-06-14 11:55:54+00:00,15966910,67538260189,51405585086392866506552,0,55908975112349994,1.3138311737040704
2025-06-14 11:55:59+00:00,15966915,67538260190,51405585085634017104940,0,55908975112349994,1.3138311737429185
2025-06-14 11:56:45+00:00,15966961,67538260191,51405585084875167703350,0,55908975112349994,1.3138311737817663
2025-06-14 11:56:56+00:00,15966972,67538260190,51405585085875167703350,0,55908975112349994,1.313831173736755
2025-06-14 11:57:01+00:00,15966977,67538260189,51405585086875167703350,0,55908975112349994,1.3138311736917436
2025-06-14 11:57:09+00:00,15966985,67538260188,51405585086078987158012,0,55908975111484064,1.3138311736926396
2025-06-14 11:57:32+00:00,15967008,67538260189,51405585085320137756393,0,55908975111484064,1.3138311737314874
2025-06-14 11:58:18+00:00,15967054,67538260190,51405585084561288354797,0,55908975111484064,1.3138311737703354
2025-06-14 11:58:45+00:00,15967081,67538260191,51405585083802438953223,0,55908975111484064,1.3138311738091832
2025-06-14 11:58:55+00:00,15967091,67538260255,51405585132640468453271,0,55908975164464025,1.313831173805975
2025-06-14 11:59:03+00:00,15967099,67538260256,51405585131881619051718,0,55908975164464025,1.313831173844823
2025-06-14 11:59:04+00:00,15967100,67538260257,51405585131881619051717,0,55908975164464025,1.313831173864276
2025-06-14 11:59:48+00:00,15967144,67538260258,51405585131122769650197,0,55908975164464025,1.3138311739031239
2025-06-14 12:00:03+00:00,15967159,67538260257,51405585132122769650197,0,55908975164464025,1.3138311738581125
2025-06-14 12:00:08+00:00,15967164,67538260256,51405585133122769650197,0,55908975164464025,1.3138311738131014
2025-06-14 12:00:14+00:00,15967170,67538260269,51405585143122769650197,0,55908975175225579,1.3138311738104107
2025-06-14 12:00:19+00:00,15967175,67538260268,51405585142326589104883,0,55908975174359649,1.3138311738113064
2025-06-14 12:00:36+00:00,15967192,67538260269,51405585141567739703333,0,55908975174359649,1.3138311738501545
2025-06-14 12:01:23+00:00,15967239,67538260270,51405585140808890301805,0,55908975174359649,1.3138311738890023
2025-06-14 12:01:55+00:00,15967271,67538260271,51405585140050040900300,0,55908975174359649,1.3138311739278503
2025-06-14 12:02:00+00:00,15967276,67538260272,51405585139291191498817,0,55908975174359649,1.3138311739666981
2025-06-14 12:02:06+00:00,15967282,67538260336,51405585188129220998865,0,55908975227339610,1.3138311739634898
2025-06-14 12:02:15+00:00,15967291,67538260337,51405585188129220998864,0,55908975227339610,1.313831173982943
2025-06-14 12:02:55+00:00,15967331,67538260338,51405585187370371597413,0,55908975227339610,1.313831174021791
2025-06-14 12:03:14+00:00,15967350,67538260337,51405585188370371597413,0,55908975227339610,1.3138311739767796
2025-06-14 12:03:19+00:00,15967355,67538260336,51405585189370371597413,0,55908975227339610,1.3138311739317683
2025-06-14 12:03:24+00:00,15967360,67538260349,51405585199370371597413,0,55908975238101164,1.3138311739290778
2025-06-14 12:03:29+00:00,15967365,67538260348,51405585198574191052123,0,55908975237235234,1.3138311739299735
2025-06-14 12:03:40+00:00,15967376,67538260349,51405585197815341650641,0,55908975237235234,1.3138311739688215
2025-06-14 12:04:25+00:00,15967421,67538260350,51405585197056492249182,0,55908975237235234,1.3138311740076694
2025-06-14 12:05:04+00:00,15967460,67538260351,51405585196297642847745,0,55908975237235234,1.3138311740465172
2025-06-14 12:05:09+00:00,15967465,67538260352,51405585195538793446331,0,55908975237235234,1.3138311740853652
2025-06-14 12:05:11+00:00,15967467,67538260353,51405585194779944044939,0,55908975237235234,1.313831174124213
2025-06-14 12:05:14+00:00,15967470,67538260417,51405585243617973544987,0,55908975290215195,1.3138311741210047
2025-06-14 12:05:19+00:00,15967475,67538260350,51405585192600279366516,0,55908975234728092,1.3138311741215618
2025-06-14 12:05:57+00:00,15967513,67538260351,51405585191841429965145,0,55908975234728092,1.3138311741604098
2025-06-14 12:06:24+00:00,15967540,67538260350,51405585192841429965145,0,55908975234728092,1.3138311741153985
2025-06-14 12:06:29+00:00,15967545,67538260349,51405585193841429965145,0,55908975234728092,1.3138311740703872
2025-06-14 12:06:34+00:00,15967550,67538260362,51405585203841429965145,0,55908975245489646,1.3138311740676967
2025-06-14 12:06:38+00:00,15967554,67538260361,51405585203045249419891,0,55908975244623716,1.3138311740685924
2025-06-14 12:06:44+00:00,15967560,67538260362,51405585202286400018489,0,55908975244623716,1.3138311741074402
2025-06-14 12:07:29+00:00,15967605,67538260363,51405585201527550617110,0,55908975244623716,1.3138311741462882
2025-06-14 12:08:15+00:00,15967651,67538260364,51405585200768701215753,0,55908975244623716,1.313831174185136
2025-06-14 12:08:24+00:00,15967660,67538260365,51405585200009851814419,0,55908975244623716,1.313831174223984
2025-06-14 12:08:30+00:00,15967666,67538260429,51405585248847881314467,0,55908975297603677,1.3138311742207758
2025-06-14 12:08:35+00:00,15967671,67538260362,51405585197830187137548,0,55908975242116574,1.3138311742213329
2025-06-14 12:08:40+00:00,15967676,67538260363,51405585197830187137547,0,55908975242116574,1.313831174240786
2025-06-14 12:09:00+00:00,15967696,67538260364,51405585197071337736245,0,55908975242116574,1.3138311742796338
2025-06-14 12:09:44+00:00,15967740,67538260363,51405585198071337736245,0,55908975242116574,1.3138311742346227
2025-06-14 12:09:45+00:00,15967741,67538260364,51405585197312488334939,0,55908975242116574,1.3138311742734705
2025-06-14 12:09:53+00:00,15967749,67538260377,51405585207312488334939,0,55908975252878128,1.31383117427078
2025-06-14 12:09:58+00:00,15967754,67538260376,51405585206516307789737,0,55908975252012198,1.3138311742716757
2025-06-14 12:10:31+00:00,15967787,67538260377,51405585205757458388453,0,55908975252012198,1.3138311743105235
2025-06-14 12:11:17+00:00,15967833,67538260378,51405585204998608987191,0,55908975252012198,1.3138311743493716
2025-06-14 12:11:37+00:00,15967853,67538260379,51405585204239759585952,0,55908975252012198,1.3138311743882194
2025-06-14 12:11:47+00:00,15967863,67538260443,51405585253077789086000,0,55908975304992159,1.313831174385011
2025-06-14 12:11:56+00:00,15967872,67538260444,51405585253077789085999,0,55908975304992159,1.3138311744044642
2025-06-14 12:12:03+00:00,15967879,67538260445,51405585252318939684791,0,55908975304992159,1.3138311744433122
2025-06-14 12:12:47+00:00,15967923,67538260446,51405585251560090283606,0,55908975304992159,1.31383117448216
2025-06-14 12:12:55+00:00,15967931,67538260445,51405585252560090283606,0,55908975304992159,1.3138311744371487
2025-06-14 12:12:59+00:00,15967935,67538260444,51405585253560090283606,0,55908975304992159,1.3138311743921376
2025-06-14 12:13:04+00:00,15967940,67538260457,51405585263560090283606,0,55908975315753713,1.3138311743894469
2025-06-14 12:13:09+00:00,15967945,67538260456,51405585262763909738428,0,55908975314887783,1.3138311743903426
2025-06-14 12:13:33+00:00,15967969,67538260457,51405585262005060337212,0,55908975314887783,1.3138311744291906
2025-06-14 12:14:18+00:00,15968014,67538260458,51405585261246210936019,0,55908975314887783,1.3138311744680384
2025-06-14 12:14:45+00:00,15968041,67538260459,51405585260487361534848,0,55908975314887783,1.3138311745068865
2025-06-14 12:14:50+00:00,15968046,67538260460,51405585259728512133700,0,55908975314887783,1.3138311745457343
2025-06-14 12:14:55+00:00,15968051,67538260524,51405585308566541633748,0,55908975367867744,1.313831174542526
2025-06-14 12:14:59+00:00,15968055,67538260457,51405585257548847461678,0,55908975312380641,1.313831174543083
2025-06-14 12:15:04+00:00,15968060,67538260458,51405585256789998060551,0,55908975312380641,1.313831174581931
2025-06-14 12:15:04+00:00,15968060,67538260459,51405585256789998060550,0,55908975312380641,1.3138311746013842
2025-06-14 12:15:50+00:00,15968106,67538260460,51405585256031148659456,0,55908975312380641,1.313831174640232
2025-06-14 12:16:04+00:00,15968120,67538260459,51405585257031148659456,0,55908975312380641,1.313831174595221
2025-06-14 12:16:09+00:00,15968125,67538260458,51405585258031148659456,0,55908975312380641,1.3138311745502096
2025-06-14 12:16:14+00:00,15968130,67538260471,51405585268031148659456,0,55908975323142195,1.3138311745475189
2025-06-14 12:16:19+00:00,15968135,67538260470,51405585267234968114314,0,55908975322276265,1.3138311745484146
2025-06-14 12:16:36+00:00,15968152,67538260471,51405585266476118713190,0,55908975322276265,1.3138311745872626
2025-06-14 12:17:23+00:00,15968199,67538260472,51405585265717269312088,0,55908975322276265,1.3138311746261104
2025-06-14 12:17:56+00:00,15968232,67538260473,51405585264958419911008,0,55908975322276265,1.3138311746649585
2025-06-14 12:18:01+00:00,15968237,67538260474,51405585264199570509951,0,55908975322276265,1.3138311747038063
2025-06-14 12:18:06+00:00,15968242,67538260538,51405585313037600009999,0,55908975375256226,1.313831174700598
2025-06-14 12:18:11+00:00,15968247,67538260471,51405585262019905840233,0,55908975319769123,1.313831174701155
2025-06-14 12:18:16+00:00,15968252,67538260472,51405585262019905840232,0,55908975319769123,1.3138311747206082
2025-06-14 12:18:55+00:00,15968291,67538260473,51405585261261056439207,0,55908975319769123,1.3138311747594562
2025-06-14 12:19:15+00:00,15968311,67538260472,51405585262261056439207,0,55908975319769123,1.3138311747144449
2025-06-14 12:19:20+00:00,15968316,67538260471,51405585263261056439207,0,55908975319769123,1.3138311746694336
2025-06-14 12:19:25+00:00,15968321,67538260484,51405585273261056439207,0,55908975330530677,1.313831174666743
2025-06-14 12:19:30+00:00,15968326,67538260483,51405585272464875894089,0,55908975329664747,1.3138311746676388
2025-06-14 12:19:40+00:00,15968336,67538260484,51405585271706026493033,0,55908975329664747,1.3138311747064868
2025-06-14 12:20:25+00:00,15968381,67538260485,51405585270947177092000,0,55908975329664747,1.3138311747453346
2025-06-14 12:21:07+00:00,15968423,67538260486,51405585270188327690989,0,55908975329664747,1.3138311747841824
2025-06-14 12:21:12+00:00,15968428,67538260487,51405585269429478290001,0,55908975329664747,1.3138311748230305
2025-06-14 12:21:18+00:00,15968434,67538260551,51405585318267507790049,0,55908975382644708,1.3138311748198221
2025-06-14 12:21:27+00:00,15968443,67538260552,51405585318267507790048,0,55908975382644708,1.3138311748392753
2025-06-14 12:21:56+00:00,15968472,67538260553,51405585317508658389092,0,55908975382644708,1.3138311748781233
2025-06-14 12:22:27+00:00,15968503,67538260552,51405585318508658389092,0,55908975382644708,1.313831174833112
2025-06-14 12:22:36+00:00,15968512,67538260565,51405585328508658389092,0,55908975393406262,1.3138311748304212
2025-06-14 12:22:40+00:00,15968516,67538260564,51405585327712477844014,0,55908975392540332,1.3138311748313172
2025-06-14 12:22:42+00:00,15968518,67538260565,51405585326953628443053,0,55908975392540332,1.313831174870165
2025-06-14 12:23:27+00:00,15968563,67538260566,51405585326194779042114,0,55908975392540332,1.3138311749090128
2025-06-14 12:24:13+00:00,15968609,67538260567,51405585325435929641198,0,55908975392540332,1.3138311749478608
2025-06-14 12:24:16+00:00,15968612,67538260568,51405585324677080240304,0,55908975392540332,1.3138311749867086
2025-06-14 12:24:26+00:00,15968622,67538260632,51405585373515109740352,0,55908975445520293,1.3138311749835003
2025-06-14 12:24:35+00:00,15968631,67538260633,51405585373515109740351,0,55908975445520293,1.3138311750029537
2025-06-14 12:24:58+00:00,15968654,67538260634,51405585372756260339489,0,55908975445520293,1.3138311750418015
2025-06-14 12:25:35+00:00,15968691,67538260633,51405585373756260339489,0,55908975445520293,1.3138311749967901
2025-06-14 12:25:43+00:00,15968699,67538260634,51405585372997410938624,0,55908975445520293,1.3138311750356382
2025-06-14 12:25:44+00:00,15968700,67538260647,51405585382997410938624,0,55908975456281847,1.3138311750329474
2025-06-14 12:25:48+00:00,15968704,67538260646,51405585382201230393597,0,55908975455415917,1.3138311750338432
2025-06-14 12:26:30+00:00,15968746,67538260647,51405585381442380992753,0,55908975455415917,1.3138311750726912
2025-06-14 12:27:16+00:00,15968792,67538260648,51405585380683531591931,0,55908975455415917,1.313831175111539
2025-06-14 12:27:25+00:00,15968801,67538260649,51405585379924682191132,0,55908975455415917,1.313831175150387
2025-06-14 12:27:30+00:00,15968806,67538260650,51405585379165832790355,0,55908975455415917,1.3138311751892349
2025-06-14 12:27:35+00:00,15968811,67538260714,51405585428003862290403,0,55908975508395878,1.3138311751860265
2025-06-14 12:27:40+00:00,15968816,67538260647,51405585376986168128030,0,55908975452908775,1.3138311751865837
2025-06-14 12:27:44+00:00,15968820,67538260648,51405585376986168128029,0,55908975452908775,1.3138311752060368
2025-06-14 12:28:02+00:00,15968838,67538260649,51405585376227318727284,0,55908975452908775,1.3138311752448848
2025-06-14 12:28:45+00:00,15968881,67538260648,51405585377227318727284,0,55908975452908775,1.3138311751998735
2025-06-14 12:28:54+00:00,15968890,67538260661,51405585387227318727284,0,55908975463670329,1.313831175197183
2025-06-14 12:29:34+00:00,15968930,67538260662,51405585386468469326534,0,55908975463670329,1.3138311752360308
2025-06-14 12:30:19+00:00,15968975,67538260663,51405585385709619925807,0,55908975463670329,1.3138311752748788
2025-06-14 12:30:36+00:00,15968992,67538260664,51405585384950770525102,0,55908975463670329,1.3138311753137266
2025-06-14 12:30:41+00:00,15968997,67538260665,51405585384191921124420,0,55908975463670329,1.3138311753525747
2025-06-14 12:30:46+00:00,15969002,67538260729,51405585433029950624468,0,55908975516650290,1.3138311753493663
2025-06-14 12:30:51+00:00,15969007,67538260662,51405585382012256464639,0,55908975461163187,1.3138311753499232
2025-06-14 12:31:06+00:00,15969022,67538260663,51405585381253407063978,0,55908975461163187,1.3138311753887713
2025-06-14 12:31:53+00:00,15969069,67538260664,51405585380494557663339,0,55908975461163187,1.313831175427619
2025-06-14 12:31:55+00:00,15969071,67538260663,51405585381494557663339,0,55908975461163187,1.313831175382608
2025-06-14 12:32:00+00:00,15969076,67538260662,51405585382494557663339,0,55908975461163187,1.3138311753375966
2025-06-14 12:32:09+00:00,15969085,67538260661,51405585381698377118390,0,55908975460297257,1.3138311753384924
2025-06-14 12:32:38+00:00,15969114,67538260662,51405585380939527717722,0,55908975460297257,1.3138311753773402
2025-06-14 12:33:25+00:00,15969161,67538260663,51405585380180678317076,0,55908975460297257,1.3138311754161882
2025-06-14 12:33:46+00:00,15969182,67538260664,51405585379421828916453,0,55908975460297257,1.313831175455036
2025-06-14 12:33:50+00:00,15969186,67538260665,51405585378662979515852,0,55908975460297257,1.313831175493884
2025-06-14 12:33:56+00:00,15969192,67538260729,51405585427501009015900,0,55908975513277218,1.3138311754906757
2025-06-14 12:34:00+00:00,15969196,67538260662,51405585376483314858481,0,55908975457790115,1.3138311754912328
2025-06-14 12:34:05+00:00,15969201,67538260663,51405585376483314858480,0,55908975457790115,1.313831175510686
2025-06-14 12:34:10+00:00,15969206,67538260664,51405585375724465457911,0,55908975457790115,1.3138311755495338
2025-06-14 12:34:55+00:00,15969251,67538260665,51405585374965616057365,0,55908975457790115,1.3138311755883818
2025-06-14 12:35:05+00:00,15969261,67538260664,51405585375965616057365,0,55908975457790115,1.3138311755433705
2025-06-14 12:35:10+00:00,15969266,67538260663,51405585376965616057365,0,55908975457790115,1.3138311754983591
2025-06-14 12:35:15+00:00,15969271,67538260676,51405585386965616057365,0,55908975468551669,1.3138311754956686
2025-06-14 12:35:20+00:00,15969276,67538260675,51405585386169435512451,0,55908975467685739,1.3138311754965644
2025-06-14 12:35:41+00:00,15969297,67538260676,51405585385410586111874,0,55908975467685739,1.3138311755354122
2025-06-14 12:36:27+00:00,15969343,67538260677,51405585384651736711320,0,55908975467685739,1.3138311755742602
2025-06-14 12:36:57+00:00,15969373,67538260678,51405585383892887310788,0,55908975467685739,1.313831175613108
2025-06-14 12:37:07+00:00,15969383,67538260742,51405585432730916810836,0,55908975520665700,1.3138311756098997
2025-06-14 12:37:13+00:00,15969389,67538260743,51405585431972067410325,0,55908975520665700,1.3138311756487477
2025-06-14 12:37:16+00:00,15969392,67538260744,51405585431972067410324,0,55908975520665700,1.3138311756682008
2025-06-14 12:37:59+00:00,15969435,67538260745,51405585431213218009846,0,55908975520665700,1.3138311757070489
2025-06-14 12:38:16+00:00,15969452,67538260744,51405585432213218009846,0,55908975520665700,1.3138311756620376
2025-06-14 12:38:25+00:00,15969461,67538260757,51405585442213218009846,0,55908975531427254,1.3138311756593468
2025-06-14 12:38:46+00:00,15969482,67538260758,51405585441454368609363,0,55908975531427254,1.3138311756981949
2025-06-14 12:39:32+00:00,15969528,67538260759,51405585440695519208903,0,55908975531427254,1.3138311757370427
2025-06-14 12:40:07+00:00,15969563,67538260760,51405585439936669808465,0,55908975531427254,1.3138311757758907
2025-06-14 12:40:11+00:00,15969567,67538260761,51405585439177820408050,0,55908975531427254,1.3138311758147385
2025-06-14 12:40:17+00:00,15969573,67538260825,51405585488015849908098,0,55908975584407215,1.3138311758115302
2025-06-14 12:40:19+00:00,15969575,67538260826,51405585487257000507703,0,55908975584407215,1.3138311758503782
2025-06-14 12:40:22+00:00,15969578,67538260759,51405585436239306355886,0,55908975528920112,1.3138311758509353
2025-06-14 12:40:27+00:00,15969583,67538260760,51405585436239306355885,0,55908975528920112,1.3138311758703884
2025-06-14 12:41:05+00:00,15969621,67538260761,51405585435480456955524,0,55908975528920112,1.3138311759092363
2025-06-14 12:41:27+00:00,15969643,67538260760,51405585436480456955524,0,55908975528920112,1.313831175864225
2025-06-14 12:41:36+00:00,15969652,67538260773,51405585446480456955524,0,55908975539681666,1.3138311758615344
2025-06-14 12:41:52+00:00,15969668,67538260774,51405585445721607555158,0,55908975539681666,1.3138311759003825
2025-06-14 12:42:38+00:00,15969714,67538260775,51405585444962758154814,0,55908975539681666,1.3138311759392303
2025-06-14 12:43:18+00:00,15969754,67538260776,51405585444203908754493,0,55908975539681666,1.313831175978078
2025-06-14 12:43:22+00:00,15969758,67538260777,51405585443445059354194,0,55908975539681666,1.3138311760169261
2025-06-14 12:43:24+00:00,15969760,67538260778,51405585442686209953918,0,55908975539681666,1.313831176055774
2025-06-14 12:43:33+00:00,15969769,67538260711,51405585391668515805523,0,55908975484194563,1.313831176056331
2025-06-14 12:43:38+00:00,15969774,67538260712,51405585391668515805522,0,55908975484194563,1.3138311760757841
2025-06-14 12:44:10+00:00,15969806,67538260713,51405585390909666405280,0,55908975484194563,1.3138311761146322
2025-06-14 12:44:37+00:00,15969833,67538260712,51405585391909666405280,0,55908975484194563,1.3138311760696209
2025-06-14 12:44:42+00:00,15969838,67538260711,51405585392909666405280,0,55908975484194563,1.3138311760246095
2025-06-14 12:44:51+00:00,15969847,67538260710,51405585392113485860497,0,55908975483328633,1.3138311760255053
2025-06-14 12:44:55+00:00,15969851,67538260711,51405585391354636460226,0,55908975483328633,1.3138311760643533
2025-06-14 12:45:41+00:00,15969897,67538260712,51405585390595787059977,0,55908975483328633,1.313831176103201
2025-06-14 12:46:26+00:00,15969942,67538260713,51405585389836937659751,0,55908975483328633,1.3138311761420491
2025-06-14 12:46:35+00:00,15969951,67538260714,51405585389078088259547,0,55908975483328633,1.313831176180897
2025-06-14 12:46:41+00:00,15969957,67538260778,51405585437916117759595,0,55908975536308594,1.3138311761776886
2025-06-14 12:46:50+00:00,15969966,67538260779,51405585437916117759594,0,55908975536308594,1.3138311761971417
2025-06-14 12:47:12+00:00,15969988,67538260780,51405585437157268359422,0,55908975536308594,1.3138311762359898
2025-06-14 12:47:50+00:00,15970026,67538260779,51405585438157268359422,0,55908975536308594,1.3138311761909784
2025-06-14 12:47:54+00:00,15970030,67538260778,51405585439157268359422,0,55908975536308594,1.3138311761459671
2025-06-14 12:47:57+00:00,15970033,67538260779,51405585438398418959220,0,55908975536308594,1.3138311761848152
2025-06-14 12:47:59+00:00,15970035,67538260792,51405585448398418959220,0,55908975547070148,1.3138311761821244
2025-06-14 12:48:03+00:00,15970039,67538260791,51405585447602238414473,0,55908975546204218,1.3138311761830204
2025-06-14 12:48:43+00:00,15970079,67538260792,51405585446843389014293,0,55908975546204218,1.3138311762218682
2025-06-14 12:49:29+00:00,15970125,67538260793,51405585446084539614135,0,55908975546204218,1.3138311762607162
2025-06-14 12:49:41+00:00,15970137,67538260794,51405585445325690214000,0,55908975546204218,1.313831176299564
2025-06-14 12:49:51+00:00,15970147,67538260858,51405585494163719714048,0,55908975599184179,1.3138311762963557
2025-06-14 12:50:00+00:00,15970156,67538260859,51405585494163719714047,0,55908975599184179,1.3138311763158088
2025-06-14 12:50:15+00:00,15970171,67538260860,51405585493404870313943,0,55908975599184179,1.3138311763546568
2025-06-14 12:50:59+00:00,15970215,67538260859,51405585494404870313943,0,55908975599184179,1.3138311763096455
2025-06-14 12:51:02+00:00,15970218,67538260860,51405585493646020913836,0,55908975599184179,1.3138311763484933
2025-06-14 12:51:04+00:00,15970220,67538260859,51405585494646020913836,0,55908975599184179,1.3138311763034822
2025-06-14 12:51:09+00:00,15970225,67538260872,51405585504646020913836,0,55908975609945733,1.3138311763007915
2025-06-14 12:51:14+00:00,15970230,67538260871,51405585503849840369113,0,55908975609079803,1.3138311763016872
2025-06-14 12:51:47+00:00,15970263,67538260872,51405585503090990969001,0,55908975609079803,1.3138311763405353
2025-06-14 12:52:33+00:00,15970309,67538260873,51405585502332141568912,0,55908975609079803,1.313831176379383
2025-06-14 12:52:48+00:00,15970324,67538260874,51405585501573292168845,0,55908975609079803,1.313831176418231
2025-06-14 12:52:52+00:00,15970328,67538260875,51405585500814442768801,0,55908975609079803,1.313831176457079
2025-06-14 12:52:57+00:00,15970333,67538260939,51405585549652472268849,0,55908975662059764,1.3138311764538706
2025-06-14 12:53:02+00:00,15970338,67538260872,51405585498634778125966,0,55908975606572661,1.3138311764544277
2025-06-14 12:53:06+00:00,15970342,67538260873,51405585498634778125965,0,55908975606572661,1.3138311764738808
2025-06-14 12:53:19+00:00,15970355,67538260874,51405585497875928725953,0,55908975606572661,1.3138311765127288
2025-06-14 12:54:05+00:00,15970401,67538260874,51405585498117079325963,0,55908975606572661,1.3138311765065653
2025-06-14 12:54:05+00:00,15970401,67538260875,51405585497117079325963,0,55908975606572661,1.3138311765515767
2025-06-14 12:54:10+00:00,15970406,67538260873,51405585499117079325963,0,55908975606572661,1.3138311764615542
2025-06-14 12:54:15+00:00,15970411,67538260886,51405585509117079325963,0,55908975617334215,1.3138311764588635
2025-06-14 12:54:51+00:00,15970447,67538260887,51405585508358229925942,0,55908975617334215,1.3138311764977115
2025-06-14 12:55:36+00:00,15970492,67538260888,51405585507599380525943,0,55908975617334215,1.3138311765365593
2025-06-14 12:55:53+00:00,15970509,67538260889,51405585506840531125967,0,55908975617334215,1.3138311765754074
2025-06-14 12:56:03+00:00,15970519,67538260953,51405585555678560626015,0,55908975670314176,1.313831176572199
2025-06-14 12:56:12+00:00,15970528,67538260954,51405585555678560626014,0,55908975670314176,1.3138311765916522
2025-06-14 12:56:23+00:00,15970539,67538260955,51405585554919711226070,0,55908975670314176,1.3138311766305
2025-06-14 12:57:10+00:00,15970586,67538260956,51405585554160861826148,0,55908975670314176,1.313831176669348
2025-06-14 12:57:11+00:00,15970587,67538260955,51405585555160861826148,0,55908975670314176,1.3138311766243367
2025-06-14 12:57:16+00:00,15970592,67538260954,51405585556160861826148,0,55908975670314176,1.3138311765793254
2025-06-14 12:57:21+00:00,15970597,67538260967,51405585566160861826148,0,55908975681075730,1.3138311765766348
2025-06-14 12:57:25+00:00,15970601,67538260966,51405585565364681281486,0,55908975680209800,1.3138311765775306
2025-06-14 12:57:55+00:00,15970631,67538260967,51405585564605831881534,0,55908975680209800,1.3138311766163784
2025-06-14 12:58:40+00:00,15970676,67538260968,51405585563846982481604,0,55908975680209800,1.3138311766552264
2025-06-14 12:59:01+00:00,15970697,67538260969,51405585563088133081696,0,55908975680209800,1.3138311766940742
2025-06-14 12:59:06+00:00,15970702,67538260970,51405585562329283681811,0,55908975680209800,1.3138311767329223
2025-06-14 12:59:12+00:00,15970708,67538261034,51405585611167313181859,0,55908975733189761,1.313831176729714
2025-06-14 12:59:17+00:00,15970713,67538260967,51405585560149619042832,0,55908975677702658,1.313831176730271
2025-06-14 12:59:22+00:00,15970718,67538260968,51405585560149619042831,0,55908975677702658,1.3138311767497242
2025-06-14 12:59:27+00:00,15970723,67538260969,51405585559390769642978,0,55908975677702658,1.313831176788572
2025-06-14 13:00:12+00:00,15970768,67538260970,51405585558631920243147,0,55908975677702658,1.31383117682742
2025-06-14 13:00:23+00:00,15970779,67538260969,51405585559631920243147,0,55908975677702658,1.3138311767824087
2025-06-14 13:00:28+00:00,15970784,67538260968,51405585560631920243147,0,55908975677702658,1.3138311767373974
2025-06-14 13:00:33+00:00,15970789,67538260981,51405585570631920243147,0,55908975688464212,1.3138311767347068
2025-06-14 13:00:38+00:00,15970794,67538260980,51405585569835739698521,0,55908975687598282,1.3138311767356026
2025-06-14 13:00:59+00:00,15970815,67538260981,51405585569076890298660,0,55908975687598282,1.3138311767744504
2025-06-14 13:01:44+00:00,15970860,67538260982,51405585568318040898821,0,55908975687598282,1.3138311768132984
2025-06-14 13:02:15+00:00,15970891,67538260983,51405585567559191499005,0,55908975687598282,1.3138311768521462
2025-06-14 13:02:20+00:00,15970896,67538260984,51405585566800342099211,0,55908975687598282,1.3138311768909943
2025-06-14 13:02:26+00:00,15970902,67538261048,51405585615638371599259,0,55908975740578243,1.313831176887786
2025-06-14 13:02:31+00:00,15970907,67538260981,51405585564620677462537,0,55908975685091140,1.313831176888343
2025-06-14 13:03:15+00:00,15970951,67538260982,51405585563861828062764,0,55908975685091140,1.3138311769271909
2025-06-14 13:03:34+00:00,15970970,67538260981,51405585564861828062764,0,55908975685091140,1.3138311768821795
2025-06-14 13:03:38+00:00,15970974,67538260980,51405585565861828062764,0,55908975685091140,1.3138311768371684
2025-06-14 13:03:43+00:00,15970979,67538260993,51405585575861828062764,0,55908975695852694,1.3138311768344777
2025-06-14 13:04:01+00:00,15970997,67538260994,51405585575102978662960,0,55908975695852694,1.3138311768733257
2025-06-14 13:04:45+00:00,15971041,67538260995,51405585574344129263178,0,55908975695852694,1.3138311769121735
2025-06-14 13:05:24+00:00,15971080,67538260996,51405585573585279863419,0,55908975695852694,1.3138311769510216
2025-06-14 13:05:29+00:00,15971085,67538260997,51405585572826430463682,0,55908975695852694,1.3138311769898694
2025-06-14 13:05:31+00:00,15971087,67538260998,51405585572067581063968,0,55908975695852694,1.3138311770287174
2025-06-14 13:05:39+00:00,15971095,67538260931,51405585521049886929676,0,55908975640365591,1.3138311770292743
2025-06-14 13:05:44+00:00,15971100,67538260932,51405585521049886929675,0,55908975640365591,1.3138311770487276
2025-06-14 13:06:16+00:00,15971132,67538260933,51405585520291037529995,0,55908975640365591,1.3138311770875755
2025-06-14 13:06:44+00:00,15971160,67538260932,51405585521291037529995,0,55908975640365591,1.3138311770425641
2025-06-14 13:06:49+00:00,15971165,67538260931,51405585522291037529995,0,55908975640365591,1.313831176997553
2025-06-14 13:06:53+00:00,15971169,67538260944,51405585532291037529995,0,55908975651127145,1.3138311769948623
2025-06-14 13:06:58+00:00,15971174,67538260943,51405585531494856985431,0,55908975650261215,1.313831176995758
2025-06-14 13:07:47+00:00,15971223,67538260944,51405585530736007585720,0,55908975650261215,1.313831177034606
2025-06-14 13:08:33+00:00,15971269,67538260945,51405585529977158186032,0,55908975650261215,1.3138311770734539
2025-06-14 13:08:34+00:00,15971270,67538260946,51405585529218308786366,0,55908975650261215,1.313831177112302
2025-06-14 13:08:39+00:00,15971275,67538260947,51405585528459459386722,0,55908975650261215,1.3138311771511497
2025-06-14 13:08:45+00:00,15971281,67538261011,51405585577297488886770,0,55908975703241176,1.3138311771479414
2025-06-14 13:08:54+00:00,15971290,67538261012,51405585577297488886769,0,55908975703241176,1.3138311771673945
2025-06-14 13:09:18+00:00,15971314,67538261013,51405585576538639487157,0,55908975703241176,1.3138311772062425
2025-06-14 13:09:55+00:00,15971351,67538261012,51405585577538639487157,0,55908975703241176,1.3138311771612312
2025-06-14 13:10:00+00:00,15971356,67538261011,51405585578538639487157,0,55908975703241176,1.3138311771162199
2025-06-14 13:10:04+00:00,15971360,67538261012,51405585577779790087516,0,55908975703241176,1.313831177155068
2025-06-14 13:10:05+00:00,15971361,67538261025,51405585587779790087516,0,55908975714002730,1.3138311771523772
2025-06-14 13:10:11+00:00,15971367,67538261024,51405585586983609542988,0,55908975713136800,1.313831177153273
2025-06-14 13:10:50+00:00,15971406,67538261025,51405585586224760143368,0,55908975713136800,1.313831177192121
2025-06-14 13:11:37+00:00,15971453,67538261026,51405585585465910743771,0,55908975713136800,1.3138311772309688
2025-06-14 13:11:48+00:00,15971464,67538261027,51405585584707061344196,0,55908975713136800,1.3138311772698168
2025-06-14 13:11:52+00:00,15971468,67538261028,51405585583948211944643,0,55908975713136800,1.3138311773086646
2025-06-14 13:11:58+00:00,15971474,67538261092,51405585632786241444691,0,55908975766116761,1.3138311773054563
2025-06-14 13:12:03+00:00,15971479,67538261025,51405585581768547314255,0,55908975710629658,1.3138311773060134
2025-06-14 13:12:22+00:00,15971498,67538261026,51405585581009697914723,0,55908975710629658,1.3138311773448614
2025-06-14 13:13:07+00:00,15971543,67538261027,51405585580250848515214,0,55908975710629658,1.3138311773837092
2025-06-14 13:13:09+00:00,15971545,67538261026,51405585581250848515214,0,55908975710629658,1.313831177338698
2025-06-14 13:13:14+00:00,15971550,67538261025,51405585582250848515214,0,55908975710629658,1.3138311772936868
2025-06-14 13:13:19+00:00,15971555,67538261038,51405585592250848515214,0,55908975721391212,1.313831177290996
2025-06-14 13:13:24+00:00,15971560,67538261037,51405585591454667970722,0,55908975720525282,1.3138311772918918
2025-06-14 13:13:53+00:00,15971589,67538261038,51405585590695818571182,0,55908975720525282,1.3138311773307398
2025-06-14 13:14:39+00:00,15971635,67538261039,51405585589936969171665,0,55908975720525282,1.3138311773695877
2025-06-14 13:15:01+00:00,15971657,67538261040,51405585589178119772170,0,55908975720525282,1.3138311774084357
2025-06-14 13:15:07+00:00,15971663,67538261041,51405585588419270372698,0,55908975720525282,1.3138311774472835
2025-06-14 13:15:13+00:00,15971669,67538261105,51405585637257299872746,0,55908975773505243,1.3138311774440752
2025-06-14 13:15:17+00:00,15971673,67538261038,51405585586239605744615,0,55908975718018140,1.3138311774446323
2025-06-14 13:15:23+00:00,15971679,67538261039,51405585586239605744614,0,55908975718018140,1.3138311774640854
2025-06-14 13:15:26+00:00,15971682,67538261040,51405585585480756345174,0,55908975718018140,1.3138311775029334
2025-06-14 13:16:11+00:00,15971727,67538261041,51405585584721906945756,0,55908975718018140,1.3138311775417812
2025-06-14 13:16:25+00:00,15971741,67538261040,51405585585721906945756,0,55908975718018140,1.31383117749677
2025-06-14 13:16:30+00:00,15971746,67538261039,51405585586721906945756,0,55908975718018140,1.3138311774517588
2025-06-14 13:16:34+00:00,15971750,67538261052,51405585596721906945756,0,55908975728779694,1.313831177449068
2025-06-14 13:16:39+00:00,15971755,67538261051,51405585595925726401300,0,55908975727913764,1.3138311774499638
2025-06-14 13:16:55+00:00,15971771,67538261052,51405585595166877001851,0,55908975727913764,1.3138311774888118
2025-06-14 13:17:40+00:00,15971816,67538261053,51405585594408027602425,0,55908975727913764,1.3138311775276597
2025-06-14 13:18:22+00:00,15971858,67538261054,51405585593649178203021,0,55908975727913764,1.3138311775665077
2025-06-14 13:18:32+00:00,15971868,67538261118,51405585642487207703069,0,55908975780893725,1.3138311775632994
2025-06-14 13:18:36+00:00,15971872,67538261051,51405585591469513576489,0,55908975725406622,1.3138311775638565
2025-06-14 13:18:41+00:00,15971877,67538261052,51405585591469513576488,0,55908975725406622,1.3138311775833096
2025-06-14 13:19:11+00:00,15971907,67538261053,51405585590710664177117,0,55908975725406622,1.3138311776221574
2025-06-14 13:19:42+00:00,15971938,67538261052,51405585591710664177117,0,55908975725406622,1.313831177577146
2025-06-14 13:19:51+00:00,15971947,67538261065,51405585601710664177117,0,55908975736168176,1.3138311775744556
2025-06-14 13:19:55+00:00,15971951,67538261066,51405585600951814777740,0,55908975736168176,1.3138311776133036
2025-06-14 13:19:56+00:00,15971952,67538261065,51405585600155634233323,0,55908975735302246,1.3138311776141993
2025-06-14 13:20:41+00:00,15971997,67538261066,51405585599396784833969,0,55908975735302246,1.3138311776530471
2025-06-14 13:21:26+00:00,15972042,67538261067,51405585598637935434638,0,55908975735302246,1.3138311776918952
2025-06-14 13:21:34+00:00,15972050,67538261068,51405585597879086035329,0,55908975735302246,1.313831177730743
2025-06-14 13:21:39+00:00,15972055,67538261069,51405585597120236636043,0,55908975735302246,1.313831177769591
2025-06-14 13:21:44+00:00,15972060,67538261133,51405585645958266136091,0,55908975788282207,1.3138311777663827
2025-06-14 13:21:52+00:00,15972068,67538261134,51405585645958266136090,0,55908975788282207,1.3138311777858358
2025-06-14 13:22:11+00:00,15972087,67538261135,51405585645199416736835,0,55908975788282207,1.3138311778246836
2025-06-14 13:22:53+00:00,15972129,67538261134,51405585646199416736835,0,55908975788282207,1.3138311777796723
2025-06-14 13:22:58+00:00,15972134,67538261133,51405585647199416736835,0,55908975788282207,1.3138311777346612
2025-06-14 13:23:07+00:00,15972143,67538261132,51405585646403236192444,0,55908975787416277,1.313831177735557
2025-06-14 13:23:41+00:00,15972177,67538261133,51405585645644386793160,0,55908975787416277,1.3138311777744047
2025-06-14 13:24:27+00:00,15972223,67538261134,51405585644885537393899,0,55908975787416277,1.3138311778132528
2025-06-14 13:24:43+00:00,15972239,67538261135,51405585644126687994660,0,55908975787416277,1.3138311778521006
2025-06-14 13:24:47+00:00,15972243,67538261136,51405585643367838595444,0,55908975787416277,1.3138311778909486
2025-06-14 13:24:53+00:00,15972249,67538261200,51405585692205868095492,0,55908975840396238,1.3138311778877403
2025-06-14 13:24:57+00:00,15972253,67538261133,51405585641188173973866,0,55908975784909135,1.3138311778882972
2025-06-14 13:25:02+00:00,15972258,67538261134,51405585641188173973865,0,55908975784909135,1.3138311779077505
2025-06-14 13:25:12+00:00,15972268,67538261135,51405585640429324574681,0,55908975784909135,1.3138311779465983
2025-06-14 13:25:58+00:00,15972314,67538261136,51405585639670475175519,0,55908975784909135,1.3138311779854464
2025-06-14 13:26:01+00:00,15972317,67538261135,51405585640670475175519,0,55908975784909135,1.313831177940435
2025-06-14 13:26:05+00:00,15972321,67538261134,51405585641670475175519,0,55908975784909135,1.3138311778954237
2025-06-14 13:26:10+00:00,15972326,67538261147,51405585651670475175519,0,55908975795670689,1.3138311778927332
2025-06-14 13:26:15+00:00,15972331,67538261146,51405585650874294631164,0,55908975794804759,1.313831177893629
2025-06-14 13:26:42+00:00,15972358,67538261147,51405585650115445231972,0,55908975794804759,1.3138311779324767
2025-06-14 13:27:28+00:00,15972404,67538261148,51405585649356595832802,0,55908975794804759,1.3138311779713248
2025-06-14 13:27:51+00:00,15972427,67538261149,51405585648597746433655,0,55908975794804759,1.3138311780101726
2025-06-14 13:28:00+00:00,15972436,67538261213,51405585697435775933703,0,55908975847784720,1.3138311780069643
2025-06-14 13:28:05+00:00,15972441,67538261146,51405585646418081813628,0,55908975792297617,1.3138311780075214
2025-06-14 13:28:10+00:00,15972446,67538261147,51405585646418081813627,0,55908975792297617,1.3138311780269745
2025-06-14 13:28:14+00:00,15972450,67538261148,51405585645659232414512,0,55908975792297617,1.3138311780658225
2025-06-14 13:29:00+00:00,15972496,67538261149,51405585644900383015419,0,55908975792297617,1.3138311781046703
2025-06-14 13:29:09+00:00,15972505,67538261148,51405585645900383015419,0,55908975792297617,1.313831178059659
2025-06-14 13:29:14+00:00,15972510,67538261147,51405585646900383015419,0,55908975792297617,1.3138311780146479
2025-06-14 13:29:19+00:00,15972515,67538261160,51405585656900383015419,0,55908975803059171,1.3138311780119571
2025-06-14 13:29:23+00:00,15972519,67538261159,51405585656104202471088,0,55908975802193241,1.3138311780128529
2025-06-14 13:29:45+00:00,15972541,67538261160,51405585655345353071965,0,55908975802193241,1.313831178051701
2025-06-14 13:30:31+00:00,15972587,67538261161,51405585654586503672864,0,55908975802193241,1.3138311780905487
2025-06-14 13:31:02+00:00,15972618,67538261162,51405585653827654273785,0,55908975802193241,1.3138311781293968
2025-06-14 13:31:12+00:00,15972628,67538261226,51405585702665683773833,0,55908975855173202,1.3138311781261884
2025-06-14 13:31:17+00:00,15972633,67538261159,51405585651647989655310,0,55908975799686099,1.3138311781267455
2025-06-14 13:31:18+00:00,15972634,67538261160,51405585650889140256252,0,55908975799686099,1.3138311781655934
2025-06-14 13:32:03+00:00,15972679,67538261161,51405585650130290857217,0,55908975799686099,1.3138311782044414
2025-06-14 13:32:22+00:00,15972698,67538261160,51405585651130290857217,0,55908975799686099,1.31383117815943
2025-06-14 13:32:26+00:00,15972702,67538261159,51405585652130290857217,0,55908975799686099,1.3138311781144187
2025-06-14 13:32:31+00:00,15972707,67538261172,51405585662130290857217,0,55908975810447653,1.3138311781117282
2025-06-14 13:32:36+00:00,15972712,67538261171,51405585661334110312911,0,55908975809581723,1.313831178112624
2025-06-14 13:32:49+00:00,15972725,67538261172,51405585660575260913845,0,55908975809581723,1.3138311781514718
2025-06-14 13:33:35+00:00,15972771,67538261173,51405585659816411514802,0,55908975809581723,1.3138311781903198
2025-06-14 13:34:14+00:00,15972810,67538261174,51405585659057562115781,0,55908975809581723,1.3138311782291676
2025-06-14 13:34:19+00:00,15972815,67538261175,51405585658298712716783,0,55908975809581723,1.3138311782680157
2025-06-14 13:34:20+00:00,15972816,67538261176,51405585657539863317807,0,55908975809581723,1.3138311783068635
2025-06-14 13:34:29+00:00,15972825,67538261109,51405585606522169202467,0,55908975754094620,1.3138311783074206
2025-06-14 13:34:34+00:00,15972830,67538261110,51405585606522169202466,0,55908975754094620,1.3138311783268737
2025-06-14 13:35:06+00:00,15972862,67538261111,51405585605763319803524,0,55908975754094620,1.3138311783657217
2025-06-14 13:35:34+00:00,15972890,67538261110,51405585606763319803524,0,55908975754094620,1.3138311783207104
2025-06-14 13:35:39+00:00,15972895,67538261109,51405585607763319803524,0,55908975754094620,1.313831178275699
2025-06-14 13:35:43+00:00,15972899,67538261122,51405585617763319803524,0,55908975764856174,1.3138311782730085
2025-06-14 13:35:48+00:00,15972904,67538261121,51405585616967139259255,0,55908975763990244,1.3138311782739043
2025-06-14 13:35:52+00:00,15972908,67538261122,51405585616208289860282,0,55908975763990244,1.313831178312752
2025-06-14 13:36:38+00:00,15972954,67538261123,51405585615449440461332,0,55908975763990244,1.3138311783516001
2025-06-14 13:37:23+00:00,15972999,67538261124,51405585614690591062404,0,55908975763990244,1.313831178390448
2025-06-14 13:37:32+00:00,15973008,67538261125,51405585613931741663499,0,55908975763990244,1.313831178429296
2025-06-14 13:37:38+00:00,15973014,67538261189,51405585662769771163547,0,55908975816970205,1.3138311784260877
2025-06-14 13:37:42+00:00,15973018,67538261122,51405585611752077049758,0,55908975761483102,1.3138311784266445
2025-06-14 13:37:46+00:00,15973022,67538261123,51405585611752077049757,0,55908975761483102,1.3138311784460979
2025-06-14 13:38:10+00:00,15973046,67538261124,51405585610993227650884,0,55908975761483102,1.3138311784849457
2025-06-14 13:38:46+00:00,15973082,67538261123,51405585611993227650884,0,55908975761483102,1.3138311784399344
2025-06-14 13:38:51+00:00,15973087,67538261122,51405585612993227650884,0,55908975761483102,1.3138311783949232
2025-06-14 13:38:55+00:00,15973091,67538261135,51405585622993227650884,0,55908975772244656,1.3138311783922325
2025-06-14 13:38:56+00:00,15973092,67538261136,51405585622234378251980,0,55908975772244656,1.3138311784310805
2025-06-14 13:39:42+00:00,15973138,67538261137,51405585621475528853098,0,55908975772244656,1.3138311784699284
2025-06-14 13:40:27+00:00,15973183,67538261138,51405585620716679454239,0,55908975772244656,1.3138311785087764
2025-06-14 13:40:37+00:00,15973193,67538261139,51405585619957830055402,0,55908975772244656,1.3138311785476242
2025-06-14 13:40:46+00:00,15973202,67538261203,51405585668795859555450,0,55908975825224617,1.313831178544416
2025-06-14 13:40:50+00:00,15973206,67538261136,51405585617778165443213,0,55908975769737514,1.313831178544973
2025-06-14 13:40:55+00:00,15973211,67538261137,51405585617778165443212,0,55908975769737514,1.313831178564426
2025-06-14 13:41:13+00:00,15973229,67538261138,51405585617019316044407,0,55908975769737514,1.3138311786032741
2025-06-14 13:41:56+00:00,15973272,67538261137,51405585618019316044407,0,55908975769737514,1.3138311785582628
2025-06-14 13:42:00+00:00,15973276,67538261136,51405585619019316044407,0,55908975769737514,1.3138311785132515
2025-06-14 13:42:05+00:00,15973281,67538261149,51405585629019316044407,0,55908975780499068,1.313831178510561
2025-06-14 13:42:10+00:00,15973286,67538261148,51405585628223135500187,0,55908975779633138,1.3138311785114567
2025-06-14 13:42:45+00:00,15973321,67538261149,51405585627464286101352,0,55908975779633138,1.3138311785503045
2025-06-14 13:43:31+00:00,15973367,67538261150,51405585626705436702539,0,55908975779633138,1.3138311785891525
2025-06-14 13:43:46+00:00,15973382,67538261151,51405585625946587303748,0,55908975779633138,1.3138311786280004
2025-06-14 13:43:51+00:00,15973387,67538261152,51405585625187737904980,0,55908975779633138,1.3138311786668484
2025-06-14 13:43:56+00:00,15973392,67538261216,51405585674025767405028,0,55908975832613099,1.31383117866364
2025-06-14 13:44:01+00:00,15973397,67538261149,51405585623008073294342,0,55908975777125996,1.313831178664197
2025-06-14 13:44:06+00:00,15973402,67538261150,51405585623008073294341,0,55908975777125996,1.3138311786836503
2025-06-14 13:44:16+00:00,15973412,67538261151,51405585622249223895605,0,55908975777125996,1.313831178722498
2025-06-14 13:45:01+00:00,15973457,67538261152,51405585621490374496891,0,55908975777125996,1.3138311787613461
2025-06-14 13:45:04+00:00,15973460,67538261151,51405585622490374496891,0,55908975777125996,1.3138311787163348
2025-06-14 13:45:09+00:00,15973465,67538261150,51405585623490374496891,0,55908975777125996,1.3138311786713235
2025-06-14 13:45:14+00:00,15973470,67538261163,51405585633490374496891,0,55908975787887550,1.313831178668633
2025-06-14 13:45:47+00:00,15973503,67538261164,51405585632731525098146,0,55908975787887550,1.3138311787074808
2025-06-14 13:46:32+00:00,15973548,67538261165,51405585631972675699424,0,55908975787887550,1.3138311787463288
2025-06-14 13:46:54+00:00,15973570,67538261166,51405585631213826300724,0,55908975787887550,1.3138311787851766
2025-06-14 13:46:58+00:00,15973574,67538261167,51405585630454976902047,0,55908975787887550,1.3138311788240244
2025-06-14 13:47:04+00:00,15973580,67538261231,51405585679293006402095,0,55908975840867511,1.3138311788208161
2025-06-14 13:47:09+00:00,15973585,67538261164,51405585628275312293714,0,55908975785380408,1.3138311788213732
2025-06-14 13:47:17+00:00,15973593,67538261165,51405585627516462895058,0,55908975785380408,1.3138311788602213
2025-06-14 13:48:04+00:00,15973640,67538261166,51405585626757613496424,0,55908975785380408,1.313831178899069
2025-06-14 13:48:11+00:00,15973647,67538261165,51405585627757613496424,0,55908975785380408,1.313831178854058
2025-06-14 13:48:16+00:00,15973652,67538261164,51405585628757613496424,0,55908975785380408,1.3138311788090467
2025-06-14 13:48:25+00:00,15973661,67538261163,51405585627961432952277,0,55908975784514478,1.3138311788099424
2025-06-14 13:48:49+00:00,15973685,67538261164,51405585627202583553614,0,55908975784514478,1.3138311788487902
2025-06-14 13:49:34+00:00,15973730,67538261165,51405585626443734154973,0,55908975784514478,1.3138311788876382
2025-06-14 13:49:58+00:00,15973754,67538261166,51405585625684884756355,0,55908975784514478,1.313831178926486
2025-06-14 13:50:08+00:00,15973764,67538261230,51405585674522914256403,0,55908975837494439,1.3138311789232777
2025-06-14 13:50:17+00:00,15973773,67538261231,51405585674522914256402,0,55908975837494439,1.3138311789427308
2025-06-14 13:50:20+00:00,15973776,67538261232,51405585673764064857816,0,55908975837494439,1.3138311789815789
2025-06-14 13:51:06+00:00,15973822,67538261233,51405585673005215459252,0,55908975837494439,1.3138311790204267
2025-06-14 13:51:15+00:00,15973831,67538261232,51405585674005215459252,0,55908975837494439,1.3138311789754156
2025-06-14 13:51:24+00:00,15973840,67538261245,51405585684005215459252,0,55908975848255993,1.3138311789727248
2025-06-14 13:51:29+00:00,15973845,67538261244,51405585683209034915145,0,55908975847390063,1.3138311789736206
2025-06-14 13:51:50+00:00,15973866,67538261245,51405585682450185516577,0,55908975847390063,1.3138311790124686
2025-06-14 13:52:35+00:00,15973911,67538261246,51405585681691336118031,0,55908975847390063,1.3138311790513164
2025-06-14 13:53:02+00:00,15973938,67538261247,51405585680932486719507,0,55908975847390063,1.3138311790901644
2025-06-14 13:53:06+00:00,15973942,67538261248,51405585680173637321006,0,55908975847390063,1.3138311791290123
2025-06-14 13:53:12+00:00,15973948,67538261312,51405585729011666821054,0,55908975900370024,1.313831179125804
2025-06-14 13:53:21+00:00,15973957,67538261313,51405585729011666821053,0,55908975900370024,1.313831179145257
2025-06-14 13:53:22+00:00,15973958,67538261314,51405585728252817422584,0,55908975900370024,1.313831179184105
2025-06-14 13:54:07+00:00,15974003,67538261315,51405585727493968024137,0,55908975900370024,1.313831179222953
2025-06-14 13:54:18+00:00,15974014,67538261314,51405585728493968024137,0,55908975900370024,1.3138311791779416
2025-06-14 13:54:23+00:00,15974019,67538261313,51405585729493968024137,0,55908975900370024,1.3138311791329305
2025-06-14 13:54:28+00:00,15974024,67538261326,51405585739493968024137,0,55908975911131578,1.3138311791302397
2025-06-14 13:54:52+00:00,15974048,67538261327,51405585738735118625659,0,55908975911131578,1.3138311791690878
2025-06-14 13:55:37+00:00,15974093,67538261328,51405585737976269227203,0,55908975911131578,1.3138311792079356
2025-06-14 13:56:04+00:00,15974120,67538261329,51405585737217419828770,0,55908975911131578,1.3138311792467836
2025-06-14 13:56:09+00:00,15974125,67538261330,51405585736458570430359,0,55908975911131578,1.3138311792856314
2025-06-14 13:56:14+00:00,15974130,67538261394,51405585785296599930407,0,55908975964111539,1.313831179282423
2025-06-14 13:56:19+00:00,15974135,67538261327,51405585734278905829284,0,55908975908624436,1.3138311792829802
2025-06-14 13:56:22+00:00,15974138,67538261328,51405585733520056430894,0,55908975908624436,1.3138311793218282
2025-06-14 13:56:24+00:00,15974140,67538261329,51405585733520056430893,0,55908975908624436,1.3138311793412814
2025-06-14 13:57:07+00:00,15974183,67538261330,51405585732761207032537,0,55908975908624436,1.3138311793801292
2025-06-14 13:57:21+00:00,15974197,67538261329,51405585733761207032537,0,55908975908624436,1.3138311793351178
2025-06-14 13:57:25+00:00,15974201,67538261328,51405585734761207032537,0,55908975908624436,1.3138311792901067
2025-06-14 13:57:30+00:00,15974206,67538261341,51405585744761207032537,0,55908975919385990,1.313831179287416
2025-06-14 13:57:52+00:00,15974228,67538261342,51405585744002357634150,0,55908975919385990,1.313831179326264
2025-06-14 13:58:37+00:00,15974273,67538261343,51405585743243508235785,0,55908975919385990,1.3138311793651118
2025-06-14 13:59:08+00:00,15974304,67538261344,51405585742484658837443,0,55908975919385990,1.3138311794039599
2025-06-14 13:59:13+00:00,15974309,67538261345,51405585741725809439123,0,55908975919385990,1.3138311794428077
2025-06-14 13:59:19+00:00,15974315,67538261409,51405585790563838939171,0,55908975972365951,1.3138311794395994
2025-06-14 13:59:22+00:00,15974318,67538261410,51405585789804989540872,0,55908975972365951,1.3138311794784474
2025-06-14 13:59:28+00:00,15974324,67538261411,51405585789804989540871,0,55908975972365951,1.3138311794979005
2025-06-14 14:00:08+00:00,15974364,67538261412,51405585789046140142605,0,55908975972365951,1.3138311795367483
2025-06-14 14:00:28+00:00,15974384,67538261411,51405585790046140142605,0,55908975972365951,1.313831179491737
2025-06-14 14:00:33+00:00,15974389,67538261410,51405585791046140142605,0,55908975972365951,1.313831179446726
2025-06-14 14:00:42+00:00,15974398,67538261409,51405585790249959598608,0,55908975971500021,1.3138311794476216
2025-06-14 14:00:54+00:00,15974410,67538261410,51405585789491110200313,0,55908975971500021,1.3138311794864694
2025-06-14 14:01:41+00:00,15974457,67538261411,51405585788732260802041,0,55908975971500021,1.3138311795253175
2025-06-14 14:02:18+00:00,15974494,67538261412,51405585787973411403791,0,55908975971500021,1.3138311795641653
2025-06-14 14:02:23+00:00,15974499,67538261413,51405585787214562005564,0,55908975971500021,1.3138311796030133
2025-06-14 14:02:28+00:00,15974504,67538261477,51405585836052591505612,0,55908976024479982,1.313831179599805
2025-06-14 14:02:33+00:00,15974509,67538261410,51405585785034897409203,0,55908975968992879,1.3138311796003619
2025-06-14 14:03:13+00:00,15974549,67538261411,51405585784276048010997,0,55908975968992879,1.31383117963921
2025-06-14 14:03:35+00:00,15974571,67538261410,51405585785276048010997,0,55908975968992879,1.3138311795941986
2025-06-14 14:03:40+00:00,15974576,67538261409,51405585786276048010997,0,55908975968992879,1.3138311795491873
2025-06-14 14:03:48+00:00,15974584,67538261408,51405585785479867467026,0,55908975968126949,1.3138311795500832
2025-06-14 14:03:58+00:00,15974594,67538261409,51405585784721018068790,0,55908975968126949,1.313831179588931
2025-06-14 14:04:44+00:00,15974640,67538261410,51405585783962168670577,0,55908975968126949,1.3138311796277788
2025-06-14 14:05:23+00:00,15974679,67538261411,51405585783203319272386,0,55908975968126949,1.3138311796666269
2025-06-14 14:05:28+00:00,15974684,67538261412,51405585782444469874218,0,55908975968126949,1.3138311797054747
2025-06-14 14:05:29+00:00,15974685,67538261413,51405585781685620476072,0,55908975968126949,1.3138311797443227
2025-06-14 14:05:37+00:00,15974693,67538261346,51405585730667926382197,0,55908975912639846,1.3138311797448798
2025-06-14 14:05:42+00:00,15974698,67538261347,51405585730667926382196,0,55908975912639846,1.313831179764333
2025-06-14 14:06:15+00:00,15974731,67538261348,51405585729909076984084,0,55908975912639846,1.3138311798031808
2025-06-14 14:06:41+00:00,15974757,67538261347,51405585730909076984084,0,55908975912639846,1.3138311797581697
2025-06-14 14:06:50+00:00,15974766,67538261360,51405585740909076984084,0,55908975923401400,1.313831179755479
2025-06-14 14:07:01+00:00,15974777,67538261361,51405585740150227585967,0,55908975923401400,1.313831179794327
2025-06-14 14:07:47+00:00,15974823,67538261362,51405585739391378187873,0,55908975923401400,1.3138311798331748
2025-06-14 14:08:31+00:00,15974867,67538261363,51405585738632528789801,0,55908975923401400,1.3138311798720228
2025-06-14 14:08:33+00:00,15974869,67538261364,51405585737873679391751,0,55908975923401400,1.3138311799108706
2025-06-14 14:08:41+00:00,15974877,67538261428,51405585786711708891799,0,55908975976381361,1.3138311799076623
2025-06-14 14:08:46+00:00,15974882,67538261361,51405585735694014800468,0,55908975920894258,1.3138311799082194
2025-06-14 14:09:19+00:00,15974915,67538261362,51405585734935165402439,0,55908975920894258,1.3138311799470672
2025-06-14 14:09:52+00:00,15974948,67538261361,51405585735935165402439,0,55908975920894258,1.3138311799020561
2025-06-14 14:09:57+00:00,15974953,67538261360,51405585736935165402439,0,55908975920894258,1.3138311798570448
2025-06-14 14:10:04+00:00,15974960,67538261361,51405585736176316004381,0,55908975920894258,1.3138311798958926
2025-06-14 14:10:06+00:00,15974962,67538261360,51405585735380135460501,0,55908975920028328,1.3138311798967883
2025-06-14 14:10:51+00:00,15975007,67538261361,51405585734621286062466,0,55908975920028328,1.3138311799356364
2025-06-14 14:11:38+00:00,15975054,67538261362,51405585733862436664453,0,55908975920028328,1.3138311799744842
2025-06-14 14:11:41+00:00,15975057,67538261363,51405585733103587266463,0,55908975920028328,1.3138311800133322
2025-06-14 14:11:46+00:00,15975062,67538261364,51405585732344737868495,0,55908975920028328,1.31383118005218
2025-06-14 14:11:51+00:00,15975067,67538261428,51405585781182767368543,0,55908975973008289,1.3138311800489717
2025-06-14 14:11:56+00:00,15975072,67538261361,51405585730165073279622,0,55908975917521186,1.3138311800495288
2025-06-14 14:12:01+00:00,15975077,67538261362,51405585730165073279621,0,55908975917521186,1.313831180068982
2025-06-14 14:12:23+00:00,15975099,67538261363,51405585729406223881685,0,55908975917521186,1.31383118010783
2025-06-14 14:12:58+00:00,15975134,67538261362,51405585730406223881685,0,55908975917521186,1.3138311800628186
2025-06-14 14:13:03+00:00,15975139,67538261361,51405585731406223881685,0,55908975917521186,1.3138311800178073
2025-06-14 14:13:12+00:00,15975148,67538261360,51405585730610043337830,0,55908975916655256,1.313831180018703
2025-06-14 14:13:54+00:00,15975190,67538261361,51405585729851193939865,0,55908975916655256,1.313831180057551
2025-06-14 14:14:39+00:00,15975235,67538261362,51405585729092344541923,0,55908975916655256,1.3138311800963989
2025-06-14 14:14:47+00:00,15975243,67538261363,51405585728333495144003,0,55908975916655256,1.313831180135247
2025-06-14 14:14:56+00:00,15975252,67538261427,51405585777171524644051,0,55908975969635217,1.3138311801320386
2025-06-14 14:15:01+00:00,15975257,67538261360,51405585726153830556033,0,55908975914148114,1.3138311801325957
2025-06-14 14:15:06+00:00,15975262,67538261361,51405585726153830556032,0,55908975914148114,1.3138311801520488
2025-06-14 14:16:06+00:00,15975322,67538261360,51405585727153830556032,0,55908975914148114,1.3138311801070375
2025-06-14 14:16:11+00:00,15975327,67538261359,51405585728153830556032,0,55908975914148114,1.3138311800620261
2025-06-14 14:16:11+00:00,15975327,67538261360,51405585727394981158092,0,55908975914148114,1.3138311801008742
2025-06-14 14:16:16+00:00,15975332,67538261373,51405585737394981158092,0,55908975924909668,1.3138311800981834
2025-06-14 14:16:57+00:00,15975373,67538261374,51405585736636131760173,0,55908975924909668,1.3138311801370315
2025-06-14 14:17:43+00:00,15975419,67538261375,51405585735877282362277,0,55908975924909668,1.3138311801758793
2025-06-14 14:18:03+00:00,15975439,67538261376,51405585735118432964403,0,55908975924909668,1.3138311802147273
2025-06-14 14:18:13+00:00,15975449,67538261440,51405585783956462464451,0,55908975977889629,1.313831180211519
2025-06-14 14:18:22+00:00,15975458,67538261441,51405585783956462464450,0,55908975977889629,1.3138311802309721
2025-06-14 14:18:30+00:00,15975466,67538261442,51405585783197613066608,0,55908975977889629,1.31383118026982
2025-06-14 14:19:16+00:00,15975512,67538261443,51405585782438763668788,0,55908975977889629,1.313831180308668
2025-06-14 14:19:25+00:00,15975521,67538261442,51405585783438763668788,0,55908975977889629,1.3138311802636566
2025-06-14 14:19:30+00:00,15975526,67538261441,51405585784438763668788,0,55908975977889629,1.3138311802186453
2025-06-14 14:19:35+00:00,15975531,67538261454,51405585794438763668788,0,55908975988651183,1.3138311802159548
2025-06-14 14:19:40+00:00,15975536,67538261453,51405585793642583124970,0,55908975987785253,1.3138311802168505
2025-06-14 14:20:03+00:00,15975559,67538261454,51405585792883733727120,0,55908975987785253,1.3138311802556983
2025-06-14 14:20:49+00:00,15975605,67538261455,51405585792124884329292,0,55908975987785253,1.3138311802945464
2025-06-14 14:21:14+00:00,15975630,67538261456,51405585791366034931486,0,55908975987785253,1.3138311803333942
2025-06-14 14:21:19+00:00,15975635,67538261457,51405585790607185533703,0,55908975987785253,1.3138311803722422
2025-06-14 14:21:24+00:00,15975640,67538261521,51405585839445215033751,0,55908976040765214,1.313831180369034
2025-06-14 14:21:29+00:00,15975645,67538261454,51405585788427520948836,0,55908975985278111,1.313831180369591
2025-06-14 14:21:34+00:00,15975650,67538261455,51405585788427520948835,0,55908975985278111,1.3138311803890441
2025-06-14 14:21:36+00:00,15975652,67538261456,51405585787668671551084,0,55908975985278111,1.313831180427892
2025-06-14 14:22:22+00:00,15975698,67538261457,51405585786909822153356,0,55908975985278111,1.31383118046674
2025-06-14 14:22:33+00:00,15975709,67538261456,51405585787909822153356,0,55908975985278111,1.3138311804217286
2025-06-14 14:22:42+00:00,15975718,67538261469,51405585797909822153356,0,55908975996039665,1.3138311804190381
2025-06-14 14:23:10+00:00,15975746,67538261470,51405585797150972755622,0,55908975996039665,1.313831180457886
2025-06-14 14:23:55+00:00,15975791,67538261471,51405585796392123357911,0,55908975996039665,1.313831180496734
2025-06-14 14:24:20+00:00,15975816,67538261472,51405585795633273960222,0,55908975996039665,1.3138311805355818
2025-06-14 14:24:25+00:00,15975821,67538261473,51405585794874424562556,0,55908975996039665,1.3138311805744298
2025-06-14 14:24:31+00:00,15975827,67538261537,51405585843712454062604,0,55908976049019626,1.3138311805712215
2025-06-14 14:24:39+00:00,15975835,67538261538,51405585843712454062603,0,55908976049019626,1.3138311805906746
2025-06-14 14:24:41+00:00,15975837,67538261539,51405585842953604664969,0,55908976049019626,1.3138311806295224
2025-06-14 14:25:27+00:00,15975883,67538261540,51405585842194755267357,0,55908976049019626,1.3138311806683705
2025-06-14 14:25:38+00:00,15975894,67538261539,51405585843194755267357,0,55908976049019626,1.3138311806233591
2025-06-14 14:25:47+00:00,15975903,67538261552,51405585853194755267357,0,55908976059781180,1.3138311806206684
2025-06-14 14:26:12+00:00,15975928,67538261553,51405585852435905869740,0,55908976059781180,1.3138311806595164
2025-06-14 14:26:58+00:00,15975974,67538261554,51405585851677056472145,0,55908976059781180,1.3138311806983642
2025-06-14 14:27:25+00:00,15976001,67538261555,51405585850918207074573,0,55908976059781180,1.3138311807372123
2025-06-14 14:27:30+00:00,15976006,67538261556,51405585850159357677023,0,55908976059781180,1.31383118077606
2025-06-14 14:27:35+00:00,15976011,67538261620,51405585898997387177071,0,55908976112761141,1.3138311807728518
2025-06-14 14:27:40+00:00,15976016,67538261553,51405585847979693098750,0,55908976057274038,1.3138311807734089
2025-06-14 14:28:29+00:00,15976065,67538261554,51405585847220843701221,0,55908976057274038,1.313831180812257
2025-06-14 14:28:42+00:00,15976078,67538261553,51405585848220843701221,0,55908976057274038,1.3138311807672456
2025-06-14 14:28:47+00:00,15976083,67538261552,51405585849220843701221,0,55908976057274038,1.3138311807222343
2025-06-14 14:28:56+00:00,15976092,67538261551,51405585848424663157532,0,55908976056408108,1.31383118072313
2025-06-14 14:29:15+00:00,15976111,67538261552,51405585847665813759974,0,55908976056408108,1.313831180761978
2025-06-14 14:30:00+00:00,15976156,67538261553,51405585846906964362438,0,55908976056408108,1.3138311808008258
2025-06-14 14:30:33+00:00,15976189,67538261554,51405585846148114964925,0,55908976056408108,1.3138311808396739
2025-06-14 14:30:38+00:00,15976194,67538261555,51405585845389265567434,0,55908976056408108,1.3138311808785217
2025-06-14 14:30:44+00:00,15976200,67538261619,51405585894227295067482,0,55908976109388069,1.3138311808753134
2025-06-14 14:30:52+00:00,15976208,67538261620,51405585894227295067481,0,55908976109388069,1.3138311808947665
2025-06-14 14:31:34+00:00,15976250,67538261621,51405585893468445670022,0,55908976109388069,1.3138311809336145
2025-06-14 14:31:51+00:00,15976267,67538261620,51405585894468445670022,0,55908976109388069,1.3138311808886032
2025-06-14 14:31:59+00:00,15976275,67538261633,51405585904468445670022,0,55908976120149623,1.3138311808859127
2025-06-14 14:32:04+00:00,15976280,67538261632,51405585903672265126372,0,55908976119283693,1.3138311808868084
2025-06-14 14:32:19+00:00,15976295,67538261633,51405585902913415728909,0,55908976119283693,1.3138311809256562
2025-06-14 14:33:05+00:00,15976341,67538261634,51405585902154566331468,0,55908976119283693,1.3138311809645042
2025-06-14 14:33:42+00:00,15976378,67538261635,51405585901395716934049,0,55908976119283693,1.313831181003352
2025-06-14 14:33:50+00:00,15976386,67538261636,51405585900636867536653,0,55908976119283693,1.3138311810422
2025-06-14 14:33:51+00:00,15976387,67538261700,51405585949474897036701,0,55908976172263654,1.3138311810389918
2025-06-14 14:33:56+00:00,15976392,67538261633,51405585898457202962581,0,55908976116776551,1.3138311810395487
2025-06-14 14:34:01+00:00,15976397,67538261634,51405585898457202962580,0,55908976116776551,1.313831181059002
2025-06-14 14:34:36+00:00,15976432,67538261635,51405585897698353565216,0,55908976116776551,1.3138311810978498
2025-06-14 14:35:00+00:00,15976456,67538261634,51405585898698353565216,0,55908976116776551,1.3138311810528385
2025-06-14 14:35:05+00:00,15976461,67538261633,51405585899698353565216,0,55908976116776551,1.3138311810078274
2025-06-14 14:35:14+00:00,15976470,67538261632,51405585898902173021592,0,55908976115910621,1.313831181008723
2025-06-14 14:35:22+00:00,15976478,67538261633,51405585898143323624199,0,55908976115910621,1.313831181047571
2025-06-14 14:36:07+00:00,15976523,67538261634,51405585897384474226828,0,55908976115910621,1.313831181086419
2025-06-14 14:36:51+00:00,15976567,67538261635,51405585896625624829480,0,55908976115910621,1.3138311811252668
2025-06-14 14:36:53+00:00,15976569,67538261636,51405585895866775432154,0,55908976115910621,1.3138311811641148
2025-06-14 14:36:56+00:00,15976572,67538261637,51405585895107926034851,0,55908976115910621,1.3138311812029626
2025-06-14 14:37:01+00:00,15976577,67538261701,51405585943945955534899,0,55908976168890582,1.3138311811997543
2025-06-14 14:37:06+00:00,15976582,67538261634,51405585892928261463188,0,55908976113403479,1.3138311812003114
2025-06-14 14:37:10+00:00,15976586,67538261635,51405585892928261463187,0,55908976113403479,1.3138311812197645
2025-06-14 14:37:39+00:00,15976615,67538261636,51405585892169412065916,0,55908976113403479,1.3138311812586123
2025-06-14 14:38:08+00:00,15976644,67538261635,51405585893169412065916,0,55908976113403479,1.3138311812136012
2025-06-14 14:38:17+00:00,15976653,67538261648,51405585903169412065916,0,55908976124165033,1.3138311812109105
2025-06-14 14:38:21+00:00,15976657,67538261647,51405585902373231522344,0,55908976123299103,1.3138311812118062
2025-06-14 14:39:09+00:00,15976705,67538261648,51405585901614382125068,0,55908976123299103,1.3138311812506542
2025-06-14 14:39:54+00:00,15976750,67538261649,51405585900855532727815,0,55908976123299103,1.313831181289502
2025-06-14 14:39:55+00:00,15976751,67538261650,51405585900096683330584,0,55908976123299103,1.31383118132835
2025-06-14 14:39:59+00:00,15976755,67538261651,51405585899337833933376,0,55908976123299103,1.313831181367198
2025-06-14 14:40:05+00:00,15976761,67538261715,51405585948175863433424,0,55908976176279064,1.3138311813639896
2025-06-14 14:40:10+00:00,15976766,67538261648,51405585897158169364257,0,55908976120791961,1.3138311813645467
2025-06-14 14:40:15+00:00,15976771,67538261649,51405585897158169364256,0,55908976120791961,1.3138311813839998
2025-06-14 14:40:40+00:00,15976796,67538261650,51405585896399319967080,0,55908976120791961,1.3138311814228478
2025-06-14 14:41:14+00:00,15976830,67538261649,51405585897399319967080,0,55908976120791961,1.3138311813778365
2025-06-14 14:41:19+00:00,15976835,67538261648,51405585898399319967080,0,55908976120791961,1.3138311813328252
2025-06-14 14:41:24+00:00,15976840,67538261661,51405585908399319967080,0,55908976131553515,1.3138311813301347
2025-06-14 14:41:26+00:00,15976842,67538261662,51405585907640470569873,0,55908976131553515,1.3138311813689825
2025-06-14 14:41:29+00:00,15976845,67538261661,51405585906844290026337,0,55908976130687585,1.3138311813698782
2025-06-14 14:42:11+00:00,15976887,67538261662,51405585906085440629153,0,55908976130687585,1.3138311814087262
2025-06-14 14:42:58+00:00,15976934,67538261663,51405585905326591231991,0,55908976130687585,1.313831181447574
2025-06-14 14:43:04+00:00,15976940,67538261664,51405585904567741834851,0,55908976130687585,1.313831181486422
2025-06-14 14:43:08+00:00,15976944,67538261665,51405585903808892437734,0,55908976130687585,1.31383118152527
2025-06-14 14:43:14+00:00,15976950,67538261729,51405585952646921937782,0,55908976183667546,1.3138311815220616
2025-06-14 14:43:22+00:00,15976958,67538261730,51405585952646921937781,0,55908976183667546,1.3138311815415147
2025-06-14 14:43:43+00:00,15976979,67538261731,51405585951888072540696,0,55908976183667546,1.3138311815803627
2025-06-14 14:44:21+00:00,15977017,67538261730,51405585952888072540696,0,55908976183667546,1.3138311815353514
2025-06-14 14:44:26+00:00,15977022,67538261729,51405585953888072540696,0,55908976183667546,1.31383118149034
2025-06-14 14:44:31+00:00,15977027,67538261742,51405585963888072540696,0,55908976194429100,1.3138311814876495
2025-06-14 14:45:15+00:00,15977071,67538261743,51405585963129223143580,0,55908976194429100,1.3138311815264974
2025-06-14 14:46:00+00:00,15977116,67538261744,51405585962370373746486,0,55908976194429100,1.3138311815653454
2025-06-14 14:46:10+00:00,15977126,67538261745,51405585961611524349414,0,55908976194429100,1.3138311816041932
2025-06-14 14:46:15+00:00,15977131,67538261746,51405585960852674952365,0,55908976194429100,1.3138311816430412
2025-06-14 14:46:21+00:00,15977137,67538261810,51405586009690704452413,0,55908976247409061,1.313831181639833
2025-06-14 14:46:26+00:00,15977142,67538261743,51405585958673010387102,0,55908976191921958,1.31383118164039
2025-06-14 14:46:30+00:00,15977146,67538261744,51405585958673010387101,0,55908976191921958,1.3138311816598431
2025-06-14 14:46:46+00:00,15977162,67538261745,51405585957914160990084,0,55908976191921958,1.313831181698691
2025-06-14 14:47:29+00:00,15977205,67538261744,51405585958914160990084,0,55908976191921958,1.3138311816536798
2025-06-14 14:47:32+00:00,15977208,67538261745,51405585958155311593064,0,55908976191921958,1.3138311816925277
2025-06-14 14:47:34+00:00,15977210,67538261744,51405585959155311593064,0,55908976191921958,1.3138311816475163
2025-06-14 14:47:42+00:00,15977218,67538261743,51405585958359131049590,0,55908976191056028,1.313831181648412
2025-06-14 14:48:18+00:00,15977254,67538261744,51405585957600281652566,0,55908976191056028,1.31383118168726
2025-06-14 14:49:03+00:00,15977299,67538261745,51405585956841432255565,0,55908976191056028,1.313831181726108
2025-06-14 14:49:18+00:00,15977314,67538261746,51405585956082582858586,0,55908976191056028,1.313831181764956
2025-06-14 14:49:23+00:00,15977319,67538261747,51405585955323733461630,0,55908976191056028,1.3138311818038038
2025-06-14 14:49:28+00:00,15977324,67538261811,51405586004161762961678,0,55908976244035989,1.3138311818005954
2025-06-14 14:49:33+00:00,15977329,67538261744,51405585953144068898777,0,55908976188548886,1.3138311818011525
2025-06-14 14:49:48+00:00,15977344,67538261745,51405585952385219501842,0,55908976188548886,1.3138311818400006
2025-06-14 14:50:35+00:00,15977391,67538261746,51405585951626370104929,0,55908976188548886,1.3138311818788484
2025-06-14 14:50:36+00:00,15977392,67538261745,51405585952626370104929,0,55908976188548886,1.313831181833837
2025-06-14 14:50:41+00:00,15977397,67538261744,51405585953626370104929,0,55908976188548886,1.3138311817888257
2025-06-14 14:50:46+00:00,15977402,67538261757,51405585963626370104929,0,55908976199310440,1.3138311817861352
2025-06-14 14:50:50+00:00,15977406,67538261756,51405585962830189561491,0,55908976198444510,1.313831181787031
2025-06-14 14:51:21+00:00,15977437,67538261757,51405585962071340164548,0,55908976198444510,1.313831181825879
2025-06-14 14:52:06+00:00,15977482,67538261758,51405585961312490767627,0,55908976198444510,1.3138311818647268
2025-06-14 14:52:26+00:00,15977502,67538261759,51405585960553641370728,0,55908976198444510,1.3138311819035748
2025-06-14 14:52:31+00:00,15977507,67538261760,51405585959794791973852,0,55908976198444510,1.3138311819424227
2025-06-14 14:52:37+00:00,15977513,67538261824,51405586008632821473900,0,55908976251424471,1.3138311819392143
2025-06-14 14:52:45+00:00,15977521,67538261825,51405586008632821473899,0,55908976251424471,1.3138311819586674
2025-06-14 14:52:52+00:00,15977528,67538261826,51405586007873972077055,0,55908976251424471,1.3138311819975155
2025-06-14 14:53:38+00:00,15977574,67538261827,51405586007115122680233,0,55908976251424471,1.3138311820363633
2025-06-14 14:53:44+00:00,15977580,67538261826,51405586008115122680233,0,55908976251424471,1.313831181991352
2025-06-14 14:53:48+00:00,15977584,67538261825,51405586009115122680233,0,55908976251424471,1.3138311819463409
2025-06-14 14:53:53+00:00,15977589,67538261838,51405586019115122680233,0,55908976262186025,1.3138311819436501
2025-06-14 14:53:57+00:00,15977593,67538261837,51405586018318942136831,0,55908976261320095,1.3138311819445458
2025-06-14 14:54:26+00:00,15977622,67538261838,51405586017560092739979,0,55908976261320095,1.3138311819833939
2025-06-14 14:55:12+00:00,15977668,67538261839,51405586016801243343149,0,55908976261320095,1.3138311820222417
2025-06-14 14:55:34+00:00,15977690,67538261840,51405586016042393946341,0,55908976261320095,1.3138311820610897
2025-06-14 14:55:39+00:00,15977695,67538261841,51405586015283544549556,0,55908976261320095,1.3138311820999375
2025-06-14 14:55:44+00:00,15977700,67538261905,51405586064121574049604,0,55908976314300056,1.3138311820967292
2025-06-14 14:55:48+00:00,15977704,67538261838,51405586013103879991312,0,55908976258812953,1.3138311820972863
2025-06-14 14:55:53+00:00,15977709,67538261839,51405586013103879991311,0,55908976258812953,1.3138311821167394
2025-06-14 14:55:57+00:00,15977713,67538261840,51405586012345030594558,0,55908976258812953,1.3138311821555875
2025-06-14 14:56:43+00:00,15977759,67538261841,51405586011586181197827,0,55908976258812953,1.3138311821944353
2025-06-14 14:56:53+00:00,15977769,67538261840,51405586012586181197827,0,55908976258812953,1.313831182149424
2025-06-14 14:57:00+00:00,15977776,67538261853,51405586022586181197827,0,55908976269574507,1.3138311821467334
2025-06-14 14:57:05+00:00,15977781,67538261852,51405586021790000654476,0,55908976268708577,1.3138311821476292
2025-06-14 14:57:29+00:00,15977805,67538261853,51405586021031151257741,0,55908976268708577,1.3138311821864772
2025-06-14 14:58:15+00:00,15977851,67538261854,51405586020272301861028,0,55908976268708577,1.313831182225325
2025-06-14 14:58:39+00:00,15977875,67538261855,51405586019513452464338,0,55908976268708577,1.313831182264173
2025-06-14 14:58:43+00:00,15977879,67538261856,51405586018754603067670,0,55908976268708577,1.3138311823030209
2025-06-14 14:58:49+00:00,15977885,67538261920,51405586067592632567718,0,55908976321688538,1.3138311822998125
2025-06-14 14:58:54+00:00,15977890,67538261853,51405586016574938512723,0,55908976266201435,1.3138311823003697
2025-06-14 14:59:00+00:00,15977896,67538261854,51405586015816089116076,0,55908976266201435,1.3138311823392175
2025-06-14 14:59:45+00:00,15977941,67538261855,51405586015057239719451,0,55908976266201435,1.3138311823780655
2025-06-14 14:59:57+00:00,15977953,67538261854,51405586016057239719451,0,55908976266201435,1.3138311823330542
2025-06-14 15:00:02+00:00,15977958,67538261853,51405586017057239719451,0,55908976266201435,1.3138311822880429
2025-06-14 15:00:07+00:00,15977963,67538261866,51405586027057239719451,0,55908976276962989,1.3138311822853523
2025-06-14 15:00:12+00:00,15977968,67538261865,51405586026261059176136,0,55908976276097059,1.313831182286248
2025-06-14 15:00:31+00:00,15977987,67538261866,51405586025502209779481,0,55908976276097059,1.3138311823250959
2025-06-14 15:01:17+00:00,15978033,67538261867,51405586024743360382848,0,55908976276097059,1.313831182363944
2025-06-14 15:01:49+00:00,15978065,67538261868,51405586023984510986238,0,55908976276097059,1.3138311824027917
2025-06-14 15:01:53+00:00,15978069,67538261869,51405586023225661589650,0,55908976276097059,1.3138311824416398
2025-06-14 15:01:59+00:00,15978075,67538261933,51405586072063691089698,0,55908976329077020,1.3138311824384314
2025-06-14 15:02:04+00:00,15978080,67538261866,51405586021045997037008,0,55908976273589917,1.3138311824389886
2025-06-14 15:02:08+00:00,15978084,67538261867,51405586021045997037007,0,55908976273589917,1.3138311824584417
2025-06-14 15:02:49+00:00,15978125,67538261868,51405586020287147640451,0,55908976273589917,1.3138311824972895
2025-06-14 15:03:08+00:00,15978144,67538261867,51405586021287147640451,0,55908976273589917,1.3138311824522784
2025-06-14 15:03:17+00:00,15978153,67538261880,51405586031287147640451,0,55908976284351471,1.3138311824495876
2025-06-14 15:03:35+00:00,15978171,67538261881,51405586030528298243890,0,55908976284351471,1.3138311824884357
2025-06-14 15:04:20+00:00,15978216,67538261882,51405586029769448847352,0,55908976284351471,1.3138311825272835
2025-06-14 15:04:58+00:00,15978254,67538261883,51405586029010599450836,0,55908976284351471,1.3138311825661315
2025-06-14 15:05:05+00:00,15978261,67538261884,51405586028251750054343,0,55908976284351471,1.3138311826049793
2025-06-14 15:05:08+00:00,15978264,67538261948,51405586077089779554391,0,55908976337331432,1.313831182601771
2025-06-14 15:05:13+00:00,15978269,67538261881,51405586026072085504245,0,55908976281844329,1.3138311826023281
2025-06-14 15:05:51+00:00,15978307,67538261882,51405586025313236107772,0,55908976281844329,1.313831182641176
2025-06-14 15:06:16+00:00,15978332,67538261881,51405586026313236107772,0,55908976281844329,1.3138311825961648
2025-06-14 15:06:20+00:00,15978336,67538261880,51405586027313236107772,0,55908976281844329,1.3138311825511535
2025-06-14 15:06:25+00:00,15978341,67538261893,51405586037313236107772,0,55908976292605883,1.3138311825484628
2025-06-14 15:06:30+00:00,15978346,67538261892,51405586036517055564521,0,55908976291739953,1.3138311825493587
2025-06-14 15:06:37+00:00,15978353,67538261893,51405586035758206168018,0,55908976291739953,1.3138311825882065
2025-06-14 15:07:24+00:00,15978400,67538261894,51405586034999356771537,0,55908976291739953,1.3138311826270546
2025-06-14 15:08:04+00:00,15978440,67538261895,51405586034240507375079,0,55908976291739953,1.3138311826659024
2025-06-14 15:08:08+00:00,15978444,67538261896,51405586033481657978643,0,55908976291739953,1.3138311827047502
2025-06-14 15:08:09+00:00,15978445,67538261897,51405586032722808582230,0,55908976291739953,1.3138311827435982
2025-06-14 15:08:15+00:00,15978451,67538261961,51405586081560838082278,0,55908976344719914,1.31383118274039
2025-06-14 15:08:19+00:00,15978455,67538261894,51405586030543144034437,0,55908976289232811,1.313831182740947
2025-06-14 15:08:24+00:00,15978460,67538261895,51405586030543144034436,0,55908976289232811,1.3138311827604001
2025-06-14 15:08:53+00:00,15978489,67538261896,51405586029784294638055,0,55908976289232811,1.313831182799248
2025-06-14 15:09:23+00:00,15978519,67538261895,51405586030784294638055,0,55908976289232811,1.3138311827542368
2025-06-14 15:09:32+00:00,15978528,67538261908,51405586040784294638055,0,55908976299994365,1.313831182751546
2025-06-14 15:09:37+00:00,15978533,67538261907,51405586039988114094855,0,55908976299128435,1.3138311827524418
2025-06-14 15:09:38+00:00,15978534,67538261908,51405586039229264698469,0,55908976299128435,1.3138311827912899
2025-06-14 15:10:23+00:00,15978579,67538261909,51405586038470415302106,0,55908976299128435,1.3138311828301377
2025-06-14 15:11:10+00:00,15978626,67538261910,51405586037711565905765,0,55908976299128435,1.3138311828689857
2025-06-14 15:11:13+00:00,15978629,67538261911,51405586036952716509446,0,55908976299128435,1.3138311829078335
2025-06-14 15:11:18+00:00,15978634,67538261912,51405586036193867113150,0,55908976299128435,1.3138311829466816
2025-06-14 15:11:24+00:00,15978640,67538261976,51405586085031896613198,0,55908976352108396,1.3138311829434732
2025-06-14 15:11:33+00:00,15978649,67538261977,51405586085031896613197,0,55908976352108396,1.3138311829629263
2025-06-14 15:11:56+00:00,15978672,67538261978,51405586084273047216933,0,55908976352108396,1.3138311830017741
2025-06-14 15:12:31+00:00,15978707,67538261977,51405586085273047216933,0,55908976352108396,1.313831182956763
2025-06-14 15:12:36+00:00,15978712,67538261976,51405586086273047216933,0,55908976352108396,1.3138311829117517
2025-06-14 15:12:40+00:00,15978716,67538261989,51405586096273047216933,0,55908976362869950,1.313831182909061
2025-06-14 15:12:41+00:00,15978717,67538261990,51405586095514197820638,0,55908976362869950,1.313831182947909
2025-06-14 15:13:27+00:00,15978763,67538261991,51405586094755348424365,0,55908976362869950,1.3138311829867568
2025-06-14 15:14:12+00:00,15978808,67538261992,51405586093996499028114,0,55908976362869950,1.3138311830256049
2025-06-14 15:14:21+00:00,15978817,67538261993,51405586093237649631886,0,55908976362869950,1.3138311830644527
2025-06-14 15:14:31+00:00,15978827,67538262057,51405586142075679131934,0,55908976415849911,1.3138311830612444
2025-06-14 15:14:36+00:00,15978832,67538261990,51405586091057985088942,0,55908976360362808,1.3138311830618015
2025-06-14 15:14:59+00:00,15978855,67538261991,51405586090299135692735,0,55908976360362808,1.3138311831006495
2025-06-14 15:15:40+00:00,15978896,67538261990,51405586091299135692735,0,55908976360362808,1.3138311830556382
2025-06-14 15:15:45+00:00,15978901,67538261990,51405586091540286296524,0,55908976360362808,1.3138311830494747
2025-06-14 15:15:45+00:00,15978901,67538261991,51405586090540286296524,0,55908976360362808,1.313831183094486
2025-06-14 15:15:50+00:00,15978906,67538262003,51405586101540286296524,0,55908976371124362,1.3138311830467841
2025-06-14 15:16:30+00:00,15978946,67538262004,51405586100781436900308,0,55908976371124362,1.3138311830856322
2025-06-14 15:17:15+00:00,15978991,67538262005,51405586100022587504115,0,55908976371124362,1.31383118312448
2025-06-14 15:17:30+00:00,15979006,67538262006,51405586099263738107944,0,55908976371124362,1.313831183163328
2025-06-14 15:17:35+00:00,15979011,67538262007,51405586098504888711795,0,55908976371124362,1.3138311832021758
2025-06-14 15:17:40+00:00,15979016,67538262071,51405586147342918211843,0,55908976424104323,1.3138311831989675
2025-06-14 15:17:45+00:00,15979021,67538262004,51405586096325224171156,0,55908976368617220,1.3138311831995246
2025-06-14 15:18:00+00:00,15979036,67538262005,51405586095566374775028,0,55908976368617220,1.3138311832383724
2025-06-14 15:18:45+00:00,15979081,67538262006,51405586094807525378923,0,55908976368617220,1.3138311832772205
2025-06-14 15:18:48+00:00,15979084,67538262005,51405586095807525378923,0,55908976368617220,1.3138311832322092
2025-06-14 15:18:53+00:00,15979089,67538262004,51405586096807525378923,0,55908976368617220,1.3138311831871978
2025-06-14 15:19:02+00:00,15979098,67538262003,51405586096011344835833,0,55908976367751290,1.3138311831880936
2025-06-14 15:19:30+00:00,15979126,67538262004,51405586095252495439699,0,55908976367751290,1.3138311832269416
2025-06-14 15:20:15+00:00,15979171,67538262005,51405586094493646043587,0,55908976367751290,1.3138311832657894
2025-06-14 15:20:37+00:00,15979193,67538262006,51405586093734796647498,0,55908976367751290,1.3138311833046374
2025-06-14 15:20:47+00:00,15979203,67538262070,51405586142572826147546,0,55908976420731251,1.3138311833014291
2025-06-14 15:20:52+00:00,15979208,67538262003,51405586091555132108515,0,55908976365244148,1.3138311833019862
2025-06-14 15:20:59+00:00,15979215,67538262004,51405586090796282712447,0,55908976365244148,1.313831183340834
2025-06-14 15:21:44+00:00,15979260,67538262005,51405586090037433316401,0,55908976365244148,1.313831183379682
2025-06-14 15:21:57+00:00,15979273,67538262004,51405586091037433316401,0,55908976365244148,1.3138311833346707
2025-06-14 15:22:01+00:00,15979277,67538262003,51405586092037433316401,0,55908976365244148,1.3138311832896594
2025-06-14 15:22:06+00:00,15979282,67538262016,51405586102037433316401,0,55908976376005702,1.313831183286969
2025-06-14 15:22:10+00:00,15979286,67538262015,51405586101241252773335,0,55908976375139772,1.3138311832878646
2025-06-14 15:22:29+00:00,15979305,67538262016,51405586100482403377258,0,55908976375139772,1.3138311833267124
2025-06-14 15:23:16+00:00,15979352,67538262017,51405586099723553981204,0,55908976375139772,1.3138311833655605
2025-06-14 15:23:45+00:00,15979381,67538262018,51405586098964704585172,0,55908976375139772,1.3138311834044083
2025-06-14 15:23:55+00:00,15979391,67538262082,51405586147802734085220,0,55908976428119733,1.3138311834012
2025-06-14 15:24:01+00:00,15979397,67538262083,51405586147043884689209,0,55908976428119733,1.313831183440048
2025-06-14 15:24:04+00:00,15979400,67538262084,51405586147043884689208,0,55908976428119733,1.3138311834595011
2025-06-14 15:24:45+00:00,15979441,67538262085,51405586146285035293231,0,55908976428119733,1.313831183498349
2025-06-14 15:25:02+00:00,15979458,67538262084,51405586147285035293231,0,55908976428119733,1.3138311834533376
2025-06-14 15:25:06+00:00,15979462,67538262083,51405586148285035293231,0,55908976428119733,1.3138311834083265
2025-06-14 15:25:11+00:00,15979467,67538262096,51405586158285035293231,0,55908976438881287,1.3138311834056358
2025-06-14 15:25:16+00:00,15979472,67538262095,51405586157488854750189,0,55908976438015357,1.3138311834065315
2025-06-14 15:25:31+00:00,15979487,67538262096,51405586156730005354181,0,55908976438015357,1.3138311834453795
2025-06-14 15:26:17+00:00,15979533,67538262097,51405586155971155958195,0,55908976438015357,1.3138311834842273
2025-06-14 15:26:49+00:00,15979565,67538262098,51405586155212306562232,0,55908976438015357,1.3138311835230754
2025-06-14 15:26:54+00:00,15979570,67538262099,51405586154453457166291,0,55908976438015357,1.3138311835619232
2025-06-14 15:26:59+00:00,15979575,67538262163,51405586203291486666339,0,55908976490995318,1.3138311835587149
2025-06-14 15:27:02+00:00,15979578,67538262164,51405586202532637270419,0,55908976490995318,1.313831183597563
2025-06-14 15:27:04+00:00,15979580,67538262097,51405586151514943235997,0,55908976435508215,1.31383118359812
2025-06-14 15:27:48+00:00,15979624,67538262098,51405586150756093840100,0,55908976435508215,1.3138311836369678
2025-06-14 15:28:07+00:00,15979643,67538262097,51405586151756093840100,0,55908976435508215,1.3138311835919565
2025-06-14 15:28:15+00:00,15979651,67538262110,51405586161756093840100,0,55908976446269769,1.313831183589266
2025-06-14 15:28:20+00:00,15979656,67538262109,51405586160959913297110,0,55908976445403839,1.3138311835901617
2025-06-14 15:28:33+00:00,15979669,67538262110,51405586160201063901208,0,55908976445403839,1.3138311836290095
2025-06-14 15:29:18+00:00,15979714,67538262111,51405586159442214505328,0,55908976445403839,1.3138311836678576
2025-06-14 15:29:55+00:00,15979751,67538262112,51405586158683365109471,0,55908976445403839,1.3138311837067054
2025-06-14 15:30:04+00:00,15979760,67538262113,51405586157924515713636,0,55908976445403839,1.3138311837455534
2025-06-14 15:30:05+00:00,15979761,67538262177,51405586206762545213684,0,55908976498383799,1.313831183742345
2025-06-14 15:30:10+00:00,15979766,67538262110,51405586155744851181806,0,55908976442896696,1.3138311837429022
2025-06-14 15:30:14+00:00,15979770,67538262111,51405586155744851181805,0,55908976442896696,1.3138311837623553
2025-06-14 15:30:51+00:00,15979807,67538262112,51405586154986001786002,0,55908976442896696,1.3138311838012031
2025-06-14 15:31:15+00:00,15979831,67538262111,51405586155986001786002,0,55908976442896696,1.313831183756192
2025-06-14 15:31:20+00:00,15979836,67538262110,51405586156986001786002,0,55908976442896696,1.3138311837111807
2025-06-14 15:31:29+00:00,15979845,67538262109,51405586156189821243038,0,55908976442030766,1.3138311837120764
2025-06-14 15:31:37+00:00,15979853,67538262110,51405586155430971847206,0,55908976442030766,1.3138311837509242
2025-06-14 15:32:23+00:00,15979899,67538262111,51405586154672122451397,0,55908976442030766,1.3138311837897723
2025-06-14 15:33:06+00:00,15979942,67538262112,51405586153913273055610,0,55908976442030766,1.31383118382862
2025-06-14 15:33:09+00:00,15979945,67538262113,51405586153154423659846,0,55908976442030766,1.313831183867468
2025-06-14 15:33:11+00:00,15979947,67538262114,51405586152395574264104,0,55908976442030766,1.313831183906316
2025-06-14 15:33:17+00:00,15979953,67538262178,51405586201233603764152,0,55908976495010726,1.3138311839031076
2025-06-14 15:33:26+00:00,15979962,67538262179,51405586201233603764151,0,55908976495010726,1.3138311839225607
2025-06-14 15:33:55+00:00,15979991,67538262180,51405586200474754368441,0,55908976495010726,1.3138311839614087
2025-06-14 15:34:24+00:00,15980020,67538262179,51405586201474754368441,0,55908976495010726,1.3138311839163974
2025-06-14 15:34:29+00:00,15980025,67538262178,51405586202474754368441,0,55908976495010726,1.313831183871386
2025-06-14 15:34:33+00:00,15980029,67538262191,51405586212474754368441,0,55908976505772280,1.3138311838686956
2025-06-14 15:34:38+00:00,15980034,67538262190,51405586211678573825513,0,55908976504906350,1.3138311838695913
2025-06-14 15:34:41+00:00,15980037,67538262191,51405586210919724429772,0,55908976504906350,1.3138311839084391
2025-06-14 15:35:27+00:00,15980083,67538262192,51405586210160875034054,0,55908976504906350,1.3138311839472872
2025-06-14 15:36:12+00:00,15980128,67538262193,51405586209402025638358,0,55908976504906350,1.313831183986135
2025-06-14 15:36:13+00:00,15980129,67538262194,51405586208643176242685,0,55908976504906350,1.313831184024983
2025-06-14 15:36:18+00:00,15980134,67538262195,51405586207884326847034,0,55908976504906350,1.3138311840638308
2025-06-14 15:36:24+00:00,15980140,67538262259,51405586256722356347082,0,55908976557886310,1.3138311840606225
2025-06-14 15:36:28+00:00,15980144,67538262192,51405586205704662319918,0,55908976502399207,1.3138311840611796
2025-06-14 15:36:33+00:00,15980149,67538262193,51405586205704662319917,0,55908976502399207,1.3138311840806327
2025-06-14 15:36:58+00:00,15980174,67538262194,51405586204945812924298,0,55908976502399207,1.3138311841194807
2025-06-14 15:37:32+00:00,15980208,67538262193,51405586205945812924298,0,55908976502399207,1.3138311840744694
2025-06-14 15:37:36+00:00,15980212,67538262192,51405586206945812924298,0,55908976502399207,1.313831184029458
2025-06-14 15:37:41+00:00,15980217,67538262205,51405586216945812924298,0,55908976513160761,1.3138311840267676
2025-06-14 15:37:43+00:00,15980219,67538262206,51405586216186963528648,0,55908976513160761,1.3138311840656154
2025-06-14 15:37:45+00:00,15980221,67538262205,51405586215390782985767,0,55908976512294831,1.3138311840665111
2025-06-14 15:38:30+00:00,15980266,67538262206,51405586214631933590140,0,55908976512294831,1.3138311841053592
2025-06-14 15:39:16+00:00,15980312,67538262207,51405586213873084194536,0,55908976512294831,1.313831184144207
2025-06-14 15:39:22+00:00,15980318,67538262208,51405586213114234798954,0,55908976512294831,1.313831184183055
2025-06-14 15:39:27+00:00,15980323,67538262209,51405586212355385403394,0,55908976512294831,1.3138311842219028
2025-06-14 15:39:33+00:00,15980329,67538262273,51405586261193414903442,0,55908976565274791,1.3138311842186945
2025-06-14 15:39:42+00:00,15980338,67538262274,51405586261193414903441,0,55908976565274791,1.3138311842381476
2025-06-14 15:40:01+00:00,15980357,67538262275,51405586260434565507913,0,55908976565274791,1.3138311842769956
2025-06-14 15:40:43+00:00,15980399,67538262274,51405586261434565507913,0,55908976565274791,1.3138311842319843
2025-06-14 15:40:48+00:00,15980404,67538262275,51405586260675716112382,0,55908976565274791,1.3138311842708323
2025-06-14 15:40:57+00:00,15980413,67538262274,51405586259879535569554,0,55908976564408861,1.313831184271728
2025-06-14 15:41:34+00:00,15980450,67538262275,51405586259120686174046,0,55908976564408861,1.3138311843105759
2025-06-14 15:42:19+00:00,15980495,67538262276,51405586258361836778560,0,55908976564408861,1.313831184349424
2025-06-14 15:42:32+00:00,15980508,67538262277,51405586257602987383097,0,55908976564408861,1.3138311843882717
2025-06-14 15:42:41+00:00,15980517,67538262341,51405586306441016883145,0,55908976617388821,1.3138311843850634
2025-06-14 15:42:45+00:00,15980521,67538262274,51405586255423322860935,0,55908976561901718,1.3138311843856205
2025-06-14 15:42:50+00:00,15980526,67538262275,51405586255423322860934,0,55908976561901718,1.3138311844050736
2025-06-14 15:43:06+00:00,15980542,67538262276,51405586254664473465503,0,55908976561901718,1.3138311844439217
2025-06-14 15:43:49+00:00,15980585,67538262275,51405586255664473465503,0,55908976561901718,1.3138311843989103
2025-06-14 15:43:58+00:00,15980594,67538262288,51405586265664473465503,0,55908976572663272,1.3138311843962196
2025-06-14 15:44:02+00:00,15980598,67538262287,51405586264868292922703,0,55908976571797342,1.3138311843971155
2025-06-14 15:44:38+00:00,15980634,67538262288,51405586264109443527267,0,55908976571797342,1.3138311844359634
2025-06-14 15:45:23+00:00,15980679,67538262289,51405586263350594131854,0,55908976571797342,1.3138311844748114
2025-06-14 15:45:38+00:00,15980694,67538262290,51405586262591744736463,0,55908976571797342,1.3138311845136592
2025-06-14 15:45:48+00:00,15980704,67538262354,51405586311429774236511,0,55908976624777302,1.313831184510451
2025-06-14 15:45:52+00:00,15980708,67538262287,51405586260412080216092,0,55908976569290199,1.313831184511008
2025-06-14 15:45:57+00:00,15980713,67538262288,51405586260412080216091,0,55908976569290199,1.313831184530461
2025-06-14 15:46:09+00:00,15980725,67538262289,51405586259653230820732,0,55908976569290199,1.313831184569309
2025-06-14 15:46:54+00:00,15980770,67538262289,51405586259894381425396,0,55908976569290199,1.3138311845631456
2025-06-14 15:46:54+00:00,15980770,67538262290,51405586258894381425396,0,55908976569290199,1.313831184608157
2025-06-14 15:46:59+00:00,15980775,67538262288,51405586260894381425396,0,55908976569290199,1.3138311845181343
2025-06-14 15:47:08+00:00,15980784,67538262287,51405586260098200882622,0,55908976568424269,1.3138311845190302
2025-06-14 15:47:40+00:00,15980816,67538262288,51405586259339351487256,0,55908976568424269,1.313831184557878
2025-06-14 15:48:26+00:00,15980862,67538262289,51405586258580502091913,0,55908976568424269,1.3138311845967259
2025-06-14 15:48:40+00:00,15980876,67538262290,51405586257821652696592,0,55908976568424269,1.313831184635574
2025-06-14 15:48:45+00:00,15980881,67538262291,51405586257062803301294,0,55908976568424269,1.3138311846744217
2025-06-14 15:48:52+00:00,15980888,67538262355,51405586305900832801342,0,55908976621404229,1.3138311846712134
2025-06-14 15:49:00+00:00,15980896,67538262356,51405586305900832801341,0,55908976621404229,1.3138311846906667
2025-06-14 15:49:12+00:00,15980908,67538262357,51405586305141983406075,0,55908976621404229,1.3138311847295145
2025-06-14 15:49:57+00:00,15980953,67538262358,51405586304383134010831,0,55908976621404229,1.3138311847683624
2025-06-14 15:49:59+00:00,15980955,67538262357,51405586305383134010831,0,55908976621404229,1.3138311847233513
2025-06-14 15:50:08+00:00,15980964,67538262370,51405586315383134010831,0,55908976632165783,1.3138311847206605
2025-06-14 15:50:43+00:00,15980999,67538262371,51405586314624284615582,0,55908976632165783,1.3138311847595086
2025-06-14 15:51:29+00:00,15981045,67538262372,51405586313865435220355,0,55908976632165783,1.3138311847983564
2025-06-14 15:51:47+00:00,15981063,67538262373,51405586313106585825151,0,55908976632165783,1.3138311848372044
2025-06-14 15:51:56+00:00,15981072,67538262437,51405586361944615325199,0,55908976685145743,1.313831184833996
2025-06-14 15:52:00+00:00,15981076,67538262370,51405586310926921309733,0,55908976629658640,1.3138311848345532
2025-06-14 15:52:05+00:00,15981081,67538262371,51405586310926921309732,0,55908976629658640,1.3138311848540063
2025-06-14 15:52:15+00:00,15981091,67538262372,51405586310168071914560,0,55908976629658640,1.313831184892854
2025-06-14 15:53:02+00:00,15981138,67538262373,51405586309409222519410,0,55908976629658640,1.3138311849317021
2025-06-14 15:53:03+00:00,15981139,67538262372,51405586310409222519410,0,55908976629658640,1.3138311848866908
2025-06-14 15:53:08+00:00,15981144,67538262371,51405586311409222519410,0,55908976629658640,1.3138311848416795
2025-06-14 15:53:13+00:00,15981149,67538262384,51405586321409222519410,0,55908976640420194,1.313831184838989
2025-06-14 15:53:18+00:00,15981154,67538262383,51405586320613041976712,0,55908976639554264,1.3138311848398847
2025-06-14 15:53:48+00:00,15981184,67538262384,51405586319854192581532,0,55908976639554264,1.3138311848787325
2025-06-14 15:54:34+00:00,15981230,67538262385,51405586319095343186374,0,55908976639554264,1.3138311849175806
2025-06-14 15:54:52+00:00,15981248,67538262386,51405586318336493791239,0,55908976639554264,1.3138311849564284
2025-06-14 15:55:02+00:00,15981258,67538262450,51405586367174523291287,0,55908976692534224,1.31383118495322
2025-06-14 15:55:07+00:00,15981263,67538262383,51405586316156829277373,0,55908976637047121,1.3138311849537772
2025-06-14 15:55:20+00:00,15981276,67538262384,51405586315397979882259,0,55908976637047121,1.3138311849926252
2025-06-14 15:56:05+00:00,15981321,67538262385,51405586314639130487167,0,55908976637047121,1.313831185031473
2025-06-14 15:56:14+00:00,15981330,67538262384,51405586315639130487167,0,55908976637047121,1.3138311849864617
2025-06-14 15:56:19+00:00,15981335,67538262397,51405586325639130487167,0,55908976647808675,1.3138311849837712
2025-06-14 15:56:50+00:00,15981366,67538262398,51405586324880281092070,0,55908976647808675,1.313831185022619
2025-06-14 15:57:36+00:00,15981412,67538262399,51405586324121431696995,0,55908976647808675,1.313831185061467
2025-06-14 15:57:58+00:00,15981434,67538262400,51405586323362582301943,0,55908976647808675,1.3138311851003148
2025-06-14 15:58:07+00:00,15981443,67538262464,51405586372200611801991,0,55908976700788635,1.3138311850971065
2025-06-14 15:58:12+00:00,15981448,67538262397,51405586321182917790621,0,55908976645301532,1.3138311850976636
2025-06-14 15:58:17+00:00,15981453,67538262398,51405586321182917790620,0,55908976645301532,1.3138311851171167
2025-06-14 15:58:21+00:00,15981457,67538262399,51405586320424068395600,0,55908976645301532,1.3138311851559648
2025-06-14 15:59:07+00:00,15981503,67538262400,51405586319665219000602,0,55908976645301532,1.3138311851948126
2025-06-14 15:59:15+00:00,15981511,67538262399,51405586320665219000602,0,55908976645301532,1.3138311851498012
2025-06-14 15:59:19+00:00,15981515,67538262398,51405586321665219000602,0,55908976645301532,1.3138311851047901
2025-06-14 15:59:24+00:00,15981520,67538262411,51405586331665219000602,0,55908976656063086,1.3138311851020994
2025-06-14 15:59:52+00:00,15981548,67538262412,51405586330906369605573,0,55908976656063086,1.3138311851409474
2025-06-14 16:00:40+00:00,15981596,67538262413,51405586330147520210567,0,55908976656063086,1.3138311851797952
2025-06-14 16:01:06+00:00,15981622,67538262414,51405586329388670815583,0,55908976656063086,1.3138311852186433
2025-06-14 16:01:16+00:00,15981632,67538262478,51405586378226700315631,0,55908976709043046,1.313831185215435
2025-06-14 16:01:25+00:00,15981641,67538262479,51405586378226700315630,0,55908976709043046,1.313831185234888
2025-06-14 16:01:25+00:00,15981641,67538262480,51405586377467850920678,0,55908976709043046,1.3138311852737359
2025-06-14 16:02:11+00:00,15981687,67538262481,51405586376709001525748,0,55908976709043046,1.313831185312584
2025-06-14 16:02:22+00:00,15981698,67538262480,51405586377709001525748,0,55908976709043046,1.3138311852675726
2025-06-14 16:02:27+00:00,15981703,67538262479,51405586378709001525748,0,55908976709043046,1.3138311852225613
2025-06-14 16:02:31+00:00,15981707,67538262492,51405586388709001525748,0,55908976719804600,1.3138311852198707
2025-06-14 16:02:36+00:00,15981712,67538262491,51405586387912820983138,0,55908976718938670,1.3138311852207665
2025-06-14 16:02:58+00:00,15981734,67538262492,51405586387153971588178,0,55908976718938670,1.3138311852596143
2025-06-14 16:03:44+00:00,15981780,67538262493,51405586386395122193240,0,55908976718938670,1.3138311852984623
2025-06-14 16:04:09+00:00,15981805,67538262494,51405586385636272798325,0,55908976718938670,1.3138311853373101
2025-06-14 16:04:14+00:00,15981810,67538262495,51405586384877423403432,0,55908976718938670,1.3138311853761582
2025-06-14 16:04:19+00:00,15981815,67538262559,51405586433715452903480,0,55908976771918630,1.3138311853729499
2025-06-14 16:04:25+00:00,15981821,67538262492,51405586382697758895966,0,55908976716431527,1.313831185373507
2025-06-14 16:04:30+00:00,15981826,67538262493,51405586381938909501094,0,55908976716431527,1.3138311854123548
2025-06-14 16:05:16+00:00,15981872,67538262494,51405586381180060106244,0,55908976716431527,1.3138311854512028
2025-06-14 16:05:28+00:00,15981884,67538262493,51405586382180060106244,0,55908976716431527,1.3138311854061915
2025-06-14 16:05:33+00:00,15981889,67538262492,51405586383180060106244,0,55908976716431527,1.3138311853611802
2025-06-14 16:05:38+00:00,15981894,67538262505,51405586393180060106244,0,55908976727193081,1.3138311853584896
2025-06-14 16:05:43+00:00,15981899,67538262504,51405586392383879563670,0,55908976726327151,1.3138311853593854
2025-06-14 16:06:04+00:00,15981920,67538262505,51405586391625030168790,0,55908976726327151,1.3138311853982332
2025-06-14 16:06:51+00:00,15981967,67538262506,51405586390866180773932,0,55908976726327151,1.3138311854370812
2025-06-14 16:07:20+00:00,15981996,67538262507,51405586390107331379097,0,55908976726327151,1.313831185475929
2025-06-14 16:07:24+00:00,15982000,67538262508,51405586389348481984284,0,55908976726327151,1.313831185514777
2025-06-14 16:07:30+00:00,15982006,67538262572,51405586438186511484332,0,55908976779307111,1.3138311855115687
2025-06-14 16:07:34+00:00,15982010,67538262505,51405586387168817479123,0,55908976723820008,1.3138311855121256
2025-06-14 16:07:39+00:00,15982015,67538262506,51405586387168817479122,0,55908976723820008,1.313831185531579
2025-06-14 16:08:23+00:00,15982059,67538262507,51405586386409968084341,0,55908976723820008,1.3138311855704268
2025-06-14 16:08:36+00:00,15982072,67538262506,51405586387409968084341,0,55908976723820008,1.3138311855254154
2025-06-14 16:08:41+00:00,15982077,67538262505,51405586388409968084341,0,55908976723820008,1.3138311854804043
2025-06-14 16:08:50+00:00,15982086,67538262504,51405586387613787541793,0,55908976722954078,1.3138311854813
2025-06-14 16:09:09+00:00,15982105,67538262505,51405586386854938146983,0,55908976722954078,1.3138311855201479
2025-06-14 16:09:55+00:00,15982151,67538262506,51405586386096088752196,0,55908976722954078,1.313831185558996
2025-06-14 16:10:25+00:00,15982181,67538262507,51405586385337239357431,0,55908976722954078,1.3138311855978437
2025-06-14 16:10:29+00:00,15982185,67538262508,51405586384578389962689,0,55908976722954078,1.3138311856366918
2025-06-14 16:10:35+00:00,15982191,67538262572,51405586433416419462737,0,55908976775934038,1.3138311856334832
2025-06-14 16:10:42+00:00,15982198,67538262573,51405586432657570068015,0,55908976775934038,1.3138311856723313
2025-06-14 16:10:44+00:00,15982200,67538262574,51405586432657570068014,0,55908976775934038,1.3138311856917844
2025-06-14 16:11:28+00:00,15982244,67538262575,51405586431898720673326,0,55908976775934038,1.3138311857306324
2025-06-14 16:11:41+00:00,15982257,67538262574,51405586432898720673326,0,55908976775934038,1.313831185685621
2025-06-14 16:11:46+00:00,15982262,67538262573,51405586433898720673326,0,55908976775934038,1.3138311856406097
2025-06-14 16:11:54+00:00,15982270,67538262572,51405586433102540130815,0,55908976775068108,1.3138311856415055
2025-06-14 16:12:14+00:00,15982290,67538262573,51405586432343690736098,0,55908976775068108,1.3138311856803535
2025-06-14 16:13:00+00:00,15982336,67538262574,51405586431584841341403,0,55908976775068108,1.3138311857192013
2025-06-14 16:13:29+00:00,15982365,67538262575,51405586430825991946731,0,55908976775068108,1.3138311857580494
2025-06-14 16:13:33+00:00,15982369,67538262576,51405586430067142552081,0,55908976775068108,1.3138311857968972
2025-06-14 16:13:39+00:00,15982375,67538262640,51405586478905172052129,0,55908976828048068,1.3138311857936888
2025-06-14 16:13:43+00:00,15982379,67538262573,51405586427887478050985,0,55908976772560965,1.313831185794246
2025-06-14 16:13:46+00:00,15982382,67538262574,51405586427128628656356,0,55908976772560965,1.3138311858330938
2025-06-14 16:13:48+00:00,15982384,67538262575,51405586427128628656355,0,55908976772560965,1.3138311858525469
2025-06-14 16:14:32+00:00,15982428,67538262576,51405586426369779261760,0,55908976772560965,1.313831185891395
2025-06-14 16:14:47+00:00,15982443,67538262575,51405586427369779261760,0,55908976772560965,1.3138311858463836
2025-06-14 16:14:52+00:00,15982448,67538262574,51405586428369779261760,0,55908976772560965,1.3138311858013723
2025-06-14 16:14:57+00:00,15982453,67538262587,51405586438369779261760,0,55908976783322519,1.3138311857986817
2025-06-14 16:15:18+00:00,15982474,67538262588,51405586437610929867134,0,55908976783322519,1.3138311858375296
2025-06-14 16:16:04+00:00,15982520,67538262589,51405586436852080472530,0,55908976783322519,1.3138311858763776
2025-06-14 16:16:38+00:00,15982554,67538262590,51405586436093231077948,0,55908976783322519,1.3138311859152254
2025-06-14 16:16:44+00:00,15982560,67538262591,51405586435334381683389,0,55908976783322519,1.3138311859540734
2025-06-14 16:16:49+00:00,15982565,67538262592,51405586434575532288852,0,55908976783322519,1.3138311859929213
2025-06-14 16:16:57+00:00,15982573,67538262593,51405586434575532288851,0,55908976783322519,1.3138311860123744
2025-06-14 16:17:34+00:00,15982610,67538262594,51405586433816682894348,0,55908976783322519,1.3138311860512224
2025-06-14 16:17:55+00:00,15982631,67538262593,51405586434816682894348,0,55908976783322519,1.313831186006211
2025-06-14 16:18:00+00:00,15982636,67538262592,51405586435816682894348,0,55908976783322519,1.3138311859611997
2025-06-14 16:18:09+00:00,15982645,67538262591,51405586435020502351913,0,55908976782456589,1.3138311859620957
2025-06-14 16:18:20+00:00,15982656,67538262592,51405586434261652957381,0,55908976782456589,1.3138311860009435
2025-06-14 16:19:05+00:00,15982701,67538262593,51405586433502803562871,0,55908976782456589,1.3138311860397913
2025-06-14 16:19:44+00:00,15982740,67538262594,51405586432743954168384,0,55908976782456589,1.3138311860786394
2025-06-14 16:19:50+00:00,15982746,67538262595,51405586431985104773919,0,55908976782456589,1.3138311861174872
2025-06-14 16:19:58+00:00,15982754,67538262528,51405586380967410777738,0,55908976726969486,1.3138311861180443
2025-06-14 16:20:37+00:00,15982793,67538262529,51405586380208561383296,0,55908976726969486,1.3138311861568923
2025-06-14 16:21:00+00:00,15982816,67538262528,51405586381208561383296,0,55908976726969486,1.313831186111881
2025-06-14 16:21:05+00:00,15982821,67538262527,51405586382208561383296,0,55908976726969486,1.3138311860668697
2025-06-14 16:21:14+00:00,15982830,67538262526,51405586381412380840889,0,55908976726103556,1.3138311860677654
2025-06-14 16:21:24+00:00,15982840,67538262527,51405586380653531446418,0,55908976726103556,1.3138311861066134
2025-06-14 16:22:09+00:00,15982885,67538262528,51405586379894682051969,0,55908976726103556,1.3138311861454612
2025-06-14 16:22:50+00:00,15982926,67538262529,51405586379135832657543,0,55908976726103556,1.3138311861843093
2025-06-14 16:22:54+00:00,15982930,67538262530,51405586378376983263139,0,55908976726103556,1.313831186223157
2025-06-14 16:22:59+00:00,15982935,67538262594,51405586427215012763187,0,55908976779083516,1.3138311862199488
2025-06-14 16:23:04+00:00,15982940,67538262527,51405586376197318768663,0,55908976723596413,1.3138311862205059
2025-06-14 16:23:40+00:00,15982976,67538262528,51405586375438469374280,0,55908976723596413,1.313831186259354
2025-06-14 16:24:07+00:00,15983003,67538262527,51405586376438469374280,0,55908976723596413,1.3138311862143426
2025-06-14 16:24:12+00:00,15983008,67538262526,51405586377438469374280,0,55908976723596413,1.3138311861693313
2025-06-14 16:24:21+00:00,15983017,67538262525,51405586376642288831899,0,55908976722730483,1.313831186170227
2025-06-14 16:25:12+00:00,15983068,67538262526,51405586375883439437487,0,55908976722730483,1.313831186209075
2025-06-14 16:25:56+00:00,15983112,67538262527,51405586375124590043098,0,55908976722730483,1.3138311862479228
2025-06-14 16:25:56+00:00,15983112,67538262528,51405586374365740648731,0,55908976722730483,1.3138311862867706
2025-06-14 16:26:01+00:00,15983117,67538262529,51405586373606891254387,0,55908976722730483,1.3138311863256187
2025-06-14 16:26:07+00:00,15983123,67538262593,51405586422444920754435,0,55908976775710443,1.3138311863224104
2025-06-14 16:26:11+00:00,15983127,67538262526,51405586371427226761567,0,55908976720223340,1.3138311863229675
2025-06-14 16:26:16+00:00,15983132,67538262527,51405586371427226761566,0,55908976720223340,1.3138311863424206
2025-06-14 16:26:42+00:00,15983158,67538262528,51405586370668377367254,0,55908976720223340,1.3138311863812684
2025-06-14 16:27:14+00:00,15983190,67538262527,51405586371668377367254,0,55908976720223340,1.3138311863362573
2025-06-14 16:27:19+00:00,15983195,67538262526,51405586372668377367254,0,55908976720223340,1.313831186291246
2025-06-14 16:27:23+00:00,15983199,67538262539,51405586382668377367254,0,55908976730984894,1.3138311862885552
2025-06-14 16:27:27+00:00,15983203,67538262540,51405586381909527972911,0,55908976730984894,1.3138311863274033
2025-06-14 16:27:28+00:00,15983204,67538262539,51405586381113347430565,0,55908976730118964,1.313831186328299
2025-06-14 16:28:13+00:00,15983249,67538262540,51405586380354498036244,0,55908976730118964,1.313831186367147
2025-06-14 16:28:58+00:00,15983294,67538262541,51405586379595648641946,0,55908976730118964,1.3138311864059948
2025-06-14 16:29:03+00:00,15983299,67538262542,51405586378836799247670,0,55908976730118964,1.3138311864448426
2025-06-14 16:29:09+00:00,15983305,67538262543,51405586378077949853417,0,55908976730118964,1.3138311864836907
2025-06-14 16:29:13+00:00,15983309,67538262607,51405586426915979353465,0,55908976783098924,1.3138311864804824
2025-06-14 16:29:18+00:00,15983314,67538262540,51405586375898285362901,0,55908976727611821,1.3138311864810395
2025-06-14 16:29:22+00:00,15983318,67538262541,51405586375898285362900,0,55908976727611821,1.3138311865004926
2025-06-14 16:29:43+00:00,15983339,67538262542,51405586375139435968679,0,55908976727611821,1.3138311865393404
2025-06-14 16:30:22+00:00,15983378,67538262541,51405586376139435968679,0,55908976727611821,1.3138311864943293
2025-06-14 16:30:27+00:00,15983383,67538262540,51405586377139435968679,0,55908976727611821,1.313831186449318
2025-06-14 16:30:28+00:00,15983384,67538262541,51405586376380586574428,0,55908976727611821,1.3138311864881658
2025-06-14 16:30:36+00:00,15983392,67538262540,51405586375584406032120,0,55908976726745891,1.3138311864890615
2025-06-14 16:31:14+00:00,15983430,67538262541,51405586374825556637892,0,55908976726745891,1.3138311865279095
2025-06-14 16:31:59+00:00,15983475,67538262542,51405586374066707243687,0,55908976726745891,1.3138311865667573
2025-06-14 16:32:14+00:00,15983490,67538262543,51405586373307857849504,0,55908976726745891,1.3138311866056054
2025-06-14 16:32:19+00:00,15983495,67538262544,51405586372549008455344,0,55908976726745891,1.3138311866444532
2025-06-14 16:32:24+00:00,15983500,67538262608,51405586421387037955392,0,55908976779725851,1.3138311866412449
2025-06-14 16:32:29+00:00,15983505,67538262541,51405586370369343967238,0,55908976724238748,1.313831186641802
2025-06-14 16:32:34+00:00,15983510,67538262542,51405586370369343967237,0,55908976724238748,1.313831186661255
2025-06-14 16:32:45+00:00,15983521,67538262543,51405586369610494573109,0,55908976724238748,1.3138311867001031
2025-06-14 16:33:30+00:00,15983566,67538262544,51405586368851645179003,0,55908976724238748,1.313831186738951
2025-06-14 16:33:33+00:00,15983569,67538262543,51405586369851645179003,0,55908976724238748,1.3138311866939396
2025-06-14 16:33:38+00:00,15983574,67538262542,51405586370851645179003,0,55908976724238748,1.3138311866489285
2025-06-14 16:33:42+00:00,15983578,67538262555,51405586380851645179003,0,55908976735000302,1.3138311866462378
2025-06-14 16:33:47+00:00,15983583,67538262554,51405586380055464636731,0,55908976734134372,1.3138311866471335
2025-06-14 16:34:14+00:00,15983610,67538262555,51405586379296615242595,0,55908976734134372,1.3138311866859815
2025-06-14 16:35:00+00:00,15983656,67538262556,51405586378537765848481,0,55908976734134372,1.3138311867248293
2025-06-14 16:35:25+00:00,15983681,67538262557,51405586377778916454390,0,55908976734134372,1.3138311867636774
2025-06-14 16:35:30+00:00,15983686,67538262558,51405586377020067060321,0,55908976734134372,1.3138311868025252
2025-06-14 16:35:35+00:00,15983691,67538262622,51405586425858096560369,0,55908976787114332,1.3138311867993169
2025-06-14 16:35:43+00:00,15983699,67538262623,51405586425858096560368,0,55908976787114332,1.31383118681877
2025-06-14 16:35:46+00:00,15983702,67538262624,51405586425099247166331,0,55908976787114332,1.313831186857618
2025-06-14 16:36:31+00:00,15983747,67538262625,51405586424340397772316,0,55908976787114332,1.3138311868964658
2025-06-14 16:36:43+00:00,15983759,67538262624,51405586425340397772316,0,55908976787114332,1.3138311868514547
2025-06-14 16:36:48+00:00,15983764,67538262623,51405586426340397772316,0,55908976787114332,1.3138311868064434
2025-06-14 16:36:53+00:00,15983769,67538262636,51405586436340397772316,0,55908976797875886,1.3138311868037527
2025-06-14 16:37:16+00:00,15983792,67538262637,51405586435581548378270,0,55908976797875886,1.3138311868426007
2025-06-14 16:38:01+00:00,15983837,67538262638,51405586434822698984247,0,55908976797875886,1.3138311868814485
2025-06-14 16:38:34+00:00,15983870,67538262639,51405586434063849590246,0,55908976797875886,1.3138311869202965
2025-06-14 16:38:39+00:00,15983875,67538262640,51405586433305000196267,0,55908976797875886,1.3138311869591444
2025-06-14 16:38:44+00:00,15983880,67538262704,51405586482143029696315,0,55908976850855846,1.313831186955936
2025-06-14 16:38:47+00:00,15983883,67538262705,51405586481384180302357,0,55908976850855846,1.313831186994784
2025-06-14 16:38:49+00:00,15983885,67538262638,51405586430366486319565,0,55908976795368743,1.3138311869953412
2025-06-14 16:39:32+00:00,15983928,67538262639,51405586429607636925630,0,55908976795368743,1.313831187034189
2025-06-14 16:39:53+00:00,15983949,67538262638,51405586430607636925630,0,55908976795368743,1.3138311869891777
2025-06-14 16:39:58+00:00,15983954,67538262637,51405586431607636925630,0,55908976795368743,1.3138311869441666
2025-06-14 16:40:07+00:00,15983963,67538262636,51405586430811456383432,0,55908976794502813,1.3138311869450623
2025-06-14 16:40:18+00:00,15983974,67538262637,51405586430052606989468,0,55908976794502813,1.31383118698391
2025-06-14 16:41:03+00:00,15984019,67538262638,51405586429293757595526,0,55908976794502813,1.3138311870227581
2025-06-14 16:41:44+00:00,15984060,67538262639,51405586428534908201607,0,55908976794502813,1.313831187061606
2025-06-14 16:41:49+00:00,15984065,67538262640,51405586427776058807710,0,55908976794502813,1.313831187100454
2025-06-14 16:41:53+00:00,15984069,67538262704,51405586476614088307758,0,55908976847482773,1.3138311870972454
2025-06-14 16:41:58+00:00,15984074,67538262637,51405586425596394326623,0,55908976791995670,1.3138311870978026
2025-06-14 16:42:35+00:00,15984111,67538262638,51405586424837544932747,0,55908976791995670,1.3138311871366506
2025-06-14 16:43:02+00:00,15984138,67538262637,51405586425837544932747,0,55908976791995670,1.3138311870916393
2025-06-14 16:43:06+00:00,15984142,67538262636,51405586426837544932747,0,55908976791995670,1.313831187046628
2025-06-14 16:43:11+00:00,15984147,67538262649,51405586436837544932747,0,55908976802757224,1.3138311870439374
2025-06-14 16:43:16+00:00,15984152,67538262648,51405586436041364390573,0,55908976801891294,1.3138311870448331
2025-06-14 16:43:21+00:00,15984157,67538262649,51405586435282514996666,0,55908976801891294,1.313831187083681
2025-06-14 16:44:06+00:00,15984202,67538262650,51405586434523665602782,0,55908976801891294,1.313831187122529
2025-06-14 16:44:49+00:00,15984245,67538262651,51405586433764816208920,0,55908976801891294,1.3138311871613768
2025-06-14 16:44:51+00:00,15984247,67538262652,51405586433005966815081,0,55908976801891294,1.3138311872002248
2025-06-14 16:44:59+00:00,15984255,67538262716,51405586481843996315129,0,55908976854871254,1.3138311871970165
2025-06-14 16:45:08+00:00,15984264,67538262717,51405586481843996315128,0,55908976854871254,1.3138311872164696
2025-06-14 16:45:36+00:00,15984292,67538262718,51405586481085146921320,0,55908976854871254,1.3138311872553174
2025-06-14 16:46:08+00:00,15984324,67538262717,51405586482085146921320,0,55908976854871254,1.3138311872103063
2025-06-14 16:46:13+00:00,15984329,67538262716,51405586483085146921320,0,55908976854871254,1.313831187165295
2025-06-14 16:46:21+00:00,15984337,67538262715,51405586482288966379172,0,55908976854005324,1.3138311871661907
2025-06-14 16:46:22+00:00,15984338,67538262716,51405586481530116985335,0,55908976854005324,1.3138311872050388
2025-06-14 16:47:08+00:00,15984384,67538262717,51405586480771267591521,0,55908976854005324,1.3138311872438866
2025-06-14 16:47:53+00:00,15984429,67538262718,51405586480012418197729,0,55908976854005324,1.3138311872827344
2025-06-14 16:48:01+00:00,15984437,67538262719,51405586479253568803960,0,55908976854005324,1.3138311873215824
2025-06-14 16:48:06+00:00,15984442,67538262783,51405586528091598304008,0,55908976906985284,1.3138311873183741
2025-06-14 16:48:11+00:00,15984447,67538262716,51405586477073904326080,0,55908976851498181,1.3138311873189312
2025-06-14 16:48:15+00:00,15984451,67538262717,51405586477073904326079,0,55908976851498181,1.3138311873383843
2025-06-14 16:48:38+00:00,15984474,67538262718,51405586476315054932342,0,55908976851498181,1.3138311873772321
2025-06-14 16:49:14+00:00,15984510,67538262717,51405586477315054932342,0,55908976851498181,1.313831187332221
2025-06-14 16:49:20+00:00,15984516,67538262716,51405586478315054932342,0,55908976851498181,1.3138311872872097
2025-06-14 16:49:29+00:00,15984525,67538262715,51405586477518874390220,0,55908976850632251,1.3138311872881054
2025-06-14 16:50:09+00:00,15984565,67538262716,51405586476760024996454,0,55908976850632251,1.3138311873269533
2025-06-14 16:50:55+00:00,15984611,67538262717,51405586476001175602710,0,55908976850632251,1.3138311873658013
2025-06-14 16:51:03+00:00,15984619,67538262718,51405586475242326208989,0,55908976850632251,1.313831187404649
2025-06-14 16:51:13+00:00,15984629,67538262782,51405586524080355709037,0,55908976903612211,1.3138311874014408
2025-06-14 16:51:22+00:00,15984638,67538262783,51405586524080355709036,0,55908976903612211,1.3138311874208939
2025-06-14 16:51:40+00:00,15984656,67538262784,51405586523321506315347,0,55908976903612211,1.313831187459742
2025-06-14 16:52:20+00:00,15984696,67538262783,51405586524321506315347,0,55908976903612211,1.3138311874147306
2025-06-14 16:52:25+00:00,15984701,67538262784,51405586523562656921654,0,55908976903612211,1.3138311874535786
2025-06-14 16:52:33+00:00,15984709,67538262783,51405586522766476379573,0,55908976902746281,1.3138311874544744
2025-06-14 16:53:11+00:00,15984747,67538262784,51405586522007626985903,0,55908976902746281,1.3138311874933222
2025-06-14 16:53:56+00:00,15984792,67538262785,51405586521248777592255,0,55908976902746281,1.3138311875321702
2025-06-14 16:54:08+00:00,15984804,67538262786,51405586520489928198630,0,55908976902746281,1.313831187571018
2025-06-14 16:54:12+00:00,15984808,67538262787,51405586519731078805027,0,55908976902746281,1.313831187609866
2025-06-14 16:54:18+00:00,15984814,67538262851,51405586568569108305075,0,55908976955726241,1.3138311876066577
2025-06-14 16:54:23+00:00,15984819,67538262784,51405586517551414331452,0,55908976900239138,1.3138311876072146
2025-06-14 16:54:42+00:00,15984838,67538262785,51405586516792564937870,0,55908976900239138,1.3138311876460627
2025-06-14 16:55:24+00:00,15984880,67538262784,51405586517792564937870,0,55908976900239138,1.3138311876010513
2025-06-14 16:55:28+00:00,15984884,67538262783,51405586518792564937870,0,55908976900239138,1.31383118755604
2025-06-14 16:55:32+00:00,15984888,67538262796,51405586528792564937870,0,55908976911000692,1.3138311875533495
2025-06-14 16:55:37+00:00,15984893,67538262795,51405586527996384395813,0,55908976910134762,1.3138311875542452
2025-06-14 16:56:12+00:00,15984928,67538262796,51405586527237535002201,0,55908976910134762,1.3138311875930933
2025-06-14 16:56:57+00:00,15984973,67538262797,51405586526478685608611,0,55908976910134762,1.313831187631941
2025-06-14 16:57:10+00:00,15984986,67538262798,51405586525719836215043,0,55908976910134762,1.313831187670789
2025-06-14 16:57:20+00:00,15984996,67538262862,51405586574557865715091,0,55908976963114722,1.3138311876675806
2025-06-14 16:57:24+00:00,15985000,67538262795,51405586523540171742267,0,55908976907627619,1.3138311876681377
2025-06-14 16:57:29+00:00,15985005,67538262796,51405586523540171742266,0,55908976907627619,1.313831187687591
2025-06-14 16:57:42+00:00,15985018,67538262797,51405586522781322348731,0,55908976907627619,1.3138311877264388
2025-06-14 16:58:26+00:00,15985062,67538262796,51405586523781322348731,0,55908976907627619,1.3138311876814275
2025-06-14 16:58:28+00:00,15985064,67538262797,51405586523022472955192,0,55908976907627619,1.3138311877202755
2025-06-14 16:58:30+00:00,15985066,67538262796,51405586524022472955192,0,55908976907627619,1.3138311876752642
2025-06-14 16:58:35+00:00,15985071,67538262809,51405586534022472955192,0,55908976918389173,1.3138311876725735
2025-06-14 16:58:40+00:00,15985076,67538262808,51405586533226292413159,0,55908976917523243,1.3138311876734694
2025-06-14 16:59:13+00:00,15985109,67538262809,51405586532467443019615,0,55908976917523243,1.3138311877123172
2025-06-14 16:59:59+00:00,15985155,67538262810,51405586531708593626094,0,55908976917523243,1.3138311877511653
2025-06-14 17:00:14+00:00,15985170,67538262811,51405586530949744232595,0,55908976917523243,1.313831187790013
2025-06-14 17:00:19+00:00,15985175,67538262812,51405586530190894839119,0,55908976917523243,1.3138311878288609
2025-06-14 17:00:24+00:00,15985180,67538262876,51405586579028924339167,0,55908976970503203,1.3138311878256526
2025-06-14 17:00:29+00:00,15985185,67538262809,51405586528011230368647,0,55908976915016100,1.3138311878262097
2025-06-14 17:00:33+00:00,15985189,67538262810,51405586528011230368646,0,55908976915016100,1.3138311878456628
2025-06-14 17:00:46+00:00,15985202,67538262811,51405586527252380975202,0,55908976915016100,1.3138311878845108
2025-06-14 17:01:32+00:00,15985248,67538262811,51405586527493531581754,0,55908976915016100,1.3138311878783475
2025-06-14 17:01:32+00:00,15985248,67538262810,51405586528252380975202,0,55908976915016100,1.3138311878394995
2025-06-14 17:01:37+00:00,15985253,67538262810,51405586528493531581754,0,55908976915016100,1.3138311878333362
2025-06-14 17:01:45+00:00,15985261,67538262809,51405586527697351039759,0,55908976914150170,1.313831187834232
2025-06-14 17:02:17+00:00,15985293,67538262810,51405586526938501646308,0,55908976914150170,1.3138311878730797
2025-06-14 17:03:02+00:00,15985338,67538262811,51405586526179652252880,0,55908976914150170,1.3138311879119278
2025-06-14 17:03:22+00:00,15985358,67538262812,51405586525420802859474,0,55908976914150170,1.3138311879507756
2025-06-14 17:03:32+00:00,15985368,67538262876,51405586574258832359522,0,55908976967130130,1.3138311879475673
2025-06-14 17:03:40+00:00,15985376,67538262877,51405586574258832359521,0,55908976967130130,1.3138311879670204
2025-06-14 17:03:47+00:00,15985383,67538262878,51405586573499982966147,0,55908976967130130,1.3138311880058684
2025-06-14 17:04:34+00:00,15985430,67538262879,51405586572741133572795,0,55908976967130130,1.3138311880447162
2025-06-14 17:04:39+00:00,15985435,67538262878,51405586573741133572795,0,55908976967130130,1.313831187999705
2025-06-14 17:04:43+00:00,15985439,67538262877,51405586574741133572795,0,55908976967130130,1.3138311879546938
2025-06-14 17:04:48+00:00,15985444,67538262890,51405586584741133572795,0,55908976977891684,1.313831187952003
2025-06-14 17:05:20+00:00,15985476,67538262891,51405586583982284179412,0,55908976977891684,1.313831187990851
2025-06-14 17:06:05+00:00,15985521,67538262892,51405586583223434786052,0,55908976977891684,1.313831188029699
2025-06-14 17:06:29+00:00,15985545,67538262893,51405586582464585392714,0,55908976977891684,1.313831188068547
2025-06-14 17:06:34+00:00,15985550,67538262894,51405586581705735999399,0,55908976977891684,1.3138311881073947
2025-06-14 17:06:40+00:00,15985556,67538262958,51405586630543765499447,0,55908977030871644,1.3138311881041864
2025-06-14 17:06:44+00:00,15985560,67538262891,51405586579526071532888,0,55908976975384541,1.3138311881047435
2025-06-14 17:06:49+00:00,15985565,67538262892,51405586579526071532887,0,55908976975384541,1.3138311881241966
2025-06-14 17:06:50+00:00,15985566,67538262893,51405586578767222139604,0,55908976975384541,1.3138311881630447
2025-06-14 17:07:36+00:00,15985612,67538262894,51405586578008372746343,0,55908976975384541,1.3138311882018925
2025-06-14 17:07:49+00:00,15985625,67538262893,51405586579008372746343,0,55908976975384541,1.3138311881568814
2025-06-14 17:07:57+00:00,15985633,67538262906,51405586589008372746343,0,55908976986146095,1.3138311881541906
2025-06-14 17:08:02+00:00,15985638,67538262905,51405586588212192204424,0,55908976985280165,1.3138311881550864
2025-06-14 17:08:22+00:00,15985658,67538262906,51405586587453342811159,0,55908976985280165,1.3138311881939344
2025-06-14 17:09:08+00:00,15985704,67538262907,51405586586694493417916,0,55908976985280165,1.3138311882327822
2025-06-14 17:09:39+00:00,15985735,67538262908,51405586585935644024695,0,55908976985280165,1.3138311882716303
2025-06-14 17:09:49+00:00,15985745,67538262972,51405586634773673524743,0,55908977038260125,1.313831188268422
2025-06-14 17:09:53+00:00,15985749,67538262973,51405586634014824131543,0,55908976982773022,1.3138311883072697
2025-06-14 17:09:53+00:00,15985749,67538262906,51405586582997130168281,0,55908976982773022,1.3138311883078269
2025-06-14 17:09:58+00:00,15985754,67538262907,51405586582997130168280,0,55908976982773022,1.31383118832728
2025-06-14 17:10:40+00:00,15985796,67538262908,51405586582238280775114,0,55908976982773022,1.313831188366128
2025-06-14 17:10:58+00:00,15985814,67538262907,51405586583238280775114,0,55908976982773022,1.3138311883211167
2025-06-14 17:11:03+00:00,15985819,67538262906,51405586584238280775114,0,55908976982773022,1.3138311882761053
2025-06-14 17:11:12+00:00,15985828,67538262905,51405586583442100233220,0,55908976981907092,1.313831188277001
2025-06-14 17:11:25+00:00,15985841,67538262906,51405586582683250840025,0,55908976981907092,1.313831188315849
2025-06-14 17:12:10+00:00,15985886,67538262907,51405586581924401446852,0,55908976981907092,1.313831188354697
2025-06-14 17:12:47+00:00,15985923,67538262908,51405586581165552053702,0,55908976981907092,1.313831188393545
2025-06-14 17:12:51+00:00,15985927,67538262909,51405586580406702660574,0,55908976981907092,1.3138311884323928
2025-06-14 17:12:56+00:00,15985932,67538262973,51405586629244732160622,0,55908977034887052,1.3138311884291844
2025-06-14 17:12:57+00:00,15985933,67538262974,51405586628485882767515,0,55908977034887052,1.3138311884680323
2025-06-14 17:13:05+00:00,15985941,67538262975,51405586628485882767514,0,55908977034887052,1.3138311884874856
2025-06-14 17:13:42+00:00,15985978,67538262976,51405586627727033374441,0,55908977034887052,1.3138311885263334
2025-06-14 17:14:05+00:00,15986001,67538262975,51405586628727033374441,0,55908977034887052,1.313831188481322
2025-06-14 17:14:14+00:00,15986010,67538262988,51405586638727033374441,0,55908977045648606,1.3138311884786316
2025-06-14 17:14:19+00:00,15986015,67538262987,51405586637930852832599,0,55908977044782676,1.3138311884795273
2025-06-14 17:14:29+00:00,15986025,67538262988,51405586637172003439521,0,55908977044782676,1.313831188518375
2025-06-14 17:15:14+00:00,15986070,67538262989,51405586636413154046465,0,55908977044782676,1.3138311885572231
2025-06-14 17:15:56+00:00,15986112,67538262990,51405586635654304653432,0,55908977044782676,1.313831188596071
2025-06-14 17:16:01+00:00,15986117,67538262991,51405586634895455260421,0,55908977044782676,1.313831188634919
2025-06-14 17:16:06+00:00,15986122,67538263055,51405586683733484760469,0,55908977097762636,1.3138311886317107
2025-06-14 17:16:11+00:00,15986127,67538262988,51405586632715790802161,0,55908977042275533,1.3138311886322678
2025-06-14 17:16:16+00:00,15986132,67538262989,51405586632715790802160,0,55908977042275533,1.3138311886517209
2025-06-14 17:16:45+00:00,15986161,67538262990,51405586631956941409181,0,55908977042275533,1.3138311886905687
2025-06-14 17:17:16+00:00,15986192,67538262989,51405586632956941409181,0,55908977042275533,1.3138311886455576
2025-06-14 17:17:21+00:00,15986197,67538262988,51405586633956941409181,0,55908977042275533,1.3138311886005463
2025-06-14 17:17:26+00:00,15986202,67538263001,51405586643956941409181,0,55908977053037087,1.3138311885978555
2025-06-14 17:17:30+00:00,15986206,67538263002,51405586643198092016171,0,55908977053037087,1.3138311886367036
2025-06-14 17:17:31+00:00,15986207,67538263001,51405586642401911474365,0,55908977052171157,1.3138311886375993
2025-06-14 17:18:16+00:00,15986252,67538263002,51405586641643062081378,0,55908977052171157,1.313831188676447
2025-06-14 17:19:01+00:00,15986297,67538263003,51405586640884212688414,0,55908977052171157,1.3138311887152951
2025-06-14 17:19:10+00:00,15986306,67538263004,51405586640125363295472,0,55908977052171157,1.313831188754143
2025-06-14 17:19:20+00:00,15986316,67538263068,51405586688963392795520,0,55908977105151117,1.3138311887509346
2025-06-14 17:19:25+00:00,15986321,67538263001,51405586637945698838763,0,55908977049664014,1.3138311887514917
2025-06-14 17:19:45+00:00,15986341,67538263002,51405586637186849445842,0,55908977049664014,1.3138311887903398
2025-06-14 17:20:29+00:00,15986385,67538263001,51405586638186849445842,0,55908977049664014,1.3138311887453284
2025-06-14 17:20:31+00:00,15986387,67538263002,51405586637428000052918,0,55908977049664014,1.3138311887841763
2025-06-14 17:20:34+00:00,15986390,67538263001,51405586638428000052918,0,55908977049664014,1.3138311887391652
2025-06-14 17:20:38+00:00,15986394,67538263014,51405586648428000052918,0,55908977060425568,1.3138311887364744
2025-06-14 17:20:43+00:00,15986399,67538263013,51405586647631819511136,0,55908977059559638,1.3138311887373701
2025-06-14 17:21:17+00:00,15986433,67538263014,51405586646872970118207,0,55908977059559638,1.3138311887762182
2025-06-14 17:22:03+00:00,15986479,67538263015,51405586646114120725300,0,55908977059559638,1.313831188815066
2025-06-14 17:22:20+00:00,15986496,67538263016,51405586645355271332416,0,55908977059559638,1.313831188853914
2025-06-14 17:22:26+00:00,15986502,67538263017,51405586644596421939554,0,55908977059559638,1.3138311888927618
2025-06-14 17:22:32+00:00,15986508,67538263081,51405586693434451439602,0,55908977112539598,1.3138311888895535
2025-06-14 17:22:41+00:00,15986517,67538263082,51405586693434451439601,0,55908977112539598,1.3138311889090066
2025-06-14 17:22:48+00:00,15986524,67538263083,51405586692675602046771,0,55908977112539598,1.3138311889478547
2025-06-14 17:23:32+00:00,15986568,67538263084,51405586691916752653964,0,55908977112539598,1.3138311889867025
2025-06-14 17:23:41+00:00,15986577,67538263083,51405586692916752653964,0,55908977112539598,1.3138311889416912
2025-06-14 17:23:46+00:00,15986582,67538263082,51405586693916752653964,0,55908977112539598,1.31383118889668
2025-06-14 17:23:54+00:00,15986590,67538263081,51405586693120572112220,0,55908977111673668,1.3138311888975758
2025-06-14 17:24:18+00:00,15986614,67538263082,51405586692361722719383,0,55908977111673668,1.3138311889364236
2025-06-14 17:25:04+00:00,15986660,67538263083,51405586691602873326569,0,55908977111673668,1.3138311889752716
2025-06-14 17:25:37+00:00,15986693,67538263084,51405586690844023933777,0,55908977111673668,1.3138311890141194
2025-06-14 17:25:42+00:00,15986698,67538263148,51405586739682053433825,0,55908977164653628,1.3138311890109111
2025-06-14 17:25:47+00:00,15986703,67538263081,51405586688664359481029,0,55908977109166525,1.3138311890114682
2025-06-14 17:26:37+00:00,15986753,67538263082,51405586687905510088258,0,55908977109166525,1.3138311890503163
2025-06-14 17:26:50+00:00,15986766,67538263081,51405586688905510088258,0,55908977109166525,1.313831189005305
2025-06-14 17:26:55+00:00,15986771,67538263080,51405586689905510088258,0,55908977109166525,1.3138311889602936
2025-06-14 17:27:04+00:00,15986780,67538263079,51405586689109329546528,0,55908977108300595,1.3138311889611893
2025-06-14 17:27:22+00:00,15986798,67538263080,51405586688350480153728,0,55908977108300595,1.3138311890000374
2025-06-14 17:28:08+00:00,15986844,67538263081,51405586687591630760951,0,55908977108300595,1.3138311890388852
2025-06-14 17:28:41+00:00,15986877,67538263082,51405586686832781368196,0,55908977108300595,1.3138311890777332
2025-06-14 17:28:51+00:00,15986887,67538263146,51405586735670810868244,0,55908977161280555,1.3138311890745247
2025-06-14 17:28:56+00:00,15986892,67538263079,51405586684653116916351,0,55908977105793452,1.3138311890750818
2025-06-14 17:29:40+00:00,15986936,67538263080,51405586683894267523617,0,55908977105793452,1.3138311891139298
2025-06-14 17:29:59+00:00,15986955,67538263079,51405586684894267523617,0,55908977105793452,1.3138311890689185
2025-06-14 17:30:08+00:00,15986964,67538263092,51405586694894267523617,0,55908977116555006,1.313831189066228
2025-06-14 17:30:13+00:00,15986969,67538263091,51405586694098086981915,0,55908977115689076,1.3138311890671237
2025-06-14 17:30:26+00:00,15986982,67538263092,51405586693339237589176,0,55908977115689076,1.3138311891059715
2025-06-14 17:31:13+00:00,15987029,67538263093,51405586692580388196460,0,55908977115689076,1.3138311891448196
2025-06-14 17:31:47+00:00,15987063,67538263094,51405586691821538803766,0,55908977115689076,1.3138311891836674
2025-06-14 17:31:56+00:00,15987072,67538263158,51405586740659568303814,0,55908977168669036,1.313831189180459
2025-06-14 17:31:59+00:00,15987075,67538263159,51405586739900718911141,0,55908977168669036,1.313831189219307
2025-06-14 17:32:01+00:00,15987077,67538263092,51405586688883024961792,0,55908977113181933,1.3138311892198642
2025-06-14 17:32:45+00:00,15987121,67538263093,51405586688124175569142,0,55908977113181933,1.313831189258712
2025-06-14 17:33:06+00:00,15987142,67538263092,51405586689124175569142,0,55908977113181933,1.3138311892137007
2025-06-14 17:33:11+00:00,15987147,67538263091,51405586690124175569142,0,55908977113181933,1.3138311891686894
2025-06-14 17:33:15+00:00,15987151,67538263104,51405586700124175569142,0,55908977123943487,1.3138311891659988
2025-06-14 17:33:20+00:00,15987156,67538263103,51405586699327995027464,0,55908977123077557,1.3138311891668946
2025-06-14 17:33:30+00:00,15987166,67538263104,51405586698569145634783,0,55908977123077557,1.3138311892057426
2025-06-14 17:34:15+00:00,15987211,67538263105,51405586697810296242124,0,55908977123077557,1.3138311892445904
2025-06-14 17:34:53+00:00,15987249,67538263106,51405586697051446849488,0,55908977123077557,1.3138311892834384
2025-06-14 17:34:57+00:00,15987253,67538263107,51405586696292597456874,0,55908977123077557,1.3138311893222863
2025-06-14 17:35:03+00:00,15987259,67538263171,51405586745130626956922,0,55908977176057517,1.313831189319078
2025-06-14 17:35:07+00:00,15987263,67538263104,51405586694112933009125,0,55908977120570414,1.313831189319635
2025-06-14 17:35:12+00:00,15987268,67538263105,51405586694112933009124,0,55908977120570414,1.3138311893390882
2025-06-14 17:35:47+00:00,15987303,67538263106,51405586693354083616542,0,55908977120570414,1.313831189377936
2025-06-14 17:36:11+00:00,15987327,67538263105,51405586694354083616542,0,55908977120570414,1.3138311893329249
2025-06-14 17:36:16+00:00,15987332,67538263104,51405586695354083616542,0,55908977120570414,1.3138311892879135
2025-06-14 17:36:20+00:00,15987336,67538263117,51405586705354083616542,0,55908977131331968,1.313831189285223
2025-06-14 17:36:25+00:00,15987341,67538263116,51405586704557903074888,0,55908977130466038,1.3138311892861188
2025-06-14 17:36:32+00:00,15987348,67538263117,51405586703799053682276,0,55908977130466038,1.3138311893249666
2025-06-14 17:37:17+00:00,15987393,67538263118,51405586703040204289686,0,55908977130466038,1.3138311893638146
2025-06-14 17:37:59+00:00,15987435,67538263119,51405586702281354897119,0,55908977130466038,1.3138311894026624
2025-06-14 17:38:09+00:00,15987445,67538263183,51405586751119384397167,0,55908977183445998,1.313831189399454
2025-06-14 17:38:18+00:00,15987454,67538263184,51405586751119384397166,0,55908977183445998,1.3138311894189072
2025-06-14 17:38:48+00:00,15987484,67538263185,51405586750360535004631,0,55908977183445998,1.3138311894577552
2025-06-14 17:39:15+00:00,15987511,67538263184,51405586751360535004631,0,55908977183445998,1.313831189412744
2025-06-14 17:39:20+00:00,15987516,67538263183,51405586752360535004631,0,55908977183445998,1.3138311893677326
2025-06-14 17:39:25+00:00,15987521,67538263196,51405586762360535004631,0,55908977194207552,1.313831189365042
2025-06-14 17:39:34+00:00,15987530,67538263197,51405586761601685612064,0,55908977194207552,1.3138311894038899
2025-06-14 17:40:20+00:00,15987576,67538263198,51405586760842836219520,0,55908977194207552,1.313831189442738
2025-06-14 17:41:04+00:00,15987620,67538263199,51405586760083986826998,0,55908977194207552,1.3138311894815857
2025-06-14 17:41:06+00:00,15987622,67538263200,51405586759325137434499,0,55908977194207552,1.3138311895204338
2025-06-14 17:41:14+00:00,15987630,67538263264,51405586808163166934547,0,55908977247187512,1.3138311895172252
2025-06-14 17:41:18+00:00,15987634,67538263197,51405586757145472989100,0,55908977191700409,1.3138311895177823
2025-06-14 17:41:23+00:00,15987639,67538263198,51405586757145472989099,0,55908977191700409,1.3138311895372357
2025-06-14 17:41:51+00:00,15987667,67538263199,51405586756386623596632,0,55908977191700409,1.3138311895760835
2025-06-14 17:42:21+00:00,15987697,67538263198,51405586757386623596632,0,55908977191700409,1.3138311895310721
2025-06-14 17:42:26+00:00,15987702,67538263197,51405586758386623596632,0,55908977191700409,1.3138311894860608
2025-06-14 17:42:34+00:00,15987710,67538263196,51405586757590443055016,0,55908977190834479,1.3138311894869568
2025-06-14 17:42:37+00:00,15987713,67538263197,51405586756831593662520,0,55908977190834479,1.3138311895258046
2025-06-14 17:43:23+00:00,15987759,67538263198,51405586756072744270046,0,55908977190834479,1.3138311895646526
2025-06-14 17:44:07+00:00,15987803,67538263199,51405586755313894877595,0,55908977190834479,1.3138311896035004
2025-06-14 17:44:09+00:00,15987805,67538263200,51405586754555045485166,0,55908977190834479,1.3138311896423482
2025-06-14 17:44:12+00:00,15987808,67538263201,51405586753796196092760,0,55908977190834479,1.3138311896811963
2025-06-14 17:44:17+00:00,15987813,67538263265,51405586802634225592808,0,55908977243814439,1.313831189677988
2025-06-14 17:44:22+00:00,15987818,67538263198,51405586751616531649770,0,55908977188327336,1.313831189678545
2025-06-14 17:44:26+00:00,15987822,67538263199,51405586751616531649769,0,55908977188327336,1.3138311896979982
2025-06-14 17:44:55+00:00,15987851,67538263200,51405586750857682257395,0,55908977188327336,1.313831189736846
2025-06-14 17:45:25+00:00,15987881,67538263199,51405586751857682257395,0,55908977188327336,1.3138311896918349
2025-06-14 17:45:30+00:00,15987886,67538263198,51405586752857682257395,0,55908977188327336,1.3138311896468235
2025-06-14 17:45:34+00:00,15987890,67538263211,51405586762857682257395,0,55908977199088890,1.3138311896441328
2025-06-14 17:45:39+00:00,15987895,67538263211,51405586761302652323410,0,55908977198222960,1.3138311896838766
2025-06-14 17:45:39+00:00,15987895,67538263210,51405586762061501715815,0,55908977198222960,1.3138311896450288
2025-06-14 17:46:26+00:00,15987942,67538263212,51405586760543802931028,0,55908977198222960,1.3138311897227246
2025-06-14 17:47:11+00:00,15987987,67538263213,51405586759784953538668,0,55908977198222960,1.3138311897615724
2025-06-14 17:47:12+00:00,15987988,67538263214,51405586759026104146330,0,55908977198222960,1.3138311898004202
2025-06-14 17:47:17+00:00,15987993,67538263215,51405586758267254754015,0,55908977198222960,1.3138311898392683
2025-06-14 17:47:23+00:00,15987999,67538263279,51405586807105284254063,0,55908977251202920,1.31383118983606
2025-06-14 17:47:31+00:00,15988007,67538263280,51405586807105284254062,0,55908977251202920,1.313831189855513
2025-06-14 17:47:56+00:00,15988032,67538263281,51405586806346434861779,0,55908977251202920,1.3138311898943609
2025-06-14 17:48:29+00:00,15988065,67538263280,51405586807346434861779,0,55908977251202920,1.3138311898493498
2025-06-14 17:48:33+00:00,15988069,67538263279,51405586808346434861779,0,55908977251202920,1.3138311898043384
2025-06-14 17:48:38+00:00,15988074,67538263292,51405586818346434861779,0,55908977261964474,1.313831189801648
2025-06-14 17:48:42+00:00,15988078,67538263291,51405586817550254320235,0,55908977261098544,1.3138311898025437
2025-06-14 17:48:43+00:00,15988079,67538263292,51405586816791404927921,0,55908977261098544,1.3138311898413915
2025-06-14 17:49:28+00:00,15988124,67538263293,51405586816032555535630,0,55908977261098544,1.3138311898802395
2025-06-14 17:50:13+00:00,15988169,67538263294,51405586815273706143361,0,55908977261098544,1.3138311899190873
2025-06-14 17:50:19+00:00,15988175,67538263295,51405586814514856751114,0,55908977261098544,1.3138311899579354
2025-06-14 17:50:28+00:00,15988184,67538263359,51405586863352886251162,0,55908977314078504,1.3138311899547268
2025-06-14 17:50:33+00:00,15988189,67538263292,51405586812335192311981,0,55908977258591401,1.313831189955284
2025-06-14 17:50:38+00:00,15988194,67538263293,51405586812335192311980,0,55908977258591401,1.3138311899747372
2025-06-14 17:50:59+00:00,15988215,67538263294,51405586811576342919766,0,55908977258591401,1.313831190013585
2025-06-14 17:51:36+00:00,15988252,67538263293,51405586812576342919766,0,55908977258591401,1.3138311899685737
2025-06-14 17:51:44+00:00,15988260,67538263306,51405586822576342919766,0,55908977269352955,1.3138311899658832
2025-06-14 17:51:44+00:00,15988260,67538263307,51405586821817493527547,0,55908977269352955,1.313831190004731
2025-06-14 17:51:48+00:00,15988264,67538263306,51405586821021312986055,0,55908977268487025,1.3138311900056268
2025-06-14 17:53:16+00:00,15988352,67538263307,51405586820262463593858,0,55908977268487025,1.3138311900444748
2025-06-14 17:53:23+00:00,15988359,67538263308,51405586819503614201684,0,55908977268487025,1.3138311900833226
2025-06-14 17:53:28+00:00,15988364,67538263309,51405586818744764809532,0,55908977268487025,1.3138311901221706
2025-06-14 17:53:34+00:00,15988370,67538263373,51405586867582794309580,0,55908977321466985,1.3138311901189623
2025-06-14 17:53:39+00:00,15988375,67538263306,51405586816565100372943,0,55908977265979882,1.3138311901195194
2025-06-14 17:54:01+00:00,15988397,67538263307,51405586815806250980812,0,55908977265979882,1.3138311901583672
2025-06-14 17:54:41+00:00,15988437,67538263306,51405586816806250980812,0,55908977265979882,1.313831190113356
2025-06-14 17:54:46+00:00,15988442,67538263307,51405586816047401588678,0,55908977265979882,1.313831190152204
2025-06-14 17:54:54+00:00,15988450,67538263306,51405586815251221047227,0,55908977265113952,1.3138311901530997
2025-06-14 17:55:33+00:00,15988489,67538263307,51405586814492371655116,0,55908977265113952,1.3138311901919475
2025-06-14 17:56:18+00:00,15988534,67538263308,51405586813733522263027,0,55908977265113952,1.3138311902307955
2025-06-14 17:56:30+00:00,15988546,67538263309,51405586812974672870961,0,55908977265113952,1.3138311902696433
2025-06-14 17:56:39+00:00,15988555,67538263373,51405586861812702371009,0,55908977318093912,1.313831190266435
2025-06-14 17:56:44+00:00,15988560,67538263306,51405586810795008437021,0,55908977262606809,1.3138311902669921
2025-06-14 17:57:03+00:00,15988579,67538263307,51405586810036159044975,0,55908977262606809,1.3138311903058402
2025-06-14 17:57:45+00:00,15988621,67538263306,51405586811036159044975,0,55908977262606809,1.3138311902608288
2025-06-14 17:57:50+00:00,15988626,67538263305,51405586812036159044975,0,55908977262606809,1.3138311902158175
2025-06-14 17:57:55+00:00,15988631,67538263318,51405586822036159044975,0,55908977273368363,1.313831190213127
2025-06-14 17:58:34+00:00,15988670,67538263319,51405586821277309652898,0,55908977273368363,1.3138311902519748
2025-06-14 17:59:19+00:00,15988715,67538263320,51405586820518460260844,0,55908977273368363,1.3138311902908228
2025-06-14 17:59:33+00:00,15988729,67538263321,51405586819759610868812,0,55908977273368363,1.3138311903296707
2025-06-14 17:59:38+00:00,15988734,67538263322,51405586819000761476803,0,55908977273368363,1.3138311903685187
2025-06-14 17:59:43+00:00,15988739,67538263386,51405586867838790976851,0,55908977326348323,1.3138311903653104
2025-06-14 17:59:48+00:00,15988744,67538263319,51405586816821097044414,0,55908977270861220,1.3138311903658673
2025-06-14 18:00:05+00:00,15988761,67538263320,51405586816062247652426,0,55908977270861220,1.3138311904047153
2025-06-14 18:00:52+00:00,15988808,67538263321,51405586815303398260460,0,55908977270861220,1.3138311904435631
2025-06-14 18:00:54+00:00,15988810,67538263320,51405586816303398260460,0,55908977270861220,1.313831190398552
2025-06-14 18:01:03+00:00,15988819,67538263333,51405586826303398260460,0,55908977281622774,1.3138311903958613
2025-06-14 18:01:38+00:00,15988854,67538263334,51405586825544548868489,0,55908977281622774,1.3138311904347093
2025-06-14 18:02:24+00:00,15988900,67538263335,51405586824785699476540,0,55908977281622774,1.3138311904735571
2025-06-14 18:02:45+00:00,15988921,67538263336,51405586824026850084614,0,55908977281622774,1.3138311905124052
2025-06-14 18:02:50+00:00,15988926,67538263337,51405586823268000692710,0,55908977281622774,1.313831190551253
2025-06-14 18:02:55+00:00,15988931,67538263401,51405586872106030192758,0,55908977334602734,1.3138311905480446
2025-06-14 18:03:00+00:00,15988936,67538263334,51405586821088336263618,0,55908977279115631,1.3138311905486018
2025-06-14 18:03:10+00:00,15988946,67538263335,51405586820329486871735,0,55908977279115631,1.3138311905874496
2025-06-14 18:03:56+00:00,15988992,67538263336,51405586819570637479875,0,55908977279115631,1.3138311906262976
2025-06-14 18:04:01+00:00,15988997,67538263335,51405586820570637479875,0,55908977279115631,1.3138311905812863
2025-06-14 18:04:06+00:00,15989002,67538263334,51405586821570637479875,0,55908977279115631,1.313831190536275
2025-06-14 18:04:10+00:00,15989006,67538263347,51405586831570637479875,0,55908977289877185,1.3138311905335844
2025-06-14 18:04:15+00:00,15989011,67538263346,51405586830774456938524,0,55908977289011255,1.3138311905344802
2025-06-14 18:04:42+00:00,15989038,67538263347,51405586830015607546633,0,55908977289011255,1.313831190573328
2025-06-14 18:05:28+00:00,15989084,67538263348,51405586829256758154764,0,55908977289011255,1.313831190612176
2025-06-14 18:05:54+00:00,15989110,67538263349,51405586828497908762918,0,55908977289011255,1.3138311906510238
2025-06-14 18:06:05+00:00,15989121,67538263413,51405586877335938262966,0,55908977341991215,1.3138311906478155
2025-06-14 18:06:10+00:00,15989126,67538263346,51405586826318244335378,0,55908977286504112,1.3138311906483726
2025-06-14 18:06:15+00:00,15989131,67538263347,51405586825559394943553,0,55908977286504112,1.3138311906872207
2025-06-14 18:06:15+00:00,15989131,67538263348,51405586825559394943552,0,55908977286504112,1.3138311907066738
2025-06-14 18:07:01+00:00,15989177,67538263349,51405586824800545551760,0,55908977286504112,1.3138311907455216
2025-06-14 18:07:17+00:00,15989193,67538263348,51405586825800545551760,0,55908977286504112,1.3138311907005105
2025-06-14 18:07:22+00:00,15989198,67538263347,51405586826800545551760,0,55908977286504112,1.3138311906554991
2025-06-14 18:07:27+00:00,15989203,67538263360,51405586836800545551760,0,55908977297265666,1.3138311906528084
2025-06-14 18:07:48+00:00,15989224,67538263361,51405586836041696159937,0,55908977297265666,1.3138311906916564
2025-06-14 18:08:33+00:00,15989269,67538263362,51405586835282846768137,0,55908977297265666,1.3138311907305043
2025-06-14 18:09:06+00:00,15989302,67538263363,51405586834523997376359,0,55908977297265666,1.3138311907693523
2025-06-14 18:09:11+00:00,15989307,67538263364,51405586833765147984604,0,55908977297265666,1.3138311908082
2025-06-14 18:09:16+00:00,15989312,67538263428,51405586882603177484652,0,55908977350245626,1.3138311908049918
2025-06-14 18:09:21+00:00,15989317,67538263361,51405586831585483559369,0,55908977294758523,1.3138311908055489
2025-06-14 18:09:26+00:00,15989322,67538263362,51405586831585483559368,0,55908977294758523,1.313831190825002
2025-06-14 18:10:06+00:00,15989362,67538263363,51405586830826634167645,0,55908977294758523,1.31383119086385
2025-06-14 18:10:26+00:00,15989382,67538263362,51405586831826634167645,0,55908977294758523,1.3138311908188387
2025-06-14 18:10:31+00:00,15989387,67538263361,51405586832826634167645,0,55908977294758523,1.3138311907738274
2025-06-14 18:10:40+00:00,15989396,67538263360,51405586832030453626344,0,55908977293892593,1.313831190774723
2025-06-14 18:10:51+00:00,15989407,67538263361,51405586831271604234592,0,55908977293892593,1.3138311908135711
2025-06-14 18:11:38+00:00,15989454,67538263362,51405586830512754842862,0,55908977293892593,1.313831190852419
2025-06-14 18:12:14+00:00,15989490,67538263363,51405586829753905451155,0,55908977293892593,1.313831190891267
2025-06-14 18:12:19+00:00,15989495,67538263364,51405586828995056059470,0,55908977293892593,1.3138311909301148
2025-06-14 18:12:23+00:00,15989499,67538263365,51405586828236206667807,0,55908977293892593,1.3138311909689628
2025-06-14 18:12:24+00:00,15989500,67538263429,51405586877074236167855,0,55908977346872553,1.3138311909657545
2025-06-14 18:12:29+00:00,15989505,67538263362,51405586826056542244981,0,55908977291385450,1.3138311909663114
2025-06-14 18:12:35+00:00,15989511,67538263363,51405586826056542244980,0,55908977291385450,1.3138311909857647
2025-06-14 18:13:10+00:00,15989546,67538263364,51405586825297692853350,0,55908977291385450,1.3138311910246125
2025-06-14 18:13:32+00:00,15989568,67538263363,51405586826297692853350,0,55908977291385450,1.3138311909796012
2025-06-14 18:13:36+00:00,15989572,67538263362,51405586827297692853350,0,55908977291385450,1.31383119093459
2025-06-14 18:13:41+00:00,15989577,67538263375,51405586837297692853350,0,55908977302147004,1.3138311909318994
2025-06-14 18:13:56+00:00,15989592,67538263376,51405586836538843461688,0,55908977302147004,1.3138311909707474
2025-06-14 18:14:43+00:00,15989639,67538263377,51405586835779994070049,0,55908977302147004,1.3138311910095952
2025-06-14 18:15:21+00:00,15989677,67538263378,51405586835021144678432,0,55908977302147004,1.3138311910484433
2025-06-14 18:15:26+00:00,15989682,67538263379,51405586834262295286838,0,55908977302147004,1.313831191087291
2025-06-14 18:15:31+00:00,15989687,67538263443,51405586883100324786886,0,55908977355126964,1.3138311910840828
2025-06-14 18:15:36+00:00,15989692,67538263376,51405586832082630865564,0,55908977299639861,1.3138311910846399
2025-06-14 18:15:41+00:00,15989697,67538263377,51405586832082630865563,0,55908977299639861,1.313831191104093
2025-06-14 18:16:16+00:00,15989732,67538263378,51405586831323781474001,0,55908977299639861,1.3138311911429408
2025-06-14 18:16:41+00:00,15989757,67538263377,51405586832323781474001,0,55908977299639861,1.3138311910979297
2025-06-14 18:16:45+00:00,15989761,67538263376,51405586833323781474001,0,55908977299639861,1.3138311910529183
2025-06-14 18:16:50+00:00,15989766,67538263389,51405586843323781474001,0,55908977310401415,1.3138311910502278
2025-06-14 18:16:54+00:00,15989770,67538263388,51405586842527600932760,0,55908977309535485,1.3138311910511236
2025-06-14 18:17:02+00:00,15989778,67538263389,51405586841768751541167,0,55908977309535485,1.3138311910899714
2025-06-14 18:17:48+00:00,15989824,67538263390,51405586841009902149597,0,55908977309535485,1.3138311911288194
2025-06-14 18:18:29+00:00,15989865,67538263391,51405586840251052758049,0,55908977309535485,1.3138311911676672
2025-06-14 18:18:34+00:00,15989870,67538263393,51405586838733353975021,0,55908977309535485,1.313831191245363
2025-06-14 18:18:34+00:00,15989870,67538263392,51405586839492203366524,0,55908977309535485,1.3138311912065153
2025-06-14 18:18:39+00:00,15989875,67538263457,51405586887571383475069,0,55908977362515445,1.3138311912421548
2025-06-14 18:18:48+00:00,15989884,67538263458,51405586887571383475068,0,55908977362515445,1.3138311912616079
2025-06-14 18:19:21+00:00,15989917,67538263459,51405586886812534083597,0,55908977362515445,1.313831191300456
2025-06-14 18:19:46+00:00,15989942,67538263458,51405586887812534083597,0,55908977362515445,1.3138311912554446
2025-06-14 18:19:51+00:00,15989947,67538263457,51405586888812534083597,0,55908977362515445,1.3138311912104332
2025-06-14 18:19:56+00:00,15989952,67538263470,51405586898812534083597,0,55908977373276999,1.3138311912077427
2025-06-14 18:20:06+00:00,15989962,67538263471,51405586898053684692095,0,55908977373276999,1.3138311912465905
2025-06-14 18:20:52+00:00,15990008,67538263472,51405586897294835300615,0,55908977373276999,1.3138311912854386
2025-06-14 18:21:38+00:00,15990054,67538263473,51405586896535985909158,0,55908977373276999,1.3138311913242864
2025-06-14 18:21:39+00:00,15990055,67538263474,51405586895777136517723,0,55908977373276999,1.3138311913631342
2025-06-14 18:21:49+00:00,15990065,67538263538,51405586944615166017771,0,55908977426256959,1.3138311913599259
2025-06-14 18:21:57+00:00,15990073,67538263539,51405586944615166017770,0,55908977426256959,1.3138311913793792
2025-06-14 18:22:24+00:00,15990100,67538263540,51405586943856316626367,0,55908977426256959,1.313831191418227
2025-06-14 18:22:56+00:00,15990132,67538263539,51405586944856316626367,0,55908977426256959,1.3138311913732157
2025-06-14 18:23:01+00:00,15990137,67538263538,51405586945856316626367,0,55908977426256959,1.3138311913282044
2025-06-14 18:23:06+00:00,15990142,67538263551,51405586955856316626367,0,55908977437018513,1.3138311913255138
2025-06-14 18:23:10+00:00,15990146,67538263550,51405586955060136085186,0,55908977436152583,1.3138311913264096
2025-06-14 18:23:54+00:00,15990190,67538263551,51405586954301286693752,0,55908977436152583,1.3138311913652576
2025-06-14 18:24:40+00:00,15990236,67538263552,51405586953542437302341,0,55908977436152583,1.3138311914041054
2025-06-14 18:24:49+00:00,15990245,67538263553,51405586952783587910952,0,55908977436152583,1.3138311914429535
2025-06-14 18:24:54+00:00,15990250,67538263617,51405587001621617411000,0,55908977489132543,1.3138311914397451
2025-06-14 18:24:59+00:00,15990255,67538263550,51405586950603923494333,0,55908977433645440,1.313831191440302
2025-06-14 18:25:25+00:00,15990281,67538263551,51405586949845074102965,0,55908977433645440,1.31383119147915
2025-06-14 18:26:02+00:00,15990318,67538263550,51405586950845074102965,0,55908977433645440,1.3138311914341387
2025-06-14 18:26:06+00:00,15990322,67538263549,51405586951845074102965,0,55908977433645440,1.3138311913891274
2025-06-14 18:26:11+00:00,15990327,67538263550,51405586951086224711568,0,55908977444406994,1.3138311914279754
2025-06-14 18:26:11+00:00,15990327,67538263563,51405586961086224711568,0,55908977444406994,1.3138311914252847
2025-06-14 18:26:16+00:00,15990332,67538263562,51405586960290044170412,0,55908977443541064,1.3138311914261807
2025-06-14 18:26:57+00:00,15990373,67538263563,51405586959531194779036,0,55908977443541064,1.3138311914650285
2025-06-14 18:27:43+00:00,15990419,67538263564,51405586958772345387682,0,55908977443541064,1.3138311915038763
2025-06-14 18:27:50+00:00,15990426,67538263565,51405586958013495996351,0,55908977443541064,1.3138311915427243
2025-06-14 18:27:54+00:00,15990430,67538263566,51405586957254646605042,0,55908977443541064,1.3138311915815721
2025-06-14 18:27:59+00:00,15990435,67538263630,51405587006092676105090,0,55908977496521024,1.3138311915783638
2025-06-14 18:28:04+00:00,15990440,67538263563,51405586955074982190727,0,55908977441033921,1.313831191578921
2025-06-14 18:28:09+00:00,15990445,67538263564,51405586955074982190726,0,55908977441033921,1.313831191598374
2025-06-14 18:28:31+00:00,15990467,67538263565,51405586954316132799449,0,55908977441033921,1.313831191637222
2025-06-14 18:29:06+00:00,15990502,67538263564,51405586955316132799449,0,55908977441033921,1.3138311915922107
2025-06-14 18:29:11+00:00,15990507,67538263563,51405586956316132799449,0,55908977441033921,1.3138311915471994
2025-06-14 18:29:16+00:00,15990512,67538263564,51405586955557283408143,0,55908977451795475,1.3138311915860474
2025-06-14 18:29:16+00:00,15990512,67538263577,51405586965557283408143,0,55908977451795475,1.3138311915833567
2025-06-14 18:29:21+00:00,15990517,67538263576,51405586964761102867023,0,55908977450929545,1.3138311915842527
2025-06-14 18:30:01+00:00,15990557,67538263577,51405586964002253475738,0,55908977450929545,1.3138311916231005
2025-06-14 18:30:50+00:00,15990606,67538263578,51405586963243404084476,0,55908977450929545,1.3138311916619483
2025-06-14 18:30:56+00:00,15990612,67538263579,51405586962484554693236,0,55908977450929545,1.3138311917007963
2025-06-14 18:31:01+00:00,15990617,67538263580,51405586961725705302019,0,55908977450929545,1.3138311917396441
2025-06-14 18:31:07+00:00,15990623,67538263644,51405587010563734802067,0,55908977503909505,1.3138311917364358
2025-06-14 18:31:12+00:00,15990628,67538263577,51405586959546040890009,0,55908977448422402,1.313831191736993
2025-06-14 18:31:37+00:00,15990653,67538263578,51405586958787191498812,0,55908977448422402,1.313831191775841
2025-06-14 18:32:15+00:00,15990691,67538263577,51405586959787191498812,0,55908977448422402,1.3138311917308296
2025-06-14 18:32:20+00:00,15990696,67538263576,51405586960787191498812,0,55908977448422402,1.3138311916858183
2025-06-14 18:32:23+00:00,15990699,67538263577,51405586960028342107586,0,55908977448422402,1.3138311917246663
2025-06-14 18:32:25+00:00,15990701,67538263590,51405586970028342107586,0,55908977459183956,1.3138311917219756
2025-06-14 18:33:09+00:00,15990745,67538263591,51405586969269492716381,0,55908977459183956,1.3138311917608236
2025-06-14 18:33:55+00:00,15990791,67538263592,51405586968510643325198,0,55908977459183956,1.3138311917996714
2025-06-14 18:34:05+00:00,15990801,67538263593,51405586967751793934038,0,55908977459183956,1.3138311918385195
2025-06-14 18:34:10+00:00,15990806,67538263594,51405586966992944542900,0,55908977459183956,1.3138311918773673
2025-06-14 18:34:16+00:00,15990812,67538263658,51405587015830974042948,0,55908977512163916,1.313831191874159
2025-06-14 18:34:21+00:00,15990817,67538263591,51405586964813280133195,0,55908977456676813,1.313831191874716
2025-06-14 18:34:26+00:00,15990822,67538263592,51405586964813280133194,0,55908977456676813,1.3138311918941692
2025-06-14 18:34:41+00:00,15990837,67538263593,51405586964054430742088,0,55908977456676813,1.3138311919330172
2025-06-14 18:35:24+00:00,15990880,67538263592,51405586965054430742088,0,55908977456676813,1.313831191888006
2025-06-14 18:35:27+00:00,15990883,67538263593,51405586964295581350979,0,55908977456676813,1.3138311919268537
2025-06-14 18:35:33+00:00,15990889,67538263606,51405586974295581350979,0,55908977467438367,1.3138311919241632
2025-06-14 18:35:38+00:00,15990894,67538263605,51405586973499400809946,0,55908977466572437,1.313831191925059
2025-06-14 18:36:13+00:00,15990929,67538263606,51405586972740551418858,0,55908977466572437,1.3138311919639067
2025-06-14 18:36:59+00:00,15990975,67538263607,51405586971981702027793,0,55908977466572437,1.3138311920027548
2025-06-14 18:37:14+00:00,15990990,67538263608,51405586971222852636750,0,55908977466572437,1.3138311920416026
2025-06-14 18:37:23+00:00,15990999,67538263672,51405587020060882136798,0,55908977519552397,1.3138311920383943
2025-06-14 18:37:28+00:00,15991004,67538263605,51405586969043188229589,0,55908977464065294,1.3138311920389514
2025-06-14 18:37:33+00:00,15991009,67538263606,51405586969043188229588,0,55908977464065294,1.3138311920584045
2025-06-14 18:37:45+00:00,15991021,67538263607,51405586968284338838577,0,55908977464065294,1.3138311920972525
2025-06-14 18:38:31+00:00,15991067,67538263606,51405586969284338838577,0,55908977464065294,1.3138311920522412
2025-06-14 18:38:32+00:00,15991068,67538263607,51405586968525489447563,0,55908977464065294,1.3138311920910892
2025-06-14 18:38:40+00:00,15991076,67538263620,51405586978525489447563,0,55908977474826848,1.3138311920883985
2025-06-14 18:38:45+00:00,15991081,67538263619,51405586977729308906570,0,55908977473960918,1.3138311920892942
2025-06-14 18:39:18+00:00,15991114,67538263620,51405586976970459515577,0,55908977473960918,1.3138311921281423
2025-06-14 18:40:05+00:00,15991161,67538263621,51405586976211610124606,0,55908977473960918,1.31383119216699
2025-06-14 18:40:23+00:00,15991179,67538263622,51405586975452760733658,0,55908977473960918,1.313831192205838
2025-06-14 18:40:28+00:00,15991184,67538263623,51405586974693911342732,0,55908977473960918,1.313831192244686
2025-06-14 18:40:33+00:00,15991189,67538263687,51405587023531940842780,0,55908977526940878,1.3138311922414776
2025-06-14 18:40:38+00:00,15991194,67538263620,51405586972514246938868,0,55908977471453775,1.3138311922420347
2025-06-14 18:40:42+00:00,15991198,67538263621,51405586972514246938867,0,55908977471453775,1.3138311922614878
2025-06-14 18:40:51+00:00,15991207,67538263622,51405586971755397547973,0,55908977471453775,1.3138311923003358
2025-06-14 18:41:38+00:00,15991254,67538263623,51405586970996548157102,0,55908977471453775,1.3138311923391837
2025-06-14 18:41:44+00:00,15991260,67538263622,51405586971996548157102,0,55908977471453775,1.3138311922941723
2025-06-14 18:41:48+00:00,15991264,67538263621,51405586972996548157102,0,55908977471453775,1.313831192249161
2025-06-14 18:41:53+00:00,15991269,67538263634,51405586982996548157102,0,55908977482215329,1.3138311922464705
2025-06-14 18:41:58+00:00,15991274,67538263633,51405586982200367616145,0,55908977481349399,1.3138311922473662
2025-06-14 18:42:24+00:00,15991300,67538263634,51405586981441518225243,0,55908977481349399,1.3138311922862143
2025-06-14 18:43:33+00:00,15991369,67538263635,51405586980682668834364,0,55908977481349399,1.313831192325062
2025-06-14 18:43:38+00:00,15991374,67538263636,51405586979923819443507,0,55908977481349399,1.31383119236391
2025-06-14 18:43:43+00:00,15991379,67538263700,51405587028761848943555,0,55908977534329359,1.3138311923607018
2025-06-14 18:43:51+00:00,15991387,67538263701,51405587028761848943554,0,55908977534329359,1.3138311923801549
2025-06-14 18:43:55+00:00,15991391,67538263702,51405587028002999552729,0,55908977534329359,1.3138311924190027
2025-06-14 18:44:41+00:00,15991437,67538263703,51405587027244150161926,0,55908977534329359,1.3138311924578507
2025-06-14 18:44:49+00:00,15991445,67538263702,51405587028244150161926,0,55908977534329359,1.3138311924128394
2025-06-14 18:44:54+00:00,15991450,67538263701,51405587029244150161926,0,55908977534329359,1.313831192367828
2025-06-14 18:45:02+00:00,15991458,67538263700,51405587028447969620995,0,55908977533463429,1.3138311923687238
2025-06-14 18:45:27+00:00,15991483,67538263701,51405587027689120230163,0,55908977533463429,1.3138311924075718
2025-06-14 18:46:13+00:00,15991529,67538263702,51405587026930270839354,0,55908977533463429,1.3138311924464197
2025-06-14 18:46:39+00:00,15991555,67538263703,51405587026171421448567,0,55908977533463429,1.3138311924852677
2025-06-14 18:46:44+00:00,15991560,67538263704,51405587025412572057803,0,55908977533463429,1.3138311925241155
2025-06-14 18:46:49+00:00,15991565,67538263768,51405587074250601557851,0,55908977586443389,1.3138311925209072
2025-06-14 18:46:53+00:00,15991569,67538263701,51405587023232907657900,0,55908977530956286,1.3138311925214643
2025-06-14 18:46:58+00:00,15991574,67538263702,51405587023232907657899,0,55908977530956286,1.3138311925409174
2025-06-14 18:46:59+00:00,15991575,67538263703,51405587022474058267167,0,55908977530956286,1.3138311925797654
2025-06-14 18:47:45+00:00,15991621,67538263704,51405587021715208876457,0,55908977530956286,1.3138311926186133
2025-06-14 18:47:55+00:00,15991631,67538263703,51405587022715208876457,0,55908977530956286,1.313831192573602
2025-06-14 18:48:04+00:00,15991640,67538263716,51405587032715208876457,0,55908977541717840,1.3138311925709114
2025-06-14 18:48:08+00:00,15991644,67538263715,51405587031919028335577,0,55908977540851910,1.3138311925718071
2025-06-14 18:48:30+00:00,15991666,67538263716,51405587031160178944863,0,55908977540851910,1.313831192610655
2025-06-14 18:49:15+00:00,15991711,67538263717,51405587030401329554171,0,55908977540851910,1.313831192649503
2025-06-14 18:49:44+00:00,15991740,67538263718,51405587029642480163502,0,55908977540851910,1.3138311926883508
2025-06-14 18:49:48+00:00,15991744,67538263719,51405587028883630772855,0,55908977540851910,1.3138311927271988
2025-06-14 18:49:54+00:00,15991750,67538263783,51405587077721660272903,0,55908977593831870,1.3138311927239905
2025-06-14 18:50:01+00:00,15991757,67538263784,51405587076962810882277,0,55908977593831870,1.3138311927628383
2025-06-14 18:50:03+00:00,15991759,67538263785,51405587076962810882276,0,55908977593831870,1.3138311927822914
2025-06-14 18:50:50+00:00,15991806,67538263786,51405587076203961491683,0,55908977593831870,1.3138311928211395
2025-06-14 18:51:03+00:00,15991819,67538263785,51405587077203961491683,0,55908977593831870,1.3138311927761281
2025-06-14 18:51:07+00:00,15991823,67538263784,51405587078203961491683,0,55908977593831870,1.3138311927311168
2025-06-14 18:51:12+00:00,15991828,67538263797,51405587088203961491683,0,55908977604593424,1.3138311927284263
2025-06-14 18:51:17+00:00,15991833,67538263796,51405587087407780950839,0,55908977603727494,1.313831192729322
2025-06-14 18:51:38+00:00,15991854,67538263797,51405587086648931560216,0,55908977603727494,1.3138311927681698
2025-06-14 18:52:27+00:00,15991903,67538263798,51405587085890082169615,0,55908977603727494,1.3138311928070179
2025-06-14 18:52:53+00:00,15991929,67538263799,51405587085131232779037,0,55908977603727494,1.3138311928458657
2025-06-14 18:52:57+00:00,15991933,67538263800,51405587084372383388481,0,55908977603727494,1.3138311928847137
2025-06-14 18:53:03+00:00,15991939,67538263864,51405587133210412888529,0,55908977656707454,1.3138311928815054
2025-06-14 18:53:08+00:00,15991944,67538263797,51405587082192718994180,0,55908977601220351,1.3138311928820625
2025-06-14 18:53:13+00:00,15991949,67538263798,51405587082192718994179,0,55908977601220351,1.3138311929015156
2025-06-14 18:54:01+00:00,15991997,67538263799,51405587081433869603655,0,55908977601220351,1.3138311929403634
2025-06-14 18:54:16+00:00,15992012,67538263798,51405587082433869603655,0,55908977601220351,1.3138311928953523
2025-06-14 18:54:20+00:00,15992016,67538263797,51405587083433869603655,0,55908977601220351,1.313831192850341
2025-06-14 18:54:25+00:00,15992021,67538263810,51405587093433869603655,0,55908977611981905,1.3138311928476503
2025-06-14 18:54:29+00:00,15992025,67538263809,51405587092637689062835,0,55908977611115975,1.313831192848546
2025-06-14 18:54:51+00:00,15992047,67538263810,51405587091878839672280,0,55908977611115975,1.313831192887394
2025-06-14 18:55:41+00:00,15992097,67538263811,51405587091119990281748,0,55908977611115975,1.3138311929262418
2025-06-14 18:56:03+00:00,15992119,67538263812,51405587090361140891238,0,55908977611115975,1.3138311929650899
2025-06-14 18:56:07+00:00,15992123,67538263813,51405587089602291500751,0,55908977611115975,1.3138311930039377
2025-06-14 18:56:13+00:00,15992129,67538263877,51405587138440321000799,0,55908977664095935,1.3138311930007294
2025-06-14 18:56:18+00:00,15992134,67538263810,51405587087422627108002,0,55908977608608832,1.3138311930012865
2025-06-14 18:56:27+00:00,15992143,67538263811,51405587086663777717536,0,55908977608608832,1.3138311930401345
2025-06-14 18:57:12+00:00,15992188,67538263812,51405587085904928327092,0,55908977608608832,1.3138311930789823
2025-06-14 18:57:20+00:00,15992196,67538263811,51405587086904928327092,0,55908977608608832,1.313831193033971
2025-06-14 18:57:25+00:00,15992201,67538263810,51405587087904928327092,0,55908977608608832,1.31383119298896
2025-06-14 18:57:33+00:00,15992209,67538263809,51405587087108747786310,0,55908977607742902,1.3138311929898556
2025-06-14 18:57:58+00:00,15992234,67538263810,51405587086349898395837,0,55908977607742902,1.3138311930287034
2025-06-14 18:58:43+00:00,15992279,67538263811,51405587085591049005387,0,55908977607742902,1.3138311930675515
2025-06-14 18:59:09+00:00,15992305,67538263812,51405587084832199614959,0,55908977607742902,1.3138311931063993
2025-06-14 18:59:14+00:00,15992310,67538263813,51405587084073350224553,0,55908977607742902,1.3138311931452473
2025-06-14 18:59:19+00:00,15992315,67538263877,51405587132911379724601,0,55908977660722862,1.3138311931420388
2025-06-14 18:59:24+00:00,15992320,67538263810,51405587081893685834213,0,55908977605235759,1.3138311931425959
2025-06-14 18:59:28+00:00,15992324,67538263811,51405587081134836443828,0,55908977605235759,1.313831193181444
2025-06-14 18:59:29+00:00,15992325,67538263812,51405587081134836443827,0,55908977605235759,1.313831193200897
2025-06-14 19:00:15+00:00,15992371,67538263813,51405587080375987053476,0,55908977605235759,1.3138311932397448
2025-06-14 19:00:30+00:00,15992386,67538263812,51405587081375987053476,0,55908977605235759,1.3138311931947337
2025-06-14 19:00:35+00:00,15992391,67538263811,51405587082375987053476,0,55908977605235759,1.3138311931497224
2025-06-14 19:00:44+00:00,15992400,67538263810,51405587081579806512731,0,55908977604369829,1.3138311931506181
2025-06-14 19:01:02+00:00,15992418,67538263811,51405587080820957122351,0,55908977604369829,1.3138311931894662
2025-06-14 19:01:48+00:00,15992464,67538263812,51405587080062107731993,0,55908977604369829,1.313831193228314
2025-06-14 19:02:18+00:00,15992494,67538263813,51405587079303258341658,0,55908977604369829,1.3138311932671618
2025-06-14 19:02:23+00:00,15992499,67538263814,51405587078544408951345,0,55908977604369829,1.3138311933060098
2025-06-14 19:02:28+00:00,15992504,67538263878,51405587127382438451393,0,55908977657349789,1.3138311933028015
2025-06-14 19:02:33+00:00,15992509,67538263811,51405587076364744563414,0,55908977601862686,1.3138311933033586
2025-06-14 19:02:33+00:00,15992509,67538263812,51405587075605895173122,0,55908977601862686,1.3138311933422064
2025-06-14 19:02:38+00:00,15992514,67538263813,51405587075605895173121,0,55908977601862686,1.3138311933616595
2025-06-14 19:03:19+00:00,15992555,67538263814,51405587074847045782863,0,55908977601862686,1.3138311934005076
2025-06-14 19:03:36+00:00,15992572,67538263813,51405587075847045782863,0,55908977601862686,1.3138311933554963
2025-06-14 19:03:40+00:00,15992576,67538263812,51405587076847045782863,0,55908977601862686,1.313831193310485
2025-06-14 19:03:45+00:00,15992581,67538263825,51405587086847045782863,0,55908977612624240,1.3138311933077944
2025-06-14 19:04:05+00:00,15992601,67538263826,51405587086088196392574,0,55908977612624240,1.3138311933466422
2025-06-14 19:04:50+00:00,15992646,67538263827,51405587085329347002307,0,55908977612624240,1.3138311933854903
2025-06-14 19:05:24+00:00,15992680,67538263828,51405587084570497612063,0,55908977612624240,1.313831193424338
2025-06-14 19:05:29+00:00,15992685,67538263829,51405587083811648221841,0,55908977612624240,1.313831193463186
2025-06-14 19:05:34+00:00,15992690,67538263893,51405587132649677721889,0,55908977665604200,1.3138311934599778
2025-06-14 19:05:39+00:00,15992695,67538263826,51405587081631983836215,0,55908977610117097,1.313831193460535
2025-06-14 19:05:43+00:00,15992699,67538263827,51405587081631983836214,0,55908977610117097,1.313831193479988
2025-06-14 19:06:23+00:00,15992739,67538263828,51405587080873134446024,0,55908977610117097,1.3138311935188358
2025-06-14 19:06:42+00:00,15992758,67538263827,51405587081873134446024,0,55908977610117097,1.3138311934738245
2025-06-14 19:06:47+00:00,15992763,67538263826,51405587082873134446024,0,55908977610117097,1.3138311934288134
2025-06-14 19:06:55+00:00,15992771,67538263825,51405587082076953905341,0,55908977609251167,1.313831193429709
2025-06-14 19:07:08+00:00,15992784,67538263826,51405587081318104515122,0,55908977609251167,1.313831193468557
2025-06-14 19:07:54+00:00,15992830,67538263827,51405587080559255124926,0,55908977609251167,1.313831193507405
2025-06-14 19:08:31+00:00,15992867,67538263828,51405587079800405734752,0,55908977609251167,1.3138311935462528
2025-06-14 19:08:36+00:00,15992872,67538263829,51405587079041556344600,0,55908977609251167,1.3138311935851008
2025-06-14 19:08:40+00:00,15992876,67538263830,51405587078282706954471,0,55908977609251167,1.3138311936239486
2025-06-14 19:08:42+00:00,15992878,67538263894,51405587127120736454519,0,55908977662231127,1.3138311936207403
2025-06-14 19:08:50+00:00,15992886,67538263895,51405587127120736454518,0,55908977662231127,1.3138311936401934
2025-06-14 19:09:26+00:00,15992922,67538263896,51405587126361887064421,0,55908977662231127,1.3138311936790414
2025-06-14 19:09:50+00:00,15992946,67538263895,51405587127361887064421,0,55908977662231127,1.3138311936340301
2025-06-14 19:09:59+00:00,15992955,67538263908,51405587137361887064421,0,55908977672992681,1.3138311936313394
2025-06-14 19:10:12+00:00,15992968,67538263909,51405587136603037674319,0,55908977672992681,1.3138311936701874
2025-06-14 19:10:59+00:00,15993015,67538263910,51405587135844188284239,0,55908977672992681,1.3138311937090352
2025-06-14 19:11:39+00:00,15993055,67538263911,51405587135085338894181,0,55908977672992681,1.3138311937478833
2025-06-14 19:11:44+00:00,15993060,67538263912,51405587134326489504146,0,55908977672992681,1.313831193786731
2025-06-14 19:11:45+00:00,15993061,67538263913,51405587133567640114133,0,55908977672992681,1.3138311938255791
2025-06-14 19:11:53+00:00,15993069,67538263846,51405587082549946234290,0,55908977617505578,1.3138311938261362
2025-06-14 19:11:57+00:00,15993073,67538263847,51405587082549946234289,0,55908977617505578,1.3138311938455893
2025-06-14 19:12:31+00:00,15993107,67538263848,51405587081791096844310,0,55908977617505578,1.3138311938844371
2025-06-14 19:12:56+00:00,15993132,67538263847,51405587082791096844310,0,55908977617505578,1.313831193839426
2025-06-14 19:13:01+00:00,15993137,67538263846,51405587083791096844310,0,55908977617505578,1.3138311937944147
2025-06-14 19:13:10+00:00,15993146,67538263845,51405587082994916303718,0,55908977616639648,1.3138311937953104
2025-06-14 19:13:16+00:00,15993152,67538263846,51405587082236066913710,0,55908977616639648,1.3138311938341583
2025-06-14 19:14:02+00:00,15993198,67538263847,51405587081477217523725,0,55908977616639648,1.3138311938730063
2025-06-14 19:14:47+00:00,15993243,67538263848,51405587080718368133762,0,55908977616639648,1.313831193911854
2025-06-14 19:14:48+00:00,15993244,67538263849,51405587079959518743822,0,55908977616639648,1.3138311939507021
2025-06-14 19:14:56+00:00,15993252,67538263913,51405587128797548243870,0,55908977669619608,1.3138311939474938
2025-06-14 19:15:00+00:00,15993256,67538263846,51405587077779854365683,0,55908977614132505,1.313831193948051
2025-06-14 19:15:06+00:00,15993262,67538263847,51405587077779854365682,0,55908977614132505,1.313831193967504
2025-06-14 19:15:34+00:00,15993290,67538263848,51405587077021004975774,0,55908977614132505,1.3138311940063518
2025-06-14 19:16:07+00:00,15993323,67538263847,51405587078021004975774,0,55908977614132505,1.3138311939613405
2025-06-14 19:16:12+00:00,15993328,67538263846,51405587079021004975774,0,55908977614132505,1.3138311939163294
2025-06-14 19:16:17+00:00,15993333,67538263859,51405587089021004975774,0,55908977624894059,1.3138311939136387
2025-06-14 19:16:22+00:00,15993338,67538263859,51405587087465975045267,0,55908977624028129,1.3138311939533824
2025-06-14 19:16:22+00:00,15993338,67538263858,51405587088224824435206,0,55908977624028129,1.3138311939145344
2025-06-14 19:17:08+00:00,15993384,67538263860,51405587086707125655351,0,55908977624028129,1.3138311939922303
2025-06-14 19:17:54+00:00,15993430,67538263861,51405587085948276265457,0,55908977624028129,1.3138311940310783
2025-06-14 19:17:57+00:00,15993433,67538263862,51405587085189426875586,0,55908977624028129,1.313831194069926
2025-06-14 19:18:01+00:00,15993437,67538263863,51405587084430577485737,0,55908977624028129,1.3138311941087741
2025-06-14 19:18:07+00:00,15993443,67538263927,51405587133268606985785,0,55908977677008089,1.3138311941055658
2025-06-14 19:18:11+00:00,15993447,67538263860,51405587082250913109903,0,55908977621520986,1.313831194106123
2025-06-14 19:18:16+00:00,15993452,67538263861,51405587082250913109902,0,55908977621520986,1.313831194125576
2025-06-14 19:18:40+00:00,15993476,67538263862,51405587081492063720085,0,55908977621520986,1.3138311941644238
2025-06-14 19:19:15+00:00,15993511,67538263861,51405587082492063720085,0,55908977621520986,1.3138311941194125
2025-06-14 19:19:24+00:00,15993520,67538263874,51405587092492063720085,0,55908977632282540,1.313831194116722
2025-06-14 19:19:26+00:00,15993522,67538263875,51405587091733214330263,0,55908977632282540,1.31383119415557
2025-06-14 19:19:28+00:00,15993524,67538263874,51405587090937033789759,0,55908977631416610,1.3138311941564658
2025-06-14 19:20:12+00:00,15993568,67538263875,51405587090178184399960,0,55908977631416610,1.3138311941953136
2025-06-14 19:20:59+00:00,15993615,67538263876,51405587089419335010183,0,55908977631416610,1.3138311942341616
2025-06-14 19:21:08+00:00,15993624,67538263877,51405587088660485620429,0,55908977631416610,1.3138311942730094
2025-06-14 19:21:13+00:00,15993629,67538263941,51405587137498515120477,0,55908977684396570,1.313831194269801
2025-06-14 19:21:18+00:00,15993634,67538263874,51405587086480821247139,0,55908977628909467,1.3138311942703582
2025-06-14 19:21:23+00:00,15993639,67538263875,51405587086480821247138,0,55908977628909467,1.3138311942898113
2025-06-14 19:21:45+00:00,15993661,67538263876,51405587085721971857416,0,55908977628909467,1.3138311943286591
2025-06-14 19:22:21+00:00,15993697,67538263875,51405587086721971857416,0,55908977628909467,1.313831194283648
2025-06-14 19:22:25+00:00,15993701,67538263874,51405587087721971857416,0,55908977628909467,1.3138311942386367
2025-06-14 19:22:30+00:00,15993706,67538263887,51405587097721971857416,0,55908977639671021,1.3138311942359462
2025-06-14 19:22:31+00:00,15993707,67538263888,51405587096963122467663,0,55908977639671021,1.313831194274794
2025-06-14 19:23:18+00:00,15993754,67538263889,51405587096204273077932,0,55908977639671021,1.3138311943136418
2025-06-14 19:24:03+00:00,15993799,67538263890,51405587095445423688224,0,55908977639671021,1.3138311943524899
2025-06-14 19:24:09+00:00,15993805,67538263891,51405587094686574298538,0,55908977639671021,1.3138311943913377
2025-06-14 19:24:14+00:00,15993810,67538263892,51405587093927724908875,0,55908977639671021,1.3138311944301857
2025-06-14 19:24:20+00:00,15993816,67538263956,51405587142765754408923,0,55908977692650981,1.3138311944269774
2025-06-14 19:24:29+00:00,15993825,67538263957,51405587142765754408922,0,55908977692650981,1.3138311944464305
2025-06-14 19:24:49+00:00,15993845,67538263958,51405587142006905019290,0,55908977692650981,1.3138311944852783
2025-06-14 19:25:28+00:00,15993884,67538263957,51405587143006905019290,0,55908977692650981,1.3138311944402672
2025-06-14 19:25:35+00:00,15993891,67538263958,51405587142248055629655,0,55908977692650981,1.313831194479115
2025-06-14 19:25:36+00:00,15993892,67538263971,51405587152248055629655,0,55908977703412535,1.3138311944764245
2025-06-14 19:25:41+00:00,15993897,67538263970,51405587151451875089226,0,55908977702546605,1.3138311944773202
2025-06-14 19:26:21+00:00,15993937,67538263971,51405587150693025699612,0,55908977702546605,1.313831194516168
2025-06-14 19:27:07+00:00,15993983,67538263972,51405587149934176310021,0,55908977702546605,1.313831194555016
2025-06-14 19:27:17+00:00,15993993,67538263973,51405587149175326920452,0,55908977702546605,1.3138311945938639
2025-06-14 19:27:23+00:00,15993999,67538263974,51405587148416477530906,0,55908977702546605,1.313831194632712
2025-06-14 19:27:29+00:00,15994005,67538264038,51405587197254507030954,0,55908977755526565,1.3138311946295036
2025-06-14 19:27:37+00:00,15994013,67538264039,51405587197254507030953,0,55908977755526565,1.3138311946489567
2025-06-14 19:27:52+00:00,15994028,67538264040,51405587196495657641438,0,55908977755526565,1.3138311946878045
2025-06-14 19:28:36+00:00,15994072,67538264039,51405587197495657641438,0,55908977755526565,1.3138311946427932
2025-06-14 19:28:38+00:00,15994074,67538264040,51405587196736808251920,0,55908977755526565,1.3138311946816412
2025-06-14 19:28:41+00:00,15994077,67538264039,51405587197736808251920,0,55908977755526565,1.31383119463663
2025-06-14 19:28:46+00:00,15994082,67538264052,51405587207736808251920,0,55908977766288119,1.3138311946339394
2025-06-14 19:28:50+00:00,15994086,67538264051,51405587206940627711527,0,55908977765422189,1.313831194634835
2025-06-14 19:29:27+00:00,15994123,67538264052,51405587206181778322004,0,55908977765422189,1.313831194673683
2025-06-14 19:30:13+00:00,15994169,67538264053,51405587205422928932504,0,55908977765422189,1.313831194712531
2025-06-14 19:30:27+00:00,15994183,67538264054,51405587204664079543026,0,55908977765422189,1.3138311947513788
2025-06-14 19:30:37+00:00,15994193,67538264118,51405587253502109043074,0,55908977818402149,1.3138311947481705
2025-06-14 19:30:41+00:00,15994197,67538264051,51405587202484415176890,0,55908977762915046,1.3138311947487276
2025-06-14 19:30:46+00:00,15994202,67538264052,51405587202484415176889,0,55908977762915046,1.3138311947681807
2025-06-14 19:31:00+00:00,15994216,67538264053,51405587201725565787443,0,55908977762915046,1.3138311948070287
2025-06-14 19:31:46+00:00,15994262,67538264053,51405587201966716397994,0,55908977762915046,1.3138311948008652
2025-06-14 19:31:46+00:00,15994262,67538264052,51405587202725565787443,0,55908977762915046,1.3138311947620174
2025-06-14 19:31:54+00:00,15994270,67538264066,51405587211966716397994,0,55908977773676600,1.3138311947981747
2025-06-14 19:31:59+00:00,15994275,67538264065,51405587211170535857641,0,55908977772810670,1.3138311947990704
2025-06-14 19:32:31+00:00,15994307,67538264066,51405587210411686468213,0,55908977772810670,1.3138311948379184
2025-06-14 19:33:17+00:00,15994353,67538264067,51405587209652837078808,0,55908977772810670,1.3138311948767663
2025-06-14 19:33:35+00:00,15994371,67538264068,51405587208893987689425,0,55908977772810670,1.3138311949156143
2025-06-14 19:33:44+00:00,15994380,67538264132,51405587257732017189473,0,55908977825790630,1.3138311949124057
2025-06-14 19:33:49+00:00,15994385,67538264065,51405587206714323325833,0,55908977770303527,1.3138311949129629
2025-06-14 19:34:03+00:00,15994399,67538264066,51405587205955473936471,0,55908977770303527,1.3138311949518109
2025-06-14 19:34:48+00:00,15994444,67538264067,51405587205196624547131,0,55908977770303527,1.3138311949906587
2025-06-14 19:34:51+00:00,15994447,67538264066,51405587206196624547131,0,55908977770303527,1.3138311949456476
2025-06-14 19:34:55+00:00,15994451,67538264065,51405587207196624547131,0,55908977770303527,1.3138311949006363
2025-06-14 19:35:00+00:00,15994456,67538264078,51405587217196624547131,0,55908977781065081,1.3138311948979455
2025-06-14 19:35:34+00:00,15994490,67538264079,51405587216437775157760,0,55908977781065081,1.3138311949367936
2025-06-14 19:36:20+00:00,15994536,67538264080,51405587215678925768412,0,55908977781065081,1.3138311949756414
2025-06-14 19:36:40+00:00,15994556,67538264081,51405587214920076379086,0,55908977781065081,1.3138311950144894
2025-06-14 19:36:45+00:00,15994561,67538264082,51405587214161226989783,0,55908977781065081,1.3138311950533372
2025-06-14 19:36:51+00:00,15994567,67538264146,51405587262999256489831,0,55908977834045041,1.313831195050129
2025-06-14 19:36:59+00:00,15994575,67538264147,51405587262999256489830,0,55908977834045041,1.313831195069582
2025-06-14 19:37:06+00:00,15994582,67538264148,51405587262240407100558,0,55908977834045041,1.31383119510843
2025-06-14 19:37:51+00:00,15994627,67538264149,51405587261481557711309,0,55908977834045041,1.3138311951472779
2025-06-14 19:37:58+00:00,15994634,67538264148,51405587262481557711309,0,55908977834045041,1.3138311951022665
2025-06-14 19:38:03+00:00,15994639,67538264147,51405587263481557711309,0,55908977834045041,1.3138311950572554
2025-06-14 19:38:12+00:00,15994648,67538264146,51405587262685377171018,0,55908977833179111,1.3138311950581512
2025-06-14 19:38:36+00:00,15994672,67538264147,51405587261926527781740,0,55908977833179111,1.313831195096999
2025-06-14 19:39:22+00:00,15994718,67538264148,51405587261167678392484,0,55908977833179111,1.313831195135847
2025-06-14 19:39:47+00:00,15994743,67538264149,51405587260408829003251,0,55908977833179111,1.3138311951746948
2025-06-14 19:39:52+00:00,15994748,67538264150,51405587259649979614040,0,55908977833179111,1.3138311952135429
2025-06-14 19:39:57+00:00,15994753,67538264214,51405587308488009114088,0,55908977886159071,1.3138311952103345
2025-06-14 19:40:03+00:00,15994759,67538264147,51405587257470315255162,0,55908977830671968,1.3138311952108914
2025-06-14 19:40:09+00:00,15994765,67538264148,51405587256711465865972,0,55908977830671968,1.3138311952497395
2025-06-14 19:40:53+00:00,15994809,67538264149,51405587255952616476804,0,55908977830671968,1.3138311952885873
2025-06-14 19:41:06+00:00,15994822,67538264148,51405587256952616476804,0,55908977830671968,1.3138311952435762
2025-06-14 19:41:15+00:00,15994831,67538264161,51405587266952616476804,0,55908977841433522,1.3138311952408854
2025-06-14 19:41:20+00:00,15994836,67538264160,51405587266156435936564,0,55908977840567592,1.3138311952417812
2025-06-14 19:41:40+00:00,15994856,67538264161,51405587265397586547392,0,55908977840567592,1.3138311952806292
2025-06-14 19:42:26+00:00,15994902,67538264162,51405587264638737158242,0,55908977840567592,1.313831195319477
2025-06-14 19:42:54+00:00,15994930,67538264163,51405587263879887769115,0,55908977840567592,1.313831195358325
2025-06-14 19:42:58+00:00,15994934,67538264164,51405587263121038380010,0,55908977840567592,1.3138311953971729
2025-06-14 19:43:04+00:00,15994940,67538264228,51405587311959067880058,0,55908977893547552,1.3138311953939645
2025-06-14 19:43:09+00:00,15994945,67538264161,51405587260941374024429,0,55908977838060449,1.3138311953945216
2025-06-14 19:43:12+00:00,15994948,67538264162,51405587260182524635345,0,55908977838060449,1.3138311954333697
2025-06-14 19:43:57+00:00,15994993,67538264163,51405587259423675246283,0,55908977838060449,1.3138311954722175
2025-06-14 19:44:12+00:00,15995008,67538264162,51405587260423675246283,0,55908977838060449,1.3138311954272062
2025-06-14 19:44:16+00:00,15995012,67538264161,51405587261423675246283,0,55908977838060449,1.3138311953821948
2025-06-14 19:44:21+00:00,15995017,67538264174,51405587271423675246283,0,55908977848822003,1.3138311953795043
2025-06-14 19:44:26+00:00,15995022,67538264173,51405587270627494706079,0,55908977847956073,1.3138311953804
2025-06-14 19:44:44+00:00,15995040,67538264174,51405587269868645316987,0,55908977847956073,1.313831195419248
2025-06-14 19:45:30+00:00,15995086,67538264175,51405587269109795927917,0,55908977847956073,1.313831195458096
2025-06-14 19:46:02+00:00,15995118,67538264176,51405587268350946538870,0,55908977847956073,1.313831195496944
2025-06-14 19:46:06+00:00,15995122,67538264177,51405587267592097149845,0,55908977847956073,1.3138311955357918
2025-06-14 19:46:12+00:00,15995128,67538264241,51405587316430126649893,0,55908977900936033,1.3138311955325834
2025-06-14 19:46:17+00:00,15995133,67538264242,51405587315671277260889,0,55908977845448930,1.3138311955714312
2025-06-14 19:46:17+00:00,15995133,67538264175,51405587264653583408318,0,55908977845448930,1.3138311955719884
2025-06-14 19:46:22+00:00,15995138,67538264176,51405587264653583408317,0,55908977845448930,1.3138311955914417
2025-06-14 19:47:02+00:00,15995178,67538264177,51405587263894734019347,0,55908977845448930,1.3138311956302895
2025-06-14 19:47:20+00:00,15995196,67538264176,51405587264894734019347,0,55908977845448930,1.3138311955852782
2025-06-14 19:47:25+00:00,15995201,67538264175,51405587265894734019347,0,55908977845448930,1.3138311955402668
2025-06-14 19:47:34+00:00,15995210,67538264174,51405587265098553479181,0,55908977844583000,1.3138311955411628
2025-06-14 19:47:48+00:00,15995224,67538264175,51405587264339704090182,0,55908977844583000,1.3138311955800106
2025-06-14 19:48:34+00:00,15995270,67538264176,51405587263580854701205,0,55908977844583000,1.3138311956188584
2025-06-14 19:49:11+00:00,15995307,67538264177,51405587262822005312251,0,55908977844583000,1.3138311956577065
2025-06-14 19:49:16+00:00,15995312,67538264178,51405587262063155923319,0,55908977844583000,1.3138311956965543
2025-06-14 19:49:21+00:00,15995317,67538264242,51405587310901185423367,0,55908977897562960,1.313831195693346
2025-06-14 19:49:26+00:00,15995322,67538264175,51405587259883491572452,0,55908977842075857,1.313831195693903
2025-06-14 19:49:31+00:00,15995327,67538264176,51405587259883491572451,0,55908977842075857,1.3138311957133562
2025-06-14 19:50:04+00:00,15995360,67538264177,51405587259124642183551,0,55908977842075857,1.3138311957522042
2025-06-14 19:50:30+00:00,15995386,67538264176,51405587260124642183551,0,55908977842075857,1.3138311957071929
2025-06-14 19:50:34+00:00,15995390,67538264175,51405587261124642183551,0,55908977842075857,1.3138311956621815
2025-06-14 19:50:39+00:00,15995395,67538264188,51405587271124642183551,0,55908977852837411,1.313831195659491
2025-06-14 19:50:43+00:00,15995399,67538264187,51405587270328461643409,0,55908977851971481,1.3138311956603868
2025-06-14 19:50:50+00:00,15995406,67538264188,51405587269569612254479,0,55908977851971481,1.3138311956992346
2025-06-14 19:51:36+00:00,15995452,67538264189,51405587268810762865571,0,55908977851971481,1.3138311957380826
2025-06-14 19:52:17+00:00,15995493,67538264190,51405587268051913476685,0,55908977851971481,1.3138311957769304
2025-06-14 19:52:22+00:00,15995498,67538264191,51405587267293064087822,0,55908977851971481,1.3138311958157785
2025-06-14 19:52:22+00:00,15995498,67538264192,51405587266534214698981,0,55908977851971481,1.3138311958546263
2025-06-14 19:52:27+00:00,15995503,67538264256,51405587315372244199029,0,55908977904951441,1.313831195851418
2025-06-14 19:52:32+00:00,15995508,67538264189,51405587264354550350419,0,55908977849464338,1.313831195851975
2025-06-14 19:53:07+00:00,15995543,67538264190,51405587263595700961599,0,55908977849464338,1.313831195890823
2025-06-14 19:53:34+00:00,15995570,67538264189,51405587264595700961599,0,55908977849464338,1.3138311958458118
2025-06-14 19:53:39+00:00,15995575,67538264188,51405587265595700961599,0,55908977849464338,1.3138311958008004
2025-06-14 19:53:44+00:00,15995580,67538264201,51405587275595700961599,0,55908977860225892,1.31383119579811
2025-06-14 19:53:48+00:00,15995584,67538264200,51405587274799520421493,0,55908977859359962,1.3138311957990056
2025-06-14 19:53:53+00:00,15995589,67538264201,51405587274040671032643,0,55908977859359962,1.3138311958378535
2025-06-14 19:54:38+00:00,15995634,67538264202,51405587273281821643815,0,55908977859359962,1.3138311958767015
2025-06-14 19:55:22+00:00,15995678,67538264203,51405587272522972255010,0,55908977859359962,1.3138311959155493
2025-06-14 19:55:24+00:00,15995680,67538264204,51405587271764122866227,0,55908977859359962,1.3138311959543973
2025-06-14 19:55:27+00:00,15995683,67538264205,51405587271005273477466,0,55908977859359962,1.3138311959932452
2025-06-14 19:55:32+00:00,15995688,67538264269,51405587319843302977514,0,55908977912339922,1.3138311959900368
2025-06-14 19:55:36+00:00,15995692,67538264202,51405587268825609131209,0,55908977856852819,1.313831195990594
2025-06-14 19:55:41+00:00,15995697,67538264203,51405587268825609131208,0,55908977856852819,1.313831196010047
2025-06-14 19:56:10+00:00,15995726,67538264204,51405587268066759742480,0,55908977856852819,1.313831196048895
2025-06-14 19:56:39+00:00,15995755,67538264203,51405587269066759742480,0,55908977856852819,1.3138311960038838
2025-06-14 19:56:43+00:00,15995759,67538264202,51405587270066759742480,0,55908977856852819,1.3138311959588724
2025-06-14 19:56:47+00:00,15995763,67538264215,51405587280066759742480,0,55908977867614373,1.313831195956182
2025-06-14 19:56:52+00:00,15995768,67538264214,51405587279270579202410,0,55908977866748443,1.3138311959570776
2025-06-14 19:56:58+00:00,15995774,67538264215,51405587278511729813651,0,55908977866748443,1.3138311959959255
2025-06-14 19:57:43+00:00,15995819,67538264216,51405587277752880424914,0,55908977866748443,1.3138311960347735
2025-06-14 19:58:28+00:00,15995864,67538264217,51405587276994031036200,0,55908977866748443,1.3138311960736213
2025-06-14 19:58:29+00:00,15995865,67538264218,51405587276235181647508,0,55908977866748443,1.3138311961124693
2025-06-14 19:58:38+00:00,15995874,67538264282,51405587325073211147556,0,55908977919728403,1.313831196109261
2025-06-14 19:58:47+00:00,15995883,67538264283,51405587325073211147555,0,55908977919728403,1.3138311961287141
2025-06-14 19:59:14+00:00,15995910,67538264284,51405587324314361758895,0,55908977919728403,1.313831196167562
2025-06-14 19:59:45+00:00,15995941,67538264283,51405587325314361758895,0,55908977919728403,1.3138311961225506
2025-06-14 19:59:50+00:00,15995946,67538264282,51405587326314361758895,0,55908977919728403,1.3138311960775395
2025-06-14 19:59:58+00:00,15995954,67538264281,51405587325518181218851,0,55908977918862473,1.3138311960784352
2025-06-14 19:59:59+00:00,15995955,67538264282,51405587324759331830162,0,55908977918862473,1.313831196117283
2025-06-14 20:00:46+00:00,15996002,67538264283,51405587324000482441495,0,55908977918862473,1.313831196156131
2025-06-14 20:01:32+00:00,15996048,67538264284,51405587323241633052851,0,55908977918862473,1.313831196194979
2025-06-14 20:01:37+00:00,15996053,67538264285,51405587322482783664229,0,55908977918862473,1.313831196233827
2025-06-14 20:01:41+00:00,15996057,67538264286,51405587321723934275630,0,55908977918862473,1.3138311962726748
2025-06-14 20:01:47+00:00,15996063,67538264350,51405587370561963775678,0,55908977971842433,1.3138311962694664
2025-06-14 20:01:51+00:00,15996067,67538264283,51405587319544269933333,0,55908977916355330,1.3138311962700235
2025-06-14 20:01:56+00:00,15996072,67538264284,51405587319544269933332,0,55908977916355330,1.3138311962894766
2025-06-14 20:02:17+00:00,15996093,67538264285,51405587318785420544765,0,55908977916355330,1.3138311963283247
2025-06-14 20:02:54+00:00,15996130,67538264284,51405587319785420544765,0,55908977916355330,1.3138311962833134
2025-06-14 20:02:59+00:00,15996135,67538264283,51405587320785420544765,0,55908977916355330,1.313831196238302
2025-06-14 20:03:04+00:00,15996140,67538264284,51405587320026571156168,0,55908977916355330,1.3138311962771498
2025-06-14 20:03:49+00:00,15996185,67538264285,51405587319267721767594,0,55908977916355330,1.3138311963159979
2025-06-14 20:04:34+00:00,15996230,67538264286,51405587318508872379042,0,55908977916355330,1.3138311963548457
2025-06-14 20:04:43+00:00,15996239,67538264287,51405587317750022990513,0,55908977916355330,1.3138311963936937
2025-06-14 20:04:48+00:00,15996244,67538264288,51405587316991173602006,0,55908977916355330,1.3138311964325415
2025-06-14 20:04:53+00:00,15996249,67538264352,51405587365829203102054,0,55908977969335290,1.3138311964293332
2025-06-14 20:04:57+00:00,15996253,67538264285,51405587314811509262119,0,55908977913848187,1.3138311964298903
2025-06-14 20:05:01+00:00,15996257,67538264286,51405587314811509262118,0,55908977913848187,1.3138311964493434
2025-06-14 20:05:20+00:00,15996276,67538264287,51405587314052659873643,0,55908977913848187,1.3138311964881915
2025-06-14 20:06:00+00:00,15996316,67538264286,51405587315052659873643,0,55908977913848187,1.3138311964431801
2025-06-14 20:06:05+00:00,15996321,67538264285,51405587316052659873643,0,55908977913848187,1.3138311963981688
2025-06-14 20:06:07+00:00,15996323,67538264286,51405587315293810485139,0,55908977913848187,1.3138311964370168
2025-06-14 20:06:14+00:00,15996330,67538264285,51405587314497629945182,0,55908977912982257,1.3138311964379126
2025-06-14 20:06:53+00:00,15996369,67538264286,51405587313738780556701,0,55908977912982257,1.3138311964767604
2025-06-14 20:07:38+00:00,15996414,67538264287,51405587312979931168242,0,55908977912982257,1.3138311965156084
2025-06-14 20:07:50+00:00,15996426,67538264288,51405587312221081779806,0,55908977912982257,1.3138311965544562
2025-06-14 20:07:59+00:00,15996435,67538264352,51405587361059111279854,0,55908977965962217,1.313831196551248
2025-06-14 20:08:04+00:00,15996440,67538264285,51405587310041417441575,0,55908977910475114,1.313831196551805
2025-06-14 20:08:08+00:00,15996444,67538264286,51405587310041417441574,0,55908977910475114,1.3138311965712581
2025-06-14 20:08:26+00:00,15996462,67538264287,51405587309282568053170,0,55908977910475114,1.3138311966101062
2025-06-14 20:09:07+00:00,15996503,67538264286,51405587310282568053170,0,55908977910475114,1.3138311965650948
2025-06-14 20:09:11+00:00,15996507,67538264287,51405587309523718664762,0,55908977910475114,1.3138311966039427
2025-06-14 20:09:12+00:00,15996508,67538264286,51405587310523718664762,0,55908977910475114,1.3138311965589315
2025-06-14 20:09:21+00:00,15996517,67538264285,51405587309727538124831,0,55908977909609184,1.3138311965598273
2025-06-14 20:09:57+00:00,15996553,67538264286,51405587308968688736420,0,55908977909609184,1.313831196598675
2025-06-14 20:10:43+00:00,15996599,67538264287,51405587308209839348032,0,55908977909609184,1.3138311966375231
2025-06-14 20:10:57+00:00,15996613,67538264288,51405587307450989959666,0,55908977909609184,1.313831196676371
2025-06-14 20:11:01+00:00,15996617,67538264289,51405587306692140571322,0,55908977909609184,1.313831196715219
2025-06-14 20:11:07+00:00,15996623,67538264353,51405587355530170071370,0,55908977962589144,1.3138311967120104
2025-06-14 20:11:12+00:00,15996628,67538264286,51405587304512476235500,0,55908977907102041,1.3138311967125675
2025-06-14 20:11:17+00:00,15996633,67538264287,51405587304512476235499,0,55908977907102041,1.3138311967320209
2025-06-14 20:11:29+00:00,15996645,67538264288,51405587303753626847188,0,55908977907102041,1.3138311967708687
2025-06-14 20:12:14+00:00,15996690,67538264287,51405587304753626847188,0,55908977907102041,1.3138311967258574
2025-06-14 20:12:15+00:00,15996691,67538264288,51405587303994777458873,0,55908977907102041,1.3138311967647054
2025-06-14 20:12:24+00:00,15996700,67538264301,51405587313994777458873,0,55908977917863595,1.3138311967620147
2025-06-14 20:13:00+00:00,15996736,67538264302,51405587313235928070579,0,55908977917863595,1.3138311968008627
2025-06-14 20:13:45+00:00,15996781,67538264303,51405587312477078682307,0,55908977917863595,1.3138311968397105
2025-06-14 20:14:02+00:00,15996798,67538264304,51405587311718229294058,0,55908977917863595,1.3138311968785585
2025-06-14 20:14:06+00:00,15996802,67538264305,51405587310959379905831,0,55908977917863595,1.3138311969174064
2025-06-14 20:14:13+00:00,15996809,67538264369,51405587359797409405879,0,55908977970843555,1.313831196914198
2025-06-14 20:14:22+00:00,15996818,67538264370,51405587359797409405878,0,55908977970843555,1.3138311969336511
2025-06-14 20:14:31+00:00,15996827,67538264371,51405587359038560017683,0,55908977970843555,1.3138311969724992
2025-06-14 20:15:15+00:00,15996871,67538264372,51405587358279710629510,0,55908977970843555,1.313831197011347
2025-06-14 20:15:22+00:00,15996878,67538264371,51405587359279710629510,0,55908977970843555,1.3138311969663357
2025-06-14 20:15:31+00:00,15996887,67538264384,51405587369279710629510,0,55908977981605109,1.3138311969636451
2025-06-14 20:16:01+00:00,15996917,67538264385,51405587368520861241332,0,55908977981605109,1.313831197002493
2025-06-14 20:16:48+00:00,15996964,67538264386,51405587367762011853177,0,55908977981605109,1.313831197041341
2025-06-14 20:17:10+00:00,15996986,67538264387,51405587367003162465044,0,55908977981605109,1.3138311970801888
2025-06-14 20:17:14+00:00,15996990,67538264388,51405587366244313076934,0,55908977981605109,1.3138311971190368
2025-06-14 20:17:20+00:00,15996996,67538264452,51405587415082342576982,0,55908978034585069,1.3138311971158285
2025-06-14 20:17:25+00:00,15997001,67538264385,51405587364064648747707,0,55908977979097966,1.3138311971163856
2025-06-14 20:17:33+00:00,15997009,67538264386,51405587363305799359618,0,55908977979097966,1.3138311971552334
2025-06-14 20:18:19+00:00,15997055,67538264387,51405587362546949971551,0,55908977979097966,1.3138311971940815
2025-06-14 20:18:27+00:00,15997063,67538264386,51405587363546949971551,0,55908977979097966,1.3138311971490702
2025-06-14 20:18:32+00:00,15997068,67538264385,51405587364546949971551,0,55908977979097966,1.3138311971040588
2025-06-14 20:18:41+00:00,15997077,67538264384,51405587363750769431760,0,55908977978232036,1.3138311971049546
2025-06-14 20:19:04+00:00,15997100,67538264385,51405587362991920043664,0,55908977978232036,1.3138311971438026
2025-06-14 20:19:52+00:00,15997148,67538264386,51405587362233070655590,0,55908977978232036,1.3138311971826504
2025-06-14 20:20:18+00:00,15997174,67538264387,51405587361474221267539,0,55908977978232036,1.3138311972214984
2025-06-14 20:20:28+00:00,15997184,67538264451,51405587410312250767587,0,55908978031211996,1.31383119721829
2025-06-14 20:20:37+00:00,15997193,67538264452,51405587410312250767586,0,55908978031211996,1.3138311972377432
2025-06-14 20:20:39+00:00,15997195,67538264453,51405587409553401379567,0,55908978031211996,1.313831197276591
2025-06-14 20:21:26+00:00,15997242,67538264454,51405587408794551991570,0,55908978031211996,1.313831197315439
2025-06-14 20:21:35+00:00,15997251,67538264453,51405587409794551991570,0,55908978031211996,1.3138311972704277
2025-06-14 20:21:40+00:00,15997256,67538264452,51405587410794551991570,0,55908978031211996,1.3138311972254164
2025-06-14 20:21:49+00:00,15997265,67538264451,51405587409998371451805,0,55908978030346066,1.3138311972263121
2025-06-14 20:22:11+00:00,15997287,67538264452,51405587409239522063779,0,55908978030346066,1.3138311972651602
2025-06-14 20:22:57+00:00,15997333,67538264453,51405587408480672675775,0,55908978030346066,1.313831197304008
2025-06-14 20:23:24+00:00,15997360,67538264454,51405587407721823287794,0,55908978030346066,1.313831197342856
2025-06-14 20:23:34+00:00,15997370,67538264518,51405587456559852787842,0,55908978083326026,1.3138311973396475
2025-06-14 20:23:39+00:00,15997375,67538264451,51405587405542158961879,0,55908978027838923,1.3138311973402046
2025-06-14 20:23:43+00:00,15997379,67538264452,51405587404783309573919,0,55908978027838923,1.3138311973790526
2025-06-14 20:24:28+00:00,15997424,67538264453,51405587404024460185981,0,55908978027838923,1.3138311974179004
2025-06-14 20:24:43+00:00,15997439,67538264452,51405587405024460185981,0,55908978027838923,1.3138311973728891
2025-06-14 20:24:49+00:00,15997445,67538264451,51405587406024460185981,0,55908978027838923,1.313831197327878
2025-06-14 20:24:53+00:00,15997449,67538264464,51405587416024460185981,0,55908978038600477,1.3138311973251873
2025-06-14 20:24:59+00:00,15997455,67538264463,51405587415228279646240,0,55908978037734547,1.313831197326083
2025-06-14 20:25:14+00:00,15997470,67538264464,51405587414469430258272,0,55908978037734547,1.313831197364931
2025-06-14 20:26:00+00:00,15997516,67538264465,51405587413710580870326,0,55908978037734547,1.3138311974037788
2025-06-14 20:26:35+00:00,15997551,67538264466,51405587412951731482403,0,55908978037734547,1.3138311974426269
2025-06-14 20:26:40+00:00,15997556,67538264467,51405587412192882094502,0,55908978037734547,1.3138311974814747
2025-06-14 20:26:45+00:00,15997561,67538264531,51405587461030911594550,0,55908978090714507,1.3138311974782664
2025-06-14 20:26:46+00:00,15997562,67538264532,51405587460272062206670,0,55908978090714507,1.3138311975171144
2025-06-14 20:26:55+00:00,15997571,67538264533,51405587460272062206669,0,55908978090714507,1.3138311975365675
2025-06-14 20:27:31+00:00,15997607,67538264534,51405587459513212818822,0,55908978090714507,1.3138311975754153
2025-06-14 20:27:54+00:00,15997630,67538264533,51405587460513212818822,0,55908978090714507,1.3138311975304042
2025-06-14 20:27:58+00:00,15997634,67538264532,51405587461513212818822,0,55908978090714507,1.313831197485393
2025-06-14 20:28:03+00:00,15997639,67538264545,51405587471513212818822,0,55908978101476061,1.3138311974827022
2025-06-14 20:28:17+00:00,15997653,67538264546,51405587470754363430944,0,55908978101476061,1.3138311975215502
2025-06-14 20:29:03+00:00,15997699,67538264547,51405587469995514043089,0,55908978101476061,1.313831197560398
2025-06-14 20:29:46+00:00,15997742,67538264548,51405587469236664655256,0,55908978101476061,1.313831197599246
2025-06-14 20:29:49+00:00,15997745,67538264549,51405587468477815267445,0,55908978101476061,1.3138311976380939
2025-06-14 20:29:50+00:00,15997746,67538264550,51405587467718965879657,0,55908978101476061,1.313831197676942
2025-06-14 20:29:56+00:00,15997752,67538264614,51405587516556995379705,0,55908978154456021,1.3138311976737336
2025-06-14 20:30:00+00:00,15997756,67538264547,51405587465539301559104,0,55908978098968918,1.3138311976742907
2025-06-14 20:30:06+00:00,15997762,67538264548,51405587465539301559103,0,55908978098968918,1.3138311976937438
2025-06-14 20:30:36+00:00,15997792,67538264549,51405587464780452171347,0,55908978098968918,1.3138311977325916
2025-06-14 20:31:09+00:00,15997825,67538264548,51405587465780452171347,0,55908978098968918,1.3138311976875803
2025-06-14 20:31:14+00:00,15997830,67538264547,51405587466780452171347,0,55908978098968918,1.3138311976425692
2025-06-14 20:31:19+00:00,15997835,67538264560,51405587476780452171347,0,55908978109730472,1.3138311976398784
2025-06-14 20:31:22+00:00,15997838,67538264561,51405587476021602783560,0,55908978109730472,1.3138311976787265
2025-06-14 20:31:24+00:00,15997840,67538264560,51405587475225422243903,0,55908978108864542,1.3138311976796222
2025-06-14 20:32:08+00:00,15997884,67538264561,51405587474466572856139,0,55908978108864542,1.31383119771847
2025-06-14 20:32:54+00:00,15997930,67538264562,51405587473707723468397,0,55908978108864542,1.313831197757318
2025-06-14 20:33:04+00:00,15997940,67538264563,51405587472948874080678,0,55908978108864542,1.3138311977961659
2025-06-14 20:33:08+00:00,15997944,67538264564,51405587472190024692981,0,55908978108864542,1.313831197835014
2025-06-14 20:33:14+00:00,15997950,67538264628,51405587521028054193029,0,55908978161844502,1.3138311978318056
2025-06-14 20:33:19+00:00,15997955,67538264561,51405587470010360374733,0,55908978106357399,1.3138311978323625
2025-06-14 20:33:41+00:00,15997977,67538264562,51405587469251510987057,0,55908978106357399,1.3138311978712105
2025-06-14 20:34:22+00:00,15998018,67538264561,51405587470251510987057,0,55908978106357399,1.3138311978261992
2025-06-14 20:34:27+00:00,15998023,67538264560,51405587471251510987057,0,55908978106357399,1.3138311977811878
2025-06-14 20:34:31+00:00,15998027,67538264573,51405587481251510987057,0,55908978117118953,1.3138311977784973
2025-06-14 20:34:36+00:00,15998032,67538264572,51405587480455330447424,0,55908978116253023,1.313831197779393
2025-06-14 20:35:12+00:00,15998068,67538264573,51405587479696481059717,0,55908978116253023,1.313831197818241
2025-06-14 20:35:58+00:00,15998114,67538264574,51405587478937631672033,0,55908978116253023,1.313831197857089
2025-06-14 20:36:12+00:00,15998128,67538264575,51405587478178782284371,0,55908978116253023,1.3138311978959367
2025-06-14 20:36:17+00:00,15998133,67538264576,51405587477419932896732,0,55908978116253023,1.3138311979347848
2025-06-14 20:36:22+00:00,15998138,67538264640,51405587526257962396780,0,55908978169232983,1.3138311979315764
2025-06-14 20:36:27+00:00,15998143,67538264573,51405587475240268580036,0,55908978113745880,1.3138311979321335
2025-06-14 20:36:32+00:00,15998148,67538264574,51405587475240268580035,0,55908978113745880,1.3138311979515866
2025-06-14 20:36:44+00:00,15998160,67538264575,51405587474481419192428,0,55908978113745880,1.3138311979904345
2025-06-14 20:37:30+00:00,15998206,67538264575,51405587474722569804817,0,55908978113745880,1.3138311979842712
2025-06-14 20:37:30+00:00,15998206,67538264574,51405587475481419192428,0,55908978113745880,1.3138311979454234
2025-06-14 20:37:34+00:00,15998210,67538264574,51405587475722569804817,0,55908978113745880,1.3138311979392598
2025-06-14 20:37:39+00:00,15998215,67538264587,51405587485722569804817,0,55908978124507434,1.3138311979365693
2025-06-14 20:37:44+00:00,15998220,67538264586,51405587484926389265220,0,55908978123641504,1.313831197937465
2025-06-14 20:38:16+00:00,15998252,67538264587,51405587484167539877605,0,55908978123641504,1.313831197976313
2025-06-14 20:39:01+00:00,15998297,67538264588,51405587483408690490012,0,55908978123641504,1.313831198015161
2025-06-14 20:39:23+00:00,15998319,67538264589,51405587482649841102442,0,55908978123641504,1.3138311980540087
2025-06-14 20:39:32+00:00,15998328,67538264653,51405587531487870602490,0,55908978176621464,1.3138311980508004
2025-06-14 20:39:37+00:00,15998333,67538264586,51405587480470176787297,0,55908978121134361,1.3138311980513575
2025-06-14 20:39:47+00:00,15998343,67538264587,51405587479711327399748,0,55908978121134361,1.3138311980902055
2025-06-14 20:40:34+00:00,15998390,67538264588,51405587478952478012221,0,55908978121134361,1.3138311981290534
2025-06-14 20:40:41+00:00,15998397,67538264587,51405587479952478012221,0,55908978121134361,1.313831198084042
2025-06-14 20:40:45+00:00,15998401,67538264586,51405587480952478012221,0,55908978121134361,1.313831198039031
2025-06-14 20:40:48+00:00,15998404,67538264599,51405587490952478012221,0,55908978131895915,1.3138311980363402
2025-06-14 20:40:54+00:00,15998410,67538264598,51405587490156297472648,0,55908978131029985,1.313831198037236
2025-06-14 20:41:21+00:00,15998437,67538264599,51405587489397448085090,0,55908978131029985,1.313831198076084
2025-06-14 20:42:07+00:00,15998483,67538264600,51405587488638598697555,0,55908978131029985,1.3138311981149318
2025-06-14 20:42:30+00:00,15998506,67538264601,51405587487879749310042,0,55908978131029985,1.3138311981537798
2025-06-14 20:42:34+00:00,15998510,67538264602,51405587487120899922552,0,55908978131029985,1.3138311981926276
2025-06-14 20:42:40+00:00,15998516,67538264666,51405587535958929422600,0,55908978184009945,1.3138311981894193
2025-06-14 20:42:44+00:00,15998520,67538264599,51405587484941235609712,0,55908978128522842,1.3138311981899764
2025-06-14 20:42:49+00:00,15998525,67538264600,51405587484941235609711,0,55908978128522842,1.3138311982094295
2025-06-14 20:43:39+00:00,15998575,67538264601,51405587484182386222253,0,55908978128522842,1.3138311982482775
2025-06-14 20:43:48+00:00,15998584,67538264600,51405587485182386222253,0,55908978128522842,1.3138311982032662
2025-06-14 20:43:57+00:00,15998593,67538264613,51405587495182386222253,0,55908978139284396,1.3138311982005757
2025-06-14 20:44:25+00:00,15998621,67538264614,51405587494423536834790,0,55908978139284396,1.3138311982394235
2025-06-14 20:45:10+00:00,15998666,67538264615,51405587493664687447349,0,55908978139284396,1.3138311982782713
2025-06-14 20:45:37+00:00,15998693,67538264616,51405587492905838059931,0,55908978139284396,1.3138311983171194
2025-06-14 20:45:42+00:00,15998698,67538264617,51405587492146988672535,0,55908978139284396,1.3138311983559672
2025-06-14 20:45:47+00:00,15998703,67538264681,51405587540985018172583,0,55908978192264356,1.3138311983527589
2025-06-14 20:45:55+00:00,15998711,67538264682,51405587540226168785208,0,55908978192264356,1.313831198391607
2025-06-14 20:45:56+00:00,15998712,67538264683,51405587540226168785207,0,55908978192264356,1.31383119841106
2025-06-14 20:46:41+00:00,15998757,67538264684,51405587539467319397865,0,55908978192264356,1.3138311984499078
2025-06-14 20:46:54+00:00,15998770,67538264683,51405587540467319397865,0,55908978192264356,1.3138311984048967
2025-06-14 20:46:59+00:00,15998775,67538264682,51405587541467319397865,0,55908978192264356,1.3138311983598854
2025-06-14 20:47:08+00:00,15998784,67538264681,51405587540671138858370,0,55908978191398426,1.313831198360781
2025-06-14 20:47:27+00:00,15998803,67538264682,51405587539912289470999,0,55908978191398426,1.313831198399629
2025-06-14 20:48:12+00:00,15998848,67538264683,51405587539153440083651,0,55908978191398426,1.313831198438477
2025-06-14 20:48:43+00:00,15998879,67538264684,51405587538394590696325,0,55908978191398426,1.3138311984773248
2025-06-14 20:48:52+00:00,15998888,67538264748,51405587587232620196373,0,55908978244378386,1.3138311984741164
2025-06-14 20:48:56+00:00,15998892,67538264681,51405587536214926387685,0,55908978188891283,1.3138311984746736
2025-06-14 20:48:58+00:00,15998894,67538264682,51405587535456077000380,0,55908978188891283,1.3138311985135216
2025-06-14 20:49:01+00:00,15998897,67538264683,51405587535456077000379,0,55908978188891283,1.3138311985329747
2025-06-14 20:49:45+00:00,15998941,67538264684,51405587534697227613108,0,55908978188891283,1.3138311985718225
2025-06-14 20:50:00+00:00,15998956,67538264683,51405587535697227613108,0,55908978188891283,1.3138311985268112
2025-06-14 20:50:09+00:00,15998965,67538264696,51405587545697227613108,0,55908978199652837,1.3138311985241207
2025-06-14 20:50:14+00:00,15998970,67538264695,51405587544901047073652,0,55908978198786907,1.3138311985250164
2025-06-14 20:50:32+00:00,15998988,67538264696,51405587544142197686376,0,55908978198786907,1.3138311985638644
2025-06-14 20:51:18+00:00,15999034,67538264697,51405587543383348299123,0,55908978198786907,1.3138311986027122
2025-06-14 20:51:49+00:00,15999065,67538264698,51405587542624498911892,0,55908978198786907,1.3138311986415603
2025-06-14 20:51:53+00:00,15999069,67538264699,51405587541865649524683,0,55908978198786907,1.313831198680408
2025-06-14 20:51:58+00:00,15999074,67538264763,51405587590703679024731,0,55908978251766867,1.3138311986771998
2025-06-14 20:52:03+00:00,15999079,67538264696,51405587539685985219341,0,55908978196279764,1.3138311986777569
2025-06-14 20:52:03+00:00,15999079,67538264697,51405587538927135832153,0,55908978196279764,1.3138311987166047
2025-06-14 20:52:07+00:00,15999083,67538264698,51405587538927135832152,0,55908978196279764,1.3138311987360578
2025-06-14 20:52:50+00:00,15999126,67538264699,51405587538168286444998,0,55908978196279764,1.3138311987749058
2025-06-14 20:53:06+00:00,15999142,67538264698,51405587539168286444998,0,55908978196279764,1.3138311987298945
2025-06-14 20:53:14+00:00,15999150,67538264711,51405587549168286444998,0,55908978207041318,1.313831198727204
2025-06-14 20:53:19+00:00,15999155,67538264710,51405587548372105905594,0,55908978206175388,1.3138311987280997
2025-06-14 20:53:37+00:00,15999173,67538264711,51405587547613256518435,0,55908978206175388,1.3138311987669475
2025-06-14 20:54:23+00:00,15999219,67538264712,51405587546854407131299,0,55908978206175388,1.3138311988057956
2025-06-14 20:54:53+00:00,15999249,67538264713,51405587546095557744185,0,55908978206175388,1.3138311988446434
2025-06-14 20:54:58+00:00,15999254,67538264714,51405587545336708357094,0,55908978206175388,1.3138311988834914
2025-06-14 20:55:03+00:00,15999259,67538264778,51405587594174737857142,0,55908978259155348,1.313831198880283
2025-06-14 20:55:08+00:00,15999264,67538264711,51405587543157044055049,0,55908978203668245,1.3138311988808402
2025-06-14 20:55:09+00:00,15999265,67538264712,51405587542398194667979,0,55908978203668245,1.313831198919688
2025-06-14 20:55:56+00:00,15999312,67538264713,51405587541639345280931,0,55908978203668245,1.313831198958536
2025-06-14 20:56:11+00:00,15999327,67538264712,51405587542639345280931,0,55908978203668245,1.3138311989135247
2025-06-14 20:56:20+00:00,15999336,67538264725,51405587552639345280931,0,55908978214429799,1.313831198910834
2025-06-14 20:56:41+00:00,15999357,67538264726,51405587551880495893878,0,55908978214429799,1.313831198949682
2025-06-14 20:57:26+00:00,15999402,67538264727,51405587551121646506847,0,55908978214429799,1.3138311989885298
2025-06-14 20:57:59+00:00,15999435,67538264728,51405587550362797119839,0,55908978214429799,1.3138311990273779
2025-06-14 20:58:08+00:00,15999444,67538264792,51405587599200826619887,0,55908978267409759,1.3138311990241696
2025-06-14 20:58:14+00:00,15999450,67538264793,51405587598441977232899,0,55908978267409759,1.3138311990630174
2025-06-14 20:58:17+00:00,15999453,67538264794,51405587598441977232898,0,55908978267409759,1.3138311990824705
2025-06-14 20:58:59+00:00,15999495,67538264795,51405587597683127845944,0,55908978267409759,1.3138311991213185
2025-06-14 20:59:16+00:00,15999512,67538264794,51405587598683127845944,0,55908978267409759,1.3138311990763072
2025-06-14 20:59:20+00:00,15999516,67538264793,51405587599683127845944,0,55908978267409759,1.3138311990312959
2025-06-14 20:59:25+00:00,15999521,67538264806,51405587609683127845944,0,55908978278171313,1.3138311990286053
2025-06-14 20:59:29+00:00,15999525,67538264805,51405587608886947306615,0,55908978277305383,1.313831199029501
2025-06-14 21:00:33+00:00,15999589,67538264806,51405587608128097919631,0,55908978277305383,1.3138311990683489
2025-06-14 21:01:07+00:00,15999623,67538264807,51405587607369248532669,0,55908978277305383,1.313831199107197
2025-06-14 21:01:12+00:00,15999628,67538264808,51405587606610399145729,0,55908978277305383,1.3138311991460447
2025-06-14 21:01:17+00:00,15999633,67538264872,51405587655448428645777,0,55908978330285343,1.3138311991428364
2025-06-14 21:01:20+00:00,15999636,67538264873,51405587654689579258858,0,55908978330285343,1.3138311991816845
2025-06-14 21:01:22+00:00,15999638,67538264806,51405587603671885461614,0,55908978274798240,1.3138311991822416
2025-06-14 21:01:26+00:00,15999642,67538264807,51405587603671885461613,0,55908978274798240,1.3138311992016947
2025-06-14 21:02:07+00:00,15999683,67538264808,51405587602913036074728,0,55908978274798240,1.3138311992405425
2025-06-14 21:02:24+00:00,15999700,67538264807,51405587603913036074728,0,55908978274798240,1.3138311991955312
2025-06-14 21:02:32+00:00,15999708,67538264820,51405587613913036074728,0,55908978285559794,1.3138311991928406
2025-06-14 21:02:37+00:00,15999713,67538264819,51405587613116855535439,0,55908978284693864,1.3138311991937364
2025-06-14 21:02:54+00:00,15999730,67538264820,51405587612358006148549,0,55908978284693864,1.3138311992325844
2025-06-14 21:03:41+00:00,15999777,67538264821,51405587611599156761682,0,55908978284693864,1.3138311992714322
2025-06-14 21:04:12+00:00,15999808,67538264822,51405587610840307374837,0,55908978284693864,1.3138311993102803
2025-06-14 21:04:17+00:00,15999813,67538264823,51405587610081457988015,0,55908978284693864,1.313831199349128
2025-06-14 21:04:22+00:00,15999818,67538264887,51405587658919487488063,0,55908978337673824,1.3138311993459197
2025-06-14 21:04:26+00:00,15999822,67538264820,51405587607901793693363,0,55908978282186721,1.3138311993464769
2025-06-14 21:04:27+00:00,15999823,67538264821,51405587607142944306562,0,55908978282186721,1.3138311993853247
2025-06-14 21:05:13+00:00,15999869,67538264822,51405587606384094919783,0,55908978282186721,1.3138311994241727
2025-06-14 21:05:30+00:00,15999886,67538264821,51405587607384094919783,0,55908978282186721,1.3138311993791614
2025-06-14 21:05:40+00:00,15999896,67538264834,51405587617384094919783,0,55908978292948275,1.3138311993764709
2025-06-14 21:05:59+00:00,15999915,67538264835,51405587616625245532999,0,55908978292948275,1.3138311994153187
2025-06-14 21:06:45+00:00,15999961,67538264836,51405587615866396146237,0,55908978292948275,1.3138311994541667
2025-06-14 21:07:20+00:00,15999996,67538264837,51405587615107546759498,0,55908978292948275,1.3138311994930145
2025-06-14 21:07:25+00:00,16000001,67538264838,51405587614348697372781,0,55908978292948275,1.3138311995318623
2025-06-14 21:07:30+00:00,16000006,67538264902,51405587663186726872829,0,55908978345928235,1.313831199528654
2025-06-14 21:07:31+00:00,16000007,67538264903,51405587662427877486133,0,55908978345928235,1.313831199567502
2025-06-14 21:07:39+00:00,16000015,67538264904,51405587662427877486132,0,55908978345928235,1.3138311995869552
2025-06-14 21:08:17+00:00,16000053,67538264905,51405587661669028099469,0,55908978345928235,1.313831199625803
2025-06-14 21:08:37+00:00,16000073,67538264904,51405587662669028099469,0,55908978345928235,1.3138311995807919
2025-06-14 21:08:41+00:00,16000077,67538264903,51405587663669028099469,0,55908978345928235,1.3138311995357805
2025-06-14 21:08:46+00:00,16000082,67538264916,51405587673669028099469,0,55908978356689789,1.3138311995330898
2025-06-14 21:09:04+00:00,16000100,67538264917,51405587672910178712775,0,55908978356689789,1.3138311995719378
2025-06-14 21:09:50+00:00,16000146,67538264918,51405587672151329326104,0,55908978356689789,1.3138311996107856
2025-06-14 21:10:27+00:00,16000183,67538264919,51405587671392479939455,0,55908978356689789,1.3138311996496337
2025-06-14 21:10:36+00:00,16000192,67538264983,51405587720230509439503,0,55908978409669749,1.3138311996464254
2025-06-14 21:10:37+00:00,16000193,67538264984,51405587719471660052875,0,55908978409669749,1.3138311996852732
2025-06-14 21:10:45+00:00,16000201,67538264985,51405587719471660052874,0,55908978409669749,1.3138311997047263
2025-06-14 21:11:23+00:00,16000239,67538264986,51405587718712810666280,0,55908978409669749,1.3138311997435743
2025-06-14 21:11:43+00:00,16000259,67538264985,51405587719712810666280,0,55908978409669749,1.313831199698563
2025-06-14 21:11:48+00:00,16000264,67538264984,51405587720712810666280,0,55908978409669749,1.3138311996535517
2025-06-14 21:11:57+00:00,16000273,67538264983,51405587719916630127104,0,55908978408803819,1.3138311996544474
2025-06-14 21:12:09+00:00,16000285,67538264984,51405587719157780740480,0,55908978408803819,1.3138311996932954
2025-06-14 21:12:55+00:00,16000331,67538264985,51405587718398931353879,0,55908978408803819,1.3138311997321432
2025-06-14 21:13:30+00:00,16000366,67538264986,51405587717640081967300,0,55908978408803819,1.3138311997709913
2025-06-14 21:13:35+00:00,16000371,67538264987,51405587716881232580744,0,55908978408803819,1.313831199809839
2025-06-14 21:13:41+00:00,16000377,67538265051,51405587765719262080792,0,55908978461783779,1.3138311998066308
2025-06-14 21:13:41+00:00,16000377,67538265052,51405587764960412694256,0,55908978461783779,1.3138311998454788
2025-06-14 21:13:49+00:00,16000385,67538265053,51405587764960412694255,0,55908978461783779,1.313831199864932
2025-06-14 21:14:27+00:00,16000423,67538265054,51405587764201563307753,0,55908978461783779,1.3138311999037797
2025-06-14 21:14:48+00:00,16000444,67538265053,51405587765201563307753,0,55908978461783779,1.3138311998587684
2025-06-14 21:14:56+00:00,16000452,67538265066,51405587775201563307753,0,55908978472545333,1.3138311998560779
2025-06-14 21:15:01+00:00,16000457,67538265065,51405587774405382768629,0,55908978471679403,1.3138311998569736
2025-06-14 21:15:14+00:00,16000470,67538265066,51405587773646533382122,0,55908978471679403,1.3138311998958216
2025-06-14 21:16:00+00:00,16000516,67538265067,51405587772887683995638,0,55908978471679403,1.3138311999346695
2025-06-14 21:16:37+00:00,16000553,67538265068,51405587772128834609176,0,55908978471679403,1.3138311999735175
2025-06-14 21:16:42+00:00,16000558,67538265069,51405587771369985222737,0,55908978471679403,1.3138312000123653
2025-06-14 21:16:47+00:00,16000563,67538265133,51405587820208014722785,0,55908978524659363,1.313831200009157
2025-06-14 21:16:51+00:00,16000567,67538265066,51405587769190320938640,0,55908978469172260,1.313831200009714
2025-06-14 21:16:56+00:00,16000572,67538265067,51405587769190320938639,0,55908978469172260,1.3138312000291672
2025-06-14 21:17:32+00:00,16000608,67538265068,51405587768431471552232,0,55908978469172260,1.3138312000680152
2025-06-14 21:17:53+00:00,16000629,67538265067,51405587769431471552232,0,55908978469172260,1.313831200023004
2025-06-14 21:17:58+00:00,16000634,67538265066,51405587770431471552232,0,55908978469172260,1.3138311999779926
2025-06-14 21:18:06+00:00,16000642,67538265065,51405587769635291013134,0,55908978468306330,1.3138311999788883
2025-06-14 21:18:19+00:00,16000655,67538265066,51405587768876441626698,0,55908978468306330,1.3138312000177363
2025-06-14 21:19:05+00:00,16000701,67538265067,51405587768117592240284,0,55908978468306330,1.3138312000565842
2025-06-14 21:19:41+00:00,16000737,67538265068,51405587767358742853893,0,55908978468306330,1.313831200095432
2025-06-14 21:19:50+00:00,16000746,67538265132,51405587816196772353941,0,55908978521286290,1.3138312000922236
2025-06-14 21:19:51+00:00,16000747,67538265133,51405587815437922967570,0,55908978521286290,1.3138312001310717
2025-06-14 21:19:59+00:00,16000755,67538265134,51405587815437922967569,0,55908978521286290,1.3138312001505248
2025-06-14 21:20:37+00:00,16000793,67538265135,51405587814679073581232,0,55908978521286290,1.3138312001893726
2025-06-14 21:20:58+00:00,16000814,67538265134,51405587815679073581232,0,55908978521286290,1.3138312001443615
2025-06-14 21:21:02+00:00,16000818,67538265133,51405587816679073581232,0,55908978521286290,1.3138312000993502
2025-06-14 21:21:07+00:00,16000823,67538265146,51405587826679073581232,0,55908978532047844,1.3138312000966594
2025-06-14 21:21:12+00:00,16000828,67538265145,51405587825882893042158,0,55908978531181914,1.3138312000975554
2025-06-14 21:21:23+00:00,16000839,67538265146,51405587825124043655790,0,55908978531181914,1.3138312001364032
2025-06-14 21:22:08+00:00,16000884,67538265147,51405587824365194269445,0,55908978531181914,1.3138312001752512
2025-06-14 21:22:45+00:00,16000921,67538265148,51405587823606344883122,0,55908978531181914,1.313831200214099
2025-06-14 21:22:54+00:00,16000930,67538265213,51405587871685524996868,0,55908978584161874,1.3138312002497385
2025-06-14 21:22:54+00:00,16000930,67538265212,51405587872444374383170,0,55908978584161874,1.3138312002108907
2025-06-14 21:23:03+00:00,16000939,67538265214,51405587871685524996867,0,55908978584161874,1.3138312002691919
2025-06-14 21:23:39+00:00,16000975,67538265215,51405587870926675610599,0,55908978584161874,1.3138312003080397
2025-06-14 21:24:00+00:00,16000996,67538265214,51405587871926675610599,0,55908978584161874,1.3138312002630284
2025-06-14 21:24:05+00:00,16001001,67538265213,51405587872926675610599,0,55908978584161874,1.313831200218017
2025-06-14 21:24:10+00:00,16001006,67538265226,51405587882926675610599,0,55908978594923428,1.3138312002153265
2025-06-14 21:24:15+00:00,16001011,67538265225,51405587882130495071549,0,55908978594057498,1.3138312002162222
2025-06-14 21:24:24+00:00,16001020,67538265226,51405587881371645685250,0,55908978594057498,1.3138312002550703
2025-06-14 21:25:10+00:00,16001066,67538265227,51405587880612796298973,0,55908978594057498,1.313831200293918
2025-06-14 21:25:49+00:00,16001105,67538265228,51405587879853946912719,0,55908978594057498,1.3138312003327661
2025-06-14 21:25:54+00:00,16001110,67538265229,51405587879095097526487,0,55908978594057498,1.313831200371614
2025-06-14 21:25:55+00:00,16001111,67538265230,51405587878336248140278,0,55908978594057498,1.3138312004104618
2025-06-14 21:26:04+00:00,16001120,67538265163,51405587827318554361770,0,55908978538570395,1.3138312004110189
2025-06-14 21:26:40+00:00,16001156,67538265164,51405587826559704975583,0,55908978538570395,1.313831200449867
2025-06-14 21:27:08+00:00,16001184,67538265163,51405587827559704975583,0,55908978538570395,1.3138312004048556
2025-06-14 21:27:13+00:00,16001189,67538265162,51405587828559704975583,0,55908978538570395,1.3138312003598442
2025-06-14 21:27:17+00:00,16001193,67538265175,51405587838559704975583,0,55908978549331949,1.3138312003571537
2025-06-14 21:27:22+00:00,16001198,67538265174,51405587837763524436571,0,55908978548466019,1.3138312003580495
2025-06-14 21:28:10+00:00,16001246,67538265175,51405587837004675050354,0,55908978548466019,1.3138312003968975
2025-06-14 21:28:54+00:00,16001290,67538265176,51405587836245825664159,0,55908978548466019,1.3138312004357453
2025-06-14 21:28:56+00:00,16001292,67538265177,51405587835486976277987,0,55908978548466019,1.3138312004745931
2025-06-14 21:28:59+00:00,16001295,67538265178,51405587834728126891837,0,55908978548466019,1.3138312005134412
2025-06-14 21:29:04+00:00,16001300,67538265242,51405587883566156391885,0,55908978601445979,1.3138312005102328
2025-06-14 21:29:09+00:00,16001305,67538265175,51405587832548462614929,0,55908978545958876,1.31383120051079
2025-06-14 21:29:14+00:00,16001310,67538265176,51405587832548462614928,0,55908978545958876,1.313831200530243
2025-06-14 21:29:42+00:00,16001338,67538265177,51405587831789613228810,0,55908978545958876,1.3138312005690909
2025-06-14 21:30:12+00:00,16001368,67538265176,51405587832789613228810,0,55908978545958876,1.3138312005240798
2025-06-14 21:30:17+00:00,16001373,67538265175,51405587833789613228810,0,55908978545958876,1.3138312004790684
2025-06-14 21:30:21+00:00,16001377,67538265188,51405587843789613228810,0,55908978556720430,1.3138312004763777
2025-06-14 21:30:26+00:00,16001382,67538265187,51405587842993432689822,0,55908978555854500,1.3138312004772736
2025-06-14 21:30:28+00:00,16001384,67538265188,51405587842234583303674,0,55908978555854500,1.3138312005161215
2025-06-14 21:31:13+00:00,16001429,67538265189,51405587841475733917548,0,55908978555854500,1.3138312005549693
2025-06-14 21:31:57+00:00,16001473,67538265190,51405587840716884531445,0,55908978555854500,1.3138312005938173
2025-06-14 21:31:57+00:00,16001473,67538265191,51405587839958035145364,0,55908978555854500,1.3138312006326651
2025-06-14 21:32:02+00:00,16001478,67538265192,51405587839199185759305,0,55908978555854500,1.3138312006715132
2025-06-14 21:32:07+00:00,16001483,67538265256,51405587888037215259353,0,55908978608834460,1.3138312006683048
2025-06-14 21:32:12+00:00,16001488,67538265189,51405587837019521484702,0,55908978553347357,1.313831200668862
2025-06-14 21:32:17+00:00,16001493,67538265190,51405587837019521484701,0,55908978553347357,1.313831200688315
2025-06-14 21:32:42+00:00,16001518,67538265191,51405587836260672098675,0,55908978553347357,1.3138312007271629
2025-06-14 21:33:17+00:00,16001553,67538265190,51405587837260672098675,0,55908978553347357,1.3138312006821518
2025-06-14 21:33:22+00:00,16001558,67538265189,51405587838260672098675,0,55908978553347357,1.3138312006371404
2025-06-14 21:33:26+00:00,16001562,67538265202,51405587848260672098675,0,55908978564108911,1.3138312006344497
2025-06-14 21:33:27+00:00,16001563,67538265203,51405587847501822712618,0,55908978564108911,1.3138312006732977
2025-06-14 21:34:13+00:00,16001609,67538265204,51405587846742973326583,0,55908978564108911,1.3138312007121455
2025-06-14 21:35:06+00:00,16001662,67538265205,51405587845984123940570,0,55908978564108911,1.3138312007509936
2025-06-14 21:35:11+00:00,16001667,67538265206,51405587845225274554580,0,55908978564108911,1.3138312007898414
2025-06-14 21:35:18+00:00,16001674,67538265270,51405587894063304054628,0,55908978617088871,1.313831200786633
2025-06-14 21:35:26+00:00,16001682,67538265271,51405587894063304054627,0,55908978617088871,1.3138312008060862
2025-06-14 21:35:43+00:00,16001699,67538265272,51405587893304454668669,0,55908978617088871,1.3138312008449342
2025-06-14 21:36:25+00:00,16001741,67538265271,51405587894304454668669,0,55908978617088871,1.3138312007999229
2025-06-14 21:36:27+00:00,16001743,67538265272,51405587893545605282707,0,55908978617088871,1.3138312008387707
2025-06-14 21:36:30+00:00,16001746,67538265271,51405587894545605282707,0,55908978617088871,1.3138312007937596
2025-06-14 21:36:38+00:00,16001754,67538265270,51405587893749424743793,0,55908978616222941,1.3138312007946553
2025-06-14 21:37:12+00:00,16001788,67538265271,51405587892990575357828,0,55908978616222941,1.3138312008335031
2025-06-14 21:37:58+00:00,16001834,67538265272,51405587892231725971885,0,55908978616222941,1.3138312008723512
2025-06-14 21:38:13+00:00,16001849,67538265273,51405587891472876585965,0,55908978616222941,1.313831200911199
2025-06-14 21:38:18+00:00,16001854,67538265274,51405587890714027200067,0,55908978616222941,1.313831200950047
2025-06-14 21:38:24+00:00,16001860,67538265338,51405587939552056700115,0,55908978669202901,1.3138312009468385
2025-06-14 21:38:33+00:00,16001869,67538265339,51405587939552056700114,0,55908978669202901,1.3138312009662918
2025-06-14 21:38:43+00:00,16001879,67538265340,51405587938793207314248,0,55908978669202901,1.3138312010051396
2025-06-14 21:39:28+00:00,16001924,67538265341,51405587938034357928405,0,55908978669202901,1.3138312010439877
2025-06-14 21:39:34+00:00,16001930,67538265340,51405587939034357928405,0,55908978669202901,1.3138312009989763
2025-06-14 21:39:38+00:00,16001934,67538265339,51405587940034357928405,0,55908978669202901,1.313831200953965
2025-06-14 21:39:43+00:00,16001939,67538265352,51405587950034357928405,0,55908978679964455,1.3138312009512745
2025-06-14 21:40:13+00:00,16001969,67538265353,51405587949275508542531,0,55908978679964455,1.3138312009901223
2025-06-14 21:40:58+00:00,16002014,67538265354,51405587948516659156679,0,55908978679964455,1.3138312010289703
2025-06-14 21:41:24+00:00,16002040,67538265355,51405587947757809770849,0,55908978679964455,1.3138312010678181
2025-06-14 21:41:33+00:00,16002049,67538265419,51405587996595839270897,0,55908978732944415,1.3138312010646098
2025-06-14 21:41:38+00:00,16002054,67538265352,51405587945578145501758,0,55908978677457312,1.313831201065167
2025-06-14 21:41:43+00:00,16002059,67538265353,51405587944819296115949,0,55908978677457312,1.3138312011040147
2025-06-14 21:42:29+00:00,16002105,67538265354,51405587944060446730163,0,55908978677457312,1.3138312011428628
2025-06-14 21:42:40+00:00,16002116,67538265353,51405587945060446730163,0,55908978677457312,1.3138312010978515
2025-06-14 21:42:45+00:00,16002121,67538265352,51405587946060446730163,0,55908978677457312,1.3138312010528401
2025-06-14 21:42:50+00:00,16002126,67538265365,51405587956060446730163,0,55908978688218866,1.3138312010501496
2025-06-14 21:43:14+00:00,16002150,67538265366,51405587955301597344346,0,55908978688218866,1.3138312010889974
2025-06-14 21:44:00+00:00,16002196,67538265367,51405587954542747958551,0,55908978688218866,1.3138312011278455
2025-06-14 21:44:30+00:00,16002226,67538265368,51405587953783898572778,0,55908978688218866,1.3138312011666933
2025-06-14 21:44:40+00:00,16002236,67538265432,51405588002621928072826,0,55908978741198826,1.313831201163485
2025-06-14 21:44:45+00:00,16002241,67538265433,51405588001863078687074,0,55908978741198826,1.313831201202333
2025-06-14 21:45:30+00:00,16002286,67538265434,51405588001104229301345,0,55908978741198826,1.3138312012411808
2025-06-14 21:45:47+00:00,16002303,67538265433,51405588002104229301345,0,55908978741198826,1.3138312011961695
2025-06-14 21:45:52+00:00,16002308,67538265432,51405588003104229301345,0,55908978741198826,1.3138312011511581
2025-06-14 21:46:00+00:00,16002316,67538265431,51405588002308048762517,0,55908978740332896,1.313831201152054
2025-06-14 21:46:15+00:00,16002331,67538265432,51405588001549199376758,0,55908978740332896,1.313831201190902
2025-06-14 21:47:00+00:00,16002376,67538265433,51405588000790349991022,0,55908978740332896,1.31383120122975
2025-06-14 21:47:34+00:00,16002410,67538265434,51405588000031500605308,0,55908978740332896,1.3138312012685978
2025-06-14 21:47:39+00:00,16002415,67538265435,51405587999272651219617,0,55908978740332896,1.3138312013074456
2025-06-14 21:47:44+00:00,16002420,67538265499,51405588048110680719665,0,55908978793312856,1.3138312013042373
2025-06-14 21:47:45+00:00,16002421,67538265500,51405588047351831333994,0,55908978793312856,1.3138312013430853
2025-06-14 21:47:53+00:00,16002429,67538265501,51405588047351831333993,0,55908978793312856,1.3138312013625384
2025-06-14 21:48:30+00:00,16002466,67538265502,51405588046592981948356,0,55908978793312856,1.3138312014013862
2025-06-14 21:48:51+00:00,16002487,67538265501,51405588047592981948356,0,55908978793312856,1.313831201356375
2025-06-14 21:48:55+00:00,16002491,67538265500,51405588048592981948356,0,55908978793312856,1.3138312013113638
2025-06-14 21:48:59+00:00,16002495,67538265513,51405588058592981948356,0,55908978804074410,1.313831201308673
2025-06-14 21:49:04+00:00,16002500,67538265512,51405588057796801409564,0,55908978803208480,1.313831201309569
2025-06-14 21:49:15+00:00,16002511,67538265513,51405588057037952023896,0,55908978803208480,1.3138312013484168
2025-06-14 21:50:01+00:00,16002557,67538265514,51405588056279102638251,0,55908978803208480,1.3138312013872648
2025-06-14 21:50:38+00:00,16002594,67538265515,51405588055520253252628,0,55908978803208480,1.3138312014261126
2025-06-14 21:50:42+00:00,16002598,67538265516,51405588054761403867028,0,55908978803208480,1.3138312014649605
2025-06-14 21:50:47+00:00,16002603,67538265580,51405588103599433367076,0,55908978856188440,1.3138312014617521
2025-06-14 21:50:49+00:00,16002605,67538265581,51405588102840583981496,0,55908978856188440,1.3138312015006002
2025-06-14 21:50:52+00:00,16002608,67538265514,51405588051822890219376,0,55908978800701337,1.3138312015011573
2025-06-14 21:51:35+00:00,16002651,67538265515,51405588051064040833819,0,55908978800701337,1.313831201540005
2025-06-14 21:51:55+00:00,16002671,67538265514,51405588052064040833819,0,55908978800701337,1.3138312014949938
2025-06-14 21:51:59+00:00,16002675,67538265513,51405588053064040833819,0,55908978800701337,1.3138312014499827
2025-06-14 21:52:04+00:00,16002680,67538265526,51405588063064040833819,0,55908978811462891,1.313831201447292
2025-06-14 21:52:09+00:00,16002685,67538265525,51405588062267860295063,0,55908978810596961,1.3138312014481877
2025-06-14 21:52:20+00:00,16002696,67538265526,51405588061509010909476,0,55908978810596961,1.3138312014870357
2025-06-14 21:53:06+00:00,16002742,67538265527,51405588060750161523911,0,55908978810596961,1.3138312015258835
2025-06-14 21:53:41+00:00,16002777,67538265528,51405588059991312138368,0,55908978810596961,1.3138312015647315
2025-06-14 21:53:45+00:00,16002781,67538265529,51405588059232462752848,0,55908978810596961,1.3138312016035794
2025-06-14 21:53:51+00:00,16002787,67538265594,51405588107311642867396,0,55908978863576921,1.313831201639219
2025-06-14 21:53:51+00:00,16002787,67538265593,51405588108070492252896,0,55908978863576921,1.313831201600371
2025-06-14 21:54:00+00:00,16002796,67538265595,51405588107311642867395,0,55908978863576921,1.3138312016586722
2025-06-14 21:54:36+00:00,16002832,67538265596,51405588106552793481929,0,55908978863576921,1.31383120169752
2025-06-14 21:54:58+00:00,16002854,67538265595,51405588107552793481929,0,55908978863576921,1.3138312016525087
2025-06-14 21:55:03+00:00,16002859,67538265594,51405588108552793481929,0,55908978863576921,1.3138312016074976
2025-06-14 21:55:08+00:00,16002864,67538265607,51405588118552793481929,0,55908978874338475,1.3138312016048068
2025-06-14 21:55:21+00:00,16002877,67538265608,51405588117793944096432,0,55908978874338475,1.3138312016436549
2025-06-14 21:56:06+00:00,16002922,67538265609,51405588117035094710957,0,55908978874338475,1.3138312016825027
2025-06-14 21:56:46+00:00,16002962,67538265610,51405588116276245325505,0,55908978874338475,1.3138312017213507
2025-06-14 21:56:51+00:00,16002967,67538265611,51405588115517395940075,0,55908978874338475,1.3138312017601985
2025-06-14 21:56:55+00:00,16002971,67538265675,51405588164355425440123,0,55908978927318435,1.3138312017569902
2025-06-14 21:57:00+00:00,16002976,67538265608,51405588113337731681859,0,55908978871831332,1.3138312017575473
2025-06-14 21:57:05+00:00,16002981,67538265609,51405588113337731681858,0,55908978871831332,1.3138312017770004
2025-06-14 21:57:37+00:00,16003013,67538265610,51405588112578882296460,0,55908978871831332,1.3138312018158484
2025-06-14 21:58:04+00:00,16003040,67538265609,51405588113578882296460,0,55908978871831332,1.3138312017708371
2025-06-14 21:58:12+00:00,16003048,67538265622,51405588123578882296460,0,55908978882592886,1.3138312017681464
2025-06-14 21:58:17+00:00,16003053,67538265621,51405588122782701757779,0,55908978881726956,1.3138312017690421
2025-06-14 21:58:23+00:00,16003059,67538265622,51405588122023852372377,0,55908978881726956,1.3138312018078901
2025-06-14 21:59:09+00:00,16003105,67538265623,51405588121265002986997,0,55908978881726956,1.313831201846738
2025-06-14 21:59:51+00:00,16003147,67538265624,51405588120506153601640,0,55908978881726956,1.313831201885586
2025-06-14 21:59:55+00:00,16003151,67538265625,51405588119747304216305,0,55908978881726956,1.3138312019244338
2025-06-14 21:59:56+00:00,16003152,67538265626,51405588118988454830993,0,55908978881726956,1.3138312019632818
2025-06-14 22:00:01+00:00,16003157,67538265690,51405588167826484331041,0,55908978934706916,1.3138312019600735
2025-06-14 22:00:07+00:00,16003163,67538265623,51405588116808790576075,0,55908978879219813,1.3138312019606306
2025-06-14 22:00:13+00:00,16003169,67538265624,51405588116808790576074,0,55908978879219813,1.3138312019800837
2025-06-14 22:00:43+00:00,16003199,67538265625,51405588116049941190794,0,55908978879219813,1.3138312020189316
2025-06-14 22:01:14+00:00,16003230,67538265624,51405588117049941190794,0,55908978879219813,1.3138312019739202
2025-06-14 22:01:19+00:00,16003235,67538265623,51405588118049941190794,0,55908978879219813,1.3138312019289091
2025-06-14 22:01:23+00:00,16003239,67538265636,51405588128049941190794,0,55908978889981367,1.3138312019262184
2025-06-14 22:01:28+00:00,16003244,67538265635,51405588127253760652149,0,55908978889115437,1.3138312019271141
2025-06-14 22:01:31+00:00,16003247,67538265636,51405588126494911266838,0,55908978889115437,1.3138312019659621
2025-06-14 22:02:16+00:00,16003292,67538265637,51405588125736061881550,0,55908978889115437,1.31383120200481
2025-06-14 22:03:01+00:00,16003337,67538265638,51405588124977212496284,0,55908978889115437,1.313831202043658
2025-06-14 22:03:01+00:00,16003337,67538265639,51405588124218363111040,0,55908978889115437,1.3138312020825058
2025-06-14 22:03:06+00:00,16003342,67538265640,51405588123459513725819,0,55908978889115437,1.3138312021213538
2025-06-14 22:03:12+00:00,16003348,67538265704,51405588172297543225867,0,55908978942095397,1.3138312021181455
2025-06-14 22:03:21+00:00,16003357,67538265705,51405588172297543225866,0,55908978942095397,1.3138312021375986
2025-06-14 22:03:47+00:00,16003383,67538265706,51405588171538693840677,0,55908978942095397,1.3138312021764464
2025-06-14 22:04:20+00:00,16003416,67538265705,51405588172538693840677,0,55908978942095397,1.3138312021314351
2025-06-14 22:04:25+00:00,16003421,67538265704,51405588173538693840677,0,55908978942095397,1.313831202086424
2025-06-14 22:04:29+00:00,16003425,67538265717,51405588183538693840677,0,55908978952856951,1.3138312020837333
2025-06-14 22:04:34+00:00,16003430,67538265716,51405588182742513302068,0,55908978951991021,1.313831202084629
2025-06-14 22:05:18+00:00,16003474,67538265717,51405588181983663916848,0,55908978951991021,1.313831202123477
2025-06-14 22:06:04+00:00,16003520,67538265718,51405588181224814531651,0,55908978951991021,1.3138312021623249
2025-06-14 22:06:11+00:00,16003527,67538265719,51405588180465965146476,0,55908978951991021,1.3138312022011729
2025-06-14 22:06:16+00:00,16003532,67538265720,51405588179707115761323,0,55908978951991021,1.3138312022400207
2025-06-14 22:06:22+00:00,16003538,67538265784,51405588228545145261371,0,55908979004970981,1.3138312022368124
2025-06-14 22:06:30+00:00,16003546,67538265785,51405588228545145261370,0,55908979004970981,1.3138312022562655
2025-06-14 22:06:49+00:00,16003565,67538265786,51405588227786295876249,0,55908979004970981,1.3138312022951135
2025-06-14 22:07:27+00:00,16003603,67538265785,51405588228786295876249,0,55908979004970981,1.3138312022501022
2025-06-14 22:07:32+00:00,16003608,67538265784,51405588229786295876249,0,55908979004970981,1.3138312022050909
2025-06-14 22:07:34+00:00,16003610,67538265785,51405588229027446491099,0,55908979004970981,1.313831202243939
2025-06-14 22:07:41+00:00,16003617,67538265784,51405588228231265952528,0,55908979004105051,1.3138312022448346
2025-06-14 22:08:20+00:00,16003656,67538265785,51405588227472416567401,0,55908979004105051,1.3138312022836824
2025-06-14 22:09:05+00:00,16003701,67538265786,51405588226713567182296,0,55908979004105051,1.3138312023225305
2025-06-14 22:09:17+00:00,16003713,67538265787,51405588225954717797214,0,55908979004105051,1.3138312023613783
2025-06-14 22:09:21+00:00,16003717,67538265788,51405588225195868412154,0,55908979004105051,1.3138312024002263
2025-06-14 22:09:27+00:00,16003723,67538265852,51405588274033897912202,0,55908979057085011,1.313831202397018
2025-06-14 22:09:36+00:00,16003732,67538265853,51405588274033897912201,0,55908979057085011,1.3138312024164711
2025-06-14 22:09:51+00:00,16003747,67538265854,51405588273275048527173,0,55908979057085011,1.313831202455319
2025-06-14 22:10:35+00:00,16003791,67538265853,51405588274275048527173,0,55908979057085011,1.3138312024103076
2025-06-14 22:10:37+00:00,16003793,67538265854,51405588273516199142141,0,55908979057085011,1.3138312024491556
2025-06-14 22:10:40+00:00,16003796,67538265853,51405588274516199142141,0,55908979057085011,1.3138312024041443
2025-06-14 22:10:49+00:00,16003805,67538265852,51405588273720018603608,0,55908979056219081,1.31383120240504
2025-06-14 22:11:24+00:00,16003840,67538265853,51405588272961169218573,0,55908979056219081,1.313831202443888
2025-06-14 22:12:10+00:00,16003886,67538265854,51405588272202319833561,0,55908979056219081,1.3138312024827359
2025-06-14 22:12:24+00:00,16003900,67538265855,51405588271443470448571,0,55908979056219081,1.313831202521584
2025-06-14 22:12:29+00:00,16003905,67538265856,51405588270684621063603,0,55908979056219081,1.3138312025604317
2025-06-14 22:12:34+00:00,16003910,67538265920,51405588319522650563651,0,55908979109199041,1.3138312025572234
2025-06-14 22:12:39+00:00,16003915,67538265853,51405588268504956817360,0,55908979053711938,1.3138312025577805
2025-06-14 22:12:43+00:00,16003919,67538265854,51405588268504956817359,0,55908979053711938,1.3138312025772336
2025-06-14 22:12:56+00:00,16003932,67538265855,51405588267746107432424,0,55908979053711938,1.3138312026160814
2025-06-14 22:13:42+00:00,16003978,67538265856,51405588266987258047511,0,55908979053711938,1.3138312026549295
2025-06-14 22:13:44+00:00,16003980,67538265855,51405588267987258047511,0,55908979053711938,1.3138312026099181
2025-06-14 22:13:49+00:00,16003985,67538265854,51405588268987258047511,0,55908979053711938,1.3138312025649068
2025-06-14 22:13:54+00:00,16003990,67538265867,51405588278987258047511,0,55908979064473492,1.3138312025622163
2025-06-14 22:14:27+00:00,16004023,67538265868,51405588278228408662567,0,55908979064473492,1.3138312026010641
2025-06-14 22:15:13+00:00,16004069,67538265869,51405588277469559277645,0,55908979064473492,1.3138312026399122
2025-06-14 22:15:38+00:00,16004094,67538265870,51405588276710709892746,0,55908979064473492,1.31383120267876
2025-06-14 22:15:43+00:00,16004099,67538265871,51405588275951860507869,0,55908979064473492,1.313831202717608
2025-06-14 22:15:49+00:00,16004105,67538265935,51405588324789890007917,0,55908979117453452,1.3138312027143997
2025-06-14 22:15:58+00:00,16004114,67538265936,51405588324789890007916,0,55908979117453452,1.3138312027338528
2025-06-14 22:15:59+00:00,16004115,67538265937,51405588324031040623071,0,55908979117453452,1.3138312027727006
2025-06-14 22:16:45+00:00,16004161,67538265938,51405588323272191238249,0,55908979117453452,1.3138312028115486
2025-06-14 22:17:00+00:00,16004176,67538265937,51405588324272191238249,0,55908979117453452,1.3138312027665373
2025-06-14 22:17:05+00:00,16004181,67538265936,51405588325272191238249,0,55908979117453452,1.313831202721526
2025-06-14 22:17:10+00:00,16004186,67538265949,51405588335272191238249,0,55908979128215006,1.3138312027188355
2025-06-14 22:17:15+00:00,16004191,67538265948,51405588334476010699788,0,55908979127349076,1.3138312027197312
2025-06-14 22:17:30+00:00,16004206,67538265949,51405588333717161314935,0,55908979127349076,1.313831202758579
2025-06-14 22:18:16+00:00,16004252,67538265950,51405588332958311930104,0,55908979127349076,1.313831202797427
2025-06-14 22:18:55+00:00,16004291,67538265951,51405588332199462545296,0,55908979127349076,1.3138312028362749
2025-06-14 22:19:00+00:00,16004296,67538265952,51405588331440613160510,0,55908979127349076,1.313831202875123
2025-06-14 22:19:01+00:00,16004297,67538265953,51405588330681763775747,0,55908979127349076,1.3138312029139707
2025-06-14 22:19:10+00:00,16004306,67538265886,51405588279664070034943,0,55908979071861973,1.3138312029145278
2025-06-14 22:19:15+00:00,16004311,67538265887,51405588279664070034942,0,55908979071861973,1.313831202933981
2025-06-14 22:19:46+00:00,16004342,67538265888,51405588278905220650213,0,55908979071861973,1.313831202972829
2025-06-14 22:20:19+00:00,16004375,67538265887,51405588279905220650213,0,55908979071861973,1.3138312029278176
2025-06-14 22:20:25+00:00,16004381,67538265886,51405588280905220650213,0,55908979071861973,1.3138312028828063
2025-06-14 22:20:33+00:00,16004389,67538265887,51405588280146371265454,0,55908979071861973,1.3138312029216543
2025-06-14 22:20:34+00:00,16004390,67538265886,51405588279350190727044,0,55908979070996043,1.31383120292255
2025-06-14 22:21:19+00:00,16004435,67538265887,51405588278591341342308,0,55908979070996043,1.3138312029613979
2025-06-14 22:22:04+00:00,16004480,67538265888,51405588277832491957595,0,55908979070996043,1.313831203000246
2025-06-14 22:22:10+00:00,16004486,67538265889,51405588277073642572904,0,55908979070996043,1.3138312030390937
2025-06-14 22:22:15+00:00,16004491,67538265890,51405588276314793188235,0,55908979070996043,1.3138312030779418
2025-06-14 22:22:20+00:00,16004496,67538265954,51405588325152822688283,0,55908979123976003,1.3138312030747334
2025-06-14 22:22:25+00:00,16004501,67538265887,51405588274135128949888,0,55908979068488900,1.3138312030752906
2025-06-14 22:22:30+00:00,16004506,67538265888,51405588274135128949887,0,55908979068488900,1.3138312030947437
2025-06-14 22:22:50+00:00,16004526,67538265889,51405588273376279565251,0,55908979068488900,1.3138312031335915
2025-06-14 22:23:29+00:00,16004565,67538265888,51405588274376279565251,0,55908979068488900,1.3138312030885801
2025-06-14 22:23:33+00:00,16004569,67538265887,51405588275376279565251,0,55908979068488900,1.313831203043569
2025-06-14 22:23:35+00:00,16004571,67538265888,51405588274617430180585,0,55908979068488900,1.3138312030824169
2025-06-14 22:23:38+00:00,16004574,67538265901,51405588284617430180585,0,55908979079250454,1.3138312030797263
2025-06-14 22:24:20+00:00,16004616,67538265902,51405588283858580795940,0,55908979079250454,1.3138312031185742
2025-06-14 22:25:05+00:00,16004661,67538265903,51405588283099731411317,0,55908979079250454,1.3138312031574222
2025-06-14 22:25:17+00:00,16004673,67538265904,51405588282340882026717,0,55908979079250454,1.31383120319627
2025-06-14 22:25:22+00:00,16004678,67538265905,51405588281582032642139,0,55908979079250454,1.3138312032351178
2025-06-14 22:25:28+00:00,16004684,67538265969,51405588330420062142187,0,55908979132230414,1.3138312032319095
2025-06-14 22:25:37+00:00,16004693,67538265970,51405588330420062142186,0,55908979132230414,1.3138312032513628
2025-06-14 22:25:50+00:00,16004706,67538265971,51405588329661212757640,0,55908979132230414,1.3138312032902106
2025-06-14 22:26:35+00:00,16004751,67538265971,51405588329902363373116,0,55908979132230414,1.3138312032840473
2025-06-14 22:26:35+00:00,16004751,67538265972,51405588328902363373116,0,55908979132230414,1.3138312033290585
2025-06-14 22:26:44+00:00,16004760,67538265984,51405588339902363373116,0,55908979142991968,1.3138312032813566
2025-06-14 22:26:48+00:00,16004764,67538265983,51405588339106182834793,0,55908979142126038,1.3138312032822523
2025-06-14 22:27:20+00:00,16004796,67538265984,51405588338347333450265,0,55908979142126038,1.3138312033211004
2025-06-14 22:28:05+00:00,16004841,67538265985,51405588337588484065759,0,55908979142126038,1.3138312033599482
2025-06-14 22:28:23+00:00,16004859,67538265986,51405588336829634681276,0,55908979142126038,1.3138312033987962
2025-06-14 22:28:28+00:00,16004864,67538265987,51405588336070785296815,0,55908979142126038,1.313831203437644
2025-06-14 22:28:33+00:00,16004869,67538266051,51405588384908814796863,0,55908979195105998,1.3138312034344357
2025-06-14 22:28:38+00:00,16004874,67538265984,51405588333891121064070,0,55908979139618895,1.3138312034349928
2025-06-14 22:28:49+00:00,16004885,67538265985,51405588333132271679630,0,55908979139618895,1.3138312034738409
2025-06-14 22:29:35+00:00,16004931,67538265986,51405588332373422295213,0,55908979139618895,1.3138312035126887
2025-06-14 22:29:43+00:00,16004939,67538265985,51405588333373422295213,0,55908979139618895,1.3138312034676773
2025-06-14 22:29:51+00:00,16004947,67538265984,51405588332577241756943,0,55908979138752965,1.313831203468573
2025-06-14 22:30:20+00:00,16004976,67538265985,51405588331818392372522,0,55908979138752965,1.313831203507421
2025-06-14 22:31:06+00:00,16005022,67538265986,51405588331059542988124,0,55908979138752965,1.313831203546269
2025-06-14 22:31:27+00:00,16005043,67538265987,51405588330300693603748,0,55908979138752965,1.313831203585117
2025-06-14 22:31:31+00:00,16005047,67538265988,51405588329541844219395,0,55908979138752965,1.3138312036239648
2025-06-14 22:31:37+00:00,16005053,67538266052,51405588378379873719443,0,55908979191732925,1.3138312036207564
2025-06-14 22:31:41+00:00,16005057,67538265985,51405588327362179990052,0,55908979136245822,1.3138312036213136
2025-06-14 22:31:46+00:00,16005062,67538265986,51405588327362179990051,0,55908979136245822,1.3138312036407667
2025-06-14 22:31:51+00:00,16005067,67538265987,51405588326603330605730,0,55908979136245822,1.3138312036796147
2025-06-14 22:32:37+00:00,16005113,67538265988,51405588325844481221431,0,55908979136245822,1.3138312037184625
2025-06-14 22:32:45+00:00,16005121,67538265987,51405588326844481221431,0,55908979136245822,1.3138312036734512
2025-06-14 22:32:49+00:00,16005125,67538265986,51405588327844481221431,0,55908979136245822,1.31383120362844
2025-06-14 22:32:54+00:00,16005130,67538265999,51405588337844481221431,0,55908979147007376,1.3138312036257493
2025-06-14 22:33:22+00:00,16005158,67538266000,51405588337085631837101,0,55908979147007376,1.3138312036645974
2025-06-14 22:34:08+00:00,16005204,67538266001,51405588336326782452794,0,55908979147007376,1.3138312037034452
2025-06-14 22:34:32+00:00,16005228,67538266002,51405588335567933068509,0,55908979147007376,1.3138312037422932
2025-06-14 22:34:36+00:00,16005232,67538266003,51405588334809083684247,0,55908979147007376,1.313831203781141
2025-06-14 22:34:42+00:00,16005238,67538266067,51405588383647113184295,0,55908979199987336,1.3138312037779327
2025-06-14 22:34:50+00:00,16005246,67538266068,51405588383647113184294,0,55908979199987336,1.3138312037973858
2025-06-14 22:35:39+00:00,16005295,67538266069,51405588382888263800063,0,55908979199987336,1.3138312038362336
2025-06-14 22:35:49+00:00,16005305,67538266068,51405588383888263800063,0,55908979199987336,1.3138312037912225
2025-06-14 22:35:57+00:00,16005313,67538266081,51405588393888263800063,0,55908979210748890,1.3138312037885318
2025-06-14 22:36:25+00:00,16005341,67538266082,51405588393129414415827,0,55908979210748890,1.3138312038273798
2025-06-14 22:37:11+00:00,16005387,67538266083,51405588392370565031614,0,55908979210748890,1.3138312038662276
2025-06-14 22:37:36+00:00,16005412,67538266084,51405588391611715647423,0,55908979210748890,1.3138312039050757
2025-06-14 22:37:45+00:00,16005421,67538266148,51405588440449745147471,0,55908979263728850,1.3138312039018674
2025-06-14 22:37:50+00:00,16005426,67538266081,51405588389432051422175,0,55908979208241747,1.3138312039024245
2025-06-14 22:37:55+00:00,16005431,67538266082,51405588389432051422174,0,55908979208241747,1.3138312039218776
2025-06-14 22:37:55+00:00,16005431,67538266083,51405588388673202038015,0,55908979208241747,1.3138312039607254
2025-06-14 22:38:41+00:00,16005477,67538266084,51405588387914352653879,0,55908979208241747,1.3138312039995734
2025-06-14 22:38:55+00:00,16005491,67538266083,51405588388914352653879,0,55908979208241747,1.313831203954562
2025-06-14 22:39:00+00:00,16005496,67538266082,51405588389914352653879,0,55908979208241747,1.3138312039095508
2025-06-14 22:39:05+00:00,16005501,67538266095,51405588399914352653879,0,55908979219003301,1.3138312039068603
2025-06-14 22:39:09+00:00,16005505,67538266094,51405588399118172115709,0,55908979218137371,1.313831203907756
2025-06-14 22:39:27+00:00,16005523,67538266095,51405588398359322731542,0,55908979218137371,1.3138312039466038
2025-06-14 22:40:12+00:00,16005568,67538266096,51405588397600473347398,0,55908979218137371,1.3138312039854518
2025-06-14 22:40:46+00:00,16005602,67538266097,51405588396841623963276,0,55908979218137371,1.3138312040242996
2025-06-14 22:40:50+00:00,16005606,67538266098,51405588396082774579176,0,55908979218137371,1.3138312040631477
2025-06-14 22:40:56+00:00,16005612,67538266162,51405588444920804079224,0,55908979271117331,1.3138312040599391
2025-06-14 22:40:57+00:00,16005613,67538266163,51405588444161954695145,0,55908979271117331,1.3138312040987872
2025-06-14 22:41:05+00:00,16005621,67538266164,51405588444161954695144,0,55908979271117331,1.3138312041182403
2025-06-14 22:41:42+00:00,16005658,67538266165,51405588443403105311099,0,55908979271117331,1.3138312041570883
2025-06-14 22:42:02+00:00,16005678,67538266164,51405588444403105311099,0,55908979271117331,1.313831204112077
2025-06-14 22:42:06+00:00,16005682,67538266163,51405588445403105311099,0,55908979271117331,1.3138312040670657
2025-06-14 22:42:11+00:00,16005687,67538266176,51405588455403105311099,0,55908979281878885,1.3138312040643751
2025-06-14 22:42:16+00:00,16005692,67538266175,51405588454606924772965,0,55908979281012955,1.3138312040652709
2025-06-14 22:42:28+00:00,16005704,67538266176,51405588453848075388889,0,55908979281012955,1.3138312041041187
2025-06-14 22:43:13+00:00,16005749,67538266177,51405588453089226004836,0,55908979281012955,1.3138312041429667
2025-06-14 22:43:50+00:00,16005786,67538266178,51405588452330376620805,0,55908979281012955,1.3138312041818145
2025-06-14 22:43:55+00:00,16005791,67538266179,51405588451571527236796,0,55908979281012955,1.3138312042206626
2025-06-14 22:43:57+00:00,16005793,67538266180,51405588450812677852810,0,55908979281012955,1.3138312042595104
2025-06-14 22:44:05+00:00,16005801,67538266113,51405588399794984133002,0,55908979225525852,1.3138312042600675
2025-06-14 22:44:10+00:00,16005806,67538266114,51405588399794984133001,0,55908979225525852,1.3138312042795206
2025-06-14 22:44:43+00:00,16005839,67538266115,51405588399036134749049,0,55908979225525852,1.3138312043183686
2025-06-14 22:45:09+00:00,16005865,67538266114,51405588400036134749049,0,55908979225525852,1.3138312042733573
2025-06-14 22:45:14+00:00,16005870,67538266113,51405588401036134749049,0,55908979225525852,1.313831204228346
2025-06-14 22:45:23+00:00,16005879,67538266112,51405588400239954210955,0,55908979224659922,1.3138312042292417
2025-06-14 22:45:31+00:00,16005887,67538266113,51405588399481104826974,0,55908979224659922,1.3138312042680897
2025-06-14 22:46:20+00:00,16005936,67538266114,51405588398722255443015,0,55908979224659922,1.3138312043069376
2025-06-14 22:46:58+00:00,16005974,67538266115,51405588397963406059079,0,55908979224659922,1.3138312043457856
2025-06-14 22:47:07+00:00,16005983,67538266179,51405588446801435559127,0,55908979277639882,1.313831204342577
2025-06-14 22:47:08+00:00,16005984,67538266180,51405588446042586175211,0,55908979277639882,1.313831204381425
2025-06-14 22:47:17+00:00,16005993,67538266181,51405588446042586175210,0,55908979277639882,1.3138312044008782
2025-06-14 22:47:57+00:00,16006033,67538266182,51405588445283736791328,0,55908979277639882,1.3138312044397262
2025-06-14 22:48:15+00:00,16006051,67538266181,51405588446283736791328,0,55908979277639882,1.313831204394715
2025-06-14 22:48:20+00:00,16006056,67538266180,51405588447283736791328,0,55908979277639882,1.3138312043497036
2025-06-14 22:48:29+00:00,16006065,67538266179,51405588446487556253260,0,55908979276773952,1.3138312043505993
2025-06-14 22:48:46+00:00,16006082,67538266180,51405588445728706869349,0,55908979276773952,1.3138312043894473
2025-06-14 22:49:35+00:00,16006131,67538266181,51405588444969857485460,0,55908979276773952,1.3138312044282952
2025-06-14 22:50:03+00:00,16006159,67538266182,51405588444211008101594,0,55908979276773952,1.313831204467143
2025-06-14 22:50:08+00:00,16006164,67538266183,51405588443452158717750,0,55908979276773952,1.313831204505991
2025-06-14 22:50:14+00:00,16006170,67538266247,51405588492290188217798,0,55908979329753912,1.3138312045027827
2025-06-14 22:50:18+00:00,16006174,67538266180,51405588441272494501302,0,55908979274266809,1.3138312045033398
2025-06-14 22:50:23+00:00,16006179,67538266181,51405588441272494501301,0,55908979274266809,1.313831204522793
2025-06-14 22:50:24+00:00,16006180,67538266182,51405588440513645117489,0,55908979274266809,1.3138312045616407
2025-06-14 22:51:13+00:00,16006229,67538266183,51405588439754795733700,0,55908979274266809,1.3138312046004887
2025-06-14 22:51:21+00:00,16006237,67538266182,51405588440754795733700,0,55908979274266809,1.3138312045554774
2025-06-14 22:51:26+00:00,16006242,67538266181,51405588441754795733700,0,55908979274266809,1.313831204510466
2025-06-14 22:51:34+00:00,16006250,67538266180,51405588440958615195669,0,55908979273400879,1.3138312045113618
2025-06-14 22:52:01+00:00,16006277,67538266181,51405588440199765811851,0,55908979273400879,1.3138312045502099
2025-06-14 22:52:50+00:00,16006326,67538266182,51405588439440916428055,0,55908979273400879,1.3138312045890577
2025-06-14 22:53:07+00:00,16006343,67538266183,51405588438682067044282,0,55908979273400879,1.3138312046279057
2025-06-14 22:53:12+00:00,16006348,67538266184,51405588437923217660531,0,55908979273400879,1.3138312046667535
2025-06-14 22:53:18+00:00,16006354,67538266248,51405588486761247160579,0,55908979326380839,1.3138312046635452
2025-06-14 22:53:26+00:00,16006362,67538266249,51405588486761247160578,0,55908979326380839,1.3138312046829983
2025-06-14 22:53:37+00:00,16006373,67538266250,51405588486002397776859,0,55908979326380839,1.3138312047218463
2025-06-14 22:54:22+00:00,16006418,67538266250,51405588486243548393136,0,55908979326380839,1.3138312047156828
2025-06-14 22:54:22+00:00,16006418,67538266249,51405588487002397776859,0,55908979326380839,1.313831204676835
2025-06-14 22:54:27+00:00,16006423,67538266249,51405588487243548393136,0,55908979326380839,1.3138312046706717
2025-06-14 22:54:36+00:00,16006432,67538266248,51405588486447367855143,0,55908979325514909,1.3138312046715674
2025-06-14 22:55:07+00:00,16006463,67538266249,51405588485688518471417,0,55908979325514909,1.3138312047104153
2025-06-14 22:55:52+00:00,16006508,67538266250,51405588484929669087714,0,55908979325514909,1.3138312047492633
2025-06-14 22:56:09+00:00,16006525,67538266251,51405588484170819704033,0,55908979325514909,1.313831204788111
2025-06-14 22:56:14+00:00,16006530,67538266252,51405588483411970320375,0,55908979325514909,1.3138312048269591
2025-06-14 22:56:19+00:00,16006535,67538266316,51405588532249999820423,0,55908979378494869,1.3138312048237506
2025-06-14 22:56:24+00:00,16006540,67538266249,51405588481232306108745,0,55908979323007766,1.3138312048243077
2025-06-14 22:56:29+00:00,16006545,67538266250,51405588481232306108744,0,55908979323007766,1.313831204843761
2025-06-14 22:56:37+00:00,16006553,67538266251,51405588480473456725118,0,55908979323007766,1.3138312048826088
2025-06-14 22:57:21+00:00,16006597,67538266252,51405588479714607341514,0,55908979323007766,1.3138312049214569
2025-06-14 22:57:25+00:00,16006601,67538266251,51405588480714607341514,0,55908979323007766,1.3138312048764456
2025-06-14 22:57:29+00:00,16006605,67538266250,51405588481714607341514,0,55908979323007766,1.3138312048314342
2025-06-14 22:57:34+00:00,16006610,67538266263,51405588491714607341514,0,55908979333769320,1.3138312048287437
2025-06-14 22:57:39+00:00,16006615,67538266262,51405588490918426803557,0,55908979332903390,1.3138312048296394
2025-06-14 22:58:06+00:00,16006642,67538266263,51405588490159577419923,0,55908979332903390,1.3138312048684873
2025-06-14 22:58:51+00:00,16006687,67538266264,51405588489400728036311,0,55908979332903390,1.3138312049073353
2025-06-14 22:59:10+00:00,16006706,67538266265,51405588488641878652721,0,55908979332903390,1.313831204946183
2025-06-14 22:59:14+00:00,16006710,67538266266,51405588487883029269154,0,55908979332903390,1.3138312049850311
2025-06-14 22:59:20+00:00,16006716,67538266330,51405588536721058769202,0,55908979385883350,1.3138312049818226
2025-06-14 22:59:24+00:00,16006720,67538266263,51405588485703365059829,0,55908979330396247,1.3138312049823797
2025-06-14 22:59:29+00:00,16006725,67538266264,51405588485703365059828,0,55908979330396247,1.313831205001833
2025-06-14 22:59:35+00:00,16006731,67538266265,51405588484944515676293,0,55908979330396247,1.3138312050406808
2025-06-14 23:00:21+00:00,16006777,67538266266,51405588484185666292780,0,55908979330396247,1.3138312050795287
2025-06-14 23:00:29+00:00,16006785,67538266265,51405588485185666292780,0,55908979330396247,1.3138312050345176
2025-06-14 23:00:38+00:00,16006794,67538266278,51405588495185666292780,0,55908979341157801,1.3138312050318268
2025-06-14 23:00:42+00:00,16006798,67538266277,51405588494389485754874,0,55908979340291871,1.3138312050327225
2025-06-14 23:01:06+00:00,16006822,67538266278,51405588493630636371357,0,55908979340291871,1.3138312050715706
2025-06-14 23:01:51+00:00,16006867,67538266279,51405588492871786987862,0,55908979340291871,1.3138312051104184
2025-06-14 23:02:22+00:00,16006898,67538266280,51405588492112937604390,0,55908979340291871,1.3138312051492664
2025-06-14 23:02:26+00:00,16006902,67538266281,51405588491354088220940,0,55908979340291871,1.3138312051881142
2025-06-14 23:02:32+00:00,16006908,67538266345,51405588540192117720988,0,55908979393271831,1.313831205184906
2025-06-14 23:02:36+00:00,16006912,67538266346,51405588539433268337559,0,55908979393271831,1.313831205223754
2025-06-14 23:02:37+00:00,16006913,67538266279,51405588488415574632237,0,55908979337784728,1.313831205224311
2025-06-14 23:02:42+00:00,16006918,67538266280,51405588488415574632236,0,55908979337784728,1.3138312052437642
2025-06-14 23:03:23+00:00,16006959,67538266281,51405588487656725248841,0,55908979337784728,1.313831205282612
2025-06-14 23:03:42+00:00,16006978,67538266280,51405588488656725248841,0,55908979337784728,1.3138312052376007
2025-06-14 23:03:46+00:00,16006982,67538266279,51405588489656725248841,0,55908979337784728,1.3138312051925896
2025-06-14 23:03:51+00:00,16006987,67538266292,51405588499656725248841,0,55908979348546282,1.3138312051898988
2025-06-14 23:03:56+00:00,16006992,67538266291,51405588498860544710971,0,55908979347680352,1.3138312051907945
2025-06-14 23:04:09+00:00,16007005,67538266292,51405588498101695327545,0,55908979347680352,1.3138312052296426
2025-06-14 23:04:56+00:00,16007052,67538266293,51405588497342845944142,0,55908979347680352,1.3138312052684904
2025-06-14 23:05:35+00:00,16007091,67538266294,51405588496583996560761,0,55908979347680352,1.3138312053073384
2025-06-14 23:05:40+00:00,16007096,67538266295,51405588495825147177403,0,55908979347680352,1.3138312053461862
2025-06-14 23:05:46+00:00,16007102,67538266359,51405588544663176677451,0,55908979400660312,1.313831205342978
2025-06-14 23:05:50+00:00,16007106,67538266292,51405588493645482973680,0,55908979345173209,1.313831205343535
2025-06-14 23:05:55+00:00,16007111,67538266293,51405588493645482973679,0,55908979345173209,1.3138312053629881
2025-06-14 23:06:30+00:00,16007146,67538266294,51405588492886633590353,0,55908979345173209,1.3138312054018362
2025-06-14 23:06:56+00:00,16007172,67538266293,51405588493886633590353,0,55908979345173209,1.3138312053568248
2025-06-14 23:07:01+00:00,16007177,67538266292,51405588494886633590353,0,55908979345173209,1.3138312053118135
2025-06-14 23:07:10+00:00,16007186,67538266291,51405588494090453052509,0,55908979344307279,1.3138312053127092
2025-06-14 23:07:58+00:00,16007234,67538266292,51405588493331603669154,0,55908979344307279,1.3138312053515573
2025-06-14 23:08:42+00:00,16007278,67538266293,51405588492572754285821,0,55908979344307279,1.313831205390405
2025-06-14 23:08:49+00:00,16007285,67538266294,51405588491813904902510,0,55908979344307279,1.3138312054292531
2025-06-14 23:08:53+00:00,16007289,67538266295,51405588491055055519222,0,55908979344307279,1.313831205468101
2025-06-14 23:08:59+00:00,16007295,67538266359,51405588539893085019270,0,55908979397287239,1.3138312054648926
2025-06-14 23:09:08+00:00,16007304,67538266360,51405588539893085019269,0,55908979397287239,1.3138312054843457
2025-06-14 23:09:26+00:00,16007322,67538266361,51405588539134235636013,0,55908979397287239,1.3138312055231935
2025-06-14 23:10:08+00:00,16007364,67538266360,51405588540134235636013,0,55908979397287239,1.3138312054781824
2025-06-14 23:10:10+00:00,16007366,67538266361,51405588539375386252753,0,55908979397287239,1.3138312055170303
2025-06-14 23:10:13+00:00,16007369,67538266360,51405588540375386252753,0,55908979397287239,1.313831205472019
2025-06-14 23:10:18+00:00,16007374,67538266373,51405588550375386252753,0,55908979408048793,1.3138312054693284
2025-06-14 23:10:22+00:00,16007378,67538266372,51405588549579205714945,0,55908979407182863,1.3138312054702241
2025-06-14 23:10:55+00:00,16007411,67538266373,51405588548820356331681,0,55908979407182863,1.3138312055090722
2025-06-14 23:11:39+00:00,16007455,67538266374,51405588548061506948439,0,55908979407182863,1.31383120554792
2025-06-14 23:12:00+00:00,16007476,67538266375,51405588547302657565219,0,55908979407182863,1.3138312055867678
2025-06-14 23:12:10+00:00,16007486,67538266439,51405588596140687065267,0,55908979460162823,1.3138312055835595
2025-06-14 23:12:15+00:00,16007491,67538266372,51405588545122993364704,0,55908979404675720,1.3138312055841166
2025-06-14 23:12:20+00:00,16007496,67538266373,51405588545122993364703,0,55908979404675720,1.3138312056035697
2025-06-14 23:12:22+00:00,16007498,67538266374,51405588544364143981516,0,55908979404675720,1.3138312056424177
2025-06-14 23:13:06+00:00,16007542,67538266375,51405588543605294598351,0,55908979404675720,1.3138312056812655
2025-06-14 23:13:18+00:00,16007554,67538266374,51405588544605294598351,0,55908979404675720,1.3138312056362544
2025-06-14 23:13:27+00:00,16007563,67538266387,51405588554605294598351,0,55908979415437274,1.3138312056335637
2025-06-14 23:13:31+00:00,16007567,67538266386,51405588553809114060583,0,55908979414571344,1.3138312056344594
2025-06-14 23:13:50+00:00,16007586,67538266387,51405588553050264677413,0,55908979414571344,1.3138312056733075
2025-06-14 23:14:34+00:00,16007630,67538266388,51405588552291415294266,0,55908979414571344,1.3138312057121553
2025-06-14 23:15:05+00:00,16007661,67538266389,51405588551532565911141,0,55908979414571344,1.3138312057510033
2025-06-14 23:15:10+00:00,16007666,67538266390,51405588550773716528039,0,55908979414571344,1.3138312057898511
2025-06-14 23:15:16+00:00,16007672,67538266454,51405588599611746028087,0,55908979467551304,1.3138312057866428
2025-06-14 23:15:18+00:00,16007674,67538266455,51405588598852896645005,0,55908979467551304,1.3138312058254908
2025-06-14 23:15:20+00:00,16007676,67538266388,51405588547835202948492,0,55908979412064201,1.3138312058260477
2025-06-14 23:15:25+00:00,16007681,67538266389,51405588547835202948491,0,55908979412064201,1.313831205845501
2025-06-14 23:16:02+00:00,16007718,67538266390,51405588547076353565443,0,55908979412064201,1.3138312058843489
2025-06-14 23:16:24+00:00,16007740,67538266389,51405588548076353565443,0,55908979412064201,1.3138312058393375
2025-06-14 23:16:29+00:00,16007745,67538266388,51405588549076353565443,0,55908979412064201,1.3138312057943264
2025-06-14 23:16:34+00:00,16007750,67538266401,51405588559076353565443,0,55908979422825755,1.3138312057916357
2025-06-14 23:16:47+00:00,16007763,67538266402,51405588558317504182364,0,55908979422825755,1.3138312058304837
2025-06-14 23:17:33+00:00,16007809,67538266403,51405588557558654799308,0,55908979422825755,1.3138312058693316
2025-06-14 23:18:15+00:00,16007851,67538266404,51405588556799805416274,0,55908979422825755,1.3138312059081796
2025-06-14 23:18:20+00:00,16007856,67538266405,51405588556040956033263,0,55908979422825755,1.3138312059470274
2025-06-14 23:18:20+00:00,16007856,67538266406,51405588555282106650274,0,55908979422825755,1.3138312059858752
2025-06-14 23:18:26+00:00,16007862,67538266470,51405588604120136150322,0,55908979475805715,1.313831205982667
2025-06-14 23:18:34+00:00,16007870,67538266471,51405588604120136150321,0,55908979475805715,1.31383120600212
2025-06-14 23:19:06+00:00,16007902,67538266472,51405588603361286767364,0,55908979475805715,1.313831206040968
2025-06-14 23:19:32+00:00,16007928,67538266471,51405588604361286767364,0,55908979475805715,1.3138312059959567
2025-06-14 23:19:36+00:00,16007932,67538266470,51405588605361286767364,0,55908979475805715,1.3138312059509454
2025-06-14 23:19:41+00:00,16007937,67538266483,51405588615361286767364,0,55908979486567269,1.3138312059482549
2025-06-14 23:19:52+00:00,16007948,67538266484,51405588614602437384376,0,55908979486567269,1.3138312059871027
2025-06-14 23:20:36+00:00,16007992,67538266485,51405588613843588001410,0,55908979486567269,1.3138312060259507
2025-06-14 23:21:21+00:00,16008037,67538266486,51405588613084738618467,0,55908979486567269,1.3138312060647985
2025-06-14 23:21:21+00:00,16008037,67538266487,51405588612325889235546,0,55908979486567269,1.3138312061036466
2025-06-14 23:21:26+00:00,16008042,67538266488,51405588611567039852647,0,55908979486567269,1.3138312061424944
2025-06-14 23:21:32+00:00,16008048,67538266552,51405588660405069352695,0,55908979539547229,1.313831206139286
2025-06-14 23:21:41+00:00,16008057,67538266553,51405588660405069352694,0,55908979539547229,1.3138312061587392
2025-06-14 23:22:05+00:00,16008081,67538266554,51405588659646219969827,0,55908979539547229,1.3138312061975872
2025-06-14 23:22:39+00:00,16008115,67538266553,51405588660646219969827,0,55908979539547229,1.3138312061525759
2025-06-14 23:22:44+00:00,16008120,67538266552,51405588661646219969827,0,55908979539547229,1.3138312061075645
2025-06-14 23:22:48+00:00,16008124,67538266565,51405588671646219969827,0,55908979550308783,1.313831206104874
2025-06-14 23:22:50+00:00,16008126,67538266566,51405588670887370586929,0,55908979550308783,1.3138312061437218
2025-06-14 23:22:53+00:00,16008129,67538266565,51405588670091190049280,0,55908979549442853,1.3138312061446176
2025-06-14 23:23:35+00:00,16008171,67538266566,51405588669332340666405,0,55908979549442853,1.3138312061834656
2025-06-14 23:24:20+00:00,16008216,67538266567,51405588668573491283553,0,55908979549442853,1.3138312062223134
2025-06-14 23:24:28+00:00,16008224,67538266568,51405588667814641900723,0,55908979549442853,1.3138312062611615
2025-06-14 23:24:32+00:00,16008228,67538266569,51405588667055792517915,0,55908979549442853,1.3138312063000093
2025-06-14 23:24:38+00:00,16008234,67538266633,51405588715893822017963,0,55908979602422813,1.313831206296801
2025-06-14 23:24:47+00:00,16008243,67538266634,51405588715893822017962,0,55908979602422813,1.313831206316254
2025-06-14 23:25:04+00:00,16008260,67538266635,51405588715134972635186,0,55908979602422813,1.313831206355102
2025-06-14 23:25:43+00:00,16008299,67538266634,51405588716134972635186,0,55908979602422813,1.3138312063100908
2025-06-14 23:25:48+00:00,16008304,67538266634,51405588716376123252381,0,55908979602422813,1.3138312063039275
2025-06-14 23:25:48+00:00,16008304,67538266633,51405588717134972635186,0,55908979602422813,1.3138312062650794
2025-06-14 23:25:56+00:00,16008312,67538266633,51405588715579942714770,0,55908979601556883,1.3138312063048232
2025-06-14 23:26:32+00:00,16008348,67538266634,51405588714821093331988,0,55908979601556883,1.313831206343671
2025-06-14 23:27:17+00:00,16008393,67538266635,51405588714062243949228,0,55908979601556883,1.313831206382519
2025-06-14 23:27:30+00:00,16008406,67538266636,51405588713303394566491,0,55908979601556883,1.3138312064213669
2025-06-14 23:27:35+00:00,16008411,67538266637,51405588712544545183776,0,55908979601556883,1.313831206460215
2025-06-14 23:27:41+00:00,16008417,67538266701,51405588761382574683824,0,55908979654536843,1.3138312064570064
2025-06-14 23:27:48+00:00,16008424,67538266702,51405588761382574683823,0,55908979654536843,1.3138312064764597
2025-06-14 23:28:02+00:00,16008438,67538266703,51405588760623725301140,0,55908979654536843,1.3138312065153075
2025-06-14 23:28:46+00:00,16008482,67538266702,51405588761623725301140,0,55908979654536843,1.3138312064702962
2025-06-14 23:28:47+00:00,16008483,67538266703,51405588760864875918453,0,55908979654536843,1.3138312065091442
2025-06-14 23:28:55+00:00,16008491,67538266716,51405588770864875918453,0,55908979665298397,1.3138312065064535
2025-06-14 23:29:31+00:00,16008527,67538266717,51405588770106026535787,0,55908979665298397,1.3138312065453015
2025-06-14 23:30:16+00:00,16008572,67538266718,51405588769347177153144,0,55908979665298397,1.3138312065841493
2025-06-14 23:30:34+00:00,16008590,67538266719,51405588768588327770523,0,55908979665298397,1.3138312066229973
2025-06-14 23:30:43+00:00,16008599,67538266783,51405588817426357270571,0,55908979718278357,1.313831206619789
2025-06-14 23:30:48+00:00,16008604,67538266716,51405588766408663585926,0,55908979662791254,1.3138312066203461
2025-06-14 23:31:01+00:00,16008617,67538266717,51405588765649814203326,0,55908979662791254,1.313831206659194
2025-06-14 23:31:46+00:00,16008662,67538266718,51405588764890964820748,0,55908979662791254,1.3138312066980418
2025-06-14 23:31:52+00:00,16008668,67538266717,51405588765890964820748,0,55908979662791254,1.3138312066530307
2025-06-14 23:31:57+00:00,16008673,67538266716,51405588766890964820748,0,55908979662791254,1.3138312066080193
2025-06-14 23:32:05+00:00,16008681,67538266715,51405588766094784283214,0,55908979661925324,1.313831206608915
2025-06-14 23:32:30+00:00,16008706,67538266716,51405588765335934900607,0,55908979661925324,1.313831206647763
2025-06-14 23:33:15+00:00,16008751,67538266717,51405588764577085518023,0,55908979661925324,1.313831206686611
2025-06-14 23:33:42+00:00,16008778,67538266718,51405588763818236135461,0,55908979661925324,1.3138312067254587
2025-06-14 23:33:52+00:00,16008788,67538266782,51405588812656265635509,0,55908979714905284,1.3138312067222504
2025-06-14 23:33:56+00:00,16008792,67538266715,51405588761638571952520,0,55908979659418181,1.3138312067228075
2025-06-14 23:34:01+00:00,16008797,67538266717,51405588760879722569989,0,55908979659418181,1.3138312067811087
2025-06-14 23:34:01+00:00,16008797,67538266716,51405588761638571952519,0,55908979659418181,1.3138312067422606
2025-06-14 23:34:46+00:00,16008842,67538266718,51405588760120873187482,0,55908979659418181,1.3138312068199565
2025-06-14 23:35:01+00:00,16008857,67538266717,51405588761120873187482,0,55908979659418181,1.3138312067749454
2025-06-14 23:35:10+00:00,16008866,67538266730,51405588771120873187482,0,55908979670179735,1.3138312067722546
2025-06-14 23:35:15+00:00,16008871,67538266729,51405588770324692649988,0,55908979669313805,1.3138312067731504
2025-06-14 23:35:31+00:00,16008887,67538266730,51405588769565843267476,0,55908979669313805,1.3138312068119984
2025-06-14 23:36:16+00:00,16008932,67538266731,51405588768806993884987,0,55908979669313805,1.3138312068508462
2025-06-14 23:36:53+00:00,16008969,67538266732,51405588768048144502520,0,55908979669313805,1.3138312068896942
2025-06-14 23:36:58+00:00,16008974,67538266733,51405588767289295120075,0,55908979669313805,1.313831206928542
2025-06-14 23:37:00+00:00,16008976,67538266734,51405588766530445737653,0,55908979669313805,1.31383120696739
2025-06-14 23:37:08+00:00,16008984,67538266667,51405588715512752058839,0,55908979613826702,1.3138312069679472
2025-06-14 23:37:13+00:00,16008989,67538266668,51405588715512752058838,0,55908979613826702,1.3138312069874003
2025-06-14 23:37:43+00:00,16009019,67538266669,51405588714753902676450,0,55908979613826702,1.3138312070262481
2025-06-14 23:38:17+00:00,16009053,67538266668,51405588715753902676450,0,55908979613826702,1.3138312069812368
2025-06-14 23:38:22+00:00,16009058,67538266667,51405588716753902676450,0,55908979613826702,1.3138312069362257
2025-06-14 23:38:28+00:00,16009064,67538266668,51405588715995053294032,0,55908979624588256,1.3138312069750735
2025-06-14 23:38:28+00:00,16009064,67538266681,51405588725995053294032,0,55908979624588256,1.313831206972383
2025-06-14 23:38:33+00:00,16009069,67538266680,51405588725198872756588,0,55908979623722326,1.3138312069732787
2025-06-14 23:39:12+00:00,16009108,67538266681,51405588724440023374192,0,55908979623722326,1.3138312070121265
2025-06-14 23:39:56+00:00,16009152,67538266682,51405588723681173991818,0,55908979623722326,1.3138312070509746
2025-06-14 23:40:15+00:00,16009171,67538266683,51405588722922324609467,0,55908979623722326,1.3138312070898224
2025-06-14 23:40:20+00:00,16009176,67538266684,51405588722163475227138,0,55908979623722326,1.3138312071286704
2025-06-14 23:40:27+00:00,16009183,67538266748,51405588771001504727186,0,55908979676702286,1.3138312071254619
2025-06-14 23:40:31+00:00,16009187,67538266681,51405588719983811050677,0,55908979621215183,1.313831207126019
2025-06-14 23:40:37+00:00,16009193,67538266682,51405588719983811050676,0,55908979621215183,1.3138312071454723
2025-06-14 23:40:41+00:00,16009197,67538266683,51405588719224961668379,0,55908979621215183,1.3138312071843201
2025-06-14 23:41:25+00:00,16009241,67538266684,51405588718466112286105,0,55908979621215183,1.3138312072231682
2025-06-14 23:41:41+00:00,16009257,67538266683,51405588719466112286105,0,55908979621215183,1.3138312071781568
2025-06-14 23:41:50+00:00,16009266,67538266696,51405588729466112286105,0,55908979631976737,1.313831207175466
2025-06-14 23:42:09+00:00,16009285,67538266697,51405588728707262903826,0,55908979631976737,1.3138312072143141
2025-06-14 23:42:55+00:00,16009331,67538266698,51405588727948413521569,0,55908979631976737,1.313831207253162
2025-06-14 23:43:33+00:00,16009369,67538266699,51405588727189564139334,0,55908979631976737,1.31383120729201
2025-06-14 23:43:38+00:00,16009374,67538266700,51405588726430714757122,0,55908979631976737,1.3138312073308578
2025-06-14 23:43:43+00:00,16009379,67538266764,51405588775268744257170,0,55908979684956697,1.3138312073276495
2025-06-14 23:43:48+00:00,16009384,67538266697,51405588724251050583958,0,55908979629469594,1.3138312073282066
2025-06-14 23:43:52+00:00,16009388,67538266698,51405588724251050583957,0,55908979629469594,1.3138312073476597
2025-06-14 23:44:26+00:00,16009422,67538266699,51405588723492201201777,0,55908979629469594,1.3138312073865077
2025-06-14 23:44:54+00:00,16009450,67538266698,51405588724492201201777,0,55908979629469594,1.3138312073414964
2025-06-14 23:44:59+00:00,16009455,67538266697,51405588725492201201777,0,55908979629469594,1.313831207296485
2025-06-14 23:45:04+00:00,16009460,67538266710,51405588735492201201777,0,55908979640231148,1.3138312072937945
2025-06-14 23:45:09+00:00,16009465,67538266710,51405588733937171282209,0,55908979639365218,1.313831207333538
2025-06-14 23:45:09+00:00,16009465,67538266711,51405588734733351819566,0,55908979639365218,1.3138312073326424
2025-06-14 23:45:53+00:00,16009509,67538266711,51405588733178321900021,0,55908979639365218,1.3138312073723861
2025-06-14 23:46:37+00:00,16009553,67538266712,51405588732419472517855,0,55908979639365218,1.313831207411234
2025-06-14 23:46:49+00:00,16009565,67538266713,51405588731660623135712,0,55908979639365218,1.313831207450082
2025-06-14 23:46:59+00:00,16009575,67538266777,51405588780498652635760,0,55908979692345178,1.3138312074468734
2025-06-14 23:47:08+00:00,16009584,67538266778,51405588780498652635759,0,55908979692345178,1.3138312074663268
2025-06-14 23:47:22+00:00,16009598,67538266779,51405588779739803253648,0,55908979692345178,1.3138312075051746
2025-06-14 23:48:07+00:00,16009643,67538266780,51405588778980953871559,0,55908979692345178,1.3138312075440226
2025-06-14 23:48:08+00:00,16009644,67538266779,51405588779980953871559,0,55908979692345178,1.3138312074990113
2025-06-14 23:48:13+00:00,16009649,67538266778,51405588780980953871559,0,55908979692345178,1.313831207454
2025-06-14 23:48:18+00:00,16009654,67538266791,51405588790980953871559,0,55908979703106732,1.3138312074513094
2025-06-14 23:48:23+00:00,16009659,67538266790,51405588790184773334226,0,55908979702240802,1.3138312074522052
2025-06-14 23:48:51+00:00,16009687,67538266791,51405588789425923952106,0,55908979702240802,1.313831207491053
2025-06-14 23:49:35+00:00,16009731,67538266792,51405588788667074570009,0,55908979702240802,1.313831207529901
2025-06-14 23:50:01+00:00,16009757,67538266793,51405588787908225187934,0,55908979702240802,1.3138312075687488
2025-06-14 23:50:06+00:00,16009762,67538266794,51405588787149375805882,0,55908979702240802,1.3138312076075969
2025-06-14 23:50:12+00:00,16009768,67538266858,51405588835987405305930,0,55908979755220762,1.3138312076043883
2025-06-14 23:50:17+00:00,16009773,67538266791,51405588784969711636574,0,55908979699733659,1.3138312076049454
2025-06-14 23:50:19+00:00,16009775,67538266792,51405588784210862254543,0,55908979699733659,1.3138312076437935
2025-06-14 23:50:22+00:00,16009778,67538266793,51405588784210862254542,0,55908979699733659,1.3138312076632466
2025-06-14 23:51:03+00:00,16009819,67538266794,51405588783452012872544,0,55908979699733659,1.3138312077020944
2025-06-14 23:51:23+00:00,16009839,67538266793,51405588784452012872544,0,55908979699733659,1.3138312076570833
2025-06-14 23:51:28+00:00,16009844,67538266792,51405588785452012872544,0,55908979699733659,1.313831207612072
2025-06-14 23:51:33+00:00,16009849,67538266805,51405588795452012872544,0,55908979710495213,1.3138312076093814
2025-06-14 23:51:38+00:00,16009854,67538266804,51405588794655832335247,0,55908979709629283,1.3138312076102772
2025-06-14 23:51:47+00:00,16009863,67538266805,51405588793896982953219,0,55908979709629283,1.313831207649125
2025-06-14 23:52:31+00:00,16009907,67538266806,51405588793138133571213,0,55908979709629283,1.313831207687973
2025-06-14 23:53:16+00:00,16009952,67538266807,51405588792379284189230,0,55908979709629283,1.3138312077268208
2025-06-14 23:53:17+00:00,16009953,67538266808,51405588791620434807269,0,55908979709629283,1.3138312077656686
2025-06-14 23:53:26+00:00,16009962,67538266872,51405588840458464307317,0,55908979762609243,1.3138312077624603
2025-06-14 23:53:31+00:00,16009967,67538266805,51405588789440770640266,0,55908979707122140,1.3138312077630174
2025-06-14 23:53:36+00:00,16009972,67538266806,51405588789440770640265,0,55908979707122140,1.3138312077824705
2025-06-14 23:54:02+00:00,16009998,67538266807,51405588788681921258336,0,55908979707122140,1.3138312078213186
2025-06-14 23:54:35+00:00,16010031,67538266806,51405588789681921258336,0,55908979707122140,1.3138312077763072
2025-06-14 23:54:39+00:00,16010035,67538266805,51405588790681921258336,0,55908979707122140,1.313831207731296
2025-06-14 23:54:44+00:00,16010040,67538266818,51405588800681921258336,0,55908979717883694,1.3138312077286054
2025-06-14 23:54:46+00:00,16010042,67538266819,51405588799923071876376,0,55908979717883694,1.3138312077674532
2025-06-14 23:54:49+00:00,16010045,67538266818,51405588799126891339115,0,55908979717017764,1.3138312077683492
2025-06-14 23:55:31+00:00,16010087,67538266819,51405588798368041957178,0,55908979717017764,1.313831207807197
2025-06-14 23:56:15+00:00,16010131,67538266820,51405588797609192575263,0,55908979717017764,1.3138312078460448
2025-06-14 23:56:27+00:00,16010143,67538266821,51405588796850343193371,0,55908979717017764,1.3138312078848928
2025-06-14 23:56:32+00:00,16010148,67538266822,51405588796091493811501,0,55908979717017764,1.3138312079237406
2025-06-14 23:56:38+00:00,16010154,67538266886,51405588844929523311549,0,55908979769997724,1.3138312079205323
2025-06-14 23:56:46+00:00,16010162,67538266887,51405588844929523311548,0,55908979769997724,1.3138312079399854
2025-06-14 23:56:59+00:00,16010175,67538266888,51405588844170673929710,0,55908979769997724,1.3138312079788335
2025-06-14 23:57:43+00:00,16010219,67538266889,51405588843411824547895,0,55908979769997724,1.3138312080176813
2025-06-14 23:57:51+00:00,16010227,67538266888,51405588844411824547895,0,55908979769997724,1.3138312079726702
2025-06-14 23:57:56+00:00,16010232,67538266901,51405588854411824547895,0,55908979780759278,1.3138312079699794
2025-06-14 23:58:01+00:00,16010237,67538266900,51405588853615644010686,0,55908979779893348,1.3138312079708752
2025-06-14 23:58:27+00:00,16010263,67538266901,51405588852856794628866,0,55908979779893348,1.3138312080097232
2025-06-14 23:59:11+00:00,16010307,67538266902,51405588852097945247068,0,55908979779893348,1.313831208048571
2025-06-14 23:59:40+00:00,16010336,67538266903,51405588851339095865293,0,55908979779893348,1.313831208087419
2025-06-14 23:59:49+00:00,16010345,67538266967,51405588900177125365341,0,55908979832873308,1.3138312080842105
2025-06-14 23:59:54+00:00,16010350,67538266900,51405588849159431703139,0,55908979777386205,1.3138312080847676
2025-06-14 23:59:56+00:00,16010352,67538266901,51405588848400582321385,0,55908979777386205,1.3138312081236156
