timestamp,block,token0_reserve,token1_reserve,k_last,total_supply,price
2025-06-30 00:00:52+00:00,17306321,67537939685,51406369914069363681072,0,55909261650519258,1.3138048805604459
2025-06-30 00:00:56+00:00,17306325,67537939684,51406369915069363681072,0,55909261650519258,1.3138048805154359
2025-06-30 00:01:01+00:00,17306330,67537939697,51406369925069363681072,0,55909261661280918,1.3138048805127505
2025-06-30 00:02:42+00:00,17306431,67537939698,51406369924310499092599,0,55909261661280918,1.3138048805515976
2025-06-30 00:02:47+00:00,17306436,67537939699,51406369923551634504148,0,55909261661280918,1.313804880590445
2025-06-30 00:02:52+00:00,17306441,67537939763,51406369972389664004196,0,55909261714261402,1.3138048805872617
2025-06-30 00:02:57+00:00,17306446,67537939696,51406369921371452386737,0,55909261658774299,1.313804880587806
2025-06-30 00:04:03+00:00,17306512,67537939695,51406369922371452386737,0,55909261658774299,1.3138048805427958
2025-06-30 00:04:09+00:00,17306518,67537939694,51406369923371452386737,0,55909261658774299,1.3138048804977858
2025-06-30 00:04:14+00:00,17306523,67537939707,51406369933371452386737,0,55909261669535959,1.3138048804951004
2025-06-30 00:05:53+00:00,17306622,67537939708,51406369932612587798253,0,55909261669535959,1.3138048805339477
2025-06-30 00:06:02+00:00,17306631,67537939772,51406369981450617298301,0,55909261722516443,1.3138048805307643
2025-06-30 00:06:06+00:00,17306635,67537939705,51406369930432405679383,0,55909261667029340,1.3138048805313085
2025-06-30 00:06:10+00:00,17306639,67537939706,51406369930432405679382,0,55909261667029340,1.3138048805507614
2025-06-30 00:07:06+00:00,17306695,67537939705,51406369931432405679382,0,55909261667029340,1.3138048805057514
2025-06-30 00:07:14+00:00,17306703,67537939718,51406369941432405679382,0,55909261677791000,1.313804880503066
2025-06-30 00:07:18+00:00,17306707,67537939717,51406369940636217058972,0,55909261676925070,1.3138048805039615
2025-06-30 00:08:46+00:00,17306795,67537939718,51406369939877352470494,0,55909261676925070,1.3138048805428089
2025-06-30 00:08:50+00:00,17306799,67537939719,51406369939118487882038,0,55909261676925070,1.313804880581656
2025-06-30 00:08:55+00:00,17306804,67537939783,51406369987956517382086,0,55909261729905554,1.3138048805784728
2025-06-30 00:09:00+00:00,17306809,67537939716,51406369936938305763454,0,55909261674418451,1.313804880579017
2025-06-30 00:10:00+00:00,17306869,67537939715,51406369937938305763454,0,55909261674418451,1.313804880534007
2025-06-30 00:10:09+00:00,17306878,67537939728,51406369947938305763454,0,55909261685180111,1.3138048805313214
2025-06-30 00:11:41+00:00,17306970,67537939729,51406369947179441174991,0,55909261685180111,1.3138048805701688
2025-06-30 00:11:45+00:00,17306974,67537939730,51406369946420576586551,0,55909261685180111,1.3138048806090161
2025-06-30 00:11:50+00:00,17306979,67537939794,51406369995258606086599,0,55909261738160595,1.313804880605833
2025-06-30 00:11:54+00:00,17306983,67537939727,51406369944240394468253,0,55909261682673492,1.3138048806063771
2025-06-30 00:11:58+00:00,17306987,67537939728,51406369944240394468252,0,55909261682673492,1.3138048806258298
2025-06-30 00:12:52+00:00,17307041,67537939727,51406369945240394468252,0,55909261682673492,1.3138048805808198
2025-06-30 00:12:57+00:00,17307046,67537939726,51406369946240394468252,0,55909261682673492,1.3138048805358098
2025-06-30 00:13:05+00:00,17307054,67537939725,51406369945444205847838,0,55909261681807562,1.3138048805367053
2025-06-30 00:14:31+00:00,17307140,67537939726,51406369944685341259378,0,55909261681807562,1.3138048805755527
2025-06-30 00:14:35+00:00,17307144,67537939727,51406369943926476670941,0,55909261681807562,1.3138048806143998
2025-06-30 00:14:41+00:00,17307150,67537939791,51406369992764506170989,0,55909261734788046,1.3138048806112166
2025-06-30 00:14:49+00:00,17307158,67537939792,51406369992764506170988,0,55909261734788046,1.3138048806306695
2025-06-30 00:15:44+00:00,17307213,67537939791,51406369993764506170988,0,55909261734788046,1.3138048805856595
2025-06-30 00:15:48+00:00,17307217,67537939790,51406369994764506170988,0,55909261734788046,1.3138048805406493
2025-06-30 00:15:56+00:00,17307225,67537939789,51406369993968317550564,0,55909261733922116,1.3138048805415448
2025-06-30 00:17:26+00:00,17307315,67537939790,51406369993209452962107,0,55909261733922116,1.3138048805803921
2025-06-30 00:17:35+00:00,17307324,67537939854,51406370042047482462155,0,55909261786902600,1.313804880577209
2025-06-30 00:17:43+00:00,17307332,67537939855,51406370042047482462154,0,55909261786902600,1.3138048805966618
2025-06-30 00:18:38+00:00,17307387,67537939854,51406370043047482462154,0,55909261786902600,1.3138048805516516
2025-06-30 00:18:42+00:00,17307391,67537939853,51406370044047482462154,0,55909261786902600,1.3138048805066416
2025-06-30 00:18:46+00:00,17307395,67537939866,51406370054047482462154,0,55909261797664260,1.3138048805039562
2025-06-30 00:18:51+00:00,17307400,67537939865,51406370053251293841707,0,55909261796798330,1.3138048805048517
2025-06-30 00:20:16+00:00,17307485,67537939866,51406370052492429253229,0,55909261796798330,1.313804880543699
2025-06-30 00:20:21+00:00,17307490,67537939867,51406370051733564664773,0,55909261796798330,1.3138048805825462
2025-06-30 00:20:26+00:00,17307495,67537939931,51406370100571594164821,0,55909261849778814,1.313804880579363
2025-06-30 00:20:31+00:00,17307500,67537939864,51406370049553382543810,0,55909261794291711,1.3138048805799072
2025-06-30 00:21:29+00:00,17307558,67537939863,51406370050553382543810,0,55909261794291711,1.3138048805348972
2025-06-30 00:21:33+00:00,17307562,67537939862,51406370051553382543810,0,55909261794291711,1.313804880489887
2025-06-30 00:21:38+00:00,17307567,67537939875,51406370061553382543810,0,55909261805053371,1.3138048804872016
2025-06-30 00:23:08+00:00,17307657,67537939876,51406370060794517955322,0,55909261805053371,1.313804880526049
2025-06-30 00:23:13+00:00,17307662,67537939877,51406370060035653366856,0,55909261805053371,1.3138048805648963
2025-06-30 00:23:18+00:00,17307667,67537939941,51406370108873682866904,0,55909261858033855,1.3138048805617129
2025-06-30 00:23:22+00:00,17307671,67537939874,51406370057855471245187,0,55909261802546752,1.313804880562257
2025-06-30 00:24:21+00:00,17307730,67537939873,51406370058855471245187,0,55909261802546752,1.313804880517247
2025-06-30 00:24:26+00:00,17307735,67537939872,51406370059855471245187,0,55909261802546752,1.313804880472237
2025-06-30 00:24:34+00:00,17307743,67537939871,51406370059059282624720,0,55909261801680822,1.3138048804731326
2025-06-30 00:25:59+00:00,17307828,67537939872,51406370058300418036224,0,55909261801680822,1.31380488051198
2025-06-30 00:26:03+00:00,17307832,67537939873,51406370057541553447750,0,55909261801680822,1.3138048805508271
2025-06-30 00:26:09+00:00,17307838,67537939937,51406370106379582947798,0,55909261854661306,1.3138048805476439
2025-06-30 00:26:17+00:00,17307846,67537939938,51406370106379582947797,0,55909261854661306,1.3138048805670968
2025-06-30 00:27:12+00:00,17307901,67537939937,51406370107379582947797,0,55909261854661306,1.3138048805220865
2025-06-30 00:27:20+00:00,17307909,67537939950,51406370117379582947797,0,55909261865422966,1.3138048805194011
2025-06-30 00:27:25+00:00,17307914,67537939949,51406370116583394327334,0,55909261864557036,1.3138048805202966
2025-06-30 00:28:54+00:00,17308003,67537939950,51406370115824529738865,0,55909261864557036,1.313804880559144
2025-06-30 00:29:03+00:00,17308012,67537940014,51406370164662559238913,0,55909261917537520,1.3138048805559608
2025-06-30 00:29:08+00:00,17308017,67537939947,51406370113644347616126,0,55909261862050417,1.313804880556505
2025-06-30 00:30:06+00:00,17308075,67537939946,51406370114644347616126,0,55909261862050417,1.3138048805114948
2025-06-30 00:30:14+00:00,17308083,67537939959,51406370124644347616126,0,55909261872812077,1.3138048805088094
2025-06-30 00:30:19+00:00,17308088,67537939958,51406370123848158995656,0,55909261871946147,1.3138048805097051
2025-06-30 00:31:45+00:00,17308174,67537939959,51406370123089294407181,0,55909261871946147,1.3138048805485523
2025-06-30 00:31:54+00:00,17308183,67537940023,51406370171927323907229,0,55909261924926631,1.313804880545369
2025-06-30 00:32:02+00:00,17308191,67537940024,51406370171927323907228,0,55909261924926631,1.313804880564822
2025-06-30 00:32:56+00:00,17308245,67537940023,51406370172927323907228,0,55909261924926631,1.3138048805198117
2025-06-30 00:33:04+00:00,17308253,67537940036,51406370182927323907228,0,55909261935688291,1.3138048805171263
2025-06-30 00:34:34+00:00,17308343,67537940037,51406370182168459318757,0,55909261935688291,1.3138048805559737
2025-06-30 00:34:43+00:00,17308352,67537940101,51406370231006488818805,0,55909261988668775,1.3138048805527904
2025-06-30 00:34:50+00:00,17308359,67537940102,51406370231006488818804,0,55909261988668775,1.3138048805722433
2025-06-30 00:35:45+00:00,17308414,67537940101,51406370232006488818804,0,55909261988668775,1.313804880527233
2025-06-30 00:35:53+00:00,17308422,67537940114,51406370242006488818804,0,55909261999430435,1.3138048805245477
2025-06-30 00:37:22+00:00,17308511,67537940115,51406370241247624230337,0,55909261999430435,1.313804880563395
2025-06-30 00:37:31+00:00,17308520,67537940179,51406370290085653730385,0,55909262052410919,1.3138048805602118
2025-06-30 00:37:35+00:00,17308524,67537940112,51406370239067442106197,0,55909261996923816,1.3138048805607558
2025-06-30 00:37:39+00:00,17308528,67537940113,51406370239067442106196,0,55909261996923816,1.3138048805802087
2025-06-30 00:38:33+00:00,17308582,67537940112,51406370240067442106196,0,55909261996923816,1.3138048805351987
2025-06-30 00:38:41+00:00,17308590,67537940125,51406370250067442106196,0,55909262007685476,1.3138048805325133
2025-06-30 00:40:10+00:00,17308679,67537940126,51406370249308577517734,0,55909262007685476,1.3138048805713607
2025-06-30 00:40:15+00:00,17308684,67537940127,51406370248549712929294,0,55909262007685476,1.3138048806102078
2025-06-30 00:40:20+00:00,17308689,67537940191,51406370297387742429342,0,55909262060665960,1.3138048806070246
2025-06-30 00:40:28+00:00,17308697,67537940192,51406370297387742429341,0,55909262060665960,1.3138048806264775
2025-06-30 00:41:22+00:00,17308751,67537940191,51406370298387742429341,0,55909262060665960,1.3138048805814675
2025-06-30 00:41:30+00:00,17308759,67537940204,51406370308387742429341,0,55909262071427620,1.3138048805787819
2025-06-30 00:42:59+00:00,17308848,67537940205,51406370307628877840906,0,55909262071427620,1.3138048806176292
2025-06-30 00:43:04+00:00,17308853,67537940206,51406370306870013252493,0,55909262071427620,1.3138048806564766
2025-06-30 00:43:09+00:00,17308858,67537940270,51406370355708042752541,0,55909262124408104,1.3138048806532934
2025-06-30 00:43:17+00:00,17308866,67537940271,51406370355708042752540,0,55909262124408104,1.3138048806727463
2025-06-30 00:44:11+00:00,17308920,67537940270,51406370356708042752540,0,55909262124408104,1.313804880627736
2025-06-30 00:44:19+00:00,17308928,67537940283,51406370366708042752540,0,55909262135169764,1.3138048806250506
2025-06-30 00:44:23+00:00,17308932,67537940282,51406370365911854132057,0,55909262134303834,1.3138048806259461
2025-06-30 00:45:52+00:00,17309021,67537940283,51406370365152989543649,0,55909262134303834,1.3138048806647935
2025-06-30 00:45:56+00:00,17309025,67537940284,51406370364394124955263,0,55909262134303834,1.3138048807036409
2025-06-30 00:46:01+00:00,17309030,67537940348,51406370413232154455311,0,55909262187284318,1.3138048807004574
2025-06-30 00:46:06+00:00,17309035,67537940281,51406370362213942831981,0,55909262131797215,1.3138048807010017
2025-06-30 00:47:03+00:00,17309092,67537940280,51406370363213942831981,0,55909262131797215,1.3138048806559917
2025-06-30 00:47:08+00:00,17309097,67537940279,51406370364213942831981,0,55909262131797215,1.3138048806109817
2025-06-30 00:47:16+00:00,17309105,67537940278,51406370363417754211489,0,55909262130931285,1.3138048806118772
2025-06-30 00:48:44+00:00,17309193,67537940279,51406370362658889623073,0,55909262130931285,1.3138048806507245
2025-06-30 00:48:48+00:00,17309197,67537940280,51406370361900025034679,0,55909262130931285,1.3138048806895717
2025-06-30 00:48:54+00:00,17309203,67537940344,51406370410738054534727,0,55909262183911769,1.3138048806863885
2025-06-30 00:49:02+00:00,17309211,67537940345,51406370410738054534726,0,55909262183911769,1.3138048807058413
2025-06-30 00:49:56+00:00,17309265,67537940344,51406370411738054534726,0,55909262183911769,1.3138048806608311
2025-06-30 00:50:04+00:00,17309273,67537940357,51406370421738054534726,0,55909262194673429,1.3138048806581457
2025-06-30 00:50:09+00:00,17309278,67537940356,51406370420941865914238,0,55909262193807499,1.3138048806590412
2025-06-30 00:51:37+00:00,17309366,67537940357,51406370420183001325849,0,55909262193807499,1.3138048806978886
2025-06-30 00:51:46+00:00,17309375,67537940421,51406370469021030825897,0,55909262246787983,1.3138048806947054
2025-06-30 00:51:55+00:00,17309384,67537940422,51406370469021030825896,0,55909262246787983,1.3138048807141582
2025-06-30 00:52:48+00:00,17309437,67537940421,51406370470021030825896,0,55909262246787983,1.313804880669148
2025-06-30 00:52:52+00:00,17309441,67537940420,51406370471021030825896,0,55909262246787983,1.313804880624138
2025-06-30 00:52:56+00:00,17309445,67537940433,51406370481021030825896,0,55909262257549643,1.3138048806214526
2025-06-30 00:53:00+00:00,17309449,67537940432,51406370480224842205385,0,55909262256683713,1.3138048806223481
2025-06-30 00:54:27+00:00,17309536,67537940433,51406370479465977616975,0,55909262256683713,1.3138048806611955
2025-06-30 00:54:32+00:00,17309541,67537940434,51406370478707113028587,0,55909262256683713,1.3138048807000429
2025-06-30 00:54:37+00:00,17309546,67537940498,51406370527545142528635,0,55909262309664197,1.3138048806968594
2025-06-30 00:54:46+00:00,17309555,67537940499,51406370527545142528634,0,55909262309664197,1.3138048807163123
2025-06-30 00:55:40+00:00,17309609,67537940498,51406370528545142528634,0,55909262309664197,1.3138048806713023
2025-06-30 00:55:47+00:00,17309616,67537940511,51406370538545142528634,0,55909262320425857,1.313804880668617
2025-06-30 00:55:52+00:00,17309621,67537940510,51406370537748953908128,0,55909262319559927,1.3138048806695124
2025-06-30 00:57:18+00:00,17309707,67537940511,51406370536990089319745,0,55909262319559927,1.3138048807083598
2025-06-30 00:57:23+00:00,17309712,67537940512,51406370536231224731385,0,55909262319559927,1.313804880747207
2025-06-30 00:57:28+00:00,17309717,67537940576,51406370585069254231433,0,55909262372540411,1.3138048807440237
2025-06-30 00:57:36+00:00,17309725,67537940577,51406370585069254231432,0,55909262372540411,1.3138048807634766
2025-06-30 00:58:29+00:00,17309778,67537940576,51406370586069254231432,0,55909262372540411,1.3138048807184666
2025-06-30 00:58:37+00:00,17309786,67537940589,51406370596069254231432,0,55909262383302071,1.313804880715781
2025-06-30 00:58:41+00:00,17309790,67537940588,51406370595273065610930,0,55909262382436141,1.3138048807166767
2025-06-30 01:00:08+00:00,17309877,67537940589,51406370594514201022574,0,55909262382436141,1.3138048807555238
2025-06-30 01:00:13+00:00,17309882,67537940590,51406370593755336434241,0,55909262382436141,1.3138048807943712
2025-06-30 01:00:18+00:00,17309887,67537940654,51406370642593365934289,0,55909262435416625,1.313804880791188
2025-06-30 01:00:23+00:00,17309892,67537940587,51406370591575154309754,0,55909262379929522,1.3138048807917322
2025-06-30 01:01:23+00:00,17309952,67537940586,51406370592575154309754,0,55909262379929522,1.313804880746722
2025-06-30 01:01:32+00:00,17309961,67537940599,51406370602575154309754,0,55909262390691182,1.3138048807440366
2025-06-30 01:03:04+00:00,17310053,67537940600,51406370601816289721414,0,55909262390691182,1.313804880782884
2025-06-30 01:03:09+00:00,17310058,67537940601,51406370601057425133097,0,55909262390691182,1.3138048808217313
2025-06-30 01:03:14+00:00,17310063,67537940665,51406370649895454633145,0,55909262443671666,1.313804880818548
2025-06-30 01:03:23+00:00,17310072,67537940666,51406370649895454633144,0,55909262443671666,1.3138048808380007
2025-06-30 01:04:17+00:00,17310126,67537940665,51406370650895454633144,0,55909262443671666,1.3138048807929907
2025-06-30 01:04:25+00:00,17310134,67537940678,51406370660895454633144,0,55909262454433326,1.3138048807903053
2025-06-30 01:04:30+00:00,17310139,67537940677,51406370660099266012651,0,55909262453567396,1.3138048807912008
2025-06-30 01:05:59+00:00,17310228,67537940678,51406370659340401424338,0,55909262453567396,1.3138048808300482
2025-06-30 01:06:08+00:00,17310237,67537940742,51406370708178430924386,0,55909262506547880,1.3138048808268648
2025-06-30 01:06:13+00:00,17310242,67537940675,51406370657160219299670,0,55909262451060777,1.313804880827409
2025-06-30 01:07:14+00:00,17310303,67537940674,51406370658160219299670,0,55909262451060777,1.313804880782399
2025-06-30 01:07:23+00:00,17310312,67537940687,51406370668160219299670,0,55909262461822437,1.3138048807797136
2025-06-30 01:08:55+00:00,17310404,67537940688,51406370667401354711351,0,55909262461822437,1.313804880818561
2025-06-30 01:09:05+00:00,17310414,67537940752,51406370716239384211399,0,55909262514802921,1.3138048808153775
2025-06-30 01:09:13+00:00,17310422,67537940753,51406370716239384211398,0,55909262514802921,1.3138048808348304
2025-06-30 01:10:09+00:00,17310478,67537940752,51406370717239384211398,0,55909262514802921,1.3138048807898204
2025-06-30 01:10:17+00:00,17310486,67537940765,51406370727239384211398,0,55909262525564581,1.313804880787135
2025-06-30 01:10:22+00:00,17310491,67537940764,51406370726443195590891,0,55909262524698651,1.3138048807880305
2025-06-30 01:11:52+00:00,17310581,67537940765,51406370725684331002577,0,55909262524698651,1.3138048808268779
2025-06-30 01:11:56+00:00,17310585,67537940766,51406370724925466414285,0,55909262524698651,1.313804880865725
2025-06-30 01:12:02+00:00,17310591,67537940830,51406370773763495914333,0,55909262577679135,1.3138048808625418
2025-06-30 01:12:11+00:00,17310600,67537940831,51406370773763495914332,0,55909262577679135,1.3138048808819947
2025-06-30 01:13:07+00:00,17310656,67537940830,51406370774763495914332,0,55909262577679135,1.3138048808369847
2025-06-30 01:13:11+00:00,17310660,67537940829,51406370775763495914332,0,55909262577679135,1.3138048807919744
2025-06-30 01:13:16+00:00,17310665,67537940842,51406370785763495914332,0,55909262588440795,1.313804880789289
2025-06-30 01:14:49+00:00,17310758,67537940843,51406370785004631326018,0,55909262588440795,1.3138048808281364
2025-06-30 01:14:58+00:00,17310767,67537940907,51406370833842660826066,0,55909262641421279,1.3138048808249532
2025-06-30 01:15:03+00:00,17310772,67537940840,51406370782824449199709,0,55909262585934176,1.3138048808254972
2025-06-30 01:15:07+00:00,17310776,67537940841,51406370782824449199708,0,55909262585934176,1.31380488084495
2025-06-30 01:16:03+00:00,17310832,67537940840,51406370783824449199708,0,55909262585934176,1.31380488079994
2025-06-30 01:16:11+00:00,17310840,67537940853,51406370793824449199708,0,55909262596695836,1.3138048807972547
2025-06-30 01:16:16+00:00,17310845,67537940852,51406370793028260579182,0,55909262595829906,1.3138048807981502
2025-06-30 01:17:45+00:00,17310934,67537940853,51406370792269395990873,0,55909262595829906,1.3138048808369975
2025-06-30 01:17:49+00:00,17310938,67537940854,51406370791510531402587,0,55909262595829906,1.3138048808758447
2025-06-30 01:17:54+00:00,17310943,67537940918,51406370840348560902635,0,55909262648810390,1.3138048808726615
2025-06-30 01:17:58+00:00,17310947,67537940851,51406370789330349276564,0,55909262593323287,1.3138048808732057
2025-06-30 01:18:57+00:00,17311006,67537940850,51406370790330349276564,0,55909262593323287,1.3138048808281957
2025-06-30 01:19:05+00:00,17311014,67537940863,51406370800330349276564,0,55909262604084947,1.31380488082551
2025-06-30 01:19:09+00:00,17311018,67537940862,51406370799534160656043,0,55909262603219017,1.3138048808264058
2025-06-30 01:20:38+00:00,17311107,67537940863,51406370798775296067751,0,55909262603219017,1.313804880865253
2025-06-30 01:20:42+00:00,17311111,67537940864,51406370798016431479481,0,55909262603219017,1.3138048809041003
2025-06-30 01:20:47+00:00,17311116,67537940928,51406370846854460979529,0,55909262656199501,1.313804880900917
2025-06-30 01:20:51+00:00,17311120,67537940861,51406370795836249353744,0,55909262600712398,1.3138048809014613
2025-06-30 01:20:55+00:00,17311124,67537940862,51406370795836249353743,0,55909262600712398,1.3138048809209142
2025-06-30 01:21:52+00:00,17311181,67537940861,51406370796836249353743,0,55909262600712398,1.313804880875904
2025-06-30 01:22:00+00:00,17311189,67537940874,51406370806836249353743,0,55909262611474058,1.3138048808732186
2025-06-30 01:23:34+00:00,17311283,67537940875,51406370806077384765478,0,55909262611474058,1.313804880912066
2025-06-30 01:23:43+00:00,17311292,67537940939,51406370854915414265526,0,55909262664454542,1.3138048809088827
2025-06-30 01:23:48+00:00,17311297,67537940872,51406370803897202639274,0,55909262608967439,1.3138048809094267
2025-06-30 01:24:45+00:00,17311354,67537940871,51406370804897202639274,0,55909262608967439,1.3138048808644167
2025-06-30 01:24:53+00:00,17311362,67537940884,51406370814897202639274,0,55909262619729099,1.3138048808617313
2025-06-30 01:26:26+00:00,17311455,67537940885,51406370814138338051002,0,55909262619729099,1.3138048809005787
2025-06-30 01:26:35+00:00,17311464,67537940949,51406370862976367551050,0,55909262672709583,1.3138048808973952
2025-06-30 01:26:40+00:00,17311469,67537940882,51406370811958155924331,0,55909262617222480,1.3138048808979395
2025-06-30 01:26:44+00:00,17311473,67537940883,51406370811958155924330,0,55909262617222480,1.3138048809173923
2025-06-30 01:27:40+00:00,17311529,67537940882,51406370812958155924330,0,55909262617222480,1.3138048808723823
2025-06-30 01:27:48+00:00,17311537,67537940895,51406370822958155924330,0,55909262627984140,1.313804880869697
2025-06-30 01:27:52+00:00,17311541,67537940894,51406370822161967303799,0,55909262627118210,1.3138048808705924
2025-06-30 01:29:19+00:00,17311628,67537940895,51406370821403102715532,0,55909262627118210,1.3138048809094398
2025-06-30 01:29:24+00:00,17311633,67537940896,51406370820644238127288,0,55909262627118210,1.313804880948287
2025-06-30 01:29:29+00:00,17311638,67537940960,51406370869482267627336,0,55909262680098694,1.3138048809451037
2025-06-30 01:29:34+00:00,17311643,67537940893,51406370818464056000903,0,55909262624611591,1.313804880945648
2025-06-30 01:30:35+00:00,17311704,67537940892,51406370819464056000903,0,55909262624611591,1.313804880900638
2025-06-30 01:30:43+00:00,17311712,67537940905,51406370829464056000903,0,55909262635373251,1.3138048808979523
2025-06-30 01:30:47+00:00,17311716,67537940904,51406370828667867380376,0,55909262634507321,1.313804880898848
2025-06-30 01:32:14+00:00,17311803,67537940905,51406370827909002792126,0,55909262634507321,1.3138048809376952
2025-06-30 01:32:19+00:00,17311808,67537940906,51406370827150138203898,0,55909262634507321,1.3138048809765426
2025-06-30 01:32:24+00:00,17311813,67537940970,51406370875988167703946,0,55909262687487805,1.3138048809733593
2025-06-30 01:32:28+00:00,17311817,67537940903,51406370824969956077798,0,55909262632000702,1.3138048809739036
2025-06-30 01:32:33+00:00,17311822,67537940904,51406370824969956077797,0,55909262632000702,1.3138048809933565
2025-06-30 01:33:28+00:00,17311877,67537940903,51406370825969956077797,0,55909262632000702,1.3138048809483462
2025-06-30 01:33:36+00:00,17311885,67537940916,51406370835969956077797,0,55909262642762362,1.3138048809456608
2025-06-30 01:33:40+00:00,17311889,67537940915,51406370835173767457275,0,55909262641896432,1.3138048809465563
2025-06-30 01:35:08+00:00,17311977,67537940916,51406370834414902869052,0,55909262641896432,1.3138048809854037
2025-06-30 01:35:12+00:00,17311981,67537940917,51406370833656038280852,0,55909262641896432,1.313804881024251
2025-06-30 01:35:18+00:00,17311987,67537940981,51406370882494067780900,0,55909262694876916,1.3138048810210678
2025-06-30 01:35:22+00:00,17311991,67537940914,51406370831475856155038,0,55909262639389813,1.3138048810216119
2025-06-30 01:35:27+00:00,17311996,67537940915,51406370831475856155037,0,55909262639389813,1.3138048810410647
2025-06-30 01:36:21+00:00,17312050,67537940914,51406370832475856155037,0,55909262639389813,1.3138048809960547
2025-06-30 01:36:25+00:00,17312054,67537940913,51406370833475856155037,0,55909262639389813,1.3138048809510445
2025-06-30 01:36:30+00:00,17312059,67537940926,51406370843475856155037,0,55909262650151473,1.3138048809483591
2025-06-30 01:38:01+00:00,17312150,67537940927,51406370842716991566815,0,55909262650151473,1.3138048809872065
2025-06-30 01:38:06+00:00,17312155,67537940928,51406370841958126978616,0,55909262650151473,1.3138048810260539
2025-06-30 01:38:11+00:00,17312160,67537940992,51406370890796156478664,0,55909262703131957,1.3138048810228706
2025-06-30 01:38:19+00:00,17312168,67537940993,51406370890796156478663,0,55909262703131957,1.3138048810423233
2025-06-30 01:39:14+00:00,17312223,67537940992,51406370891796156478663,0,55909262703131957,1.3138048809973133
2025-06-30 01:39:19+00:00,17312228,67537940991,51406370892796156478663,0,55909262703131957,1.3138048809523033
2025-06-30 01:39:27+00:00,17312236,67537940990,51406370891999967858120,0,55909262702266027,1.3138048809531988
2025-06-30 01:40:55+00:00,17312324,67537940991,51406370891241103269901,0,55909262702266027,1.3138048809920462
2025-06-30 01:41:04+00:00,17312333,67537941055,51406370940079132769949,0,55909262755246511,1.3138048809888627
2025-06-30 01:41:12+00:00,17312341,67537941056,51406370940079132769948,0,55909262755246511,1.3138048810083156
2025-06-30 01:42:07+00:00,17312396,67537941055,51406370941079132769948,0,55909262755246511,1.3138048809633056
2025-06-30 01:42:12+00:00,17312401,67537941054,51406370942079132769948,0,55909262755246511,1.3138048809182954
2025-06-30 01:42:20+00:00,17312409,67537941053,51406370941282944149384,0,55909262754380581,1.3138048809191911
2025-06-30 01:43:47+00:00,17312496,67537941054,51406370940524079561145,0,55909262754380581,1.3138048809580383
2025-06-30 01:43:56+00:00,17312505,67537941118,51406370989362109061193,0,55909262807361065,1.313804880954855
2025-06-30 01:44:04+00:00,17312513,67537941119,51406370989362109061192,0,55909262807361065,1.313804880974308
2025-06-30 01:44:59+00:00,17312568,67537941118,51406370990362109061192,0,55909262807361065,1.3138048809292977
2025-06-30 01:45:07+00:00,17312576,67537941131,51406371000362109061192,0,55909262818122725,1.3138048809266123
2025-06-30 01:45:12+00:00,17312581,67537941130,51406370999565920440621,0,55909262817256795,1.313804880927508
2025-06-30 01:46:41+00:00,17312670,67537941131,51406370998807055852387,0,55909262817256795,1.3138048809663552
2025-06-30 01:46:45+00:00,17312674,67537941132,51406370998048191264176,0,55909262817256795,1.3138048810052025
2025-06-30 01:46:51+00:00,17312680,67537941196,51406371046886220764224,0,55909262870237279,1.3138048810020193
2025-06-30 01:47:00+00:00,17312689,67537941197,51406371046886220764223,0,55909262870237279,1.3138048810214722
2025-06-30 01:47:55+00:00,17312744,67537941196,51406371047886220764223,0,55909262870237279,1.313804880976462
2025-06-30 01:48:03+00:00,17312752,67537941209,51406371057886220764223,0,55909262880998939,1.3138048809737766
2025-06-30 01:49:36+00:00,17312845,67537941210,51406371057127356176016,0,55909262880998939,1.313804881012624
2025-06-30 01:49:40+00:00,17312849,67537941211,51406371056368491587831,0,55909262880998939,1.3138048810514713
2025-06-30 01:49:46+00:00,17312855,67537941275,51406371105206521087879,0,55909262933979423,1.3138048810482879
2025-06-30 01:49:54+00:00,17312863,67537941276,51406371105206521087878,0,55909262933979423,1.3138048810677407
2025-06-30 01:50:50+00:00,17312919,67537941275,51406371106206521087878,0,55909262933979423,1.3138048810227307
2025-06-30 01:50:54+00:00,17312923,67537941274,51406371107206521087878,0,55909262933979423,1.3138048809777205
2025-06-30 01:50:59+00:00,17312928,67537941287,51406371117206521087878,0,55909262944741083,1.3138048809750351
2025-06-30 01:52:32+00:00,17313021,67537941288,51406371116447656499672,0,55909262944741083,1.3138048810138825
2025-06-30 01:52:41+00:00,17313030,67537941352,51406371165285685999720,0,55909262997721567,1.3138048810106993
2025-06-30 01:52:46+00:00,17313035,67537941285,51406371114267474369553,0,55909262942234464,1.3138048810112435
2025-06-30 01:53:45+00:00,17313094,67537941284,51406371115267474369553,0,55909262942234464,1.3138048809662333
2025-06-30 01:53:53+00:00,17313102,67537941297,51406371125267474369553,0,55909262952996124,1.3138048809635479
2025-06-30 01:55:26+00:00,17313195,67537941298,51406371124508609781340,0,55909262952996124,1.3138048810023952
2025-06-30 01:55:36+00:00,17313205,67537941362,51406371173346639281388,0,55909263005976608,1.313804880999212
2025-06-30 01:55:44+00:00,17313213,67537941363,51406371173346639281387,0,55909263005976608,1.3138048810186649
2025-06-30 01:56:40+00:00,17313269,67537941362,51406371174346639281387,0,55909263005976608,1.3138048809736547
2025-06-30 01:56:44+00:00,17313273,67537941361,51406371175346639281387,0,55909263005976608,1.3138048809286447
2025-06-30 01:56:49+00:00,17313278,67537941374,51406371185346639281387,0,55909263016738268,1.3138048809259593
2025-06-30 01:56:53+00:00,17313282,67537941373,51406371184550450660779,0,55909263015872338,1.3138048809268548
2025-06-30 01:58:23+00:00,17313372,67537941374,51406371183791586072545,0,55909263015872338,1.3138048809657021
2025-06-30 01:58:27+00:00,17313376,67537941375,51406371183032721484333,0,55909263015872338,1.3138048810045493
2025-06-30 01:58:33+00:00,17313382,67537941439,51406371231870750984381,0,55909263068852822,1.313804881001366
2025-06-30 01:58:41+00:00,17313390,67537941440,51406371231870750984380,0,55909263068852822,1.313804881020819
2025-06-30 01:59:36+00:00,17313445,67537941439,51406371232870750984380,0,55909263068852822,1.3138048809758087
2025-06-30 01:59:44+00:00,17313453,67537941452,51406371242870750984380,0,55909263079614482,1.3138048809731233
2025-06-30 01:59:48+00:00,17313457,67537941451,51406371242074562363777,0,55909263078748552,1.3138048809740188
2025-06-30 02:01:21+00:00,17313550,67537941452,51406371241315697775570,0,55909263078748552,1.3138048810128662
2025-06-30 02:01:31+00:00,17313560,67537941516,51406371290153727275618,0,55909263131729036,1.313804881009683
2025-06-30 02:01:39+00:00,17313568,67537941517,51406371290153727275617,0,55909263131729036,1.3138048810291358
2025-06-30 02:02:38+00:00,17313627,67537941516,51406371291153727275617,0,55909263131729036,1.3138048809841256
2025-06-30 02:02:47+00:00,17313636,67537941529,51406371301153727275617,0,55909263142490696,1.3138048809814402
2025-06-30 02:04:21+00:00,17313730,67537941530,51406371300394862687414,0,55909263142490696,1.3138048810202876
2025-06-30 02:04:26+00:00,17313735,67537941531,51406371299635998099234,0,55909263142490696,1.313804881059135
2025-06-30 02:04:31+00:00,17313740,67537941595,51406371348474027599282,0,55909263195471180,1.3138048810559517
2025-06-30 02:04:40+00:00,17313749,67537941596,51406371348474027599281,0,55909263195471180,1.3138048810754044
2025-06-30 02:05:37+00:00,17313806,67537941595,51406371349474027599281,0,55909263195471180,1.3138048810303944
2025-06-30 02:05:42+00:00,17313811,67537941594,51406371350474027599281,0,55909263195471180,1.3138048809853844
2025-06-30 02:05:50+00:00,17313819,67537941593,51406371349677838978661,0,55909263194605250,1.31380488098628
2025-06-30 02:07:22+00:00,17313911,67537941594,51406371348918974390461,0,55909263194605250,1.3138048810251273
2025-06-30 02:07:27+00:00,17313916,67537941595,51406371348160109802284,0,55909263194605250,1.3138048810639744
2025-06-30 02:07:32+00:00,17313921,67537941659,51406371396998139302332,0,55909263247585734,1.3138048810607912
2025-06-30 02:07:37+00:00,17313926,67537941592,51406371345979927670208,0,55909263192098631,1.3138048810613354
2025-06-30 02:07:41+00:00,17313930,67537941593,51406371345979927670207,0,55909263192098631,1.3138048810807883
2025-06-30 02:08:42+00:00,17313991,67537941592,51406371346979927670207,0,55909263192098631,1.313804881035778
2025-06-30 02:08:51+00:00,17314000,67537941605,51406371356979927670207,0,55909263202860291,1.3138048810330927
2025-06-30 02:08:55+00:00,17314004,67537941604,51406371356183739049591,0,55909263201994361,1.3138048810339882
2025-06-30 02:10:25+00:00,17314094,67537941605,51406371355424874461419,0,55909263201994361,1.3138048810728356
2025-06-30 02:10:29+00:00,17314098,67537941606,51406371354666009873269,0,55909263201994361,1.313804881111683
2025-06-30 02:10:34+00:00,17314103,67537941670,51406371403504039373317,0,55909263254974845,1.3138048811084997
2025-06-30 02:10:39+00:00,17314108,67537941603,51406371352485827741479,0,55909263199487742,1.313804881109044
2025-06-30 02:11:36+00:00,17314165,67537941602,51406371353485827741479,0,55909263199487742,1.3138048810640337
2025-06-30 02:11:44+00:00,17314173,67537941615,51406371363485827741479,0,55909263210249402,1.3138048810613483
2025-06-30 02:11:48+00:00,17314177,67537941614,51406371362689639120868,0,55909263209383472,1.3138048810622438
2025-06-30 02:13:15+00:00,17314264,67537941615,51406371361930774532712,0,55909263209383472,1.3138048811010912
2025-06-30 02:13:25+00:00,17314274,67537941679,51406371410768804032760,0,55909263262363956,1.313804881097908
2025-06-30 02:13:33+00:00,17314282,67537941680,51406371410768804032759,0,55909263262363956,1.3138048811173608
2025-06-30 02:14:30+00:00,17314339,67537941679,51406371411768804032759,0,55909263262363956,1.3138048810723506
2025-06-30 02:14:34+00:00,17314343,67537941678,51406371412768804032759,0,55909263262363956,1.3138048810273406
2025-06-30 02:14:39+00:00,17314348,67537941691,51406371422768804032759,0,55909263273125616,1.3138048810246552
2025-06-30 02:16:13+00:00,17314442,67537941692,51406371422009939444581,0,55909263273125616,1.3138048810635024
2025-06-30 02:16:22+00:00,17314451,67537941756,51406371470847968944629,0,55909263326106100,1.3138048810603191
2025-06-30 02:16:26+00:00,17314455,67537941689,51406371419829757310864,0,55909263270618997,1.3138048810608633
2025-06-30 02:16:31+00:00,17314460,67537941690,51406371419829757310863,0,55909263270618997,1.3138048810803162
2025-06-30 02:17:27+00:00,17314516,67537941689,51406371420829757310863,0,55909263270618997,1.313804881035306
2025-06-30 02:17:36+00:00,17314525,67537941702,51406371430829757310863,0,55909263281380657,1.3138048810326206
2025-06-30 02:19:11+00:00,17314620,67537941703,51406371430070892722690,0,55909263281380657,1.313804881071468
2025-06-30 02:19:16+00:00,17314625,67537941704,51406371429312028134539,0,55909263281380657,1.3138048811103153
2025-06-30 02:19:21+00:00,17314630,67537941768,51406371478150057634587,0,55909263334361141,1.3138048811071321
2025-06-30 02:19:25+00:00,17314634,67537941701,51406371427131846001108,0,55909263278874038,1.3138048811076763
2025-06-30 02:19:30+00:00,17314639,67537941702,51406371427131846001107,0,55909263278874038,1.313804881127129
2025-06-30 02:20:25+00:00,17314694,67537941701,51406371428131846001107,0,55909263278874038,1.313804881082119
2025-06-30 02:20:33+00:00,17314702,67537941714,51406371438131846001107,0,55909263289635698,1.3138048810794336
2025-06-30 02:22:07+00:00,17314796,67537941715,51406371437372981412961,0,55909263289635698,1.313804881118281
2025-06-30 02:22:16+00:00,17314805,67537941779,51406371486211010913009,0,55909263342616182,1.3138048811150975
2025-06-30 02:22:20+00:00,17314809,67537941712,51406371435192799279063,0,55909263287129079,1.3138048811156418
2025-06-30 02:22:25+00:00,17314814,67537941713,51406371435192799279062,0,55909263287129079,1.3138048811350946
2025-06-30 02:23:20+00:00,17314869,67537941712,51406371436192799279062,0,55909263287129079,1.3138048810900846
2025-06-30 02:23:28+00:00,17314877,67537941725,51406371446192799279062,0,55909263297890739,1.313804881087399
2025-06-30 02:23:32+00:00,17314881,67537941724,51406371445396610658418,0,55909263297024809,1.3138048810882947
2025-06-30 02:25:00+00:00,17314969,67537941725,51406371444637746070277,0,55909263297024809,1.3138048811271419
2025-06-30 02:25:05+00:00,17314974,67537941726,51406371443878881482158,0,55909263297024809,1.3138048811659893
2025-06-30 02:25:10+00:00,17314979,67537941790,51406371492716910982206,0,55909263350005293,1.313804881162806
2025-06-30 02:25:18+00:00,17314987,67537941791,51406371492716910982205,0,55909263350005293,1.313804881182259
2025-06-30 02:26:13+00:00,17315042,67537941790,51406371493716910982205,0,55909263350005293,1.3138048811372487
2025-06-30 02:26:21+00:00,17315050,67537941803,51406371503716910982205,0,55909263360766953,1.3138048811345633
2025-06-30 02:26:26+00:00,17315055,67537941802,51406371502920722361565,0,55909263359901023,1.3138048811354588
2025-06-30 02:27:53+00:00,17315142,67537941803,51406371502161857773451,0,55909263359901023,1.3138048811743062
2025-06-30 02:28:03+00:00,17315152,67537941867,51406371550999887273499,0,55909263412881507,1.313804881171123
2025-06-30 02:28:12+00:00,17315161,67537941868,51406371550999887273498,0,55909263412881507,1.3138048811905758
2025-06-30 02:29:06+00:00,17315215,67537941867,51406371551999887273498,0,55909263412881507,1.3138048811455656
2025-06-30 02:29:14+00:00,17315223,67537941880,51406371561999887273498,0,55909263423643167,1.3138048811428802
2025-06-30 02:30:44+00:00,17315313,67537941881,51406371561241022685389,0,55909263423643167,1.3138048811817276
2025-06-30 02:30:53+00:00,17315322,67537941945,51406371610079052185437,0,55909263476623651,1.3138048811785443
2025-06-30 02:31:01+00:00,17315330,67537941946,51406371610079052185436,0,55909263476623651,1.3138048811979972
2025-06-30 02:31:56+00:00,17315385,67537941945,51406371611079052185436,0,55909263476623651,1.313804881152987
2025-06-30 02:32:04+00:00,17315393,67537941958,51406371621079052185436,0,55909263487385311,1.3138048811503016
2025-06-30 02:33:33+00:00,17315482,67537941959,51406371620320187597331,0,55909263487385311,1.313804881189149
2025-06-30 02:33:37+00:00,17315486,67537941960,51406371619561323009248,0,55909263487385311,1.3138048812279963
2025-06-30 02:33:42+00:00,17315491,67537942024,51406371668399352509296,0,55909263540365795,1.3138048812248129
2025-06-30 02:33:46+00:00,17315495,67537941957,51406371617381140874987,0,55909263484878692,1.313804881225357
2025-06-30 02:33:50+00:00,17315499,67537941958,51406371617381140874986,0,55909263484878692,1.31380488124481
2025-06-30 02:34:47+00:00,17315556,67537941957,51406371618381140874986,0,55909263484878692,1.3138048811998
2025-06-30 02:34:55+00:00,17315564,67537941970,51406371628381140874986,0,55909263495640352,1.3138048811971144
2025-06-30 02:36:27+00:00,17315656,67537941971,51406371627622276286908,0,55909263495640352,1.3138048812359617
2025-06-30 02:36:37+00:00,17315666,67537942035,51406371676460305786956,0,55909263548620836,1.3138048812327785
2025-06-30 02:36:45+00:00,17315674,67537942036,51406371676460305786955,0,55909263548620836,1.3138048812522314
2025-06-30 02:37:39+00:00,17315728,67537942035,51406371677460305786955,0,55909263548620836,1.3138048812072212
2025-06-30 02:37:47+00:00,17315736,67537942048,51406371687460305786955,0,55909263559382496,1.3138048812045358
2025-06-30 02:37:51+00:00,17315740,67537942047,51406371686664117166298,0,55909263558516566,1.3138048812054313
2025-06-30 02:39:19+00:00,17315828,67537942048,51406371685905252578225,0,55909263558516566,1.3138048812442786
2025-06-30 02:39:23+00:00,17315832,67537942049,51406371685146387990174,0,55909263558516566,1.313804881283126
2025-06-30 02:39:29+00:00,17315838,67537942113,51406371733984417490222,0,55909263611497050,1.3138048812799428
2025-06-30 02:39:37+00:00,17315846,67537942114,51406371733984417490221,0,55909263611497050,1.3138048812993957
2025-06-30 02:40:31+00:00,17315900,67537942113,51406371734984417490221,0,55909263611497050,1.3138048812543854
2025-06-30 02:40:36+00:00,17315905,67537942112,51406371735984417490221,0,55909263611497050,1.3138048812093754
2025-06-30 02:40:40+00:00,17315909,67537942125,51406371745984417490221,0,55909263622258710,1.31380488120669
2025-06-30 02:40:44+00:00,17315913,67537942124,51406371745188228869553,0,55909263621392780,1.3138048812075855
2025-06-30 02:42:11+00:00,17316000,67537942125,51406371744429364281481,0,55909263621392780,1.313804881246433
2025-06-30 02:42:20+00:00,17316009,67537942189,51406371793267393781529,0,55909263674373264,1.3138048812432495
2025-06-30 02:42:25+00:00,17316014,67537942122,51406371742249182145579,0,55909263618886161,1.3138048812437937
2025-06-30 02:43:24+00:00,17316073,67537942121,51406371743249182145579,0,55909263618886161,1.3138048811987837
2025-06-30 02:43:29+00:00,17316078,67537942120,51406371744249182145579,0,55909263618886161,1.3138048811537735
2025-06-30 02:43:37+00:00,17316086,67537942119,51406371743452993524890,0,55909263618020231,1.3138048811546692
2025-06-30 02:45:04+00:00,17316173,67537942120,51406371742694128936787,0,55909263618020231,1.3138048811935163
2025-06-30 02:45:13+00:00,17316182,67537942184,51406371791532158436835,0,55909263671000715,1.3138048811903331
2025-06-30 02:45:17+00:00,17316186,67537942117,51406371740513946799530,0,55909263615513612,1.3138048811908773
2025-06-30 02:45:21+00:00,17316190,67537942118,51406371740513946799529,0,55909263615513612,1.3138048812103302
2025-06-30 02:46:15+00:00,17316244,67537942117,51406371741513946799529,0,55909263615513612,1.31380488116532
2025-06-30 02:46:23+00:00,17316252,67537942130,51406371751513946799529,0,55909263626275272,1.3138048811626346
2025-06-30 02:47:52+00:00,17316341,67537942131,51406371750755082211431,0,55909263626275272,1.313804881201482
2025-06-30 02:48:01+00:00,17316350,67537942195,51406371799593111711479,0,55909263679255756,1.3138048811982987
2025-06-30 02:48:09+00:00,17316358,67537942196,51406371799593111711478,0,55909263679255756,1.3138048812177516
2025-06-30 02:49:01+00:00,17316410,67537942195,51406371800593111711478,0,55909263679255756,1.3138048811727414
2025-06-30 02:49:05+00:00,17316414,67537942194,51406371801593111711478,0,55909263679255756,1.3138048811277314
2025-06-30 02:49:09+00:00,17316418,67537942207,51406371811593111711478,0,55909263690017416,1.313804881125046
2025-06-30 02:50:40+00:00,17316509,67537942208,51406371810834247123358,0,55909263690017416,1.3138048811638932
2025-06-30 02:50:45+00:00,17316514,67537942209,51406371810075382535261,0,55909263690017416,1.3138048812027405
2025-06-30 02:50:50+00:00,17316519,67537942273,51406371858913412035309,0,55909263742997900,1.3138048811995573
2025-06-30 02:50:58+00:00,17316527,67537942274,51406371858913412035308,0,55909263742997900,1.3138048812190102
2025-06-30 02:51:51+00:00,17316580,67537942273,51406371859913412035308,0,55909263742997900,1.313804881174
2025-06-30 02:51:59+00:00,17316588,67537942286,51406371869913412035308,0,55909263753759560,1.3138048811713146
2025-06-30 02:53:31+00:00,17316680,67537942287,51406371869154547447215,0,55909263753759560,1.313804881210162
2025-06-30 02:53:35+00:00,17316684,67537942288,51406371868395682859144,0,55909263753759560,1.3138048812490093
2025-06-30 02:53:40+00:00,17316689,67537942352,51406371917233712359192,0,55909263806740044,1.313804881245826
2025-06-30 02:53:45+00:00,17316694,67537942285,51406371866215500720999,0,55909263751252941,1.31380488124637
2025-06-30 02:54:42+00:00,17316751,67537942284,51406371867215500720999,0,55909263751252941,1.31380488120136
2025-06-30 02:54:46+00:00,17316755,67537942283,51406371868215500720999,0,55909263751252941,1.31380488115635
2025-06-30 02:54:51+00:00,17316760,67537942296,51406371878215500720999,0,55909263762014601,1.3138048811536647
2025-06-30 02:54:55+00:00,17316764,67537942295,51406371877419312100273,0,55909263761148671,1.3138048811545602
2025-06-30 02:56:24+00:00,17316853,67537942296,51406371876660447512170,0,55909263761148671,1.3138048811934073
2025-06-30 02:56:29+00:00,17316858,67537942297,51406371875901582924090,0,55909263761148671,1.3138048812322547
2025-06-30 02:56:34+00:00,17316863,67537942361,51406371924739612424138,0,55909263814129155,1.3138048812290715
2025-06-30 02:56:42+00:00,17316871,67537942362,51406371924739612424137,0,55909263814129155,1.3138048812485243
2025-06-30 02:57:37+00:00,17316926,67537942361,51406371925739612424137,0,55909263814129155,1.3138048812035141
2025-06-30 02:57:45+00:00,17316934,67537942374,51406371935739612424137,0,55909263824890815,1.3138048812008287
2025-06-30 02:57:50+00:00,17316939,67537942373,51406371934943423803416,0,55909263824024885,1.3138048812017242
2025-06-30 02:59:17+00:00,17317026,67537942374,51406371934184559215341,0,55909263824024885,1.3138048812405716
2025-06-30 02:59:22+00:00,17317031,67537942375,51406371933425694627288,0,55909263824024885,1.313804881279419
2025-06-30 02:59:27+00:00,17317036,67537942439,51406371982263724127336,0,55909263877005369,1.3138048812762357
2025-06-30 02:59:34+00:00,17317043,67537942440,51406371982263724127335,0,55909263877005369,1.3138048812956886
2025-06-30 03:00:32+00:00,17317101,67537942439,51406371983263724127335,0,55909263877005369,1.3138048812506784
2025-06-30 03:00:37+00:00,17317106,67537942438,51406371984263724127335,0,55909263877005369,1.3138048812056684
2025-06-30 03:00:42+00:00,17317111,67537942451,51406371994263724127335,0,55909263887767029,1.313804881202983
2025-06-30 03:02:15+00:00,17317204,67537942452,51406371993504859539260,0,55909263887767029,1.3138048812418301
2025-06-30 03:02:24+00:00,17317213,67537942516,51406372042342889039308,0,55909263940747513,1.313804881238647
2025-06-30 03:02:28+00:00,17317217,67537942449,51406371991324677399235,0,55909263885260410,1.3138048812391911
2025-06-30 03:02:33+00:00,17317222,67537942450,51406371991324677399234,0,55909263885260410,1.313804881258644
2025-06-30 03:03:28+00:00,17317277,67537942449,51406371992324677399234,0,55909263885260410,1.3138048812136338
2025-06-30 03:03:32+00:00,17317281,67537942448,51406371993324677399234,0,55909263885260410,1.3138048811686238
2025-06-30 03:03:37+00:00,17317286,67537942461,51406372003324677399234,0,55909263896022070,1.3138048811659384
2025-06-30 03:05:11+00:00,17317380,67537942462,51406372002565812811138,0,55909263896022070,1.3138048812047858
2025-06-30 03:05:20+00:00,17317389,67537942526,51406372051403842311186,0,55909263949002554,1.3138048812016023
2025-06-30 03:05:25+00:00,17317394,67537942459,51406372000385630669653,0,55909263893515451,1.3138048812021466
2025-06-30 03:06:24+00:00,17317453,67537942458,51406372001385630669653,0,55909263893515451,1.3138048811571366
2025-06-30 03:06:32+00:00,17317461,67537942471,51406372011385630669653,0,55909263904277111,1.3138048811544512
2025-06-30 03:06:36+00:00,17317465,67537942470,51406372010589442048891,0,55909263903411181,1.3138048811553467
2025-06-30 03:08:01+00:00,17317550,67537942471,51406372009830577460789,0,55909263903411181,1.313804881194194
2025-06-30 03:08:05+00:00,17317554,67537942472,51406372009071712872709,0,55909263903411181,1.3138048812330414
2025-06-30 03:08:10+00:00,17317559,67537942536,51406372057909742372757,0,55909263956391665,1.313804881229858
2025-06-30 03:08:15+00:00,17317564,67537942469,51406372006891530731510,0,55909263900904562,1.3138048812304022
2025-06-30 03:09:11+00:00,17317620,67537942468,51406372007891530731510,0,55909263900904562,1.3138048811853922
2025-06-30 03:09:15+00:00,17317624,67537942467,51406372008891530731510,0,55909263900904562,1.313804881140382
2025-06-30 03:09:19+00:00,17317628,67537942480,51406372018891530731510,0,55909263911666222,1.3138048811376966
2025-06-30 03:09:24+00:00,17317633,67537942479,51406372018095342110737,0,55909263910800292,1.313804881138592
2025-06-30 03:10:52+00:00,17317721,67537942480,51406372017336477522625,0,55909263910800292,1.3138048811774394
2025-06-30 03:11:00+00:00,17317729,67537942544,51406372066174507022673,0,55909263963780776,1.3138048811742562
2025-06-30 03:11:05+00:00,17317734,67537942477,51406372015156295379966,0,55909263908293673,1.3138048811748004
2025-06-30 03:12:02+00:00,17317791,67537942476,51406372016156295379966,0,55909263908293673,1.3138048811297902
2025-06-30 03:12:10+00:00,17317799,67537942489,51406372026156295379966,0,55909263919055333,1.3138048811271048
2025-06-30 03:13:41+00:00,17317890,67537942490,51406372025397430791847,0,55909263919055333,1.3138048811659522
2025-06-30 03:13:50+00:00,17317899,67537942554,51406372074235460291895,0,55909263972035817,1.313804881162769
2025-06-30 03:13:57+00:00,17317906,67537942555,51406372074235460291894,0,55909263972035817,1.3138048811822218
2025-06-30 03:14:52+00:00,17317961,67537942554,51406372075235460291894,0,55909263972035817,1.3138048811372116
2025-06-30 03:15:00+00:00,17317969,67537942567,51406372085235460291894,0,55909263982797477,1.3138048811345262
2025-06-30 03:15:05+00:00,17317974,67537942566,51406372084439271671106,0,55909263981931547,1.3138048811354217
2025-06-30 03:16:32+00:00,17318061,67537942567,51406372083680407082992,0,55909263981931547,1.313804881174269
2025-06-30 03:16:36+00:00,17318065,67537942568,51406372082921542494901,0,55909263981931547,1.3138048812131164
2025-06-30 03:16:41+00:00,17318070,67537942632,51406372131759571994949,0,55909264034912031,1.313804881209933
2025-06-30 03:16:46+00:00,17318075,67537942565,51406372080741360352061,0,55909263979424928,1.3138048812104772
2025-06-30 03:17:44+00:00,17318133,67537942564,51406372081741360352061,0,55909263979424928,1.3138048811654672
2025-06-30 03:17:49+00:00,17318138,67537942563,51406372082741360352061,0,55909263979424928,1.3138048811204572
2025-06-30 03:17:57+00:00,17318146,67537942562,51406372081945171731264,0,55909263978558998,1.3138048811213527
2025-06-30 03:19:24+00:00,17318233,67537942563,51406372081186307143142,0,55909263978558998,1.3138048811602
2025-06-30 03:19:28+00:00,17318237,67537942564,51406372080427442555043,0,55909263978558998,1.3138048811990473
2025-06-30 03:19:33+00:00,17318242,67537942628,51406372129265472055091,0,55909264031539482,1.313804881195864
2025-06-30 03:19:37+00:00,17318246,67537942561,51406372078247260411601,0,55909263976052379,1.3138048811964083
2025-06-30 03:20:36+00:00,17318305,67537942560,51406372079247260411601,0,55909263976052379,1.3138048811513983
2025-06-30 03:20:40+00:00,17318309,67537942559,51406372080247260411601,0,55909263976052379,1.313804881106388
2025-06-30 03:20:44+00:00,17318313,67537942572,51406372090247260411601,0,55909263986814039,1.3138048811037026
2025-06-30 03:22:15+00:00,17318404,67537942573,51406372089488395823469,0,55909263986814039,1.31380488114255
2025-06-30 03:22:19+00:00,17318408,67537942574,51406372088729531235359,0,55909263986814039,1.3138048811813974
2025-06-30 03:22:24+00:00,17318413,67537942638,51406372137567560735407,0,55909264039794523,1.313804881178214
2025-06-30 03:22:28+00:00,17318417,67537942571,51406372086549349091210,0,55909263984307420,1.3138048811787582
2025-06-30 03:22:33+00:00,17318422,67537942572,51406372086549349091209,0,55909263984307420,1.313804881198211
2025-06-30 03:23:26+00:00,17318475,67537942571,51406372087549349091209,0,55909263984307420,1.313804881153201
2025-06-30 03:23:34+00:00,17318483,67537942584,51406372097549349091209,0,55909263995069080,1.3138048811505154
2025-06-30 03:25:03+00:00,17318572,67537942585,51406372096790484503104,0,55909263995069080,1.3138048811893628
2025-06-30 03:25:08+00:00,17318577,67537942586,51406372096031619915021,0,55909263995069080,1.3138048812282102
2025-06-30 03:25:13+00:00,17318582,67537942650,51406372144869649415069,0,55909264048049564,1.313804881225027
2025-06-30 03:25:21+00:00,17318590,67537942651,51406372144869649415068,0,55909264048049564,1.3138048812444798
2025-06-30 03:26:16+00:00,17318645,67537942650,51406372145869649415068,0,55909264048049564,1.3138048811994696
2025-06-30 03:26:24+00:00,17318653,67537942663,51406372155869649415068,0,55909264058811224,1.3138048811967842
2025-06-30 03:26:29+00:00,17318658,67537942662,51406372155073460794268,0,55909264057945294,1.3138048811976797
2025-06-30 03:27:55+00:00,17318744,67537942663,51406372154314596206190,0,55909264057945294,1.313804881236527
2025-06-30 03:28:00+00:00,17318749,67537942664,51406372153555731618135,0,55909264057945294,1.3138048812753744
2025-06-30 03:28:05+00:00,17318754,67537942728,51406372202393761118183,0,55909264110925778,1.3138048812721912
2025-06-30 03:28:13+00:00,17318762,67537942729,51406372202393761118182,0,55909264110925778,1.3138048812916439
2025-06-30 03:29:06+00:00,17318815,67537942728,51406372203393761118182,0,55909264110925778,1.3138048812466339
2025-06-30 03:29:14+00:00,17318823,67537942741,51406372213393761118182,0,55909264121687438,1.3138048812439485
2025-06-30 03:30:46+00:00,17318915,67537942742,51406372212634896530131,0,55909264121687438,1.3138048812827958
2025-06-30 03:30:55+00:00,17318924,67537942806,51406372261472926030179,0,55909264174667922,1.3138048812796124
2025-06-30 03:31:03+00:00,17318932,67537942807,51406372261472926030178,0,55909264174667922,1.3138048812990653
2025-06-30 03:31:56+00:00,17318985,67537942806,51406372262472926030178,0,55909264174667922,1.3138048812540553
2025-06-30 03:32:04+00:00,17318993,67537942819,51406372272472926030178,0,55909264185429582,1.3138048812513698
2025-06-30 03:32:08+00:00,17318997,67537942818,51406372271676737409376,0,55909264184563652,1.3138048812522654
2025-06-30 03:33:34+00:00,17319083,67537942819,51406372270917872821330,0,55909264184563652,1.3138048812911127
2025-06-30 03:33:38+00:00,17319087,67537942820,51406372270159008233306,0,55909264184563652,1.3138048813299599
2025-06-30 03:33:44+00:00,17319093,67537942884,51406372318997037733354,0,55909264237544136,1.3138048813267766
2025-06-30 03:33:52+00:00,17319101,67537942885,51406372318997037733353,0,55909264237544136,1.3138048813462295
2025-06-30 03:34:45+00:00,17319154,67537942884,51406372319997037733353,0,55909264237544136,1.3138048813012195
2025-06-30 03:34:49+00:00,17319158,67537942883,51406372320997037733353,0,55909264237544136,1.3138048812562093
2025-06-30 03:34:54+00:00,17319163,67537942896,51406372330997037733353,0,55909264248305796,1.313804881253524
2025-06-30 03:36:26+00:00,17319255,67537942897,51406372330238173145307,0,55909264248305796,1.3138048812923713
2025-06-30 03:36:36+00:00,17319265,67537942961,51406372379076202645355,0,55909264301286280,1.313804881289188
2025-06-30 03:36:45+00:00,17319274,67537942962,51406372379076202645354,0,55909264301286280,1.3138048813086407
2025-06-30 03:37:38+00:00,17319327,67537942961,51406372380076202645354,0,55909264301286280,1.3138048812636307
2025-06-30 03:37:46+00:00,17319335,67537942974,51406372390076202645354,0,55909264312047940,1.3138048812609453
2025-06-30 03:39:17+00:00,17319426,67537942975,51406372389317338057313,0,55909264312047940,1.3138048812997927
2025-06-30 03:39:21+00:00,17319430,67537942976,51406372388558473469294,0,55909264312047940,1.3138048813386398
2025-06-30 03:39:27+00:00,17319436,67537943040,51406372437396502969342,0,55909264365028424,1.3138048813354566
2025-06-30 03:39:35+00:00,17319444,67537943041,51406372437396502969341,0,55909264365028424,1.3138048813549095
2025-06-30 03:40:28+00:00,17319497,67537943040,51406372438396502969341,0,55909264365028424,1.3138048813098995
2025-06-30 03:40:37+00:00,17319506,67537943053,51406372448396502969341,0,55909264375790084,1.3138048813072138
2025-06-30 03:42:08+00:00,17319597,67537943054,51406372447637638381327,0,55909264375790084,1.3138048813460612
2025-06-30 03:42:17+00:00,17319606,67537943118,51406372496475667881375,0,55909264428770568,1.313804881342878
2025-06-30 03:42:25+00:00,17319614,67537943119,51406372496475667881374,0,55909264428770568,1.3138048813623309
2025-06-30 03:43:18+00:00,17319667,67537943118,51406372497475667881374,0,55909264428770568,1.3138048813173206
2025-06-30 03:43:23+00:00,17319672,67537943117,51406372498475667881374,0,55909264428770568,1.3138048812723107
2025-06-30 03:43:31+00:00,17319680,67537943116,51406372497679479260537,0,55909264427904638,1.3138048812732062
2025-06-30 03:45:04+00:00,17319773,67537943117,51406372496920614672503,0,55909264427904638,1.3138048813120535
2025-06-30 03:45:14+00:00,17319783,67537943181,51406372545758644172551,0,55909264480885122,1.3138048813088703
2025-06-30 03:45:22+00:00,17319791,67537943182,51406372545758644172550,0,55909264480885122,1.313804881328323
2025-06-30 03:46:16+00:00,17319845,67537943181,51406372546758644172550,0,55909264480885122,1.313804881283313
2025-06-30 03:46:24+00:00,17319853,67537943194,51406372556758644172550,0,55909264491646782,1.3138048812806276
2025-06-30 03:47:53+00:00,17319942,67537943195,51406372555999779584520,0,55909264491646782,1.313804881319475
2025-06-30 03:47:58+00:00,17319947,67537943196,51406372555240914996513,0,55909264491646782,1.313804881358322
2025-06-30 03:48:04+00:00,17319953,67537943260,51406372604078944496561,0,55909264544627266,1.3138048813551388
2025-06-30 03:48:11+00:00,17319960,67537943261,51406372604078944496560,0,55909264544627266,1.3138048813745917
2025-06-30 03:49:03+00:00,17320012,67537943260,51406372605078944496560,0,55909264544627266,1.3138048813295817
2025-06-30 03:49:08+00:00,17320017,67537943259,51406372606078944496560,0,55909264544627266,1.3138048812845715
2025-06-30 03:49:16+00:00,17320025,67537943258,51406372605282755875706,0,55909264543761336,1.313804881285467
2025-06-30 03:50:46+00:00,17320115,67537943259,51406372604523891287679,0,55909264543761336,1.3138048813243144
2025-06-30 03:50:50+00:00,17320119,67537943260,51406372603765026699674,0,55909264543761336,1.3138048813631618
2025-06-30 03:50:55+00:00,17320124,67537943324,51406372652603056199722,0,55909264596741820,1.3138048813599785
2025-06-30 03:50:59+00:00,17320128,67537943257,51406372601584844552603,0,55909264541254717,1.3138048813605228
2025-06-30 03:51:03+00:00,17320132,67537943258,51406372601584844552602,0,55909264541254717,1.3138048813799754
2025-06-30 03:51:59+00:00,17320188,67537943257,51406372602584844552602,0,55909264541254717,1.3138048813349654
2025-06-30 03:52:03+00:00,17320192,67537943256,51406372603584844552602,0,55909264541254717,1.3138048812899554
2025-06-30 03:52:08+00:00,17320197,67537943269,51406372613584844552602,0,55909264552016377,1.31380488128727
2025-06-30 03:53:41+00:00,17320290,67537943270,51406372612825979964576,0,55909264552016377,1.3138048813261172
2025-06-30 03:53:50+00:00,17320299,67537943334,51406372661664009464624,0,55909264604996861,1.313804881322934
2025-06-30 03:53:58+00:00,17320307,67537943335,51406372661664009464623,0,55909264604996861,1.3138048813423868
2025-06-30 03:54:51+00:00,17320360,67537943334,51406372662664009464623,0,55909264604996861,1.3138048812973766
2025-06-30 03:54:59+00:00,17320368,67537943347,51406372672664009464623,0,55909264615758521,1.3138048812946912
2025-06-30 03:55:04+00:00,17320373,67537943346,51406372671867820843751,0,55909264614892591,1.3138048812955867
2025-06-30 03:56:30+00:00,17320459,67537943347,51406372671108956255730,0,55909264614892591,1.313804881334434
2025-06-30 03:56:39+00:00,17320468,67537943411,51406372719946985755778,0,55909264667873075,1.3138048813312508
2025-06-30 03:56:47+00:00,17320476,67537943412,51406372719946985755777,0,55909264667873075,1.3138048813507037
2025-06-30 03:57:41+00:00,17320530,67537943411,51406372720946985755777,0,55909264667873075,1.3138048813056935
2025-06-30 03:57:45+00:00,17320534,67537943410,51406372721946985755777,0,55909264667873075,1.3138048812606835
2025-06-30 03:57:50+00:00,17320539,67537943423,51406372731946985755777,0,55909264678634735,1.313804881257998
2025-06-30 03:59:21+00:00,17320630,67537943424,51406372731188121167734,0,55909264678634735,1.3138048812968455
2025-06-30 03:59:30+00:00,17320639,67537943488,51406372780026150667782,0,55909264731615219,1.313804881293662
2025-06-30 03:59:39+00:00,17320648,67537943489,51406372780026150667781,0,55909264731615219,1.313804881313115
2025-06-30 04:00:37+00:00,17320706,67537943488,51406372781026150667781,0,55909264731615219,1.313804881268105
2025-06-30 04:00:41+00:00,17320710,67537943487,51406372782026150667781,0,55909264731615219,1.3138048812230947
2025-06-30 04:00:46+00:00,17320715,67537943500,51406372792026150667781,0,55909264742376879,1.3138048812204093
2025-06-30 04:02:21+00:00,17320810,67537943501,51406372791267286079716,0,55909264742376879,1.3138048812592567
2025-06-30 04:02:30+00:00,17320819,67537943565,51406372840105315579764,0,55909264795357363,1.3138048812560734
2025-06-30 04:02:35+00:00,17320824,67537943498,51406372789087103927799,0,55909264739870260,1.3138048812566177
2025-06-30 04:03:35+00:00,17320884,67537943497,51406372790087103927799,0,55909264739870260,1.3138048812116074
2025-06-30 04:03:43+00:00,17320892,67537943510,51406372800087103927799,0,55909264750631920,1.313804881208922
2025-06-30 04:05:16+00:00,17320985,67537943511,51406372799328239339728,0,55909264750631920,1.3138048812477694
2025-06-30 04:05:25+00:00,17320994,67537943575,51406372848166268839776,0,55909264803612404,1.3138048812445862
2025-06-30 04:05:29+00:00,17320998,67537943508,51406372797148057187344,0,55909264748125301,1.3138048812451304
2025-06-30 04:05:33+00:00,17321002,67537943509,51406372797148057187343,0,55909264748125301,1.313804881264583
2025-06-30 04:06:28+00:00,17321057,67537943508,51406372798148057187343,0,55909264748125301,1.313804881219573
2025-06-30 04:06:32+00:00,17321061,67537943507,51406372799148057187343,0,55909264748125301,1.313804881174563
2025-06-30 04:06:37+00:00,17321066,67537943520,51406372809148057187343,0,55909264758886961,1.3138048811718774
2025-06-30 04:08:07+00:00,17321156,67537943521,51406372808389192599250,0,55909264758886961,1.3138048812107248
2025-06-30 04:08:12+00:00,17321161,67537943522,51406372807630328011180,0,55909264758886961,1.3138048812495722
2025-06-30 04:08:17+00:00,17321166,67537943586,51406372856468357511228,0,55909264811867445,1.313804881246389
2025-06-30 04:08:22+00:00,17321171,67537943519,51406372805450145858089,0,55909264756380342,1.3138048812469332
2025-06-30 04:09:20+00:00,17321229,67537943518,51406372806450145858089,0,55909264756380342,1.313804881201923
2025-06-30 04:09:25+00:00,17321234,67537943517,51406372807450145858089,0,55909264756380342,1.313804881156913
2025-06-30 04:09:33+00:00,17321242,67537943516,51406372806653957237132,0,55909264755514412,1.3138048811578085
2025-06-30 04:11:02+00:00,17321331,67537943517,51406372805895092649031,0,55909264755514412,1.3138048811966558
2025-06-30 04:11:06+00:00,17321335,67537943518,51406372805136228060953,0,55909264755514412,1.3138048812355032
2025-06-30 04:11:12+00:00,17321341,67537943582,51406372853974257561001,0,55909264808494896,1.3138048812323198
2025-06-30 04:11:20+00:00,17321349,67537943583,51406372853974257561000,0,55909264808494896,1.3138048812517726
2025-06-30 04:12:15+00:00,17321404,67537943582,51406372854974257561000,0,55909264808494896,1.3138048812067626
2025-06-30 04:12:23+00:00,17321412,67537943595,51406372864974257561000,0,55909264819256556,1.3138048812040772
2025-06-30 04:12:27+00:00,17321416,67537943594,51406372864178068940047,0,55909264818390626,1.3138048812049727
2025-06-30 04:13:57+00:00,17321506,67537943595,51406372863419204351973,0,55909264818390626,1.31380488124382
2025-06-30 04:14:01+00:00,17321510,67537943596,51406372862660339763922,0,55909264818390626,1.3138048812826673
2025-06-30 04:14:06+00:00,17321515,67537943660,51406372911498369263970,0,55909264871371110,1.313804881279484
2025-06-30 04:14:14+00:00,17321523,67537943661,51406372911498369263969,0,55909264871371110,1.313804881298937
2025-06-30 04:15:11+00:00,17321580,67537943660,51406372912498369263969,0,55909264871371110,1.313804881253927
2025-06-30 04:15:19+00:00,17321588,67537943673,51406372922498369263969,0,55909264882132770,1.3138048812512413
2025-06-30 04:15:24+00:00,17321593,67537943672,51406372921702180643020,0,55909264881266840,1.313804881252137
2025-06-30 04:16:53+00:00,17321682,67537943673,51406372920943316054974,0,55909264881266840,1.3138048812909842
2025-06-30 04:17:02+00:00,17321691,67537943737,51406372969781345555022,0,55909264934247324,1.313804881287801
2025-06-30 04:17:07+00:00,17321696,67537943670,51406372918763133901100,0,55909264878760221,1.3138048812883452
2025-06-30 04:18:05+00:00,17321754,67537943669,51406372919763133901100,0,55909264878760221,1.3138048812433352
2025-06-30 04:18:14+00:00,17321763,67537943682,51406372929763133901100,0,55909264889521881,1.3138048812406495
2025-06-30 04:19:45+00:00,17321854,67537943683,51406372929004269313047,0,55909264889521881,1.313804881279497
2025-06-30 04:19:50+00:00,17321859,67537943684,51406372928245404725017,0,55909264889521881,1.3138048813183443
2025-06-30 04:19:55+00:00,17321864,67537943748,51406372977083434225065,0,55909264942502365,1.313804881315161
2025-06-30 04:19:59+00:00,17321868,67537943681,51406372926065222571429,0,55909264887015262,1.3138048813157053
2025-06-30 04:20:03+00:00,17321872,67537943682,51406372926065222571428,0,55909264887015262,1.313804881335158
2025-06-30 04:20:58+00:00,17321927,67537943681,51406372927065222571428,0,55909264887015262,1.313804881290148
2025-06-30 04:21:03+00:00,17321932,67537943680,51406372928065222571428,0,55909264887015262,1.313804881245138
2025-06-30 04:21:11+00:00,17321940,67537943679,51406372927269033950463,0,55909264886149332,1.3138048812460335
2025-06-30 04:22:39+00:00,17322028,67537943680,51406372926510169362413,0,55909264886149332,1.3138048812848808
2025-06-30 04:22:44+00:00,17322033,67537943681,51406372925751304774386,0,55909264886149332,1.313804881323728
2025-06-30 04:22:50+00:00,17322039,67537943745,51406372974589334274434,0,55909264939129816,1.3138048813205447
2025-06-30 04:22:58+00:00,17322047,67537943746,51406372974589334274433,0,55909264939129816,1.3138048813399976
2025-06-30 04:23:53+00:00,17322102,67537943745,51406372975589334274433,0,55909264939129816,1.3138048812949876
2025-06-30 04:24:01+00:00,17322110,67537943758,51406372985589334274433,0,55909264949891476,1.313804881292302
2025-06-30 04:24:06+00:00,17322115,67537943757,51406372984793145653472,0,55909264949025546,1.3138048812931977
2025-06-30 04:25:36+00:00,17322205,67537943758,51406372984034281065449,0,55909264949025546,1.3138048813320449
2025-06-30 04:25:40+00:00,17322209,67537943759,51406372983275416477449,0,55909264949025546,1.3138048813708922
2025-06-30 04:25:46+00:00,17322215,67537943823,51406373032113445977497,0,55909265002006030,1.313804881367709
2025-06-30 04:25:54+00:00,17322223,67537943824,51406373032113445977496,0,55909265002006030,1.313804881387162
2025-06-30 04:26:49+00:00,17322278,67537943823,51406373033113445977496,0,55909265002006030,1.3138048813421517
2025-06-30 04:26:57+00:00,17322286,67537943836,51406373043113445977496,0,55909265012767690,1.3138048813394663
2025-06-30 04:27:01+00:00,17322290,67537943835,51406373042317257356540,0,55909265011901760,1.3138048813403618
2025-06-30 04:28:30+00:00,17322379,67537943836,51406373041558392768545,0,55909265011901760,1.3138048813792091
2025-06-30 04:28:39+00:00,17322388,67537943900,51406373090396422268593,0,55909265064882244,1.313804881376026
2025-06-30 04:28:44+00:00,17322393,67537943833,51406373039378210614173,0,55909265009395141,1.3138048813765701
2025-06-30 04:29:44+00:00,17322453,67537943832,51406373040378210614173,0,55909265009395141,1.31380488133156
2025-06-30 04:29:49+00:00,17322458,67537943831,51406373041378210614173,0,55909265009395141,1.31380488128655
2025-06-30 04:29:54+00:00,17322463,67537943844,51406373051378210614173,0,55909265020156801,1.3138048812838645
2025-06-30 04:31:30+00:00,17322559,67537943845,51406373050619346026145,0,55909265020156801,1.313804881322712
2025-06-30 04:31:35+00:00,17322564,67537943846,51406373049860481438139,0,55909265020156801,1.313804881361559
2025-06-30 04:31:40+00:00,17322569,67537943910,51406373098698510938187,0,55909265073137285,1.3138048813583758
2025-06-30 04:31:48+00:00,17322577,67537943911,51406373098698510938186,0,55909265073137285,1.3138048813778287
2025-06-30 04:32:45+00:00,17322634,67537943910,51406373099698510938186,0,55909265073137285,1.3138048813328187
2025-06-30 04:32:50+00:00,17322639,67537943909,51406373100698510938186,0,55909265073137285,1.3138048812878085
2025-06-30 04:32:58+00:00,17322647,67537943908,51406373099902322317198,0,55909265072271355,1.313804881288704
2025-06-30 04:34:26+00:00,17322735,67537943909,51406373099143457729173,0,55909265072271355,1.3138048813275514
2025-06-30 04:34:31+00:00,17322740,67537943910,51406373098384593141170,0,55909265072271355,1.3138048813663987
2025-06-30 04:34:36+00:00,17322745,67537943974,51406373147222622641218,0,55909265125251839,1.3138048813632155
2025-06-30 04:34:40+00:00,17322749,67537943907,51406373096204410985489,0,55909265069764736,1.3138048813637595
2025-06-30 04:34:45+00:00,17322754,67537943908,51406373096204410985488,0,55909265069764736,1.3138048813832124
2025-06-30 04:35:42+00:00,17322811,67537943907,51406373097204410985488,0,55909265069764736,1.3138048813382024
2025-06-30 04:35:46+00:00,17322815,67537943906,51406373098204410985488,0,55909265069764736,1.3138048812931924
2025-06-30 04:35:51+00:00,17322820,67537943919,51406373108204410985488,0,55909265080526396,1.3138048812905068
2025-06-30 04:37:23+00:00,17322912,67537943920,51406373107445546397464,0,55909265080526396,1.3138048813293541
2025-06-30 04:37:28+00:00,17322917,67537943921,51406373106686681809462,0,55909265080526396,1.3138048813682015
2025-06-30 04:37:33+00:00,17322922,67537943985,51406373155524711309510,0,55909265133506880,1.3138048813650183
2025-06-30 04:37:38+00:00,17322927,67537943918,51406373104506499653075,0,55909265078019777,1.3138048813655625
2025-06-30 04:38:37+00:00,17322986,67537943917,51406373105506499653075,0,55909265078019777,1.3138048813205523
2025-06-30 04:38:45+00:00,17322994,67537943930,51406373115506499653075,0,55909265088781437,1.3138048813178669
2025-06-30 04:40:20+00:00,17323089,67537943931,51406373114747635065067,0,55909265088781437,1.3138048813567142
2025-06-30 04:40:24+00:00,17323093,67537943932,51406373113988770477081,0,55909265088781437,1.3138048813955616
2025-06-30 04:40:30+00:00,17323099,67537943996,51406373162826799977129,0,55909265141761921,1.3138048813923782
2025-06-30 04:40:38+00:00,17323107,67537943997,51406373162826799977128,0,55909265141761921,1.313804881411831
2025-06-30 04:41:32+00:00,17323161,67537943996,51406373163826799977128,0,55909265141761921,1.313804881366821
2025-06-30 04:41:37+00:00,17323166,67537943995,51406373164826799977128,0,55909265141761921,1.3138048813218108
2025-06-30 04:41:45+00:00,17323174,67537943994,51406373164030611356124,0,55909265140895991,1.3138048813227066
2025-06-30 04:43:11+00:00,17323260,67537943995,51406373163271746768118,0,55909265140895991,1.3138048813615537
2025-06-30 04:43:15+00:00,17323264,67537943996,51406373162512882180135,0,55909265140895991,1.313804881400401
2025-06-30 04:43:20+00:00,17323269,67537944060,51406373211350911680183,0,55909265193876475,1.3138048813972178
2025-06-30 04:43:25+00:00,17323274,67537943993,51406373160332700023431,0,55909265138389372,1.313804881397762
2025-06-30 04:44:25+00:00,17323334,67537943992,51406373161332700023431,0,55909265138389372,1.3138048813527519
2025-06-30 04:44:33+00:00,17323342,67537944005,51406373171332700023431,0,55909265149151032,1.3138048813500665
2025-06-30 04:46:08+00:00,17323437,67537944006,51406373170573835435441,0,55909265149151032,1.3138048813889138
2025-06-30 04:46:17+00:00,17323446,67537944070,51406373219411864935489,0,55909265202131516,1.3138048813857306
2025-06-30 04:46:22+00:00,17323451,67537944003,51406373168393653278270,0,55909265146644413,1.3138048813862748
2025-06-30 04:47:22+00:00,17323511,67537944002,51406373169393653278270,0,55909265146644413,1.3138048813412646
2025-06-30 04:47:27+00:00,17323516,67537944001,51406373170393653278270,0,55909265146644413,1.3138048812962546
2025-06-30 04:47:31+00:00,17323520,67537944014,51406373180393653278270,0,55909265157406073,1.3138048812935692
2025-06-30 04:47:35+00:00,17323524,67537944013,51406373179597464657247,0,55909265156540143,1.3138048812944647
2025-06-30 04:49:04+00:00,17323613,67537944014,51406373178838600069225,0,55909265156540143,1.313804881333312
2025-06-30 04:49:13+00:00,17323622,67537944078,51406373227676629569273,0,55909265209520627,1.3138048813301286
2025-06-30 04:49:18+00:00,17323627,67537944011,51406373176658417910595,0,55909265154033524,1.3138048813306729
2025-06-30 04:50:17+00:00,17323686,67537944010,51406373177658417910595,0,55909265154033524,1.3138048812856629
2025-06-30 04:50:25+00:00,17323694,67537944023,51406373187658417910595,0,55909265164795184,1.3138048812829775
2025-06-30 04:51:56+00:00,17323785,67537944024,51406373186899553322567,0,55909265164795184,1.3138048813218248
2025-06-30 04:52:05+00:00,17323794,67537944088,51406373235737582822615,0,55909265217775668,1.3138048813186414
2025-06-30 04:52:10+00:00,17323799,67537944021,51406373184719371163469,0,55909265162288565,1.3138048813191856
2025-06-30 04:53:09+00:00,17323858,67537944020,51406373185719371163469,0,55909265162288565,1.3138048812741756
2025-06-30 04:53:17+00:00,17323866,67537944033,51406373195719371163469,0,55909265173050225,1.3138048812714902
2025-06-30 04:54:49+00:00,17323958,67537944034,51406373194960506575434,0,55909265173050225,1.3138048813103373
2025-06-30 04:54:54+00:00,17323963,67537944035,51406373194201641987421,0,55909265173050225,1.3138048813491847
2025-06-30 04:54:59+00:00,17323968,67537944099,51406373243039671487469,0,55909265226030709,1.3138048813460015
2025-06-30 04:55:07+00:00,17323976,67537944100,51406373243039671487468,0,55909265226030709,1.3138048813654544
2025-06-30 04:56:01+00:00,17324030,67537944099,51406373244039671487468,0,55909265226030709,1.3138048813204442
2025-06-30 04:56:09+00:00,17324038,67537944112,51406373254039671487468,0,55909265236792369,1.3138048813177587
2025-06-30 04:56:14+00:00,17324043,67537944111,51406373253243482866435,0,55909265235926439,1.3138048813186542
2025-06-30 04:57:40+00:00,17324129,67537944112,51406373252484618278427,0,55909265235926439,1.3138048813575016
2025-06-30 04:57:49+00:00,17324138,67537944176,51406373301322647778475,0,55909265288906923,1.3138048813543184
2025-06-30 04:57:57+00:00,17324146,67537944177,51406373301322647778474,0,55909265288906923,1.3138048813737713
2025-06-30 04:58:50+00:00,17324199,67537944176,51406373302322647778474,0,55909265288906923,1.313804881328761
2025-06-30 04:58:54+00:00,17324203,67537944175,51406373303322647778474,0,55909265288906923,1.313804881283751
2025-06-30 04:58:58+00:00,17324207,67537944188,51406373313322647778474,0,55909265299668583,1.3138048812810657
2025-06-30 04:59:03+00:00,17324212,67537944187,51406373312526459157418,0,55909265298802653,1.3138048812819612
2025-06-30 05:00:32+00:00,17324301,67537944188,51406373311767594569389,0,55909265298802653,1.3138048813208085
2025-06-30 05:00:36+00:00,17324305,67537944189,51406373311008729981382,0,55909265298802653,1.3138048813596557
2025-06-30 05:00:41+00:00,17324310,67537944253,51406373359846759481430,0,55909265351783137,1.3138048813564724
2025-06-30 05:00:45+00:00,17324314,67537944186,51406373308828547821397,0,55909265296296034,1.3138048813570167
2025-06-30 05:00:50+00:00,17324319,67537944187,51406373308828547821396,0,55909265296296034,1.3138048813764696
2025-06-30 05:01:45+00:00,17324374,67537944186,51406373309828547821396,0,55909265296296034,1.3138048813314596
2025-06-30 05:01:53+00:00,17324382,67537944199,51406373319828547821396,0,55909265307057694,1.313804881328774
2025-06-30 05:01:58+00:00,17324387,67537944198,51406373319032359200345,0,55909265306191764,1.3138048813296697
2025-06-30 05:03:28+00:00,17324477,67537944199,51406373318273494612343,0,55909265306191764,1.3138048813685168
2025-06-30 05:03:33+00:00,17324482,67537944200,51406373317514630024364,0,55909265306191764,1.3138048814073642
2025-06-30 05:03:38+00:00,17324487,67537944264,51406373366352659524412,0,55909265359172248,1.313804881404181
2025-06-30 05:03:46+00:00,17324495,67537944265,51406373366352659524411,0,55909265359172248,1.3138048814236338
2025-06-30 05:04:39+00:00,17324548,67537944264,51406373367352659524411,0,55909265359172248,1.3138048813786236
2025-06-30 05:04:43+00:00,17324552,67537944263,51406373368352659524411,0,55909265359172248,1.3138048813336136
2025-06-30 05:04:48+00:00,17324557,67537944276,51406373378352659524411,0,55909265369933908,1.3138048813309282
2025-06-30 05:06:19+00:00,17324648,67537944277,51406373377593794936410,0,55909265369933908,1.3138048813697756
2025-06-30 05:06:28+00:00,17324657,67537944341,51406373426431824436458,0,55909265422914392,1.3138048813665921
2025-06-30 05:06:36+00:00,17324665,67537944342,51406373426431824436457,0,55909265422914392,1.313804881386045
2025-06-30 05:07:30+00:00,17324719,67537944341,51406373427431824436457,0,55909265422914392,1.313804881341035
2025-06-30 05:07:39+00:00,17324728,67537944354,51406373437431824436457,0,55909265433676052,1.3138048813383496
2025-06-30 05:09:12+00:00,17324821,67537944355,51406373436672959848460,0,55909265433676052,1.3138048813771968
2025-06-30 05:09:16+00:00,17324825,67537944356,51406373435914095260486,0,55909265433676052,1.3138048814160441
2025-06-30 05:09:22+00:00,17324831,67537944420,51406373484752124760534,0,55909265486656536,1.313804881412861
2025-06-30 05:09:31+00:00,17324840,67537944421,51406373484752124760533,0,55909265486656536,1.3138048814323138
2025-06-30 05:10:25+00:00,17324894,67537944420,51406373485752124760533,0,55909265486656536,1.3138048813873036
2025-06-30 05:10:30+00:00,17324899,67537944419,51406373486752124760533,0,55909265486656536,1.3138048813422936
2025-06-30 05:10:38+00:00,17324907,67537944418,51406373485955936139454,0,55909265485790606,1.313804881343189
2025-06-30 05:12:05+00:00,17324994,67537944419,51406373485197071551460,0,55909265485790606,1.3138048813820364
2025-06-30 05:12:14+00:00,17325003,67537944483,51406373534035101051508,0,55909265538771090,1.3138048813788532
2025-06-30 05:12:18+00:00,17325007,67537944416,51406373483016889389231,0,55909265483283987,1.3138048813793972
2025-06-30 05:12:22+00:00,17325011,67537944417,51406373483016889389230,0,55909265483283987,1.31380488139885
2025-06-30 05:13:17+00:00,17325066,67537944416,51406373484016889389230,0,55909265483283987,1.31380488135384
2025-06-30 05:13:25+00:00,17325074,67537944429,51406373494016889389230,0,55909265494045647,1.3138048813511547
2025-06-30 05:13:29+00:00,17325078,67537944428,51406373493220700768144,0,55909265493179717,1.3138048813520502
2025-06-30 05:14:59+00:00,17325168,67537944429,51406373492461836180155,0,55909265493179717,1.3138048813908976
2025-06-30 05:15:04+00:00,17325173,67537944430,51406373491702971592189,0,55909265493179717,1.3138048814297447
2025-06-30 05:15:09+00:00,17325178,67537944494,51406373540541001092237,0,55909265546160201,1.3138048814265615
2025-06-30 05:15:17+00:00,17325186,67537944495,51406373540541001092236,0,55909265546160201,1.3138048814460144
2025-06-30 05:16:11+00:00,17325240,67537944494,51406373541541001092236,0,55909265546160201,1.3138048814010044
2025-06-30 05:16:16+00:00,17325245,67537944493,51406373542541001092236,0,55909265546160201,1.3138048813559942
2025-06-30 05:16:24+00:00,17325253,67537944492,51406373541744812471140,0,55909265545294271,1.3138048813568897
2025-06-30 05:17:53+00:00,17325342,67537944493,51406373540985947883154,0,55909265545294271,1.313804881395737
2025-06-30 05:18:02+00:00,17325351,67537944557,51406373589823977383202,0,55909265598274755,1.3138048813925538
2025-06-30 05:18:11+00:00,17325360,67537944558,51406373589823977383201,0,55909265598274755,1.3138048814120067
2025-06-30 05:19:03+00:00,17325412,67537944557,51406373590823977383201,0,55909265598274755,1.3138048813669965
2025-06-30 05:19:08+00:00,17325417,67537944556,51406373591823977383201,0,55909265598274755,1.3138048813219865
2025-06-30 05:19:16+00:00,17325425,67537944555,51406373591027788762084,0,55909265597408825,1.313804881322882
2025-06-30 05:20:46+00:00,17325515,67537944556,51406373590268924174079,0,55909265597408825,1.3138048813617293
2025-06-30 05:20:55+00:00,17325524,67537944620,51406373639106953674127,0,55909265650389309,1.3138048813585461
2025-06-30 05:20:59+00:00,17325528,67537944553,51406373588088742009426,0,55909265594902206,1.3138048813590903
2025-06-30 05:21:56+00:00,17325585,67537944552,51406373589088742009426,0,55909265594902206,1.3138048813140801
2025-06-30 05:22:04+00:00,17325593,67537944565,51406373599088742009426,0,55909265605663866,1.3138048813113947
2025-06-30 05:22:09+00:00,17325598,67537944564,51406373598292553388302,0,55909265604797936,1.3138048813122902
2025-06-30 05:23:36+00:00,17325685,67537944565,51406373597533688800290,0,55909265604797936,1.3138048813511376
2025-06-30 05:23:45+00:00,17325694,67537944629,51406373646371718300338,0,55909265657778420,1.3138048813479544
2025-06-30 05:23:50+00:00,17325699,67537944562,51406373595353506635169,0,55909265602291317,1.3138048813484986
2025-06-30 05:24:48+00:00,17325757,67537944561,51406373596353506635169,0,55909265602291317,1.3138048813034884
2025-06-30 05:24:56+00:00,17325765,67537944574,51406373606353506635169,0,55909265613052977,1.313804881300803
2025-06-30 05:25:01+00:00,17325770,67537944573,51406373605557318014038,0,55909265612187047,1.3138048813016985
2025-06-30 05:26:30+00:00,17325859,67537944574,51406373604798453426020,0,55909265612187047,1.3138048813405458
2025-06-30 05:26:35+00:00,17325864,67537944575,51406373604039588838025,0,55909265612187047,1.3138048813793932
2025-06-30 05:26:39+00:00,17325868,67537944639,51406373652877618338073,0,55909265665167531,1.3138048813762098
2025-06-30 05:26:44+00:00,17325873,67537944572,51406373601859406673190,0,55909265609680428,1.313804881376754
2025-06-30 05:27:42+00:00,17325931,67537944571,51406373602859406673190,0,55909265609680428,1.313804881331744
2025-06-30 05:27:50+00:00,17325939,67537944584,51406373612859406673190,0,55909265620442088,1.3138048813290586
2025-06-30 05:27:55+00:00,17325944,67537944583,51406373612063218052063,0,55909265619576158,1.313804881329954
2025-06-30 05:29:24+00:00,17326033,67537944584,51406373611304353464062,0,55909265619576158,1.3138048813688015
2025-06-30 05:29:33+00:00,17326042,67537944648,51406373660142382964110,0,55909265672556642,1.3138048813656182
2025-06-30 05:29:41+00:00,17326050,67537944649,51406373660142382964109,0,55909265672556642,1.313804881385071
2025-06-30 05:30:37+00:00,17326106,67537944648,51406373661142382964109,0,55909265672556642,1.313804881340061
2025-06-30 05:30:45+00:00,17326114,67537944661,51406373671142382964109,0,55909265683318302,1.3138048813373755
2025-06-30 05:30:49+00:00,17326118,67537944660,51406373670346194342975,0,55909265682452372,1.313804881338271
2025-06-30 05:32:16+00:00,17326205,67537944661,51406373669587329754978,0,55909265682452372,1.3138048813771184
2025-06-30 05:32:20+00:00,17326209,67537944662,51406373668828465167004,0,55909265682452372,1.3138048814159657
2025-06-30 05:32:25+00:00,17326214,67537944726,51406373717666494667052,0,55909265735432856,1.3138048814127823
2025-06-30 05:32:30+00:00,17326219,67537944659,51406373666648283001988,0,55909265679945753,1.3138048814133265
2025-06-30 05:32:35+00:00,17326224,67537944660,51406373666648283001987,0,55909265679945753,1.3138048814327794
2025-06-30 05:33:28+00:00,17326277,67537944659,51406373667648283001987,0,55909265679945753,1.3138048813877694
2025-06-30 05:33:32+00:00,17326281,67537944658,51406373668648283001987,0,55909265679945753,1.3138048813427592
2025-06-30 05:33:37+00:00,17326286,67537944671,51406373678648283001987,0,55909265690707413,1.3138048813400738
2025-06-30 05:35:07+00:00,17326376,67537944672,51406373677889418413991,0,55909265690707413,1.3138048813789212
2025-06-30 05:35:12+00:00,17326381,67537944673,51406373677130553826018,0,55909265690707413,1.3138048814177685
2025-06-30 05:35:17+00:00,17326386,67537944737,51406373725968583326066,0,55909265743687897,1.313804881414585
2025-06-30 05:35:22+00:00,17326391,67537944670,51406373674950371660295,0,55909265688200794,1.3138048814151293
2025-06-30 05:36:19+00:00,17326448,67537944669,51406373675950371660295,0,55909265688200794,1.3138048813701193
2025-06-30 05:36:23+00:00,17326452,67537944668,51406373676950371660295,0,55909265688200794,1.313804881325109
2025-06-30 05:36:27+00:00,17326456,67537944681,51406373686950371660295,0,55909265698962454,1.3138048813224237
2025-06-30 05:36:32+00:00,17326461,67537944680,51406373686154183039139,0,55909265698096524,1.3138048813233192
2025-06-30 05:37:58+00:00,17326547,67537944681,51406373685395318451134,0,55909265698096524,1.3138048813621666
2025-06-30 05:38:03+00:00,17326552,67537944682,51406373684636453863151,0,55909265698096524,1.313804881401014
2025-06-30 05:38:08+00:00,17326557,67537944746,51406373733474483363199,0,55909265751077008,1.3138048813978307
2025-06-30 05:38:16+00:00,17326565,67537944747,51406373733474483363198,0,55909265751077008,1.3138048814172836
2025-06-30 05:39:10+00:00,17326619,67537944746,51406373734474483363198,0,55909265751077008,1.3138048813722734
2025-06-30 05:39:14+00:00,17326623,67537944745,51406373735474483363198,0,55909265751077008,1.3138048813272634
2025-06-30 05:39:19+00:00,17326628,67537944758,51406373745474483363198,0,55909265761838668,1.313804881324578
2025-06-30 05:40:53+00:00,17326722,67537944759,51406373744715618775194,0,55909265761838668,1.313804881363425
2025-06-30 05:40:57+00:00,17326726,67537944760,51406373743956754187212,0,55909265761838668,1.3138048814022725
2025-06-30 05:41:02+00:00,17326731,67537944824,51406373792794783687260,0,55909265814819152,1.3138048813990892
2025-06-30 05:41:07+00:00,17326736,67537944757,51406373741776572020076,0,55909265759332049,1.3138048813996335
2025-06-30 05:42:04+00:00,17326793,67537944756,51406373742776572020076,0,55909265759332049,1.3138048813546233
2025-06-30 05:42:09+00:00,17326798,67537944755,51406373743776572020076,0,55909265759332049,1.3138048813096133
2025-06-30 05:42:18+00:00,17326807,67537944754,51406373742980383398899,0,55909265758466119,1.3138048813105088
2025-06-30 05:43:44+00:00,17326893,67537944755,51406373742221518810886,0,55909265758466119,1.3138048813493561
2025-06-30 05:43:54+00:00,17326903,67537944819,51406373791059548310934,0,55909265811446603,1.313804881346173
2025-06-30 05:44:02+00:00,17326911,67537944820,51406373791059548310933,0,55909265811446603,1.3138048813656258
2025-06-30 05:44:56+00:00,17326965,67537944819,51406373792059548310933,0,55909265811446603,1.3138048813206156
2025-06-30 05:45:04+00:00,17326973,67537944832,51406373802059548310933,0,55909265822208263,1.3138048813179302
2025-06-30 05:45:09+00:00,17326978,67537944831,51406373801263359689749,0,55909265821342333,1.3138048813188257
2025-06-30 05:46:35+00:00,17327064,67537944832,51406373800504495101741,0,55909265821342333,1.313804881357673
2025-06-30 05:46:39+00:00,17327068,67537944833,51406373799745630513756,0,55909265821342333,1.3138048813965204
2025-06-30 05:46:45+00:00,17327074,67537944897,51406373848583660013804,0,55909265874322817,1.3138048813933372
2025-06-30 05:46:53+00:00,17327082,67537944898,51406373848583660013803,0,55909265874322817,1.3138048814127898
2025-06-30 05:47:48+00:00,17327137,67537944897,51406373849583660013803,0,55909265874322817,1.3138048813677798
2025-06-30 05:47:53+00:00,17327142,67537944896,51406373850583660013803,0,55909265874322817,1.3138048813227698
2025-06-30 05:48:00+00:00,17327149,67537944895,51406373849787471392610,0,55909265873456887,1.3138048813236654
2025-06-30 05:49:29+00:00,17327238,67537944896,51406373849028606804605,0,55909265873456887,1.3138048813625127
2025-06-30 05:49:34+00:00,17327243,67537944897,51406373848269742216622,0,55909265873456887,1.3138048814013599
2025-06-30 05:49:39+00:00,17327248,67537944961,51406373897107771716670,0,55909265926437371,1.3138048813981766
2025-06-30 05:49:43+00:00,17327252,67537944894,51406373846089560047815,0,55909265870950268,1.3138048813987209
2025-06-30 05:49:48+00:00,17327257,67537944895,51406373846089560047814,0,55909265870950268,1.3138048814181738
2025-06-30 05:50:42+00:00,17327311,67537944894,51406373847089560047814,0,55909265870950268,1.3138048813731635
2025-06-30 05:50:47+00:00,17327316,67537944893,51406373848089560047814,0,55909265870950268,1.3138048813281535
2025-06-30 05:50:55+00:00,17327324,67537944892,51406373847293371426611,0,55909265870084338,1.313804881329049
2025-06-30 05:52:24+00:00,17327413,67537944893,51406373846534506838609,0,55909265870084338,1.3138048813678964
2025-06-30 05:52:29+00:00,17327418,67537944894,51406373845775642250630,0,55909265870084338,1.3138048814067438
2025-06-30 05:52:35+00:00,17327424,67537944958,51406373894613671750678,0,55909265923064822,1.3138048814035603
2025-06-30 05:52:43+00:00,17327432,67537944959,51406373894613671750677,0,55909265923064822,1.3138048814230132
2025-06-30 05:53:38+00:00,17327487,67537944958,51406373895613671750677,0,55909265923064822,1.3138048813780032
2025-06-30 05:53:46+00:00,17327495,67537944971,51406373905613671750677,0,55909265933826482,1.3138048813753178
2025-06-30 05:53:51+00:00,17327500,67537944970,51406373904817483129479,0,55909265932960552,1.3138048813762133
2025-06-30 05:55:19+00:00,17327588,67537944971,51406373904058618541504,0,55909265932960552,1.3138048814150607
2025-06-30 05:55:28+00:00,17327597,67537945035,51406373952896648041552,0,55909265985941036,1.3138048814118772
2025-06-30 05:55:36+00:00,17327605,67537945036,51406373952896648041551,0,55909265985941036,1.3138048814313301
2025-06-30 05:56:30+00:00,17327659,67537945035,51406373953896648041551,0,55909265985941036,1.3138048813863201
2025-06-30 05:56:38+00:00,17327667,67537945048,51406373963896648041551,0,55909265996702696,1.3138048813836347
2025-06-30 05:58:10+00:00,17327759,67537945049,51406373963137783453581,0,55909265996702696,1.3138048814224819
2025-06-30 05:58:15+00:00,17327764,67537945050,51406373962378918865633,0,55909265996702696,1.3138048814613292
2025-06-30 05:58:20+00:00,17327769,67537945114,51406374011216948365681,0,55909266049683180,1.313804881458146
2025-06-30 05:58:25+00:00,17327774,67537945047,51406373960198736696042,0,55909265994196077,1.3138048814586902
2025-06-30 05:59:23+00:00,17327832,67537945046,51406373961198736696042,0,55909265994196077,1.31380488141368
2025-06-30 05:59:31+00:00,17327840,67537945059,51406373971198736696042,0,55909266004957737,1.3138048814109946
2025-06-30 06:01:03+00:00,17327932,67537945060,51406373970439872108087,0,55909266004957737,1.313804881449842
2025-06-30 06:01:07+00:00,17327936,67537945061,51406373969681007520155,0,55909266004957737,1.3138048814886893
2025-06-30 06:01:13+00:00,17327942,67537945125,51406374018519037020203,0,55909266057938221,1.3138048814855061
2025-06-30 06:01:21+00:00,17327950,67537945126,51406374018519037020202,0,55909266057938221,1.3138048815049588
2025-06-30 06:02:15+00:00,17328004,67537945125,51406374019519037020202,0,55909266057938221,1.3138048814599488
2025-06-30 06:02:23+00:00,17328012,67537945138,51406374029519037020202,0,55909266068699881,1.3138048814572634
2025-06-30 06:03:56+00:00,17328105,67537945139,51406374028760172432274,0,55909266068699881,1.3138048814961107
2025-06-30 06:04:06+00:00,17328115,67537945203,51406374077598201932322,0,55909266121680365,1.3138048814929273
2025-06-30 06:04:14+00:00,17328123,67537945204,51406374077598201932321,0,55909266121680365,1.3138048815123802
2025-06-30 06:05:09+00:00,17328178,67537945203,51406374078598201932321,0,55909266121680365,1.3138048814673702
2025-06-30 06:05:13+00:00,17328182,67537945202,51406374079598201932321,0,55909266121680365,1.31380488142236
2025-06-30 06:05:18+00:00,17328187,67537945215,51406374089598201932321,0,55909266132442025,1.3138048814196746
2025-06-30 06:05:23+00:00,17328192,67537945214,51406374088802013311102,0,55909266131576095,1.31380488142057
2025-06-30 06:06:50+00:00,17328279,67537945215,51406374088043148723153,0,55909266131576095,1.3138048814594174
2025-06-30 06:06:59+00:00,17328288,67537945279,51406374136881178223201,0,55909266184556579,1.3138048814562342
2025-06-30 06:07:08+00:00,17328297,67537945280,51406374136881178223200,0,55909266184556579,1.313804881475687
2025-06-30 06:08:01+00:00,17328350,67537945279,51406374137881178223200,0,55909266184556579,1.3138048814306769
2025-06-30 06:08:05+00:00,17328354,67537945278,51406374138881178223200,0,55909266184556579,1.3138048813856669
2025-06-30 06:08:13+00:00,17328362,67537945277,51406374138084989601959,0,55909266183690649,1.3138048813865624
2025-06-30 06:09:40+00:00,17328449,67537945278,51406374137326125013990,0,55909266183690649,1.3138048814254097
2025-06-30 06:09:49+00:00,17328458,67537945342,51406374186164154514038,0,55909266236671133,1.3138048814222265
2025-06-30 06:09:53+00:00,17328462,67537945275,51406374135145942841403,0,55909266181184030,1.3138048814227707
2025-06-30 06:09:57+00:00,17328466,67537945276,51406374135145942841402,0,55909266181184030,1.3138048814422234
2025-06-30 06:10:50+00:00,17328519,67537945275,51406374136145942841402,0,55909266181184030,1.3138048813972134
2025-06-30 06:10:55+00:00,17328524,67537945274,51406374137145942841402,0,55909266181184030,1.3138048813522034
2025-06-30 06:11:03+00:00,17328532,67537945273,51406374136349754220140,0,55909266180318100,1.313804881353099
2025-06-30 06:12:30+00:00,17328619,67537945274,51406374135590889632152,0,55909266180318100,1.3138048813919463
2025-06-30 06:12:39+00:00,17328628,67537945338,51406374184428919132200,0,55909266233298584,1.3138048813887628
2025-06-30 06:12:47+00:00,17328636,67537945339,51406374184428919132199,0,55909266233298584,1.3138048814082157
2025-06-30 06:13:42+00:00,17328691,67537945338,51406374185428919132199,0,55909266233298584,1.3138048813632057
2025-06-30 06:13:50+00:00,17328699,67537945351,51406374195428919132199,0,55909266244060244,1.3138048813605203
2025-06-30 06:13:54+00:00,17328703,67537945350,51406374194632730510930,0,55909266243194314,1.3138048813614158
2025-06-30 06:15:21+00:00,17328790,67537945351,51406374193873865922947,0,55909266243194314,1.3138048814002632
2025-06-30 06:15:30+00:00,17328799,67537945415,51406374242711895422995,0,55909266296174798,1.3138048813970797
2025-06-30 06:15:39+00:00,17328808,67537945416,51406374242711895422994,0,55909266296174798,1.3138048814165326
2025-06-30 06:16:32+00:00,17328861,67537945415,51406374243711895422994,0,55909266296174798,1.3138048813715226
2025-06-30 06:16:36+00:00,17328865,67537945414,51406374244711895422994,0,55909266296174798,1.3138048813265124
2025-06-30 06:16:41+00:00,17328870,67537945427,51406374254711895422994,0,55909266306936458,1.313804881323827
2025-06-30 06:18:11+00:00,17328960,67537945428,51406374253953030834989,0,55909266306936458,1.3138048813626744
2025-06-30 06:18:20+00:00,17328969,67537945492,51406374302791060335037,0,55909266359916942,1.3138048813594911
2025-06-30 06:18:28+00:00,17328977,67537945493,51406374302791060335036,0,55909266359916942,1.313804881378944
2025-06-30 06:19:23+00:00,17329032,67537945492,51406374303791060335036,0,55909266359916942,1.3138048813339338
2025-06-30 06:19:31+00:00,17329040,67537945505,51406374313791060335036,0,55909266370678602,1.3138048813312484
2025-06-30 06:19:36+00:00,17329045,67537945504,51406374312994871713737,0,55909266369812672,1.313804881332144
2025-06-30 06:21:01+00:00,17329130,67537945505,51406374312236007125737,0,55909266369812672,1.3138048813709913
2025-06-30 06:21:06+00:00,17329135,67537945506,51406374311477142537759,0,55909266369812672,1.3138048814098386
2025-06-30 06:21:11+00:00,17329140,67537945570,51406374360315172037807,0,55909266422793156,1.3138048814066552
2025-06-30 06:21:19+00:00,17329148,67537945571,51406374360315172037806,0,55909266422793156,1.313804881426108
2025-06-30 06:22:15+00:00,17329204,67537945570,51406374361315172037806,0,55909266422793156,1.313804881381098
2025-06-30 06:22:23+00:00,17329212,67537945583,51406374371315172037806,0,55909266433554816,1.3138048813784127
2025-06-30 06:23:55+00:00,17329304,67537945584,51406374370556307449833,0,55909266433554816,1.31380488141726
2025-06-30 06:24:04+00:00,17329313,67537945648,51406374419394336949881,0,55909266486535300,1.3138048814140766
2025-06-30 06:24:09+00:00,17329318,67537945581,51406374368376125273782,0,55909266431048197,1.3138048814146208
2025-06-30 06:25:05+00:00,17329374,67537945580,51406374369376125273782,0,55909266431048197,1.3138048813696108
2025-06-30 06:25:10+00:00,17329379,67537945579,51406374370376125273782,0,55909266431048197,1.3138048813246006
2025-06-30 06:25:18+00:00,17329387,67537945578,51406374369579936652466,0,55909266430182267,1.3138048813254963
2025-06-30 06:26:45+00:00,17329474,67537945579,51406374368821072064462,0,55909266430182267,1.3138048813643435
2025-06-30 06:26:50+00:00,17329479,67537945580,51406374368062207476481,0,55909266430182267,1.3138048814031908
2025-06-30 06:26:55+00:00,17329484,67537945644,51406374416900236976529,0,55909266483162751,1.3138048814000076
2025-06-30 06:27:03+00:00,17329492,67537945645,51406374416900236976528,0,55909266483162751,1.3138048814194605
2025-06-30 06:27:58+00:00,17329547,67537945644,51406374417900236976528,0,55909266483162751,1.3138048813744503
2025-06-30 06:28:02+00:00,17329551,67537945643,51406374418900236976528,0,55909266483162751,1.3138048813294403
2025-06-30 06:28:07+00:00,17329556,67537945656,51406374428900236976528,0,55909266493924411,1.3138048813267549
2025-06-30 06:29:39+00:00,17329648,67537945657,51406374428141372388525,0,55909266493924411,1.3138048813656023
2025-06-30 06:29:48+00:00,17329657,67537945721,51406374476979401888573,0,55909266546904895,1.3138048813624188
2025-06-30 06:29:56+00:00,17329665,67537945722,51406374476979401888572,0,55909266546904895,1.3138048813818717
2025-06-30 06:30:53+00:00,17329722,67537945721,51406374477979401888572,0,55909266546904895,1.3138048813368617
2025-06-30 06:31:01+00:00,17329730,67537945734,51406374487979401888572,0,55909266557666555,1.3138048813341763
2025-06-30 06:31:05+00:00,17329734,67537945733,51406374487183213267238,0,55909266556800625,1.3138048813350718
2025-06-30 06:32:34+00:00,17329823,67537945734,51406374486424348679240,0,55909266556800625,1.3138048813739192
2025-06-30 06:32:43+00:00,17329832,67537945798,51406374535262378179288,0,55909266609781109,1.3138048813707357
2025-06-30 06:32:51+00:00,17329840,67537945799,51406374535262378179287,0,55909266609781109,1.3138048813901886
2025-06-30 06:33:46+00:00,17329895,67537945798,51406374536262378179287,0,55909266609781109,1.3138048813451786
2025-06-30 06:33:50+00:00,17329899,67537945797,51406374537262378179287,0,55909266609781109,1.3138048813001684
2025-06-30 06:33:54+00:00,17329903,67537945810,51406374547262378179287,0,55909266620542769,1.313804881297483
2025-06-30 06:35:26+00:00,17329995,67537945811,51406374546503513591267,0,55909266620542769,1.3138048813363303
2025-06-30 06:35:30+00:00,17329999,67537945812,51406374545744649003269,0,55909266620542769,1.3138048813751777
2025-06-30 06:35:35+00:00,17330004,67537945876,51406374594582678503317,0,55909266673523253,1.3138048813719942
2025-06-30 06:35:40+00:00,17330009,67537945809,51406374543564466823983,0,55909266618036150,1.3138048813725385
2025-06-30 06:36:41+00:00,17330070,67537945808,51406374544564466823983,0,55909266618036150,1.3138048813275285
2025-06-30 06:36:45+00:00,17330074,67537945807,51406374545564466823983,0,55909266618036150,1.3138048812825185
2025-06-30 06:36:49+00:00,17330078,67537945820,51406374555564466823983,0,55909266628797810,1.3138048812798329
2025-06-30 06:36:54+00:00,17330083,67537945819,51406374554768278202615,0,55909266627931880,1.3138048812807286
2025-06-30 06:38:22+00:00,17330171,67537945820,51406374554009413614585,0,55909266627931880,1.3138048813195757
2025-06-30 06:38:31+00:00,17330180,67537945884,51406374602847443114633,0,55909266680912364,1.3138048813163925
2025-06-30 06:38:35+00:00,17330184,67537945817,51406374551829231433839,0,55909266625425261,1.3138048813169367
2025-06-30 06:38:39+00:00,17330188,67537945818,51406374551829231433838,0,55909266625425261,1.3138048813363896
2025-06-30 06:39:35+00:00,17330244,67537945817,51406374552829231433838,0,55909266625425261,1.3138048812913794
2025-06-30 06:39:43+00:00,17330252,67537945830,51406374562829231433838,0,55909266636186921,1.313804881288694
2025-06-30 06:39:47+00:00,17330256,67537945829,51406374562033042812463,0,55909266635320991,1.3138048812895895
2025-06-30 06:41:16+00:00,17330345,67537945830,51406374561274178224438,0,55909266635320991,1.3138048813284369
2025-06-30 06:41:20+00:00,17330349,67537945831,51406374560515313636436,0,55909266635320991,1.3138048813672842
2025-06-30 06:41:26+00:00,17330355,67537945895,51406374609353343136484,0,55909266688301475,1.313804881364101
2025-06-30 06:41:34+00:00,17330363,67537945896,51406374609353343136483,0,55909266688301475,1.313804881383554
2025-06-30 06:42:28+00:00,17330417,67537945895,51406374610353343136483,0,55909266688301475,1.3138048813385437
2025-06-30 06:42:32+00:00,17330421,67537945894,51406374611353343136483,0,55909266688301475,1.3138048812935337
2025-06-30 06:42:37+00:00,17330426,67537945907,51406374621353343136483,0,55909266699063135,1.3138048812908483
2025-06-30 06:44:09+00:00,17330518,67537945908,51406374620594478548459,0,55909266699063135,1.3138048813296954
2025-06-30 06:44:14+00:00,17330523,67537945909,51406374619835613960457,0,55909266699063135,1.3138048813685428
2025-06-30 06:44:19+00:00,17330528,67537945973,51406374668673643460505,0,55909266752043619,1.3138048813653596
2025-06-30 06:44:27+00:00,17330536,67537945974,51406374668673643460504,0,55909266752043619,1.3138048813848124
2025-06-30 06:45:23+00:00,17330592,67537945973,51406374669673643460504,0,55909266752043619,1.3138048813398022
2025-06-30 06:45:27+00:00,17330596,67537945972,51406374670673643460504,0,55909266752043619,1.3138048812947922
2025-06-30 06:45:32+00:00,17330601,67537945985,51406374680673643460504,0,55909266762805279,1.3138048812921068
2025-06-30 06:47:04+00:00,17330693,67537945986,51406374679914778872481,0,55909266762805279,1.3138048813309542
2025-06-30 06:47:09+00:00,17330698,67537945987,51406374679155914284480,0,55909266762805279,1.3138048813698013
2025-06-30 06:47:14+00:00,17330703,67537946051,51406374727993943784528,0,55909266815785763,1.313804881366618
2025-06-30 06:47:19+00:00,17330708,67537945984,51406374676975732102607,0,55909266760298660,1.3138048813671623
2025-06-30 06:48:20+00:00,17330769,67537945983,51406374677975732102607,0,55909266760298660,1.3138048813221523
2025-06-30 06:48:28+00:00,17330777,67537945996,51406374687975732102607,0,55909266771060320,1.313804881319467
2025-06-30 06:48:32+00:00,17330781,67537945995,51406374687179543481214,0,55909266770194390,1.3138048813203624
2025-06-30 06:50:00+00:00,17330869,67537945996,51406374686420678893207,0,55909266770194390,1.3138048813592096
2025-06-30 06:50:05+00:00,17330874,67537945997,51406374685661814305223,0,55909266770194390,1.313804881398057
2025-06-30 06:50:11+00:00,17330880,67537946061,51406374734499843805271,0,55909266823174874,1.3138048813948737
2025-06-30 06:50:19+00:00,17330888,67537946062,51406374734499843805270,0,55909266823174874,1.3138048814143266
2025-06-30 06:51:14+00:00,17330943,67537946061,51406374735499843805270,0,55909266823174874,1.3138048813693164
2025-06-30 06:51:18+00:00,17330947,67537946060,51406374736499843805270,0,55909266823174874,1.3138048813243064
2025-06-30 06:51:23+00:00,17330952,67537946073,51406374746499843805270,0,55909266833936534,1.313804881321621
2025-06-30 06:52:55+00:00,17331044,67537946074,51406374745740979217264,0,55909266833936534,1.3138048813604684
2025-06-30 06:53:04+00:00,17331053,67537946138,51406374794579008717312,0,55909266886917018,1.313804881357285
2025-06-30 06:53:13+00:00,17331062,67537946139,51406374794579008717311,0,55909266886917018,1.3138048813767378
2025-06-30 06:54:07+00:00,17331116,67537946138,51406374795579008717311,0,55909266886917018,1.3138048813317278
2025-06-30 06:54:11+00:00,17331120,67537946137,51406374796579008717311,0,55909266886917018,1.3138048812867176
2025-06-30 06:54:16+00:00,17331125,67537946150,51406374806579008717311,0,55909266897678678,1.3138048812840322
2025-06-30 06:55:47+00:00,17331216,67537946151,51406374805820144129283,0,55909266897678678,1.3138048813228795
2025-06-30 06:55:52+00:00,17331221,67537946152,51406374805061279541278,0,55909266897678678,1.313804881361727
2025-06-30 06:55:57+00:00,17331226,67537946216,51406374853899309041326,0,55909266950659162,1.3138048813585437
2025-06-30 06:56:05+00:00,17331234,67537946217,51406374853899309041325,0,55909266950659162,1.3138048813779963
2025-06-30 06:56:58+00:00,17331287,67537946216,51406374854899309041325,0,55909266950659162,1.3138048813329863
2025-06-30 06:57:02+00:00,17331291,67537946215,51406374855899309041325,0,55909266950659162,1.3138048812879763
2025-06-30 06:57:07+00:00,17331296,67537946228,51406374865899309041325,0,55909266961420822,1.313804881285291
2025-06-30 06:57:12+00:00,17331301,67537946227,51406374865103120419887,0,55909266960554892,1.3138048812861864
2025-06-30 06:58:36+00:00,17331385,67537946228,51406374864344255831860,0,55909266960554892,1.3138048813250336
2025-06-30 06:58:40+00:00,17331389,67537946229,51406374863585391243856,0,55909266960554892,1.313804881363881
2025-06-30 06:58:45+00:00,17331394,67537946293,51406374912423420743904,0,55909267013535376,1.3138048813606977
2025-06-30 06:58:53+00:00,17331402,67537946294,51406374912423420743903,0,55909267013535376,1.3138048813801506
2025-06-30 06:59:47+00:00,17331456,67537946293,51406374913423420743903,0,55909267013535376,1.3138048813351404
2025-06-30 06:59:55+00:00,17331464,67537946306,51406374923423420743903,0,55909267024297036,1.313804881332455
2025-06-30 07:01:34+00:00,17331563,67537946307,51406374922664556155903,0,55909267024297036,1.3138048813713024
2025-06-30 07:01:43+00:00,17331572,67537946371,51406374971502585655951,0,55909267077277520,1.3138048813681191
2025-06-30 07:01:47+00:00,17331576,67537946304,51406374920484373970976,0,55909267021790417,1.3138048813686634
2025-06-30 07:01:52+00:00,17331581,67537946305,51406374920484373970975,0,55909267021790417,1.313804881388116
2025-06-30 07:02:48+00:00,17331637,67537946304,51406374921484373970975,0,55909267021790417,1.313804881343106
2025-06-30 07:02:52+00:00,17331641,67537946303,51406374922484373970975,0,55909267021790417,1.313804881298096
2025-06-30 07:02:57+00:00,17331646,67537946316,51406374932484373970975,0,55909267032552077,1.3138048812954106
2025-06-30 07:04:33+00:00,17331742,67537946317,51406374931725509382954,0,55909267032552077,1.3138048813342578
2025-06-30 07:04:37+00:00,17331746,67537946318,51406374930966644794955,0,55909267032552077,1.3138048813731051
2025-06-30 07:04:43+00:00,17331752,67537946382,51406374979804674295003,0,55909267085532561,1.313804881369922
2025-06-30 07:04:48+00:00,17331757,67537946315,51406374928786462609321,0,55909267030045458,1.3138048813704661
2025-06-30 07:05:51+00:00,17331820,67537946314,51406374929786462609321,0,55909267030045458,1.313804881325456
2025-06-30 07:05:55+00:00,17331824,67537946313,51406374930786462609321,0,55909267030045458,1.313804881280446
2025-06-30 07:05:59+00:00,17331828,67537946326,51406374940786462609321,0,55909267040807118,1.3138048812777605
2025-06-30 07:06:04+00:00,17331833,67537946325,51406374939990273987854,0,55909267039941188,1.313804881278656
2025-06-30 07:07:37+00:00,17331926,67537946326,51406374939231409399823,0,55909267039941188,1.3138048813175034
2025-06-30 07:07:42+00:00,17331931,67537946327,51406374938472544811814,0,55909267039941188,1.3138048813563508
2025-06-30 07:07:47+00:00,17331936,67537946391,51406374987310574311862,0,55909267092921672,1.3138048813531673
2025-06-30 07:07:52+00:00,17331941,67537946324,51406374936292362625474,0,55909267037434569,1.3138048813537115
2025-06-30 07:07:57+00:00,17331946,67537946325,51406374936292362625473,0,55909267037434569,1.3138048813731644
2025-06-30 07:08:52+00:00,17332001,67537946324,51406374937292362625473,0,55909267037434569,1.3138048813281544
2025-06-30 07:08:57+00:00,17332006,67537946323,51406374938292362625473,0,55909267037434569,1.3138048812831442
2025-06-30 07:09:06+00:00,17332015,67537946322,51406374937496174003997,0,55909267036568639,1.3138048812840397
2025-06-30 07:10:38+00:00,17332107,67537946323,51406374936737309415969,0,55909267036568639,1.313804881322887
2025-06-30 07:10:42+00:00,17332111,67537946324,51406374935978444827964,0,55909267036568639,1.3138048813617345
2025-06-30 07:10:48+00:00,17332117,67537946388,51406374984816474328012,0,55909267089549123,1.3138048813585512
2025-06-30 07:10:57+00:00,17332126,67537946389,51406374984816474328011,0,55909267089549123,1.3138048813780039
2025-06-30 07:11:55+00:00,17332184,67537946388,51406374985816474328011,0,55909267089549123,1.313804881332994
2025-06-30 07:12:00+00:00,17332189,67537946387,51406374986816474328011,0,55909267089549123,1.313804881287984
2025-06-30 07:12:08+00:00,17332197,67537946386,51406374986020285706525,0,55909267088683193,1.3138048812888794
2025-06-30 07:13:42+00:00,17332291,67537946387,51406374985261421118500,0,55909267088683193,1.3138048813277268
2025-06-30 07:13:47+00:00,17332296,67537946388,51406374984502556530497,0,55909267088683193,1.313804881366574
2025-06-30 07:13:52+00:00,17332301,67537946452,51406375033340586030545,0,55909267141663677,1.3138048813633907
2025-06-30 07:14:01+00:00,17332310,67537946453,51406375033340586030544,0,55909267141663677,1.3138048813828436
2025-06-30 07:14:58+00:00,17332367,67537946452,51406375034340586030544,0,55909267141663677,1.3138048813378336
2025-06-30 07:15:03+00:00,17332372,67537946451,51406375035340586030544,0,55909267141663677,1.3138048812928234
2025-06-30 07:15:08+00:00,17332377,67537946464,51406375045340586030544,0,55909267152425337,1.313804881290138
2025-06-30 07:16:45+00:00,17332474,67537946465,51406375044581721442520,0,55909267152425337,1.3138048813289853
2025-06-30 07:16:55+00:00,17332484,67537946529,51406375093419750942568,0,55909267205405821,1.313804881325802
2025-06-30 07:17:03+00:00,17332492,67537946530,51406375093419750942567,0,55909267205405821,1.3138048813452547
2025-06-30 07:18:01+00:00,17332550,67537946529,51406375094419750942567,0,55909267205405821,1.3138048813002448
2025-06-30 07:18:10+00:00,17332559,67537946542,51406375104419750942567,0,55909267216167481,1.3138048812975593
2025-06-30 07:18:15+00:00,17332564,67537946541,51406375103623562321063,0,55909267215301551,1.3138048812984549
2025-06-30 07:19:47+00:00,17332656,67537946542,51406375102864697733043,0,55909267215301551,1.3138048813373022
2025-06-30 07:19:52+00:00,17332661,67537946543,51406375102105833145046,0,55909267215301551,1.3138048813761496
2025-06-30 07:19:57+00:00,17332666,67537946607,51406375150943862645094,0,55909267268282035,1.3138048813729661
2025-06-30 07:20:06+00:00,17332675,67537946608,51406375150943862645093,0,55909267268282035,1.313804881392419
2025-06-30 07:21:02+00:00,17332731,67537946607,51406375151943862645093,0,55909267268282035,1.313804881347409
2025-06-30 07:21:06+00:00,17332735,67537946606,51406375152943862645093,0,55909267268282035,1.3138048813023988
2025-06-30 07:21:11+00:00,17332740,67537946619,51406375162943862645093,0,55909267279043695,1.3138048812997134
2025-06-30 07:21:16+00:00,17332745,67537946618,51406375162147674023578,0,55909267278177765,1.313804881300609
2025-06-30 07:22:49+00:00,17332838,67537946619,51406375161388809435560,0,55909267278177765,1.3138048813394563
2025-06-30 07:22:54+00:00,17332843,67537946620,51406375160629944847564,0,55909267278177765,1.3138048813783036
2025-06-30 07:22:59+00:00,17332848,67537946684,51406375209467974347612,0,55909267331158249,1.3138048813751204
2025-06-30 07:23:04+00:00,17332853,67537946617,51406375158449762658139,0,55909267275671146,1.3138048813756646
2025-06-30 07:24:05+00:00,17332914,67537946616,51406375159449762658139,0,55909267275671146,1.3138048813306544
2025-06-30 07:24:09+00:00,17332918,67537946615,51406375160449762658139,0,55909267275671146,1.3138048812856444
2025-06-30 07:24:14+00:00,17332923,67537946628,51406375170449762658139,0,55909267286432806,1.313804881282959
2025-06-30 07:25:51+00:00,17333020,67537946629,51406375169690898070110,0,55909267286432806,1.3138048813218064
2025-06-30 07:26:00+00:00,17333029,67537946693,51406375218528927570158,0,55909267339413290,1.313804881318623
2025-06-30 07:26:05+00:00,17333034,67537946626,51406375167510715879225,0,55909267283926187,1.3138048813191672
2025-06-30 07:27:06+00:00,17333095,67537946625,51406375168510715879225,0,55909267283926187,1.3138048812741572
2025-06-30 07:27:11+00:00,17333100,67537946624,51406375169510715879225,0,55909267283926187,1.313804881229147
2025-06-30 07:27:19+00:00,17333108,67537946623,51406375168714527257678,0,55909267283060257,1.3138048812300427
2025-06-30 07:28:55+00:00,17333204,67537946624,51406375167955662669619,0,55909267283060257,1.3138048812688898
2025-06-30 07:28:59+00:00,17333208,67537946625,51406375167196798081582,0,55909267283060257,1.3138048813077372
2025-06-30 07:29:05+00:00,17333214,67537946689,51406375216034827581630,0,55909267336040741,1.313804881304554
2025-06-30 07:29:14+00:00,17333223,67537946690,51406375216034827581629,0,55909267336040741,1.3138048813240069
2025-06-30 07:30:12+00:00,17333281,67537946689,51406375217034827581629,0,55909267336040741,1.3138048812789966
2025-06-30 07:30:21+00:00,17333290,67537946702,51406375227034827581629,0,55909267346802401,1.3138048812763112
2025-06-30 07:30:26+00:00,17333295,67537946701,51406375226238638960086,0,55909267345936471,1.3138048812772067
2025-06-30 07:31:57+00:00,17333386,67537946702,51406375225479774372054,0,55909267345936471,1.313804881316054
2025-06-30 07:32:07+00:00,17333396,67537946766,51406375274317803872102,0,55909267398916955,1.3138048813128709
2025-06-30 07:32:12+00:00,17333401,67537946699,51406375223299592180100,0,55909267343429852,1.313804881313415
2025-06-30 07:32:17+00:00,17333406,67537946700,51406375223299592180099,0,55909267343429852,1.3138048813328678
2025-06-30 07:33:13+00:00,17333462,67537946699,51406375224299592180099,0,55909267343429852,1.3138048812878578
2025-06-30 07:33:18+00:00,17333467,67537946698,51406375225299592180099,0,55909267343429852,1.3138048812428478
2025-06-30 07:33:26+00:00,17333475,67537946697,51406375224503403558535,0,55909267342563922,1.3138048812437433
2025-06-30 07:34:59+00:00,17333568,67537946698,51406375223744538970484,0,55909267342563922,1.3138048812825907
2025-06-30 07:35:09+00:00,17333578,67537946762,51406375272582568470532,0,55909267395544406,1.3138048812794072
2025-06-30 07:35:14+00:00,17333583,67537946695,51406375221564356777175,0,55909267340057303,1.3138048812799514
2025-06-30 07:36:16+00:00,17333645,67537946694,51406375222564356777175,0,55909267340057303,1.3138048812349414
2025-06-30 07:36:25+00:00,17333654,67537946707,51406375232564356777175,0,55909267350818963,1.313804881232256
2025-06-30 07:36:30+00:00,17333659,67537946706,51406375231768168155604,0,55909267349953033,1.3138048812331515
2025-06-30 07:38:02+00:00,17333751,67537946707,51406375231009303567547,0,55909267349953033,1.313804881271999
2025-06-30 07:38:07+00:00,17333756,67537946708,51406375230250438979512,0,55909267349953033,1.313804881310846
2025-06-30 07:38:12+00:00,17333761,67537946772,51406375279088468479560,0,55909267402933517,1.3138048813076628
2025-06-30 07:38:16+00:00,17333765,67537946705,51406375228070256786488,0,55909267347446414,1.313804881308207
2025-06-30 07:38:21+00:00,17333770,67537946706,51406375228070256786487,0,55909267347446414,1.31380488132766
2025-06-30 07:39:19+00:00,17333828,67537946705,51406375229070256786487,0,55909267347446414,1.31380488128265
2025-06-30 07:39:28+00:00,17333837,67537946718,51406375239070256786487,0,55909267358208074,1.3138048812799643
2025-06-30 07:41:06+00:00,17333935,67537946719,51406375238311392198457,0,55909267358208074,1.3138048813188117
2025-06-30 07:41:11+00:00,17333940,67537946720,51406375237552527610449,0,55909267358208074,1.313804881357659
2025-06-30 07:41:16+00:00,17333945,67537946784,51406375286390557110497,0,55909267411188558,1.3138048813544758
2025-06-30 07:41:21+00:00,17333950,67537946717,51406375235372345417711,0,55909267355701455,1.31380488135502
2025-06-30 07:42:22+00:00,17334011,67537946716,51406375236372345417711,0,55909267355701455,1.3138048813100098
2025-06-30 07:42:27+00:00,17334016,67537946715,51406375237372345417711,0,55909267355701455,1.3138048812649998
2025-06-30 07:42:36+00:00,17334025,67537946714,51406375236576156796135,0,55909267354835525,1.3138048812658953
2025-06-30 07:44:07+00:00,17334116,67537946715,51406375235817292208097,0,55909267354835525,1.3138048813047427
2025-06-30 07:44:16+00:00,17334125,67537946779,51406375284655321708145,0,55909267407816009,1.3138048813015593
2025-06-30 07:44:25+00:00,17334134,67537946780,51406375284655321708144,0,55909267407816009,1.3138048813210121
2025-06-30 07:45:22+00:00,17334191,67537946779,51406375285655321708144,0,55909267407816009,1.3138048812760021
2025-06-30 07:45:27+00:00,17334196,67537946778,51406375286655321708144,0,55909267407816009,1.3138048812309921
2025-06-30 07:45:36+00:00,17334205,67537946777,51406375285859133086547,0,55909267406950079,1.3138048812318877
2025-06-30 07:47:07+00:00,17334296,67537946778,51406375285100268498489,0,55909267406950079,1.313804881270735
2025-06-30 07:47:12+00:00,17334301,67537946779,51406375284341403910453,0,55909267406950079,1.3138048813095822
2025-06-30 07:47:17+00:00,17334306,67537946843,51406375333179433410501,0,55909267459930563,1.313804881306399
2025-06-30 07:47:26+00:00,17334315,67537946844,51406375333179433410500,0,55909267459930563,1.3138048813258518
2025-06-30 07:48:21+00:00,17334370,67537946843,51406375334179433410500,0,55909267459930563,1.3138048812808416
2025-06-30 07:48:25+00:00,17334374,67537946842,51406375335179433410500,0,55909267459930563,1.3138048812358316
2025-06-30 07:48:30+00:00,17334379,67537946855,51406375345179433410500,0,55909267470692223,1.3138048812331462
2025-06-30 07:50:02+00:00,17334471,67537946856,51406375344420568822443,0,55909267470692223,1.3138048812719936
2025-06-30 07:50:07+00:00,17334476,67537946857,51406375343661704234408,0,55909267470692223,1.313804881310841
2025-06-30 07:50:12+00:00,17334481,67537946921,51406375392499733734456,0,55909267523672707,1.3138048813076575
2025-06-30 07:50:21+00:00,17334490,67537946922,51406375392499733734455,0,55909267523672707,1.3138048813271104
2025-06-30 07:51:17+00:00,17334546,67537946921,51406375393499733734455,0,55909267523672707,1.3138048812821004
2025-06-30 07:51:22+00:00,17334551,67537946920,51406375394499733734455,0,55909267523672707,1.3138048812370902
2025-06-30 07:51:30+00:00,17334559,67537946919,51406375393703545112837,0,55909267522806777,1.3138048812379857
2025-06-30 07:53:02+00:00,17334651,67537946920,51406375392944680524783,0,55909267522806777,1.313804881276833
2025-06-30 07:53:06+00:00,17334655,67537946921,51406375392185815936751,0,55909267522806777,1.3138048813156804
2025-06-30 07:53:12+00:00,17334661,67537946985,51406375441023845436799,0,55909267575787261,1.3138048813124972
2025-06-30 07:53:21+00:00,17334670,67537946986,51406375441023845436798,0,55909267575787261,1.31380488133195
2025-06-30 07:54:18+00:00,17334727,67537946985,51406375442023845436798,0,55909267575787261,1.3138048812869398
2025-06-30 07:54:22+00:00,17334731,67537946984,51406375443023845436798,0,55909267575787261,1.3138048812419298
2025-06-30 07:54:27+00:00,17334736,67537946997,51406375453023845436798,0,55909267586548921,1.3138048812392444
2025-06-30 07:54:32+00:00,17334741,67537946996,51406375452227656815169,0,55909267585682991,1.31380488124014
2025-06-30 07:56:04+00:00,17334833,67537946997,51406375451468792227116,0,55909267585682991,1.3138048812789873
2025-06-30 07:56:14+00:00,17334843,67537947061,51406375500306821727164,0,55909267638663475,1.3138048812758039
2025-06-30 07:56:23+00:00,17334852,67537947062,51406375500306821727163,0,55909267638663475,1.3138048812952567
2025-06-30 07:57:20+00:00,17334909,67537947061,51406375501306821727163,0,55909267638663475,1.3138048812502467
2025-06-30 07:57:25+00:00,17334914,67537947060,51406375502306821727163,0,55909267638663475,1.3138048812052365
2025-06-30 07:57:33+00:00,17334922,67537947059,51406375501510633105513,0,55909267637797545,1.3138048812061323
2025-06-30 07:59:05+00:00,17335014,67537947060,51406375500751768517440,0,55909267637797545,1.3138048812449794
2025-06-30 07:59:10+00:00,17335019,67537947061,51406375499992903929390,0,55909267637797545,1.3138048812838268
2025-06-30 07:59:15+00:00,17335024,67537947125,51406375548830933429438,0,55909267690778029,1.3138048812806435
2025-06-30 07:59:20+00:00,17335029,67537947058,51406375497812721731324,0,55909267635290926,1.3138048812811878
2025-06-30 07:59:24+00:00,17335033,67537947059,51406375497812721731323,0,55909267635290926,1.3138048813006407
2025-06-30 08:00:23+00:00,17335092,67537947058,51406375498812721731323,0,55909267635290926,1.3138048812556304
2025-06-30 08:00:28+00:00,17335097,67537947057,51406375499812721731323,0,55909267635290926,1.3138048812106204
2025-06-30 08:00:33+00:00,17335102,67537947070,51406375509812721731323,0,55909267646052586,1.313804881207935
2025-06-30 08:02:11+00:00,17335200,67537947071,51406375509053857143251,0,55909267646052586,1.3138048812467822
2025-06-30 08:02:21+00:00,17335210,67537947135,51406375557891886643299,0,55909267699033070,1.313804881243599
2025-06-30 08:02:25+00:00,17335214,67537947068,51406375506873674943725,0,55909267643545967,1.3138048812441432
2025-06-30 08:02:30+00:00,17335219,67537947069,51406375506873674943724,0,55909267643545967,1.313804881263596
2025-06-30 08:03:25+00:00,17335274,67537947068,51406375507873674943724,0,55909267643545967,1.3138048812185859
2025-06-30 08:03:29+00:00,17335278,67537947067,51406375508873674943724,0,55909267643545967,1.3138048811735759
2025-06-30 08:03:34+00:00,17335283,67537947080,51406375518873674943724,0,55909267654307627,1.3138048811708904
2025-06-30 08:05:09+00:00,17335378,67537947081,51406375518114810355631,0,55909267654307627,1.3138048812097378
2025-06-30 08:05:14+00:00,17335383,67537947082,51406375517355945767560,0,55909267654307627,1.3138048812485852
2025-06-30 08:05:19+00:00,17335388,67537947146,51406375566193975267608,0,55909267707288111,1.3138048812454017
2025-06-30 08:05:23+00:00,17335392,67537947079,51406375515175763567328,0,55909267651801008,1.313804881245946
2025-06-30 08:05:28+00:00,17335397,67537947080,51406375515175763567327,0,55909267651801008,1.3138048812653988
2025-06-30 08:06:24+00:00,17335453,67537947079,51406375516175763567327,0,55909267651801008,1.3138048812203889
2025-06-30 08:06:29+00:00,17335458,67537947078,51406375517175763567327,0,55909267651801008,1.3138048811753786
2025-06-30 08:06:38+00:00,17335467,67537947077,51406375516379574945634,0,55909267650935078,1.3138048811762741
2025-06-30 08:08:09+00:00,17335558,67537947078,51406375515620710357544,0,55909267650935078,1.3138048812151215
2025-06-30 08:08:14+00:00,17335563,67537947079,51406375514861845769476,0,55909267650935078,1.3138048812539689
2025-06-30 08:08:19+00:00,17335568,67537947143,51406375563699875269524,0,55909267703915562,1.3138048812507856
2025-06-30 08:08:23+00:00,17335572,67537947076,51406375512681663568642,0,55909267648428459,1.3138048812513299
2025-06-30 08:08:28+00:00,17335577,67537947077,51406375512681663568641,0,55909267648428459,1.3138048812707825
2025-06-30 08:09:25+00:00,17335634,67537947076,51406375513681663568641,0,55909267648428459,1.3138048812257725
2025-06-30 08:09:33+00:00,17335642,67537947089,51406375523681663568641,0,55909267659190119,1.3138048812230871
2025-06-30 08:09:38+00:00,17335647,67537947088,51406375522885474946952,0,55909267658324189,1.3138048812239826
2025-06-30 08:11:10+00:00,17335739,67537947089,51406375522126610358889,0,55909267658324189,1.31380488126283
2025-06-30 08:11:15+00:00,17335744,67537947090,51406375521367745770849,0,55909267658324189,1.3138048813016774
2025-06-30 08:11:20+00:00,17335749,67537947154,51406375570205775270897,0,55909267711304673,1.313804881298494
2025-06-30 08:11:24+00:00,17335753,67537947087,51406375519187563570301,0,55909267655817570,1.3138048812990382
2025-06-30 08:11:29+00:00,17335758,67537947088,51406375519187563570300,0,55909267655817570,1.313804881318491
2025-06-30 08:12:25+00:00,17335814,67537947087,51406375520187563570300,0,55909267655817570,1.313804881273481
2025-06-30 08:12:29+00:00,17335818,67537947086,51406375521187563570300,0,55909267655817570,1.3138048812284708
2025-06-30 08:12:34+00:00,17335823,67537947099,51406375531187563570300,0,55909267666579230,1.3138048812257854
2025-06-30 08:12:38+00:00,17335827,67537947098,51406375530391374948600,0,55909267665713300,1.313804881226681
2025-06-30 08:14:10+00:00,17335919,67537947099,51406375529632510360539,0,55909267665713300,1.3138048812655283
2025-06-30 08:14:20+00:00,17335929,67537947163,51406375578470539860587,0,55909267718693784,1.313804881262345
2025-06-30 08:14:28+00:00,17335937,67537947164,51406375578470539860586,0,55909267718693784,1.313804881281798
2025-06-30 08:15:26+00:00,17335995,67537947163,51406375579470539860586,0,55909267718693784,1.3138048812367877
2025-06-30 08:15:31+00:00,17336000,67537947162,51406375580470539860586,0,55909267718693784,1.3138048811917777
2025-06-30 08:15:40+00:00,17336009,67537947161,51406375579674351238865,0,55909267717827854,1.3138048811926732
2025-06-30 08:17:10+00:00,17336099,67537947162,51406375578915486650784,0,55909267717827854,1.3138048812315206
2025-06-30 08:17:15+00:00,17336104,67537947163,51406375578156622062726,0,55909267717827854,1.313804881270368
2025-06-30 08:17:20+00:00,17336109,67537947227,51406375626994651562774,0,55909267770808338,1.3138048812671845
2025-06-30 08:17:25+00:00,17336114,67537947160,51406375575976439860116,0,55909267715321235,1.3138048812677288
2025-06-30 08:17:30+00:00,17336119,67537947161,51406375575976439860115,0,55909267715321235,1.3138048812871816
2025-06-30 08:18:28+00:00,17336177,67537947160,51406375576976439860115,0,55909267715321235,1.3138048812421717
2025-06-30 08:18:37+00:00,17336186,67537947173,51406375586976439860115,0,55909267726082895,1.313804881239486
2025-06-30 08:20:13+00:00,17336282,67537947174,51406375586217575272061,0,55909267726082895,1.3138048812783334
2025-06-30 08:20:18+00:00,17336287,67537947175,51406375585458710684030,0,55909267726082895,1.3138048813171808
2025-06-30 08:20:23+00:00,17336292,67537947239,51406375634296740184078,0,55909267779063379,1.3138048813139975
2025-06-30 08:20:28+00:00,17336297,67537947172,51406375583278528481706,0,55909267723576276,1.3138048813145418
2025-06-30 08:21:27+00:00,17336356,67537947171,51406375584278528481706,0,55909267723576276,1.3138048812695315
2025-06-30 08:21:36+00:00,17336365,67537947184,51406375594278528481706,0,55909267734337936,1.3138048812668461
2025-06-30 08:21:40+00:00,17336369,67537947183,51406375593482339859994,0,55909267733472006,1.3138048812677416
2025-06-30 08:23:10+00:00,17336459,67537947184,51406375592723475271957,0,55909267733472006,1.313804881306589
2025-06-30 08:23:15+00:00,17336464,67537947185,51406375591964610683942,0,55909267733472006,1.3138048813454364
2025-06-30 08:23:20+00:00,17336469,67537947249,51406375640802640183990,0,55909267786452490,1.3138048813422532
2025-06-30 08:23:25+00:00,17336474,67537947182,51406375589784428481903,0,55909267730965387,1.3138048813427972
2025-06-30 08:24:25+00:00,17336534,67537947181,51406375590784428481903,0,55909267730965387,1.3138048812977872
2025-06-30 08:24:29+00:00,17336538,67537947180,51406375591784428481903,0,55909267730965387,1.3138048812527772
2025-06-30 08:24:34+00:00,17336543,67537947193,51406375601784428481903,0,55909267741727047,1.3138048812500918
2025-06-30 08:26:09+00:00,17336638,67537947194,51406375601025563893856,0,55909267741727047,1.313804881288939
2025-06-30 08:26:14+00:00,17336643,67537947195,51406375600266699305831,0,55909267741727047,1.3138048813277863
2025-06-30 08:26:19+00:00,17336648,67537947259,51406375649104728805879,0,55909267794707531,1.313804881324603
2025-06-30 08:26:28+00:00,17336657,67537947260,51406375649104728805878,0,55909267794707531,1.313804881344056
2025-06-30 08:27:24+00:00,17336713,67537947259,51406375650104728805878,0,55909267794707531,1.3138048812990457
2025-06-30 08:27:29+00:00,17336718,67537947258,51406375651104728805878,0,55909267794707531,1.3138048812540357
2025-06-30 08:27:38+00:00,17336727,67537947257,51406375650308540184146,0,55909267793841601,1.3138048812549312
2025-06-30 08:29:09+00:00,17336818,67537947258,51406375649549675596101,0,55909267793841601,1.3138048812937786
2025-06-30 08:29:19+00:00,17336828,67537947322,51406375698387705096149,0,55909267846822085,1.3138048812905954
2025-06-30 08:29:28+00:00,17336837,67537947323,51406375698387705096148,0,55909267846822085,1.313804881310048
2025-06-30 08:30:25+00:00,17336894,67537947322,51406375699387705096148,0,55909267846822085,1.313804881265038
2025-06-30 08:30:30+00:00,17336899,67537947321,51406375700387705096148,0,55909267846822085,1.313804881220028
2025-06-30 08:30:39+00:00,17336908,67537947320,51406375699591516474394,0,55909267845956155,1.3138048812209235
2025-06-30 08:32:11+00:00,17337000,67537947321,51406375698832651886330,0,55909267845956155,1.313804881259771
2025-06-30 08:32:21+00:00,17337010,67537947385,51406375747670681386378,0,55909267898936639,1.3138048812565875
2025-06-30 08:32:29+00:00,17337018,67537947386,51406375747670681386377,0,55909267898936639,1.3138048812760403
2025-06-30 08:33:27+00:00,17337076,67537947385,51406375748670681386377,0,55909267898936639,1.3138048812310303
2025-06-30 08:33:32+00:00,17337081,67537947384,51406375749670681386377,0,55909267898936639,1.3138048811860201
2025-06-30 08:33:40+00:00,17337089,67537947383,51406375748874492764602,0,55909267898070709,1.3138048811869159
2025-06-30 08:35:13+00:00,17337182,67537947384,51406375748115628176518,0,55909267898070709,1.313804881225763
2025-06-30 08:35:23+00:00,17337192,67537947448,51406375796953657676566,0,55909267951051193,1.3138048812225798
2025-06-30 08:35:27+00:00,17337196,67537947381,51406375745935445969707,0,55909267895564090,1.313804881223124
2025-06-30 08:35:32+00:00,17337201,67537947382,51406375745935445969706,0,55909267895564090,1.3138048812425769
2025-06-30 08:36:30+00:00,17337259,67537947381,51406375746935445969706,0,55909267895564090,1.3138048811975667
2025-06-30 08:36:35+00:00,17337264,67537947380,51406375747935445969706,0,55909267895564090,1.3138048811525567
2025-06-30 08:36:39+00:00,17337268,67537947393,51406375757935445969706,0,55909267906325750,1.3138048811498713
2025-06-30 08:36:44+00:00,17337273,67537947392,51406375757139257347909,0,55909267905459820,1.3138048811507668
2025-06-30 08:38:18+00:00,17337367,67537947393,51406375756380392759804,0,55909267905459820,1.3138048811896141
2025-06-30 08:38:22+00:00,17337371,67537947394,51406375755621528171722,0,55909267905459820,1.3138048812284615
2025-06-30 08:38:28+00:00,17337377,67537947458,51406375804459557671770,0,55909267958440304,1.313804881225278
2025-06-30 08:38:32+00:00,17337381,67537947391,51406375753441345964204,0,55909267902953201,1.3138048812258223
2025-06-30 08:38:37+00:00,17337386,67537947392,51406375753441345964203,0,55909267902953201,1.3138048812452752
2025-06-30 08:39:35+00:00,17337444,67537947391,51406375754441345964203,0,55909267902953201,1.3138048812002652
2025-06-30 08:39:40+00:00,17337449,67537947390,51406375755441345964203,0,55909267902953201,1.313804881155255
2025-06-30 08:39:45+00:00,17337454,67537947403,51406375765441345964203,0,55909267913714861,1.3138048811525695
2025-06-30 08:39:49+00:00,17337458,67537947402,51406375764645157342395,0,55909267912848931,1.313804881153465
2025-06-30 08:41:24+00:00,17337553,67537947403,51406375763886292754292,0,55909267912848931,1.3138048811923124
2025-06-30 08:41:33+00:00,17337562,67537947467,51406375812724322254340,0,55909267965829415,1.3138048811891292
2025-06-30 08:41:38+00:00,17337567,67537947400,51406375761706110545315,0,55909267910342312,1.3138048811896734
2025-06-30 08:42:42+00:00,17337631,67537947399,51406375762706110545315,0,55909267910342312,1.3138048811446632
2025-06-30 08:42:51+00:00,17337640,67537947412,51406375772706110545315,0,55909267921103972,1.3138048811419778
2025-06-30 08:44:27+00:00,17337736,67537947413,51406375771947245957205,0,55909267921103972,1.3138048811808252
2025-06-30 08:44:32+00:00,17337741,67537947414,51406375771188381369118,0,55909267921103972,1.3138048812196725
2025-06-30 08:44:37+00:00,17337746,67537947478,51406375820026410869166,0,55909267974084456,1.313804881216489
2025-06-30 08:44:45+00:00,17337754,67537947479,51406375820026410869165,0,55909267974084456,1.313804881235942
2025-06-30 08:45:42+00:00,17337811,67537947478,51406375821026410869165,0,55909267974084456,1.313804881190932
2025-06-30 08:45:46+00:00,17337815,67537947477,51406375822026410869165,0,55909267974084456,1.3138048811459218
2025-06-30 08:45:51+00:00,17337820,67537947490,51406375832026410869165,0,55909267984846116,1.3138048811432363
2025-06-30 08:47:26+00:00,17337915,67537947491,51406375831267546281056,0,55909267984846116,1.3138048811820837
2025-06-30 08:47:30+00:00,17337919,67537947492,51406375830508681692969,0,55909267984846116,1.313804881220931
2025-06-30 08:47:36+00:00,17337925,67537947556,51406375879346711193017,0,55909268037826600,1.3138048812177479
2025-06-30 08:47:44+00:00,17337933,67537947557,51406375879346711193016,0,55909268037826600,1.3138048812372005
2025-06-30 08:48:40+00:00,17337989,67537947556,51406375880346711193016,0,55909268037826600,1.3138048811921905
2025-06-30 08:48:49+00:00,17337998,67537947569,51406375890346711193016,0,55909268048588260,1.3138048811895051
2025-06-30 08:48:53+00:00,17338002,67537947568,51406375889550522571194,0,55909268047722330,1.3138048811904006
2025-06-30 08:50:25+00:00,17338094,67537947569,51406375888791657983112,0,55909268047722330,1.313804881229248
2025-06-30 08:50:34+00:00,17338103,67537947633,51406375937629687483160,0,55909268100702814,1.3138048812260648
2025-06-30 08:50:39+00:00,17338108,67537947566,51406375886611475773247,0,55909268045215711,1.3138048812266088
2025-06-30 08:51:39+00:00,17338168,67537947565,51406375887611475773247,0,55909268045215711,1.3138048811815988
2025-06-30 08:51:47+00:00,17338176,67537947578,51406375897611475773247,0,55909268055977371,1.3138048811789134
2025-06-30 08:51:51+00:00,17338180,67537947577,51406375896815287151417,0,55909268055111441,1.3138048811798089
2025-06-30 08:53:23+00:00,17338272,67537947578,51406375896056422563329,0,55909268055111441,1.3138048812186562
2025-06-30 08:53:32+00:00,17338281,67537947642,51406375944894452063377,0,55909268108091925,1.313804881215473
2025-06-30 08:53:36+00:00,17338285,67537947575,51406375893876240352997,0,55909268052604822,1.313804881216017
2025-06-30 08:53:41+00:00,17338290,67537947576,51406375893876240352996,0,55909268052604822,1.31380488123547
2025-06-30 08:54:38+00:00,17338347,67537947575,51406375894876240352996,0,55909268052604822,1.31380488119046
2025-06-30 08:54:46+00:00,17338355,67537947588,51406375904876240352996,0,55909268063366482,1.3138048811877745
2025-06-30 08:56:19+00:00,17338448,67537947589,51406375904117375764913,0,55909268063366482,1.3138048812266219
2025-06-30 08:56:24+00:00,17338453,67537947590,51406375903358511176852,0,55909268063366482,1.313804881265469
2025-06-30 08:56:29+00:00,17338458,67537947654,51406375952196540676900,0,55909268116346966,1.3138048812622858
2025-06-30 08:56:37+00:00,17338466,67537947655,51406375952196540676899,0,55909268116346966,1.3138048812817387
2025-06-30 08:57:33+00:00,17338522,67537947654,51406375953196540676899,0,55909268116346966,1.3138048812367285
2025-06-30 08:57:38+00:00,17338527,67537947653,51406375954196540676899,0,55909268116346966,1.3138048811917185
2025-06-30 08:57:47+00:00,17338536,67537947652,51406375953400352055053,0,55909268115481036,1.313804881192614
2025-06-30 08:59:17+00:00,17338626,67537947653,51406375952641487466972,0,55909268115481036,1.3138048812314613
2025-06-30 08:59:27+00:00,17338636,67537947717,51406376001479516967020,0,55909268168461520,1.313804881228278
2025-06-30 08:59:35+00:00,17338644,67537947718,51406376001479516967019,0,55909268168461520,1.313804881247731
2025-06-30 09:00:35+00:00,17338704,67537947717,51406376002479516967019,0,55909268168461520,1.3138048812027208
2025-06-30 09:00:44+00:00,17338713,67537947730,51406376012479516967019,0,55909268179223180,1.3138048812000354
2025-06-30 09:02:19+00:00,17338808,67537947731,51406376011720652378943,0,55909268179223180,1.3138048812388827
2025-06-30 09:02:24+00:00,17338813,67537947732,51406376010961787790889,0,55909268179223180,1.31380488127773
2025-06-30 09:02:30+00:00,17338819,67537947796,51406376059799817290937,0,55909268232203664,1.3138048812745466
2025-06-30 09:02:39+00:00,17338828,67537947797,51406376059799817290936,0,55909268232203664,1.3138048812939995
2025-06-30 09:03:35+00:00,17338884,67537947796,51406376060799817290936,0,55909268232203664,1.3138048812489895
2025-06-30 09:03:39+00:00,17338888,67537947795,51406376061799817290936,0,55909268232203664,1.3138048812039793
2025-06-30 09:03:44+00:00,17338893,67537947808,51406376071799817290936,0,55909268242965324,1.313804881201294
2025-06-30 09:03:48+00:00,17338897,67537947807,51406376071003628669071,0,55909268242099394,1.3138048812021894
2025-06-30 09:05:20+00:00,17338989,67537947808,51406376070244764080996,0,55909268242099394,1.3138048812410368
2025-06-30 09:05:29+00:00,17338998,67537947872,51406376119082793581044,0,55909268295079878,1.3138048812378536
2025-06-30 09:05:34+00:00,17339003,67537947805,51406376068064581868420,0,55909268239592775,1.3138048812383978
2025-06-30 09:06:34+00:00,17339063,67537947804,51406376069064581868420,0,55909268239592775,1.3138048811933876
2025-06-30 09:06:38+00:00,17339067,67537947803,51406376070064581868420,0,55909268239592775,1.3138048811483776
2025-06-30 09:06:42+00:00,17339071,67537947816,51406376080064581868420,0,55909268250354435,1.3138048811456922
2025-06-30 09:06:46+00:00,17339075,67537947815,51406376079268393246533,0,55909268249488505,1.3138048811465877
2025-06-30 09:08:17+00:00,17339166,67537947816,51406376078509528658426,0,55909268249488505,1.313804881185435
2025-06-30 09:08:22+00:00,17339171,67537947817,51406376077750664070341,0,55909268249488505,1.3138048812242824
2025-06-30 09:08:27+00:00,17339176,67537947881,51406376126588693570389,0,55909268302468989,1.313804881221099
2025-06-30 09:08:35+00:00,17339184,67537947882,51406376126588693570388,0,55909268302468989,1.3138048812405518
2025-06-30 09:09:32+00:00,17339241,67537947881,51406376127588693570388,0,55909268302468989,1.3138048811955418
2025-06-30 09:09:37+00:00,17339246,67537947880,51406376128588693570388,0,55909268302468989,1.3138048811505316
2025-06-30 09:09:46+00:00,17339255,67537947879,51406376127792504948491,0,55909268301603059,1.3138048811514274
2025-06-30 09:11:19+00:00,17339348,67537947880,51406376127033640360387,0,55909268301603059,1.3138048811902745
2025-06-30 09:11:23+00:00,17339352,67537947881,51406376126274775772305,0,55909268301603059,1.3138048812291219
2025-06-30 09:11:29+00:00,17339358,67537947945,51406376175112805272353,0,55909268354583543,1.3138048812259386
2025-06-30 09:11:38+00:00,17339367,67537947946,51406376175112805272352,0,55909268354583543,1.3138048812453915
2025-06-30 09:12:37+00:00,17339426,67537947945,51406376176112805272352,0,55909268354583543,1.3138048812003813
2025-06-30 09:12:42+00:00,17339431,67537947944,51406376177112805272352,0,55909268354583543,1.3138048811553713
2025-06-30 09:12:50+00:00,17339439,67537947943,51406376176316616650446,0,55909268353717613,1.3138048811562668
2025-06-30 09:14:22+00:00,17339531,67537947944,51406376175557752062344,0,55909268353717613,1.3138048811951142
2025-06-30 09:14:31+00:00,17339540,67537948008,51406376224395781562392,0,55909268406698097,1.313804881191931
2025-06-30 09:14:36+00:00,17339545,67537947941,51406376173377569847104,0,55909268351210994,1.3138048811924752
2025-06-30 09:15:37+00:00,17339606,67537947940,51406376174377569847104,0,55909268351210994,1.313804881147465
2025-06-30 09:15:46+00:00,17339615,67537947953,51406376184377569847104,0,55909268361972654,1.3138048811447796
2025-06-30 09:17:23+00:00,17339712,67537947954,51406376183618705258996,0,55909268361972654,1.313804881183627
2025-06-30 09:17:28+00:00,17339717,67537947955,51406376182859840670910,0,55909268361972654,1.3138048812224743
2025-06-30 09:17:33+00:00,17339722,67537948019,51406376231697870170958,0,55909268414953138,1.3138048812192908
2025-06-30 09:17:38+00:00,17339727,67537947952,51406376180679658455956,0,55909268359466035,1.313804881219835
2025-06-30 09:18:39+00:00,17339788,67537947951,51406376181679658455956,0,55909268359466035,1.313804881174825
2025-06-30 09:18:47+00:00,17339796,67537947964,51406376191679658455956,0,55909268370227695,1.3138048811721397
2025-06-30 09:18:52+00:00,17339801,67537947963,51406376190883469834047,0,55909268369361765,1.3138048811730352
2025-06-30 09:20:23+00:00,17339892,67537947964,51406376190124605245955,0,55909268369361765,1.3138048812118825
2025-06-30 09:20:27+00:00,17339896,67537947965,51406376189365740657885,0,55909268369361765,1.3138048812507297
2025-06-30 09:20:33+00:00,17339902,67537948029,51406376238203770157933,0,55909268422342249,1.3138048812475465
2025-06-30 09:20:41+00:00,17339910,67537948030,51406376238203770157932,0,55909268422342249,1.3138048812669993
2025-06-30 09:21:38+00:00,17339967,67537948029,51406376239203770157932,0,55909268422342249,1.3138048812219894
2025-06-30 09:21:46+00:00,17339975,67537948042,51406376249203770157932,0,55909268433103909,1.3138048812193037
2025-06-30 09:23:23+00:00,17340072,67537948043,51406376248444905569867,0,55909268433103909,1.313804881258151
2025-06-30 09:23:32+00:00,17340081,67537948107,51406376297282935069915,0,55909268486084393,1.3138048812549679
2025-06-30 09:23:37+00:00,17340086,67537948040,51406376246264723354732,0,55909268430597290,1.313804881255512
2025-06-30 09:24:36+00:00,17340145,67537948039,51406376247264723354732,0,55909268430597290,1.3138048812105019
2025-06-30 09:24:45+00:00,17340154,67537948052,51406376257264723354732,0,55909268441358950,1.3138048812078165
2025-06-30 09:24:49+00:00,17340158,67537948051,51406376256468534732820,0,55909268440493020,1.313804881208712
2025-06-30 09:26:22+00:00,17340251,67537948052,51406376255709670144749,0,55909268440493020,1.3138048812475593
2025-06-30 09:26:26+00:00,17340255,67537948053,51406376254950805556700,0,55909268440493020,1.3138048812864067
2025-06-30 09:26:32+00:00,17340261,67537948117,51406376303788835056748,0,55909268493473504,1.3138048812832235
2025-06-30 09:26:40+00:00,17340269,67537948118,51406376303788835056747,0,55909268493473504,1.3138048813026764
2025-06-30 09:27:37+00:00,17340326,67537948117,51406376304788835056747,0,55909268493473504,1.3138048812576661
2025-06-30 09:27:42+00:00,17340331,67537948116,51406376305788835056747,0,55909268493473504,1.3138048812126562
2025-06-30 09:27:50+00:00,17340339,67537948115,51406376304992646434826,0,55909268492607574,1.3138048812135517
2025-06-30 09:29:19+00:00,17340428,67537948116,51406376304233781846757,0,55909268492607574,1.313804881252399
2025-06-30 09:29:24+00:00,17340433,67537948117,51406376303474917258711,0,55909268492607574,1.3138048812912464
2025-06-30 09:29:29+00:00,17340438,67537948181,51406376352312946758759,0,55909268545588058,1.313804881288063
2025-06-30 09:29:33+00:00,17340442,67537948114,51406376301294735043260,0,55909268490100955,1.3138048812886072
2025-06-30 09:29:37+00:00,17340446,67537948115,51406376301294735043259,0,55909268490100955,1.31380488130806
2025-06-30 09:30:36+00:00,17340505,67537948114,51406376302294735043259,0,55909268490100955,1.31380488126305
2025-06-30 09:30:41+00:00,17340510,67537948113,51406376303294735043259,0,55909268490100955,1.3138048812180398
2025-06-30 09:30:49+00:00,17340518,67537948112,51406376302498546421328,0,55909268489235025,1.3138048812189353
2025-06-30 09:32:24+00:00,17340613,67537948113,51406376301739681833263,0,55909268489235025,1.3138048812577827
2025-06-30 09:32:34+00:00,17340623,67537948177,51406376350577711333311,0,55909268542215509,1.3138048812545995
2025-06-30 09:32:42+00:00,17340631,67537948178,51406376350577711333310,0,55909268542215509,1.3138048812740524
2025-06-30 09:33:41+00:00,17340690,67537948177,51406376351577711333310,0,55909268542215509,1.3138048812290422
2025-06-30 09:33:45+00:00,17340694,67537948176,51406376352577711333310,0,55909268542215509,1.3138048811840322
2025-06-30 09:33:49+00:00,17340698,67537948189,51406376362577711333310,0,55909268552977169,1.3138048811813468
2025-06-30 09:33:54+00:00,17340703,67537948188,51406376361781522711357,0,55909268552111239,1.3138048811822423
2025-06-30 09:35:29+00:00,17340798,67537948189,51406376361022658123270,0,55909268552111239,1.3138048812210896
2025-06-30 09:35:34+00:00,17340803,67537948190,51406376360263793535206,0,55909268552111239,1.313804881259937
2025-06-30 09:35:39+00:00,17340808,67537948254,51406376409101823035254,0,55909268605091723,1.3138048812567535
2025-06-30 09:35:44+00:00,17340813,67537948187,51406376358083611317693,0,55909268549604620,1.3138048812572978
2025-06-30 09:36:46+00:00,17340875,67537948186,51406376359083611317693,0,55909268549604620,1.3138048812122878
2025-06-30 09:36:55+00:00,17340884,67537948199,51406376369083611317693,0,55909268560366280,1.3138048812096024
2025-06-30 09:36:59+00:00,17340888,67537948198,51406376368287422695744,0,55909268559500350,1.3138048812104979
2025-06-30 09:38:35+00:00,17340984,67537948199,51406376367528558107674,0,55909268559500350,1.3138048812493452
2025-06-30 09:38:40+00:00,17340989,67537948200,51406376366769693519626,0,55909268559500350,1.3138048812881924
2025-06-30 09:38:46+00:00,17340995,67537948264,51406376415607723019674,0,55909268612480834,1.3138048812850092
2025-06-30 09:38:51+00:00,17341000,67537948197,51406376364589511302399,0,55909268556993731,1.3138048812855534
2025-06-30 09:39:56+00:00,17341065,67537948196,51406376365589511302399,0,55909268556993731,1.3138048812405434
2025-06-30 09:40:00+00:00,17341069,67537948195,51406376366589511302399,0,55909268556993731,1.3138048811955332
2025-06-30 09:40:06+00:00,17341075,67537948208,51406376376589511302399,0,55909268567755391,1.3138048811928478
2025-06-30 09:40:11+00:00,17341080,67537948207,51406376375793322680439,0,55909268566889461,1.3138048811937433
2025-06-30 09:41:46+00:00,17341175,67537948208,51406376375034458092359,0,55909268566889461,1.3138048812325906
2025-06-30 09:41:51+00:00,17341180,67537948209,51406376374275593504301,0,55909268566889461,1.313804881271438
2025-06-30 09:41:56+00:00,17341185,67537948273,51406376423113623004349,0,55909268619869945,1.3138048812682548
2025-06-30 09:42:05+00:00,17341194,67537948274,51406376423113623004348,0,55909268619869945,1.3138048812877074
2025-06-30 09:43:03+00:00,17341252,67537948273,51406376424113623004348,0,55909268619869945,1.3138048812426975
2025-06-30 09:43:08+00:00,17341257,67537948272,51406376425113623004348,0,55909268619869945,1.3138048811976875
2025-06-30 09:43:17+00:00,17341266,67537948271,51406376424317434382379,0,55909268619004015,1.313804881198583
2025-06-30 09:44:49+00:00,17341358,67537948272,51406376423558569794302,0,55909268619004015,1.3138048812374303
2025-06-30 09:44:53+00:00,17341362,67537948273,51406376422799705206247,0,55909268619004015,1.3138048812762775
2025-06-30 09:44:59+00:00,17341368,67537948337,51406376471637734706295,0,55909268671984499,1.3138048812730942
2025-06-30 09:45:04+00:00,17341373,67537948270,51406376420619522987711,0,55909268616497396,1.3138048812736385
2025-06-30 09:45:09+00:00,17341378,67537948271,51406376420619522987710,0,55909268616497396,1.3138048812930914
2025-06-30 09:46:08+00:00,17341437,67537948270,51406376421619522987710,0,55909268616497396,1.3138048812480811
2025-06-30 09:46:13+00:00,17341442,67537948269,51406376422619522987710,0,55909268616497396,1.3138048812030712
2025-06-30 09:46:22+00:00,17341451,67537948268,51406376421823334365731,0,55909268615631466,1.3138048812039667
2025-06-30 09:47:56+00:00,17341545,67537948269,51406376421064469777657,0,55909268615631466,1.313804881242814
2025-06-30 09:48:06+00:00,17341555,67537948333,51406376469902499277705,0,55909268668611950,1.3138048812396308
2025-06-30 09:48:11+00:00,17341560,67537948266,51406376418884287557765,0,55909268613124847,1.313804881240175
2025-06-30 09:49:14+00:00,17341623,67537948265,51406376419884287557765,0,55909268613124847,1.3138048811951648
2025-06-30 09:49:19+00:00,17341628,67537948264,51406376420884287557765,0,55909268613124847,1.3138048811501548
2025-06-30 09:49:28+00:00,17341637,67537948263,51406376420088098935765,0,55909268612258917,1.3138048811510503
2025-06-30 09:51:02+00:00,17341731,67537948264,51406376419329234347660,0,55909268612258917,1.3138048811898977
2025-06-30 09:51:07+00:00,17341736,67537948265,51406376418570369759578,0,55909268612258917,1.313804881228745
2025-06-30 09:51:12+00:00,17341741,67537948329,51406376467408399259626,0,55909268665239401,1.3138048812255616
2025-06-30 09:51:17+00:00,17341746,67537948262,51406376416390187539084,0,55909268609752298,1.3138048812261058
2025-06-30 09:51:22+00:00,17341751,67537948263,51406376416390187539083,0,55909268609752298,1.3138048812455587
2025-06-30 09:52:21+00:00,17341810,67537948262,51406376417390187539083,0,55909268609752298,1.3138048812005487
2025-06-30 09:52:26+00:00,17341815,67537948261,51406376418390187539083,0,55909268609752298,1.3138048811555385
2025-06-30 09:52:35+00:00,17341824,67537948260,51406376417593998917074,0,55909268608886368,1.313804881156434
2025-06-30 09:54:09+00:00,17341918,67537948261,51406376416835134328972,0,55909268608886368,1.3138048811952814
2025-06-30 09:54:19+00:00,17341928,67537948325,51406376465673163829020,0,55909268661866852,1.3138048811920982
2025-06-30 09:54:24+00:00,17341933,67537948258,51406376414654952107123,0,55909268606379749,1.3138048811926424
2025-06-30 09:55:27+00:00,17341996,67537948257,51406376415654952107123,0,55909268606379749,1.3138048811476322
2025-06-30 09:55:31+00:00,17342000,67537948256,51406376416654952107123,0,55909268606379749,1.3138048811026222
2025-06-30 09:55:36+00:00,17342005,67537948269,51406376426654952107123,0,55909268617141409,1.3138048810999368
2025-06-30 09:55:41+00:00,17342010,67537948268,51406376425858763485091,0,55909268616275479,1.3138048811008323
2025-06-30 09:57:16+00:00,17342105,67537948269,51406376425099898896957,0,55909268616275479,1.3138048811396796
2025-06-30 09:57:21+00:00,17342110,67537948270,51406376424341034308846,0,55909268616275479,1.313804881178527
2025-06-30 09:57:26+00:00,17342115,67537948334,51406376473179063808894,0,55909268669255963,1.3138048811753436
2025-06-30 09:57:31+00:00,17342120,67537948267,51406376422160852086290,0,55909268613768860,1.3138048811758878
2025-06-30 09:58:36+00:00,17342185,67537948266,51406376423160852086290,0,55909268613768860,1.3138048811308778
2025-06-30 09:58:45+00:00,17342194,67537948279,51406376433160852086290,0,55909268624530520,1.3138048811281924
2025-06-30 09:58:49+00:00,17342198,67537948278,51406376432364663464262,0,55909268623664590,1.3138048811290879
2025-06-30 10:00:26+00:00,17342295,67537948279,51406376431605798876145,0,55909268623664590,1.3138048811679353
2025-06-30 10:00:31+00:00,17342300,67537948280,51406376430846934288050,0,55909268623664590,1.3138048812067824
2025-06-30 10:00:37+00:00,17342306,67537948344,51406376479684963788098,0,55909268676645074,1.3138048812035992
2025-06-30 10:00:42+00:00,17342311,67537948277,51406376428666752065780,0,55909268621157971,1.3138048812041434
2025-06-30 10:01:46+00:00,17342375,67537948276,51406376429666752065780,0,55909268621157971,1.3138048811591334
2025-06-30 10:01:55+00:00,17342384,67537948289,51406376439666752065780,0,55909268631919631,1.3138048811564478
2025-06-30 10:02:00+00:00,17342389,67537948288,51406376438870563443757,0,55909268631053701,1.3138048811573435
2025-06-30 10:03:38+00:00,17342487,67537948289,51406376438111698855656,0,55909268631053701,1.3138048811961907
2025-06-30 10:03:48+00:00,17342497,67537948353,51406376486949728355704,0,55909268684034185,1.3138048811930074
2025-06-30 10:03:53+00:00,17342502,67537948286,51406376435931516632919,0,55909268628547082,1.3138048811935517
2025-06-30 10:04:57+00:00,17342566,67537948285,51406376436931516632919,0,55909268628547082,1.3138048811485417
2025-06-30 10:05:06+00:00,17342575,67537948298,51406376446931516632919,0,55909268639308742,1.3138048811458563
2025-06-30 10:05:11+00:00,17342580,67537948297,51406376446135328010889,0,55909268638442812,1.3138048811467518
2025-06-30 10:06:49+00:00,17342678,67537948298,51406376445376463422782,0,55909268638442812,1.313804881185599
2025-06-30 10:06:54+00:00,17342683,67537948299,51406376444617598834697,0,55909268638442812,1.3138048812244463
2025-06-30 10:06:59+00:00,17342688,67537948363,51406376493455628334745,0,55909268691423296,1.313804881221263
2025-06-30 10:07:04+00:00,17342693,67537948296,51406376442437416612246,0,55909268635936193,1.3138048812218073
2025-06-30 10:07:09+00:00,17342698,67537948297,51406376442437416612245,0,55909268635936193,1.3138048812412602
2025-06-30 10:08:06+00:00,17342755,67537948296,51406376443437416612245,0,55909268635936193,1.31380488119625
2025-06-30 10:08:11+00:00,17342760,67537948295,51406376444437416612245,0,55909268635936193,1.31380488115124
2025-06-30 10:08:15+00:00,17342764,67537948308,51406376454437416612245,0,55909268646697853,1.3138048811485545
2025-06-30 10:08:20+00:00,17342769,67537948307,51406376453641227990203,0,55909268645831923,1.31380488114945
2025-06-30 10:09:56+00:00,17342865,67537948308,51406376452882363402097,0,55909268645831923,1.3138048811882974
2025-06-30 10:10:06+00:00,17342875,67537948372,51406376501720392902145,0,55909268698812407,1.313804881185114
2025-06-30 10:10:11+00:00,17342880,67537948305,51406376450702181178186,0,55909268643325304,1.3138048811856582
2025-06-30 10:10:16+00:00,17342885,67537948306,51406376450702181178185,0,55909268643325304,1.313804881205111
2025-06-30 10:11:18+00:00,17342947,67537948305,51406376451702181178185,0,55909268643325304,1.313804881160101
2025-06-30 10:11:28+00:00,17342957,67537948318,51406376461702181178185,0,55909268654086964,1.3138048811574157
2025-06-30 10:13:14+00:00,17343063,67537948319,51406376460943316590084,0,55909268654086964,1.3138048811962628
2025-06-30 10:13:19+00:00,17343068,67537948320,51406376460184452002005,0,55909268654086964,1.3138048812351102
2025-06-30 10:13:25+00:00,17343074,67537948384,51406376509022481502053,0,55909268707067448,1.313804881231927
2025-06-30 10:13:30+00:00,17343079,67537948317,51406376458004269778380,0,55909268651580345,1.3138048812324712
2025-06-30 10:14:34+00:00,17343143,67537948316,51406376459004269778380,0,55909268651580345,1.313804881187461
2025-06-30 10:14:39+00:00,17343148,67537948315,51406376460004269778380,0,55909268651580345,1.313804881142451
2025-06-30 10:14:44+00:00,17343153,67537948328,51406376470004269778380,0,55909268662342005,1.3138048811397656
2025-06-30 10:16:25+00:00,17343254,67537948329,51406376469245405190269,0,55909268662342005,1.313804881178613
2025-06-30 10:16:35+00:00,17343264,67537948393,51406376518083434690317,0,55909268715322489,1.3138048811754295
2025-06-30 10:16:44+00:00,17343273,67537948394,51406376518083434690316,0,55909268715322489,1.3138048811948824
2025-06-30 10:17:45+00:00,17343334,67537948393,51406376519083434690316,0,55909268715322489,1.3138048811498724
2025-06-30 10:17:49+00:00,17343338,67537948392,51406376520083434690316,0,55909268715322489,1.3138048811048622
2025-06-30 10:17:54+00:00,17343343,67537948405,51406376530083434690316,0,55909268726084149,1.3138048811021767
2025-06-30 10:19:34+00:00,17343443,67537948406,51406376529324570102183,0,55909268726084149,1.3138048811410241
2025-06-30 10:19:44+00:00,17343453,67537948470,51406376578162599602231,0,55909268779064633,1.3138048811378409
2025-06-30 10:19:48+00:00,17343457,67537948403,51406376527144387875639,0,55909268723577530,1.3138048811383851
2025-06-30 10:19:53+00:00,17343462,67537948404,51406376527144387875638,0,55909268723577530,1.313804881157838
2025-06-30 10:20:53+00:00,17343522,67537948403,51406376528144387875638,0,55909268723577530,1.3138048811128278
2025-06-30 10:21:02+00:00,17343531,67537948416,51406376538144387875638,0,55909268734339190,1.3138048811101424
2025-06-30 10:21:07+00:00,17343536,67537948415,51406376537348199253548,0,55909268733473260,1.3138048811110379
2025-06-30 10:22:44+00:00,17343633,67537948416,51406376536589334665420,0,55909268733473260,1.3138048811498853
2025-06-30 10:22:49+00:00,17343638,67537948417,51406376535830470077315,0,55909268733473260,1.3138048811887326
2025-06-30 10:22:54+00:00,17343643,67537948481,51406376584668499577363,0,55909268786453744,1.3138048811855492
2025-06-30 10:22:59+00:00,17343648,67537948414,51406376533650287851057,0,55909268730966641,1.3138048811860934
2025-06-30 10:23:03+00:00,17343652,67537948415,51406376533650287851056,0,55909268730966641,1.3138048812055463
2025-06-30 10:24:03+00:00,17343712,67537948414,51406376534650287851056,0,55909268730966641,1.3138048811605363
2025-06-30 10:24:12+00:00,17343721,67537948427,51406376544650287851056,0,55909268741728301,1.3138048811578509
2025-06-30 10:24:17+00:00,17343726,67537948426,51406376543854099228971,0,55909268740862371,1.3138048811587464
2025-06-30 10:25:54+00:00,17343823,67537948427,51406376543095234640871,0,55909268740862371,1.3138048811975938
2025-06-30 10:25:59+00:00,17343828,67537948428,51406376542336370052793,0,55909268740862371,1.313804881236441
2025-06-30 10:26:04+00:00,17343833,67537948492,51406376591174399552841,0,55909268793842855,1.3138048812332577
2025-06-30 10:26:09+00:00,17343838,67537948425,51406376540156187826821,0,55909268738355752,1.313804881233802
2025-06-30 10:26:14+00:00,17343843,67537948426,51406376540156187826820,0,55909268738355752,1.3138048812532548
2025-06-30 10:27:12+00:00,17343901,67537948425,51406376541156187826820,0,55909268738355752,1.3138048812082446
2025-06-30 10:27:17+00:00,17343906,67537948424,51406376542156187826820,0,55909268738355752,1.3138048811632346
2025-06-30 10:27:22+00:00,17343911,67537948437,51406376552156187826820,0,55909268749117412,1.3138048811605492
2025-06-30 10:29:01+00:00,17344010,67537948438,51406376551397323238721,0,55909268749117412,1.3138048811993965
2025-06-30 10:29:11+00:00,17344020,67537948502,51406376600235352738769,0,55909268802097896,1.313804881196213
2025-06-30 10:29:16+00:00,17344025,67537948435,51406376549217141011289,0,55909268746610793,1.3138048811967573
2025-06-30 10:29:20+00:00,17344029,67537948436,51406376549217141011288,0,55909268746610793,1.3138048812162102
2025-06-30 10:30:21+00:00,17344090,67537948435,51406376550217141011288,0,55909268746610793,1.3138048811712002
2025-06-30 10:30:26+00:00,17344095,67537948434,51406376551217141011288,0,55909268746610793,1.31380488112619
2025-06-30 10:30:31+00:00,17344100,67537948447,51406376561217141011288,0,55909268757372453,1.3138048811235046
2025-06-30 10:30:36+00:00,17344105,67537948446,51406376560420952389169,0,55909268756506523,1.3138048811244
2025-06-30 10:32:14+00:00,17344203,67537948447,51406376559662087801049,0,55909268756506523,1.3138048811632475
2025-06-30 10:32:24+00:00,17344213,67537948511,51406376608500117301097,0,55909268809487007,1.3138048811600642
2025-06-30 10:32:29+00:00,17344218,67537948444,51406376557481905572157,0,55909268753999904,1.3138048811606085
2025-06-30 10:33:32+00:00,17344281,67537948443,51406376558481905572157,0,55909268753999904,1.3138048811155982
2025-06-30 10:33:37+00:00,17344286,67537948442,51406376559481905572157,0,55909268753999904,1.3138048810705882
2025-06-30 10:33:41+00:00,17344290,67537948455,51406376569481905572157,0,55909268764761564,1.3138048810679028
2025-06-30 10:33:46+00:00,17344295,67537948454,51406376568685716950015,0,55909268763895634,1.3138048810687983
2025-06-30 10:35:23+00:00,17344392,67537948455,51406376567926852361863,0,55909268763895634,1.3138048811076457
2025-06-30 10:35:33+00:00,17344402,67537948519,51406376616764881861911,0,55909268816876118,1.3138048811044625
2025-06-30 10:35:38+00:00,17344407,67537948452,51406376565746670131512,0,55909268761389015,1.3138048811050065
2025-06-30 10:36:42+00:00,17344471,67537948451,51406376566746670131512,0,55909268761389015,1.3138048810599965
2025-06-30 10:36:47+00:00,17344476,67537948450,51406376567746670131512,0,55909268761389015,1.3138048810149865
2025-06-30 10:36:56+00:00,17344485,67537948449,51406376566950481509349,0,55909268760523085,1.313804881015882
2025-06-30 10:38:33+00:00,17344582,67537948450,51406376566191616921166,0,55909268760523085,1.3138048810547294
2025-06-30 10:38:43+00:00,17344592,67537948514,51406376615029646421214,0,55909268813503569,1.313804881051546
2025-06-30 10:38:52+00:00,17344601,67537948515,51406376615029646421213,0,55909268813503569,1.3138048810709988
2025-06-30 10:39:51+00:00,17344660,67537948514,51406376616029646421213,0,55909268813503569,1.3138048810259888
2025-06-30 10:39:56+00:00,17344665,67537948513,51406376617029646421213,0,55909268813503569,1.3138048809809786
2025-06-30 10:40:05+00:00,17344674,67537948512,51406376616233457799029,0,55909268812637639,1.3138048809818743
2025-06-30 10:41:42+00:00,17344771,67537948513,51406376615474593210827,0,55909268812637639,1.3138048810207215
2025-06-30 10:41:46+00:00,17344775,67537948514,51406376614715728622647,0,55909268812637639,1.3138048810595688
2025-06-30 10:41:52+00:00,17344781,67537948578,51406376663553758122695,0,55909268865618123,1.3138048810563856
2025-06-30 10:41:57+00:00,17344786,67537948511,51406376612535546390338,0,55909268810131020,1.3138048810569298
2025-06-30 10:43:06+00:00,17344855,67537948510,51406376613535546390338,0,55909268810131020,1.3138048810119196
2025-06-30 10:43:11+00:00,17344860,67537948509,51406376614535546390338,0,55909268810131020,1.3138048809669096
2025-06-30 10:43:16+00:00,17344865,67537948522,51406376624535546390338,0,55909268820892680,1.3138048809642242
2025-06-30 10:43:22+00:00,17344871,67537948521,51406376623739357768143,0,55909268820026750,1.3138048809651197
2025-06-30 10:45:04+00:00,17344973,67537948522,51406376622980493179931,0,55909268820026750,1.313804881003967
2025-06-30 10:45:09+00:00,17344978,67537948523,51406376622221628591741,0,55909268820026750,1.3138048810428145
2025-06-30 10:45:15+00:00,17344984,67537948587,51406376671059658091789,0,55909268873007234,1.313804881039631
2025-06-30 10:45:20+00:00,17344989,67537948520,51406376620041446358726,0,55909268817520131,1.3138048810401752
2025-06-30 10:45:25+00:00,17344994,67537948521,51406376620041446358725,0,55909268817520131,1.3138048810596281
2025-06-30 10:46:24+00:00,17345053,67537948520,51406376621041446358725,0,55909268817520131,1.3138048810146181
2025-06-30 10:46:33+00:00,17345062,67537948533,51406376631041446358725,0,55909268828281791,1.3138048810119325
2025-06-30 10:48:13+00:00,17345162,67537948534,51406376630282581770540,0,55909268828281791,1.3138048810507799
2025-06-30 10:48:23+00:00,17345172,67537948598,51406376679120611270588,0,55909268881262275,1.3138048810475966
2025-06-30 10:48:28+00:00,17345177,67537948531,51406376628102399537057,0,55909268825775172,1.3138048810481409
2025-06-30 10:49:33+00:00,17345242,67537948530,51406376629102399537057,0,55909268825775172,1.3138048810031309
2025-06-30 10:49:42+00:00,17345251,67537948543,51406376639102399537057,0,55909268836536832,1.3138048810004452
2025-06-30 10:51:24+00:00,17345353,67537948544,51406376638343534948865,0,55909268836536832,1.3138048810392926
2025-06-30 10:51:29+00:00,17345358,67537948545,51406376637584670360696,0,55909268836536832,1.31380488107814
2025-06-30 10:51:34+00:00,17345363,67537948609,51406376686422699860744,0,55909268889517316,1.3138048810749567
2025-06-30 10:51:39+00:00,17345368,67537948542,51406376635404488127499,0,55909268834030213,1.313804881075501
2025-06-30 10:51:43+00:00,17345372,67537948543,51406376635404488127498,0,55909268834030213,1.3138048810949536
2025-06-30 10:52:43+00:00,17345432,67537948542,51406376636404488127498,0,55909268834030213,1.3138048810499436
2025-06-30 10:52:52+00:00,17345441,67537948555,51406376646404488127498,0,55909268844791873,1.3138048810472582
2025-06-30 10:52:56+00:00,17345445,67537948554,51406376645608299505304,0,55909268843925943,1.3138048810481537
2025-06-30 10:54:33+00:00,17345542,67537948555,51406376644849434917140,0,55909268843925943,1.313804881087001
2025-06-30 10:54:38+00:00,17345547,67537948556,51406376644090570328998,0,55909268843925943,1.3138048811258485
2025-06-30 10:54:43+00:00,17345552,67537948620,51406376692928599829046,0,55909268896906427,1.313804881122665
2025-06-30 10:54:48+00:00,17345557,67537948553,51406376641910388096087,0,55909268841419324,1.3138048811232093
2025-06-30 10:54:52+00:00,17345561,67537948554,51406376641910388096086,0,55909268841419324,1.3138048811426621
2025-06-30 10:55:52+00:00,17345621,67537948553,51406376642910388096086,0,55909268841419324,1.3138048810976521
2025-06-30 10:56:01+00:00,17345630,67537948566,51406376652910388096086,0,55909268852180984,1.3138048810949665
2025-06-30 10:57:41+00:00,17345730,67537948567,51406376652151523507949,0,55909268852180984,1.3138048811338139
2025-06-30 10:57:46+00:00,17345735,67537948568,51406376651392658919834,0,55909268852180984,1.3138048811726613
2025-06-30 10:57:52+00:00,17345741,67537948632,51406376700230688419882,0,55909268905161468,1.313804881169478
2025-06-30 10:58:01+00:00,17345750,67537948633,51406376700230688419881,0,55909268905161468,1.313804881188931
2025-06-30 10:59:00+00:00,17345809,67537948632,51406376701230688419881,0,55909268905161468,1.3138048811439207
2025-06-30 10:59:05+00:00,17345814,67537948631,51406376702230688419881,0,55909268905161468,1.3138048810989107
2025-06-30 10:59:10+00:00,17345819,67537948644,51406376712230688419881,0,55909268915923128,1.3138048810962253
2025-06-30 10:59:15+00:00,17345824,67537948643,51406376711434499797681,0,55909268915057198,1.3138048810971208
2025-06-30 11:00:53+00:00,17345922,67537948644,51406376710675635209545,0,55909268915057198,1.3138048811359682
2025-06-30 11:00:58+00:00,17345927,67537948645,51406376709916770621432,0,55909268915057198,1.3138048811748153
2025-06-30 11:01:04+00:00,17345933,67537948709,51406376758754800121480,0,55909268968037682,1.313804881171632
2025-06-30 11:01:09+00:00,17345938,67537948642,51406376707736588388101,0,55909268912550579,1.3138048811721763
2025-06-30 11:02:13+00:00,17346002,67537948641,51406376708736588388101,0,55909268912550579,1.3138048811271663
2025-06-30 11:02:18+00:00,17346007,67537948640,51406376709736588388101,0,55909268912550579,1.313804881082156
2025-06-30 11:02:23+00:00,17346012,67537948653,51406376719736588388101,0,55909268923312239,1.3138048810794707
2025-06-30 11:04:05+00:00,17346114,67537948654,51406376718977723799955,0,55909268923312239,1.313804881118318
2025-06-30 11:04:15+00:00,17346124,67537948718,51406376767815753300003,0,55909268976292723,1.3138048811151348
2025-06-30 11:04:24+00:00,17346133,67537948719,51406376767815753300002,0,55909268976292723,1.3138048811345875
2025-06-30 11:05:24+00:00,17346193,67537948718,51406376768815753300002,0,55909268976292723,1.3138048810895775
2025-06-30 11:05:34+00:00,17346203,67537948731,51406376778815753300002,0,55909268987054383,1.313804881086892
2025-06-30 11:07:14+00:00,17346303,67537948732,51406376778056888711860,0,55909268987054383,1.3138048811257395
2025-06-30 11:07:19+00:00,17346308,67537948733,51406376777298024123741,0,55909268987054383,1.3138048811645866
2025-06-30 11:07:25+00:00,17346314,67537948797,51406376826136053623789,0,55909269040034867,1.3138048811614034
2025-06-30 11:07:29+00:00,17346318,67537948730,51406376775117841889236,0,55909268984547764,1.3138048811619476
2025-06-30 11:07:34+00:00,17346323,67537948731,51406376775117841889235,0,55909268984547764,1.3138048811814005
2025-06-30 11:08:35+00:00,17346384,67537948730,51406376776117841889235,0,55909268984547764,1.3138048811363903
2025-06-30 11:08:44+00:00,17346393,67537948743,51406376786117841889235,0,55909268995309424,1.3138048811337049
2025-06-30 11:10:25+00:00,17346494,67537948744,51406376785358977301120,0,55909268995309424,1.3138048811725522
2025-06-30 11:10:30+00:00,17346499,67537948745,51406376784600112713028,0,55909268995309424,1.3138048812113996
2025-06-30 11:10:36+00:00,17346505,67537948809,51406376833438142213076,0,55909269048289908,1.3138048812082164
2025-06-30 11:10:45+00:00,17346514,67537948810,51406376833438142213075,0,55909269048289908,1.313804881227669
2025-06-30 11:11:45+00:00,17346574,67537948809,51406376834438142213075,0,55909269048289908,1.313804881182659
2025-06-30 11:11:49+00:00,17346578,67537948808,51406376835438142213075,0,55909269048289908,1.313804881137649
2025-06-30 11:11:54+00:00,17346583,67537948821,51406376845438142213075,0,55909269059051568,1.3138048811349636
2025-06-30 11:13:31+00:00,17346680,67537948822,51406376844679277624961,0,55909269059051568,1.3138048811738108
2025-06-30 11:13:35+00:00,17346684,67537948823,51406376843920413036869,0,55909269059051568,1.3138048812126581
2025-06-30 11:13:40+00:00,17346689,67537948887,51406376892758442536917,0,55909269112032052,1.313804881209475
2025-06-30 11:13:45+00:00,17346694,67537948820,51406376841740230801943,0,55909269056544949,1.3138048812100191
2025-06-30 11:14:48+00:00,17346757,67537948819,51406376842740230801943,0,55909269056544949,1.313804881165009
2025-06-30 11:14:56+00:00,17346765,67537948832,51406376852740230801943,0,55909269067306609,1.3138048811623235
2025-06-30 11:15:00+00:00,17346769,67537948831,51406376851944042179722,0,55909269066440679,1.313804881163219
2025-06-30 11:16:38+00:00,17346867,67537948832,51406376851185177591624,0,55909269066440679,1.3138048812020664
2025-06-30 11:16:43+00:00,17346872,67537948833,51406376850426313003549,0,55909269066440679,1.3138048812409138
2025-06-30 11:16:48+00:00,17346877,67537948897,51406376899264342503597,0,55909269119421163,1.3138048812377305
2025-06-30 11:16:53+00:00,17346882,67537948830,51406376848246130768909,0,55909269063934060,1.3138048812382748
2025-06-30 11:17:56+00:00,17346945,67537948829,51406376849246130768909,0,55909269063934060,1.3138048811932646
2025-06-30 11:18:00+00:00,17346949,67537948828,51406376850246130768909,0,55909269063934060,1.3138048811482546
2025-06-30 11:18:05+00:00,17346954,67537948841,51406376860246130768909,0,55909269074695720,1.3138048811455691
2025-06-30 11:18:10+00:00,17346959,67537948840,51406376859449942146677,0,55909269073829790,1.3138048811464647
2025-06-30 11:19:46+00:00,17347055,67537948841,51406376858691077558570,0,55909269073829790,1.313804881185312
2025-06-30 11:19:50+00:00,17347059,67537948842,51406376857932212970485,0,55909269073829790,1.3138048812241592
2025-06-30 11:19:56+00:00,17347065,67537948906,51406376906770242470533,0,55909269126810274,1.313804881220976
2025-06-30 11:20:05+00:00,17347074,67537948907,51406376906770242470532,0,55909269126810274,1.3138048812404288
2025-06-30 11:21:05+00:00,17347134,67537948906,51406376907770242470532,0,55909269126810274,1.3138048811954188
2025-06-30 11:21:10+00:00,17347139,67537948905,51406376908770242470532,0,55909269126810274,1.3138048811504086
2025-06-30 11:21:19+00:00,17347148,67537948904,51406376907974053848291,0,55909269125944344,1.3138048811513041
2025-06-30 11:22:55+00:00,17347244,67537948905,51406376907215189260186,0,55909269125944344,1.3138048811901515
2025-06-30 11:22:59+00:00,17347248,67537948906,51406376906456324672104,0,55909269125944344,1.3138048812289989
2025-06-30 11:23:05+00:00,17347254,67537948970,51406376955294354172152,0,55909269178924828,1.3138048812258156
2025-06-30 11:23:10+00:00,17347259,67537948903,51406376904276142436155,0,55909269123437725,1.3138048812263596
2025-06-30 11:24:14+00:00,17347323,67537948902,51406376905276142436155,0,55909269123437725,1.3138048811813496
2025-06-30 11:24:23+00:00,17347332,67537948915,51406376915276142436155,0,55909269134199385,1.3138048811786642
2025-06-30 11:24:28+00:00,17347337,67537948914,51406376914479953813918,0,55909269133333455,1.3138048811795597
2025-06-30 11:26:03+00:00,17347432,67537948915,51406376913721089225830,0,55909269133333455,1.313804881218407
2025-06-30 11:26:09+00:00,17347438,67537948916,51406376912962224637764,0,55909269133333455,1.3138048812572545
2025-06-30 11:26:14+00:00,17347443,67537948980,51406376961800254137812,0,55909269186313939,1.313804881254071
2025-06-30 11:26:19+00:00,17347448,67537948913,51406376910782042402101,0,55909269130826836,1.3138048812546153
2025-06-30 11:26:23+00:00,17347452,67537948914,51406376910782042402100,0,55909269130826836,1.3138048812740681
2025-06-30 11:27:22+00:00,17347511,67537948913,51406376911782042402100,0,55909269130826836,1.3138048812290581
2025-06-30 11:27:30+00:00,17347519,67537948926,51406376921782042402100,0,55909269141588496,1.3138048812263727
2025-06-30 11:27:35+00:00,17347524,67537948925,51406376920985853779868,0,55909269140722566,1.3138048812272682
2025-06-30 11:29:07+00:00,17347616,67537948926,51406376920226989191807,0,55909269140722566,1.3138048812661156
2025-06-30 11:29:12+00:00,17347621,67537948927,51406376919468124603769,0,55909269140722566,1.3138048813049628
2025-06-30 11:29:17+00:00,17347626,67537948991,51406376968306154103817,0,55909269193703050,1.3138048813017795
2025-06-30 11:29:22+00:00,17347631,67537948924,51406376917287942368392,0,55909269138215947,1.3138048813023238
2025-06-30 11:30:22+00:00,17347691,67537948923,51406376918287942368392,0,55909269138215947,1.3138048812573138
2025-06-30 11:30:27+00:00,17347696,67537948922,51406376919287942368392,0,55909269138215947,1.3138048812123035
2025-06-30 11:30:35+00:00,17347704,67537948921,51406376918491753746150,0,55909269137350017,1.313804881213199
2025-06-30 11:32:07+00:00,17347796,67537948922,51406376917732889158081,0,55909269137350017,1.3138048812520464
2025-06-30 11:32:17+00:00,17347806,67537948986,51406376966570918658129,0,55909269190330501,1.3138048812488632
2025-06-30 11:32:25+00:00,17347814,67537948987,51406376966570918658128,0,55909269190330501,1.313804881268316
2025-06-30 11:33:21+00:00,17347870,67537948986,51406376967570918658128,0,55909269190330501,1.3138048812233059
2025-06-30 11:33:26+00:00,17347875,67537948985,51406376968570918658128,0,55909269190330501,1.3138048811782959
2025-06-30 11:33:35+00:00,17347884,67537948984,51406376967774730035865,0,55909269189464571,1.3138048811791914
2025-06-30 11:35:07+00:00,17347976,67537948985,51406376967015865447777,0,55909269189464571,1.3138048812180387
2025-06-30 11:35:12+00:00,17347981,67537948986,51406376966257000859711,0,55909269189464571,1.313804881256886
2025-06-30 11:35:17+00:00,17347986,67537949050,51406377015095030359759,0,55909269242445055,1.3138048812537026
2025-06-30 11:35:26+00:00,17347995,67537949051,51406377015095030359758,0,55909269242445055,1.3138048812731555
2025-06-30 11:36:24+00:00,17348053,67537949050,51406377016095030359758,0,55909269242445055,1.3138048812281455
2025-06-30 11:36:32+00:00,17348061,67537949063,51406377026095030359758,0,55909269253206715,1.3138048812254601
2025-06-30 11:36:36+00:00,17348065,67537949062,51406377025298841737500,0,55909269252340785,1.3138048812263556
2025-06-30 11:38:08+00:00,17348157,67537949063,51406377024539977149439,0,55909269252340785,1.313804881265203
2025-06-30 11:38:13+00:00,17348162,67537949064,51406377023781112561400,0,55909269252340785,1.3138048813040502
2025-06-30 11:38:18+00:00,17348167,67537949128,51406377072619142061448,0,55909269305321269,1.313804881300867
2025-06-30 11:38:23+00:00,17348172,67537949061,51406377021600930324352,0,55909269249834166,1.3138048813014112
2025-06-30 11:39:24+00:00,17348233,67537949060,51406377022600930324352,0,55909269249834166,1.3138048812564012
2025-06-30 11:39:28+00:00,17348237,67537949059,51406377023600930324352,0,55909269249834166,1.313804881211391
2025-06-30 11:39:33+00:00,17348242,67537949072,51406377033600930324352,0,55909269260595826,1.3138048812087055
2025-06-30 11:41:10+00:00,17348339,67537949073,51406377032842065736281,0,55909269260595826,1.313804881247553
2025-06-30 11:41:20+00:00,17348349,67537949137,51406377081680095236329,0,55909269313576310,1.3138048812443697
2025-06-30 11:41:24+00:00,17348353,67537949070,51406377030661883497773,0,55909269258089207,1.313804881244914
2025-06-30 11:41:29+00:00,17348358,67537949071,51406377030661883497772,0,55909269258089207,1.3138048812643666
2025-06-30 11:42:26+00:00,17348415,67537949070,51406377031661883497772,0,55909269258089207,1.3138048812193566
2025-06-30 11:42:35+00:00,17348424,67537949083,51406377041661883497772,0,55909269268850867,1.3138048812166712
2025-06-30 11:44:11+00:00,17348520,67537949084,51406377040903018909705,0,55909269268850867,1.3138048812555185
2025-06-30 11:44:15+00:00,17348524,67537949085,51406377040144154321661,0,55909269268850867,1.3138048812943657
2025-06-30 11:44:21+00:00,17348530,67537949149,51406377088982183821709,0,55909269321831351,1.3138048812911824
2025-06-30 11:44:25+00:00,17348534,67537949082,51406377037963972083439,0,55909269266344248,1.3138048812917267
2025-06-30 11:44:30+00:00,17348539,67537949083,51406377037963972083438,0,55909269266344248,1.3138048813111796
2025-06-30 11:45:28+00:00,17348597,67537949082,51406377038963972083438,0,55909269266344248,1.3138048812661693
2025-06-30 11:45:33+00:00,17348602,67537949081,51406377039963972083438,0,55909269266344248,1.3138048812211593
2025-06-30 11:45:42+00:00,17348611,67537949080,51406377039167783461152,0,55909269265478318,1.3138048812220549
2025-06-30 11:47:14+00:00,17348703,67537949081,51406377038408918873088,0,55909269265478318,1.3138048812609022
2025-06-30 11:47:19+00:00,17348708,67537949082,51406377037650054285047,0,55909269265478318,1.3138048812997496
2025-06-30 11:47:24+00:00,17348713,67537949146,51406377086488083785095,0,55909269318458802,1.3138048812965661
2025-06-30 11:47:32+00:00,17348721,67537949147,51406377086488083785094,0,55909269318458802,1.313804881316019
2025-06-30 11:48:31+00:00,17348780,67537949146,51406377087488083785094,0,55909269318458802,1.313804881271009
2025-06-30 11:48:40+00:00,17348789,67537949159,51406377097488083785094,0,55909269329220462,1.3138048812683236
2025-06-30 11:50:19+00:00,17348888,67537949160,51406377096729219197057,0,55909269329220462,1.313804881307171
2025-06-30 11:50:28+00:00,17348897,67537949224,51406377145567248697105,0,55909269382200946,1.3138048813039875
2025-06-30 11:50:33+00:00,17348902,67537949157,51406377094549036957765,0,55909269326713843,1.3138048813045318
2025-06-30 11:51:35+00:00,17348964,67537949156,51406377095549036957765,0,55909269326713843,1.3138048812595218
2025-06-30 11:51:40+00:00,17348969,67537949155,51406377096549036957765,0,55909269326713843,1.3138048812145116
2025-06-30 11:51:49+00:00,17348978,67537949154,51406377095752848335462,0,55909269325847913,1.3138048812154073
2025-06-30 11:53:22+00:00,17349071,67537949155,51406377094993983747394,0,55909269325847913,1.3138048812542544
2025-06-30 11:53:31+00:00,17349080,67537949219,51406377143832013247442,0,55909269378828397,1.3138048812510712
2025-06-30 11:53:36+00:00,17349085,67537949152,51406377092813801506747,0,55909269323341294,1.3138048812516154
2025-06-30 11:54:36+00:00,17349145,67537949151,51406377093813801506747,0,55909269323341294,1.3138048812066054
2025-06-30 11:54:41+00:00,17349150,67537949150,51406377094813801506747,0,55909269323341294,1.3138048811615952
2025-06-30 11:54:50+00:00,17349159,67537949149,51406377094017612884423,0,55909269322475364,1.3138048811624907
2025-06-30 11:56:23+00:00,17349252,67537949150,51406377093258748296325,0,55909269322475364,1.313804881201338
2025-06-30 11:56:33+00:00,17349262,67537949214,51406377142096777796373,0,55909269375455848,1.3138048811981549
2025-06-30 11:56:41+00:00,17349270,67537949215,51406377142096777796372,0,55909269375455848,1.3138048812176077
2025-06-30 11:57:38+00:00,17349327,67537949214,51406377143096777796372,0,55909269375455848,1.3138048811725975
2025-06-30 11:57:42+00:00,17349331,67537949213,51406377144096777796372,0,55909269375455848,1.3138048811275875
2025-06-30 11:57:47+00:00,17349336,67537949226,51406377154096777796372,0,55909269386217508,1.3138048811249021
2025-06-30 11:59:23+00:00,17349432,67537949227,51406377153337913208252,0,55909269386217508,1.3138048811637495
2025-06-30 11:59:28+00:00,17349437,67537949228,51406377152579048620155,0,55909269386217508,1.3138048812025966
2025-06-30 11:59:33+00:00,17349442,67537949292,51406377201417078120203,0,55909269439197992,1.3138048811994134
2025-06-30 11:59:38+00:00,17349447,67537949225,51406377150398866377446,0,55909269383710889,1.3138048811999576
2025-06-30 12:00:42+00:00,17349511,67537949224,51406377151398866377446,0,55909269383710889,1.3138048811549476
2025-06-30 12:00:47+00:00,17349516,67537949223,51406377152398866377446,0,55909269383710889,1.3138048811099374
2025-06-30 12:00:56+00:00,17349525,67537949222,51406377151602677755090,0,55909269382844959,1.313804881110833
2025-06-30 12:02:30+00:00,17349619,67537949223,51406377150843813166962,0,55909269382844959,1.3138048811496803
2025-06-30 12:02:40+00:00,17349629,67537949287,51406377199681842667010,0,55909269435825443,1.313804881146497
2025-06-30 12:02:49+00:00,17349638,67537949288,51406377199681842667009,0,55909269435825443,1.31380488116595
2025-06-30 12:03:47+00:00,17349696,67537949287,51406377200681842667009,0,55909269435825443,1.3138048811209397
2025-06-30 12:03:52+00:00,17349701,67537949286,51406377201681842667009,0,55909269435825443,1.3138048810759297
2025-06-30 12:04:00+00:00,17349709,67537949285,51406377200885654044632,0,55909269434959513,1.3138048810768252
2025-06-30 12:05:35+00:00,17349804,67537949286,51406377200126789456484,0,55909269434959513,1.3138048811156726
2025-06-30 12:05:40+00:00,17349809,67537949287,51406377199367924868359,0,55909269434959513,1.31380488115452
2025-06-30 12:05:45+00:00,17349814,67537949351,51406377248205954368407,0,55909269487939997,1.3138048811513365
2025-06-30 12:05:50+00:00,17349819,67537949284,51406377197187742623692,0,55909269432452894,1.3138048811518808
2025-06-30 12:06:53+00:00,17349882,67537949283,51406377198187742623692,0,55909269432452894,1.3138048811068708
2025-06-30 12:07:01+00:00,17349890,67537949296,51406377208187742623692,0,55909269443214554,1.3138048811041854
2025-06-30 12:07:06+00:00,17349895,67537949295,51406377207391554001319,0,55909269442348624,1.3138048811050809
2025-06-30 12:08:40+00:00,17349989,67537949296,51406377206632689413188,0,55909269442348624,1.3138048811439282
2025-06-30 12:08:45+00:00,17349994,67537949297,51406377205873824825079,0,55909269442348624,1.3138048811827756
2025-06-30 12:08:50+00:00,17349999,67537949361,51406377254711854325127,0,55909269495329108,1.3138048811795922
2025-06-30 12:08:58+00:00,17350007,67537949362,51406377254711854325126,0,55909269495329108,1.313804881199045
2025-06-30 12:09:56+00:00,17350065,67537949361,51406377255711854325126,0,55909269495329108,1.313804881154035
2025-06-30 12:10:05+00:00,17350074,67537949374,51406377265711854325126,0,55909269506090768,1.3138048811513496
2025-06-30 12:10:10+00:00,17350079,67537949373,51406377264915665702758,0,55909269505224838,1.3138048811522451
2025-06-30 12:11:40+00:00,17350169,67537949374,51406377264156801114654,0,55909269505224838,1.3138048811910925
2025-06-30 12:11:49+00:00,17350178,67537949438,51406377312994830614702,0,55909269558205322,1.313804881187909
2025-06-30 12:11:57+00:00,17350186,67537949439,51406377312994830614701,0,55909269558205322,1.313804881207362
2025-06-30 12:12:54+00:00,17350243,67537949438,51406377313994830614701,0,55909269558205322,1.313804881162352
2025-06-30 12:12:59+00:00,17350248,67537949437,51406377314994830614701,0,55909269558205322,1.3138048811173417
2025-06-30 12:13:08+00:00,17350257,67537949436,51406377314198641992312,0,55909269557339392,1.3138048811182375
2025-06-30 12:14:42+00:00,17350351,67537949437,51406377313439777404188,0,55909269557339392,1.3138048811570846
2025-06-30 12:14:51+00:00,17350360,67537949501,51406377362277806904236,0,55909269610319876,1.3138048811539014
2025-06-30 12:14:55+00:00,17350364,67537949434,51406377311259595157985,0,55909269554832773,1.3138048811544456
2025-06-30 12:14:59+00:00,17350368,67537949435,51406377311259595157984,0,55909269554832773,1.3138048811738985
2025-06-30 12:15:57+00:00,17350426,67537949434,51406377312259595157984,0,55909269554832773,1.3138048811288883
2025-06-30 12:16:06+00:00,17350435,67537949447,51406377322259595157984,0,55909269565594433,1.3138048811262029
2025-06-30 12:17:43+00:00,17350532,67537949448,51406377321500730569865,0,55909269565594433,1.3138048811650502
2025-06-30 12:17:53+00:00,17350542,67537949512,51406377370338760069913,0,55909269618574917,1.313804881161867
2025-06-30 12:17:58+00:00,17350547,67537949445,51406377319320548323195,0,55909269563087814,1.3138048811624112
2025-06-30 12:18:59+00:00,17350608,67537949444,51406377320320548323195,0,55909269563087814,1.313804881117401
2025-06-30 12:19:04+00:00,17350613,67537949443,51406377321320548323195,0,55909269563087814,1.313804881072391
2025-06-30 12:19:12+00:00,17350621,67537949442,51406377320524359700777,0,55909269562221884,1.3138048810732865
2025-06-30 12:20:45+00:00,17350714,67537949443,51406377319765495112627,0,55909269562221884,1.313804881112134
2025-06-30 12:20:50+00:00,17350719,67537949444,51406377319006630524500,0,55909269562221884,1.3138048811509813
2025-06-30 12:20:55+00:00,17350724,67537949508,51406377367844660024548,0,55909269615202368,1.3138048811477978
2025-06-30 12:20:59+00:00,17350728,67537949441,51406377316826448277227,0,55909269559715265,1.313804881148342
2025-06-30 12:21:04+00:00,17350733,67537949442,51406377316826448277226,0,55909269559715265,1.313804881167795
2025-06-30 12:22:02+00:00,17350791,67537949441,51406377317826448277226,0,55909269559715265,1.313804881122785
2025-06-30 12:22:11+00:00,17350800,67537949454,51406377327826448277226,0,55909269570476925,1.3138048811200993
2025-06-30 12:22:16+00:00,17350805,67537949453,51406377327030259654813,0,55909269569610995,1.313804881120995
2025-06-30 12:23:50+00:00,17350899,67537949454,51406377326271395066691,0,55909269569610995,1.3138048811598422
2025-06-30 12:23:55+00:00,17350904,67537949455,51406377325512530478591,0,55909269569610995,1.3138048811986895
2025-06-30 12:24:00+00:00,17350909,67537949519,51406377374350559978639,0,55909269622591479,1.3138048811955063
2025-06-30 12:24:05+00:00,17350914,67537949452,51406377323332348231604,0,55909269567104376,1.3138048811960505
2025-06-30 12:24:10+00:00,17350919,67537949453,51406377323332348231603,0,55909269567104376,1.3138048812155034
2025-06-30 12:25:09+00:00,17350978,67537949452,51406377324332348231603,0,55909269567104376,1.3138048811704932
2025-06-30 12:25:14+00:00,17350983,67537949451,51406377325332348231603,0,55909269567104376,1.3138048811254832
2025-06-30 12:25:22+00:00,17350991,67537949450,51406377324536159609180,0,55909269566238446,1.3138048811263787
2025-06-30 12:26:54+00:00,17351083,67537949451,51406377323777295021061,0,55909269566238446,1.313804881165226
2025-06-30 12:27:03+00:00,17351092,67537949515,51406377372615324521109,0,55909269619218930,1.3138048811620429
2025-06-30 12:27:12+00:00,17351101,67537949516,51406377372615324521108,0,55909269619218930,1.3138048811814955
2025-06-30 12:28:10+00:00,17351159,67537949515,51406377373615324521108,0,55909269619218930,1.3138048811364855
2025-06-30 12:28:19+00:00,17351168,67537949528,51406377383615324521108,0,55909269629980590,1.3138048811338001
2025-06-30 12:28:24+00:00,17351173,67537949527,51406377382819135898678,0,55909269629114660,1.3138048811346956
2025-06-30 12:29:58+00:00,17351267,67537949528,51406377382060271310564,0,55909269629114660,1.313804881173543
2025-06-30 12:30:02+00:00,17351271,67537949529,51406377381301406722472,0,55909269629114660,1.3138048812123904
2025-06-30 12:30:08+00:00,17351277,67537949593,51406377430139436222520,0,55909269682095144,1.313804881209207
2025-06-30 12:30:14+00:00,17351283,67537949526,51406377379121224474416,0,55909269626608041,1.3138048812097511
2025-06-30 12:31:16+00:00,17351345,67537949525,51406377380121224474416,0,55909269626608041,1.3138048811647411
2025-06-30 12:31:20+00:00,17351349,67537949524,51406377381121224474416,0,55909269626608041,1.313804881119731
2025-06-30 12:31:25+00:00,17351354,67537949537,51406377391121224474416,0,55909269637369701,1.3138048811170455
2025-06-30 12:33:02+00:00,17351451,67537949538,51406377390362359886292,0,55909269637369701,1.313804881155893
2025-06-30 12:33:07+00:00,17351456,67537949539,51406377389603495298190,0,55909269637369701,1.3138048811947403
2025-06-30 12:33:12+00:00,17351461,67537949603,51406377438441524798238,0,55909269690350185,1.313804881191557
2025-06-30 12:33:16+00:00,17351465,67537949536,51406377387423313049427,0,55909269634863082,1.313804881192101
2025-06-30 12:33:21+00:00,17351470,67537949537,51406377387423313049426,0,55909269634863082,1.313804881211554
2025-06-30 12:34:19+00:00,17351528,67537949536,51406377388423313049426,0,55909269634863082,1.313804881166544
2025-06-30 12:34:24+00:00,17351533,67537949535,51406377389423313049426,0,55909269634863082,1.313804881121534
2025-06-30 12:34:28+00:00,17351537,67537949548,51406377399423313049426,0,55909269645624742,1.3138048811188483
2025-06-30 12:34:33+00:00,17351542,67537949547,51406377398627124426974,0,55909269644758812,1.313804881119744
2025-06-30 12:36:06+00:00,17351635,67537949548,51406377397868259838851,0,55909269644758812,1.3138048811585912
2025-06-30 12:36:11+00:00,17351640,67537949549,51406377397109395250751,0,55909269644758812,1.3138048811974385
2025-06-30 12:36:17+00:00,17351646,67537949613,51406377445947424750799,0,55909269697739296,1.3138048811942553
2025-06-30 12:36:26+00:00,17351655,67537949614,51406377445947424750798,0,55909269697739296,1.3138048812137082
2025-06-30 12:37:24+00:00,17351713,67537949613,51406377446947424750798,0,55909269697739296,1.313804881168698
2025-06-30 12:37:29+00:00,17351718,67537949612,51406377447947424750798,0,55909269697739296,1.313804881123688
2025-06-30 12:37:33+00:00,17351722,67537949625,51406377457947424750798,0,55909269708500956,1.3138048811210026
2025-06-30 12:37:38+00:00,17351727,67537949624,51406377457151236128335,0,55909269707635026,1.313804881121898
2025-06-30 12:39:11+00:00,17351820,67537949625,51406377456392371540213,0,55909269707635026,1.3138048811607455
2025-06-30 12:39:21+00:00,17351830,67537949689,51406377505230401040261,0,55909269760615510,1.313804881157562
2025-06-30 12:39:30+00:00,17351839,67537949690,51406377505230401040260,0,55909269760615510,1.3138048811770149
2025-06-30 12:40:28+00:00,17351897,67537949689,51406377506230401040260,0,55909269760615510,1.3138048811320049
2025-06-30 12:40:33+00:00,17351902,67537949688,51406377507230401040260,0,55909269760615510,1.3138048810869947
2025-06-30 12:40:37+00:00,17351906,67537949701,51406377517230401040260,0,55909269771377170,1.3138048810843093
2025-06-30 12:40:42+00:00,17351911,67537949700,51406377516434212417774,0,55909269770511240,1.3138048810852048
2025-06-30 12:42:15+00:00,17352004,67537949701,51406377515675347829631,0,55909269770511240,1.3138048811240521
2025-06-30 12:42:20+00:00,17352009,67537949702,51406377514916483241511,0,55909269770511240,1.3138048811628995
2025-06-30 12:42:25+00:00,17352014,67537949766,51406377563754512741559,0,55909269823491724,1.3138048811597163
2025-06-30 12:42:30+00:00,17352019,67537949699,51406377512736300989876,0,55909269768004621,1.3138048811602605
2025-06-30 12:43:32+00:00,17352081,67537949698,51406377513736300989876,0,55909269768004621,1.3138048811152503
2025-06-30 12:43:37+00:00,17352086,67537949697,51406377514736300989876,0,55909269768004621,1.3138048810702403
2025-06-30 12:43:41+00:00,17352090,67537949710,51406377524736300989876,0,55909269778766281,1.3138048810675549
2025-06-30 12:43:46+00:00,17352095,67537949709,51406377523940112367379,0,55909269777900351,1.3138048810684504
2025-06-30 12:45:22+00:00,17352191,67537949710,51406377523181247779227,0,55909269777900351,1.3138048811072978
2025-06-30 12:45:27+00:00,17352196,67537949711,51406377522422383191097,0,55909269777900351,1.313804881146145
2025-06-30 12:45:33+00:00,17352202,67537949775,51406377571260412691145,0,55909269830880835,1.3138048811429617
2025-06-30 12:45:42+00:00,17352211,67537949776,51406377571260412691144,0,55909269830880835,1.3138048811624146
2025-06-30 12:46:40+00:00,17352269,67537949775,51406377572260412691144,0,55909269830880835,1.3138048811174046
2025-06-30 12:46:48+00:00,17352277,67537949788,51406377582260412691144,0,55909269841642495,1.3138048811147192
2025-06-30 12:46:53+00:00,17352282,67537949787,51406377581464224068652,0,55909269840776565,1.3138048811156147
2025-06-30 12:48:27+00:00,17352376,67537949788,51406377580705359480527,0,55909269840776565,1.3138048811544618
2025-06-30 12:48:37+00:00,17352386,67537949852,51406377629543388980575,0,55909269893757049,1.3138048811512786
2025-06-30 12:48:41+00:00,17352390,67537949785,51406377578525177227718,0,55909269838269946,1.3138048811518228
2025-06-30 12:48:46+00:00,17352395,67537949786,51406377578525177227717,0,55909269838269946,1.3138048811712757
2025-06-30 12:49:44+00:00,17352453,67537949785,51406377579525177227717,0,55909269838269946,1.3138048811262655
2025-06-30 12:49:49+00:00,17352458,67537949784,51406377580525177227717,0,55909269838269946,1.3138048810812555
2025-06-30 12:49:57+00:00,17352466,67537949783,51406377579728988605203,0,55909269837404016,1.313804881082151
2025-06-30 12:51:32+00:00,17352561,67537949784,51406377578970124017059,0,55909269837404016,1.3138048811209984
2025-06-30 12:51:37+00:00,17352566,67537949785,51406377578211259428937,0,55909269837404016,1.3138048811598457
2025-06-30 12:51:42+00:00,17352571,67537949849,51406377627049288928985,0,55909269890384500,1.3138048811566625
2025-06-30 12:51:47+00:00,17352576,67537949782,51406377576031077175526,0,55909269834897397,1.3138048811572065
2025-06-30 12:52:50+00:00,17352639,67537949781,51406377577031077175526,0,55909269834897397,1.3138048811121965
2025-06-30 12:52:59+00:00,17352648,67537949794,51406377587031077175526,0,55909269845659057,1.313804881109511
2025-06-30 12:53:04+00:00,17352653,67537949793,51406377586234888553017,0,55909269844793127,1.3138048811104066
2025-06-30 12:54:38+00:00,17352747,67537949794,51406377585476023964889,0,55909269844793127,1.313804881149254
2025-06-30 12:54:42+00:00,17352751,67537949795,51406377584717159376783,0,55909269844793127,1.3138048811881013
2025-06-30 12:54:48+00:00,17352757,67537949859,51406377633555188876831,0,55909269897773611,1.313804881184918
2025-06-30 12:54:53+00:00,17352762,67537949792,51406377582536977123657,0,55909269842286508,1.3138048811854621
2025-06-30 12:55:57+00:00,17352826,67537949791,51406377583536977123657,0,55909269842286508,1.3138048811404521
2025-06-30 12:56:06+00:00,17352835,67537949804,51406377593536977123657,0,55909269853048168,1.3138048811377667
2025-06-30 12:57:43+00:00,17352932,67537949805,51406377592778112535545,0,55909269853048168,1.313804881176614
2025-06-30 12:57:52+00:00,17352941,67537949869,51406377641616142035593,0,55909269906028652,1.3138048811734306
2025-06-30 12:57:57+00:00,17352946,67537949802,51406377590597930281952,0,55909269850541549,1.3138048811739749
2025-06-30 12:58:58+00:00,17353007,67537949801,51406377591597930281952,0,55909269850541549,1.3138048811289649
2025-06-30 12:59:07+00:00,17353016,67537949814,51406377601597930281952,0,55909269861303209,1.3138048811262795
2025-06-30 12:59:12+00:00,17353021,67537949813,51406377600801741659440,0,55909269860437279,1.313804881127175
2025-06-30 13:00:47+00:00,17353116,67537949814,51406377600042877071322,0,55909269860437279,1.3138048811660223
2025-06-30 13:00:57+00:00,17353126,67537949878,51406377648880906571370,0,55909269913417763,1.313804881162839
2025-06-30 13:01:01+00:00,17353130,67537949811,51406377597862694817262,0,55909269857930660,1.3138048811633831
2025-06-30 13:01:06+00:00,17353135,67537949812,51406377597862694817261,0,55909269857930660,1.313804881182836
2025-06-30 13:02:04+00:00,17353193,67537949811,51406377598862694817261,0,55909269857930660,1.313804881137826
2025-06-30 13:02:13+00:00,17353202,67537949824,51406377608862694817261,0,55909269868692320,1.3138048811351404
2025-06-30 13:03:49+00:00,17353298,67537949825,51406377608103830229147,0,55909269868692320,1.3138048811739877
2025-06-30 13:03:54+00:00,17353303,67537949826,51406377607344965641056,0,55909269868692320,1.3138048812128351
2025-06-30 13:03:59+00:00,17353308,67537949890,51406377656182995141104,0,55909269921672804,1.3138048812096519
2025-06-30 13:04:03+00:00,17353312,67537949823,51406377605164783387282,0,55909269866185701,1.3138048812101961
2025-06-30 13:04:08+00:00,17353317,67537949824,51406377605164783387281,0,55909269866185701,1.3138048812296488
2025-06-30 13:05:06+00:00,17353375,67537949823,51406377606164783387281,0,55909269866185701,1.3138048811846388
2025-06-30 13:05:11+00:00,17353380,67537949822,51406377607164783387281,0,55909269866185701,1.3138048811396288
2025-06-30 13:05:16+00:00,17353385,67537949835,51406377617164783387281,0,55909269876947361,1.3138048811369434
2025-06-30 13:05:21+00:00,17353390,67537949834,51406377616368594764751,0,55909269876081431,1.3138048811378389
2025-06-30 13:06:56+00:00,17353485,67537949835,51406377615609730176639,0,55909269876081431,1.313804881176686
2025-06-30 13:07:06+00:00,17353495,67537949899,51406377664447759676687,0,55909269929061915,1.3138048811735028
2025-06-30 13:07:11+00:00,17353500,67537949832,51406377613429547921405,0,55909269873574812,1.313804881174047
2025-06-30 13:07:16+00:00,17353505,67537949833,51406377613429547921404,0,55909269873574812,1.3138048811935
2025-06-30 13:08:14+00:00,17353563,67537949832,51406377614429547921404,0,55909269873574812,1.31380488114849
2025-06-30 13:08:23+00:00,17353572,67537949845,51406377624429547921404,0,55909269884336472,1.3138048811458043
2025-06-30 13:10:01+00:00,17353670,67537949846,51406377623670683333296,0,55909269884336472,1.3138048811846517
2025-06-30 13:10:06+00:00,17353675,67537949847,51406377622911818745211,0,55909269884336472,1.313804881223499
2025-06-30 13:10:12+00:00,17353681,67537949911,51406377671749848245259,0,55909269937316956,1.3138048812203158
2025-06-30 13:10:17+00:00,17353686,67537949844,51406377620731636490263,0,55909269881829853,1.31380488122086
2025-06-30 13:10:22+00:00,17353691,67537949845,51406377620731636490262,0,55909269881829853,1.3138048812403127
2025-06-30 13:11:20+00:00,17353749,67537949844,51406377621731636490262,0,55909269881829853,1.3138048811953027
2025-06-30 13:11:25+00:00,17353754,67537949843,51406377622731636490262,0,55909269881829853,1.3138048811502927
2025-06-30 13:11:30+00:00,17353759,67537949856,51406377632731636490262,0,55909269892591513,1.313804881147607
2025-06-30 13:13:07+00:00,17353856,67537949857,51406377631972771902155,0,55909269892591513,1.3138048811864544
2025-06-30 13:13:12+00:00,17353861,67537949858,51406377631213907314071,0,55909269892591513,1.3138048812253018
2025-06-30 13:13:18+00:00,17353867,67537949922,51406377680051936814119,0,55909269945571997,1.3138048812221186
2025-06-30 13:13:23+00:00,17353872,67537949855,51406377629033725058417,0,55909269890084894,1.3138048812226628
2025-06-30 13:14:25+00:00,17353934,67537949854,51406377630033725058417,0,55909269890084894,1.3138048811776526
2025-06-30 13:14:30+00:00,17353939,67537949853,51406377631033725058417,0,55909269890084894,1.3138048811326426
2025-06-30 13:14:38+00:00,17353947,67537949852,51406377630237536435859,0,55909269889218964,1.313804881133538
2025-06-30 13:16:13+00:00,17354042,67537949853,51406377629478671847744,0,55909269889218964,1.3138048811723855
2025-06-30 13:16:18+00:00,17354047,67537949854,51406377628719807259652,0,55909269889218964,1.3138048812112328
2025-06-30 13:16:23+00:00,17354052,67537949918,51406377677557836759700,0,55909269942199448,1.3138048812080494
2025-06-30 13:16:28+00:00,17354057,67537949851,51406377626539625003395,0,55909269886712345,1.3138048812085936
2025-06-30 13:17:32+00:00,17354121,67537949850,51406377627539625003395,0,55909269886712345,1.3138048811635836
2025-06-30 13:17:37+00:00,17354126,67537949849,51406377628539625003395,0,55909269886712345,1.3138048811185736
2025-06-30 13:17:46+00:00,17354135,67537949848,51406377627743436380828,0,55909269885846415,1.3138048811194691
2025-06-30 13:19:19+00:00,17354228,67537949849,51406377626984571792705,0,55909269885846415,1.3138048811583163
2025-06-30 13:19:24+00:00,17354233,67537949850,51406377626225707204605,0,55909269885846415,1.3138048811971637
2025-06-30 13:19:30+00:00,17354239,67537949914,51406377675063736704653,0,55909269938826899,1.3138048811939804
2025-06-30 13:19:39+00:00,17354248,67537949915,51406377675063736704652,0,55909269938826899,1.3138048812134333
2025-06-30 13:20:39+00:00,17354308,67537949914,51406377676063736704652,0,55909269938826899,1.313804881168423
2025-06-30 13:20:44+00:00,17354313,67537949913,51406377677063736704652,0,55909269938826899,1.313804881123413
2025-06-30 13:20:53+00:00,17354322,67537949912,51406377676267548082075,0,55909269937960969,1.3138048811243086
2025-06-30 13:22:26+00:00,17354415,67537949913,51406377675508683493955,0,55909269937960969,1.313804881163156
2025-06-30 13:22:31+00:00,17354420,67537949914,51406377674749818905857,0,55909269937960969,1.3138048812020033
2025-06-30 13:22:37+00:00,17354426,67537949978,51406377723587848405905,0,55909269990941453,1.31380488119882
2025-06-30 13:22:46+00:00,17354435,67537949979,51406377723587848405904,0,55909269990941453,1.3138048812182728
2025-06-30 13:23:43+00:00,17354492,67537949978,51406377724587848405904,0,55909269990941453,1.3138048811732628
2025-06-30 13:23:47+00:00,17354496,67537949977,51406377725587848405904,0,55909269990941453,1.3138048811282528
2025-06-30 13:23:52+00:00,17354501,67537949990,51406377735587848405904,0,55909270001703113,1.3138048811255671
2025-06-30 13:25:29+00:00,17354598,67537949991,51406377734828983817785,0,55909270001703113,1.3138048811644145
2025-06-30 13:25:39+00:00,17354608,67537950055,51406377783667013317833,0,55909270054683597,1.3138048811612313
2025-06-30 13:25:48+00:00,17354617,67537950056,51406377783667013317832,0,55909270054683597,1.3138048811806842
2025-06-30 13:26:45+00:00,17354674,67537950055,51406377784667013317832,0,55909270054683597,1.313804881135674
2025-06-30 13:26:50+00:00,17354679,67537950054,51406377785667013317832,0,55909270054683597,1.313804881090664
2025-06-30 13:26:58+00:00,17354687,67537950053,51406377784870824695223,0,55909270053817667,1.3138048810915595
2025-06-30 13:28:34+00:00,17354783,67537950054,51406377784111960107084,0,55909270053817667,1.3138048811304068
2025-06-30 13:28:43+00:00,17354792,67537950118,51406377832949989607132,0,55909270106798151,1.3138048811272236
2025-06-30 13:28:48+00:00,17354797,67537950051,51406377781931777846808,0,55909270051311048,1.3138048811277678
2025-06-30 13:28:52+00:00,17354801,67537950052,51406377781931777846807,0,55909270051311048,1.3138048811472205
2025-06-30 13:29:51+00:00,17354860,67537950051,51406377782931777846807,0,55909270051311048,1.3138048811022105
2025-06-30 13:29:59+00:00,17354868,67537950064,51406377792931777846807,0,55909270062072708,1.313804881099525
2025-06-30 13:30:04+00:00,17354873,67537950063,51406377792135589224191,0,55909270061206778,1.3138048811004206
2025-06-30 13:31:39+00:00,17354968,67537950064,51406377791376724636057,0,55909270061206778,1.313804881139268
2025-06-30 13:31:49+00:00,17354978,67537950128,51406377840214754136105,0,55909270114187262,1.3138048811360847
2025-06-30 13:31:57+00:00,17354986,67537950129,51406377840214754136104,0,55909270114187262,1.3138048811555374
2025-06-30 13:32:56+00:00,17355045,67537950128,51406377841214754136104,0,55909270114187262,1.3138048811105274
2025-06-30 13:33:04+00:00,17355053,67537950141,51406377851214754136104,0,55909270124948922,1.313804881107842
2025-06-30 13:33:09+00:00,17355058,67537950140,51406377850418565513480,0,55909270124082992,1.3138048811087375
2025-06-30 13:34:42+00:00,17355151,67537950141,51406377849659700925351,0,55909270124082992,1.3138048811475849
2025-06-30 13:34:46+00:00,17355155,67537950142,51406377848900836337244,0,55909270124082992,1.3138048811864322
2025-06-30 13:34:52+00:00,17355161,67537950206,51406377897738865837292,0,55909270177063476,1.3138048811832488
2025-06-30 13:35:00+00:00,17355169,67537950207,51406377897738865837291,0,55909270177063476,1.3138048812027017
2025-06-30 13:35:56+00:00,17355225,67537950206,51406377898738865837291,0,55909270177063476,1.3138048811576917
2025-06-30 13:36:00+00:00,17355229,67537950205,51406377899738865837291,0,55909270177063476,1.3138048811126815
2025-06-30 13:36:05+00:00,17355234,67537950218,51406377909738865837291,0,55909270187825136,1.313804881109996
2025-06-30 13:36:09+00:00,17355238,67537950217,51406377908942677214656,0,55909270186959206,1.3138048811108916
2025-06-30 13:37:42+00:00,17355331,67537950218,51406377908183812626528,0,55909270186959206,1.313804881149739
2025-06-30 13:37:51+00:00,17355340,67537950282,51406377957021842126576,0,55909270239939690,1.3138048811465557
2025-06-30 13:37:59+00:00,17355348,67537950283,51406377957021842126575,0,55909270239939690,1.3138048811660086
2025-06-30 13:38:57+00:00,17355406,67537950282,51406377958021842126575,0,55909270239939690,1.3138048811209984
2025-06-30 13:39:02+00:00,17355411,67537950281,51406377959021842126575,0,55909270239939690,1.3138048810759884
2025-06-30 13:39:11+00:00,17355420,67537950280,51406377958225653503919,0,55909270239073760,1.3138048810768839
2025-06-30 13:40:45+00:00,17355514,67537950281,51406377957466788915771,0,55909270239073760,1.3138048811157312
2025-06-30 13:40:50+00:00,17355519,67537950282,51406377956707924327646,0,55909270239073760,1.3138048811545786
2025-06-30 13:40:56+00:00,17355525,67537950346,51406378005545953827694,0,55909270292054244,1.3138048811513952
2025-06-30 13:41:05+00:00,17355534,67537950347,51406378005545953827693,0,55909270292054244,1.313804881170848
2025-06-30 13:42:03+00:00,17355592,67537950346,51406378006545953827693,0,55909270292054244,1.313804881125838
2025-06-30 13:42:12+00:00,17355601,67537950359,51406378016545953827693,0,55909270302815904,1.3138048811231526
2025-06-30 13:42:17+00:00,17355606,67537950358,51406378015749765205042,0,55909270301949974,1.3138048811240481
2025-06-30 13:43:49+00:00,17355698,67537950359,51406378014990900616922,0,55909270301949974,1.3138048811628955
2025-06-30 13:43:53+00:00,17355702,67537950360,51406378014232036028824,0,55909270301949974,1.3138048812017427
2025-06-30 13:43:58+00:00,17355707,67537950424,51406378063070065528872,0,55909270354930458,1.3138048811985594
2025-06-30 13:44:03+00:00,17355712,67537950357,51406378012051853766591,0,55909270299443355,1.3138048811991037
2025-06-30 13:44:07+00:00,17355716,67537950358,51406378012051853766590,0,55909270299443355,1.3138048812185565
2025-06-30 13:45:05+00:00,17355774,67537950357,51406378013051853766590,0,55909270299443355,1.3138048811735463
2025-06-30 13:45:14+00:00,17355783,67537950370,51406378023051853766590,0,55909270310205015,1.313804881170861
2025-06-30 13:46:50+00:00,17355879,67537950371,51406378022292989178497,0,55909270310205015,1.3138048812097083
2025-06-30 13:46:59+00:00,17355888,67537950435,51406378071131018678545,0,55909270363185499,1.313804881206525
2025-06-30 13:47:04+00:00,17355893,67537950368,51406378020112806915796,0,55909270307698396,1.3138048812070693
2025-06-30 13:48:05+00:00,17355954,67537950367,51406378021112806915796,0,55909270307698396,1.313804881162059
2025-06-30 13:48:14+00:00,17355963,67537950380,51406378031112806915796,0,55909270318460056,1.3138048811593737
2025-06-30 13:49:50+00:00,17356059,67537950381,51406378030353942327696,0,55909270318460056,1.313804881198221
2025-06-30 13:49:55+00:00,17356064,67537950382,51406378029595077739619,0,55909270318460056,1.3138048812370684
2025-06-30 13:50:00+00:00,17356069,67537950446,51406378078433107239667,0,55909270371440540,1.313804881233885
2025-06-30 13:50:05+00:00,17356074,67537950379,51406378027414895477204,0,55909270315953437,1.3138048812344292
2025-06-30 13:51:06+00:00,17356135,67537950378,51406378028414895477204,0,55909270315953437,1.3138048811894192
2025-06-30 13:51:14+00:00,17356143,67537950391,51406378038414895477204,0,55909270326715097,1.3138048811867338
2025-06-30 13:51:19+00:00,17356148,67537950390,51406378037618706854554,0,55909270325849167,1.3138048811876293
2025-06-30 13:52:51+00:00,17356240,67537950391,51406378036859842266470,0,55909270325849167,1.3138048812264767
2025-06-30 13:53:01+00:00,17356250,67537950455,51406378085697871766518,0,55909270378829651,1.3138048812232932
2025-06-30 13:53:09+00:00,17356258,67537950456,51406378085697871766517,0,55909270378829651,1.313804881242746
2025-06-30 13:54:07+00:00,17356316,67537950455,51406378086697871766517,0,55909270378829651,1.313804881197736
2025-06-30 13:54:12+00:00,17356321,67537950454,51406378087697871766517,0,55909270378829651,1.313804881152726
2025-06-30 13:54:21+00:00,17356330,67537950453,51406378086901683143846,0,55909270377963721,1.3138048811536216
2025-06-30 13:55:52+00:00,17356421,67537950454,51406378086142818555743,0,55909270377963721,1.3138048811924687
2025-06-30 13:55:56+00:00,17356425,67537950455,51406378085383953967662,0,55909270377963721,1.3138048812313161
2025-06-30 13:56:02+00:00,17356431,67537950519,51406378134221983467710,0,55909270430944205,1.3138048812281329
2025-06-30 13:56:10+00:00,17356439,67537950520,51406378134221983467709,0,55909270430944205,1.3138048812475858
2025-06-30 13:57:05+00:00,17356494,67537950519,51406378135221983467709,0,55909270430944205,1.3138048812025755
2025-06-30 13:57:10+00:00,17356499,67537950518,51406378136221983467709,0,55909270430944205,1.3138048811575656
2025-06-30 13:57:19+00:00,17356508,67537950517,51406378135425794845029,0,55909270430078275,1.313804881158461
2025-06-30 13:58:47+00:00,17356596,67537950518,51406378134666930256929,0,55909270430078275,1.3138048811973084
2025-06-30 13:58:56+00:00,17356605,67537950582,51406378183504959756977,0,55909270483058759,1.3138048811941252
2025-06-30 13:59:04+00:00,17356613,67537950583,51406378183504959756976,0,55909270483058759,1.313804881213578
2025-06-30 13:59:59+00:00,17356668,67537950582,51406378184504959756976,0,55909270483058759,1.3138048811685679
2025-06-30 14:00:04+00:00,17356673,67537950581,51406378185504959756976,0,55909270483058759,1.3138048811235579
2025-06-30 14:00:09+00:00,17356678,67537950594,51406378195504959756976,0,55909270493820419,1.3138048811208725
2025-06-30 14:01:43+00:00,17356772,67537950595,51406378194746095168854,0,55909270493820419,1.3138048811597196
2025-06-30 14:01:47+00:00,17356776,67537950596,51406378193987230580754,0,55909270493820419,1.313804881198567
2025-06-30 14:01:52+00:00,17356781,67537950660,51406378242825260080802,0,55909270546800903,1.3138048811953837
2025-06-30 14:01:57+00:00,17356786,67537950593,51406378191807048315208,0,55909270491313800,1.313804881195928
2025-06-30 14:02:56+00:00,17356845,67537950592,51406378192807048315208,0,55909270491313800,1.3138048811509178
2025-06-30 14:03:00+00:00,17356849,67537950591,51406378193807048315208,0,55909270491313800,1.3138048811059078
2025-06-30 14:03:05+00:00,17356854,67537950604,51406378203807048315208,0,55909270502075460,1.3138048811032224
2025-06-30 14:04:39+00:00,17356948,67537950605,51406378203048183727076,0,55909270502075460,1.3138048811420697
2025-06-30 14:04:48+00:00,17356957,67537950669,51406378251886213227124,0,55909270555055944,1.3138048811388863
2025-06-30 14:04:56+00:00,17356965,67537950670,51406378251886213227123,0,55909270555055944,1.3138048811583392
2025-06-30 14:05:52+00:00,17357021,67537950669,51406378252886213227123,0,55909270555055944,1.3138048811133292
2025-06-30 14:06:00+00:00,17357029,67537950682,51406378262886213227123,0,55909270565817604,1.3138048811106438
2025-06-30 14:07:35+00:00,17357124,67537950683,51406378262127348638995,0,55909270565817604,1.3138048811494911
2025-06-30 14:07:44+00:00,17357133,67537950747,51406378310965378139043,0,55909270618798088,1.3138048811463077
2025-06-30 14:07:53+00:00,17357142,67537950748,51406378310965378139042,0,55909270618798088,1.3138048811657606
2025-06-30 14:08:49+00:00,17357198,67537950747,51406378311965378139042,0,55909270618798088,1.3138048811207506
2025-06-30 14:08:57+00:00,17357206,67537950760,51406378321965378139042,0,55909270629559748,1.3138048811180651
2025-06-30 14:10:30+00:00,17357299,67537950761,51406378321206513550918,0,55909270629559748,1.3138048811569123
2025-06-30 14:10:35+00:00,17357304,67537950762,51406378320447648962817,0,55909270629559748,1.3138048811957597
2025-06-30 14:10:40+00:00,17357309,67537950826,51406378369285678462865,0,55909270682540232,1.3138048811925764
2025-06-30 14:10:48+00:00,17357317,67537950827,51406378369285678462864,0,55909270682540232,1.3138048812120293
2025-06-30 14:11:45+00:00,17357374,67537950826,51406378370285678462864,0,55909270682540232,1.313804881167019
2025-06-30 14:11:53+00:00,17357382,67537950839,51406378380285678462864,0,55909270693301892,1.3138048811643337
2025-06-30 14:11:57+00:00,17357386,67537950838,51406378379489489840140,0,55909270692435962,1.3138048811652292
2025-06-30 14:13:27+00:00,17357476,67537950839,51406378378730625252043,0,55909270692435962,1.3138048812040766
2025-06-30 14:13:32+00:00,17357481,67537950840,51406378377971760663969,0,55909270692435962,1.313804881242924
2025-06-30 14:13:37+00:00,17357486,67537950904,51406378426809790164017,0,55909270745416446,1.3138048812397407
2025-06-30 14:13:41+00:00,17357490,67537950837,51406378375791578397068,0,55909270689929343,1.3138048812402847
2025-06-30 14:13:46+00:00,17357495,67537950838,51406378375791578397067,0,55909270689929343,1.3138048812597376
2025-06-30 14:14:43+00:00,17357552,67537950837,51406378376791578397067,0,55909270689929343,1.3138048812147276
2025-06-30 14:14:51+00:00,17357560,67537950850,51406378386791578397067,0,55909270700691003,1.3138048812120422
2025-06-30 14:14:55+00:00,17357564,67537950849,51406378385995389774347,0,55909270699825073,1.3138048812129377
2025-06-30 14:16:28+00:00,17357657,67537950850,51406378385236525186278,0,55909270699825073,1.313804881251785
2025-06-30 14:16:32+00:00,17357661,67537950851,51406378384477660598231,0,55909270699825073,1.3138048812906322
2025-06-30 14:16:38+00:00,17357667,67537950915,51406378433315690098279,0,55909270752805557,1.313804881287449
2025-06-30 14:16:46+00:00,17357675,67537950916,51406378433315690098278,0,55909270752805557,1.3138048813069019
2025-06-30 14:17:45+00:00,17357734,67537950915,51406378434315690098278,0,55909270752805557,1.3138048812618919
2025-06-30 14:17:54+00:00,17357743,67537950928,51406378444315690098278,0,55909270763567217,1.3138048812592062
2025-06-30 14:19:27+00:00,17357836,67537950929,51406378443556825510236,0,55909270763567217,1.3138048812980536
2025-06-30 14:19:32+00:00,17357841,67537950930,51406378442797960922216,0,55909270763567217,1.313804881336901
2025-06-30 14:19:37+00:00,17357846,67537950994,51406378491635990422264,0,55909270816547701,1.3138048813337178
2025-06-30 14:19:41+00:00,17357850,67537950927,51406378440617778655887,0,55909270761060598,1.313804881334262
2025-06-30 14:19:45+00:00,17357854,67537950928,51406378440617778655886,0,55909270761060598,1.3138048813537146
2025-06-30 14:20:40+00:00,17357909,67537950927,51406378441617778655886,0,55909270761060598,1.3138048813087047
2025-06-30 14:20:45+00:00,17357914,67537950926,51406378442617778655886,0,55909270761060598,1.3138048812636947
2025-06-30 14:20:53+00:00,17357922,67537950925,51406378441821590033161,0,55909270760194668,1.3138048812645902
2025-06-30 14:22:24+00:00,17358013,67537950926,51406378441062725445122,0,55909270760194668,1.3138048813034375
2025-06-30 14:22:29+00:00,17358018,67537950927,51406378440303860857105,0,55909270760194668,1.3138048813422847
2025-06-30 14:22:34+00:00,17358023,67537950991,51406378489141890357153,0,55909270813175152,1.3138048813391014
2025-06-30 14:22:43+00:00,17358032,67537950992,51406378489141890357152,0,55909270813175152,1.3138048813585543
2025-06-30 14:23:39+00:00,17358088,67537950991,51406378490141890357152,0,55909270813175152,1.3138048813135443
2025-06-30 14:23:47+00:00,17358096,67537951004,51406378500141890357152,0,55909270823936812,1.3138048813108587
2025-06-30 14:23:52+00:00,17358101,67537951003,51406378499345701734432,0,55909270823070882,1.3138048813117544
2025-06-30 14:25:23+00:00,17358192,67537951004,51406378498586837146420,0,55909270823070882,1.3138048813506016
2025-06-30 14:25:32+00:00,17358201,67537951068,51406378547424866646468,0,55909270876051366,1.3138048813474184
2025-06-30 14:25:36+00:00,17358205,67537951001,51406378496406654879021,0,55909270820564263,1.3138048813479626
2025-06-30 14:25:40+00:00,17358209,67537951002,51406378496406654879020,0,55909270820564263,1.3138048813674155
2025-06-30 14:26:35+00:00,17358264,67537951001,51406378497406654879020,0,55909270820564263,1.3138048813224052
2025-06-30 14:26:39+00:00,17358268,67537951000,51406378498406654879020,0,55909270820564263,1.3138048812773953
2025-06-30 14:26:44+00:00,17358273,67537951013,51406378508406654879020,0,55909270831325923,1.3138048812747098
2025-06-30 14:28:18+00:00,17358367,67537951014,51406378507647790290987,0,55909270831325923,1.3138048813135572
2025-06-30 14:28:27+00:00,17358376,67537951078,51406378556485819791035,0,55909270884306407,1.3138048813103738
2025-06-30 14:28:32+00:00,17358381,67537951011,51406378505467608022129,0,55909270828819304,1.313804881310918
2025-06-30 14:29:30+00:00,17358439,67537951010,51406378506467608022129,0,55909270828819304,1.313804881265908
2025-06-30 14:29:34+00:00,17358443,67537951009,51406378507467608022129,0,55909270828819304,1.313804881220898
2025-06-30 14:29:38+00:00,17358447,67537951022,51406378517467608022129,0,55909270839580964,1.3138048812182124
2025-06-30 14:29:42+00:00,17358451,67537951021,51406378516671419399363,0,55909270838715034,1.313804881219108
2025-06-30 14:31:13+00:00,17358542,67537951022,51406378515912554811298,0,55909270838715034,1.3138048812579552
2025-06-30 14:31:18+00:00,17358547,67537951023,51406378515153690223255,0,55909270838715034,1.3138048812968026
2025-06-30 14:31:23+00:00,17358552,67537951087,51406378563991719723303,0,55909270891695518,1.3138048812936194
2025-06-30 14:31:27+00:00,17358556,67537951020,51406378512973507953690,0,55909270836208415,1.3138048812941636
2025-06-30 14:31:32+00:00,17358561,67537951021,51406378512973507953689,0,55909270836208415,1.3138048813136165
2025-06-30 14:32:27+00:00,17358616,67537951020,51406378513973507953689,0,55909270836208415,1.3138048812686063
2025-06-30 14:32:35+00:00,17358624,67537951033,51406378523973507953689,0,55909270846970075,1.3138048812659209
2025-06-30 14:32:40+00:00,17358629,67537951032,51406378523177319330928,0,55909270846104145,1.3138048812668164
2025-06-30 14:34:08+00:00,17358717,67537951033,51406378522418454742890,0,55909270846104145,1.3138048813056638
2025-06-30 14:34:13+00:00,17358722,67537951034,51406378521659590154875,0,55909270846104145,1.3138048813445111
2025-06-30 14:34:18+00:00,17358727,67537951098,51406378570497619654923,0,55909270899084629,1.3138048813413277
2025-06-30 14:34:26+00:00,17358735,67537951099,51406378570497619654922,0,55909270899084629,1.3138048813607806
2025-06-30 14:35:23+00:00,17358792,67537951098,51406378571497619654922,0,55909270899084629,1.3138048813157706
2025-06-30 14:35:28+00:00,17358797,67537951097,51406378572497619654922,0,55909270899084629,1.3138048812707606
2025-06-30 14:35:36+00:00,17358805,67537951096,51406378571701431032151,0,55909270898218699,1.313804881271656
2025-06-30 14:37:05+00:00,17358894,67537951097,51406378570942566444116,0,55909270898218699,1.3138048813105032
2025-06-30 14:37:10+00:00,17358899,67537951098,51406378570183701856103,0,55909270898218699,1.3138048813493506
2025-06-30 14:37:16+00:00,17358905,67537951162,51406378619021731356151,0,55909270951199182,1.3138048813461674
2025-06-30 14:37:21+00:00,17358910,67537951095,51406378568003519586222,0,55909270895712079,1.3138048813467116
2025-06-30 14:38:19+00:00,17358968,67537951094,51406378569003519586222,0,55909270895712079,1.3138048813017016
2025-06-30 14:38:23+00:00,17358972,67537951093,51406378570003519586222,0,55909270895712079,1.3138048812566914
2025-06-30 14:38:28+00:00,17358977,67537951106,51406378580003519586222,0,55909270906473739,1.313804881254006
2025-06-30 14:40:01+00:00,17359070,67537951107,51406378579244654998177,0,55909270906473739,1.3138048812928533
2025-06-30 14:40:06+00:00,17359075,67537951108,51406378578485790410154,0,55909270906473739,1.3138048813317007
2025-06-30 14:40:11+00:00,17359080,67537951172,51406378627323819910202,0,55909270959454222,1.3138048813285172
2025-06-30 14:40:16+00:00,17359085,67537951105,51406378576305608139566,0,55909270903967119,1.3138048813290615
2025-06-30 14:41:16+00:00,17359145,67537951104,51406378577305608139566,0,55909270903967119,1.3138048812840515
2025-06-30 14:41:25+00:00,17359154,67537951117,51406378587305608139566,0,55909270914728779,1.313804881281366
2025-06-30 14:43:00+00:00,17359249,67537951118,51406378586546743551537,0,55909270914728779,1.3138048813202132
2025-06-30 14:43:09+00:00,17359258,67537951182,51406378635384773051585,0,55909270967709262,1.31380488131703
2025-06-30 14:43:14+00:00,17359263,67537951115,51406378584366561280482,0,55909270912222159,1.3138048813175742
2025-06-30 14:44:13+00:00,17359322,67537951114,51406378585366561280482,0,55909270912222159,1.3138048812725642
2025-06-30 14:44:22+00:00,17359331,67537951127,51406378595366561280482,0,55909270922983819,1.3138048812698788
2025-06-30 14:44:26+00:00,17359335,67537951126,51406378594570372657697,0,55909270922117889,1.3138048812707743
2025-06-30 14:45:56+00:00,17359425,67537951127,51406378593811508069661,0,55909270922117889,1.3138048813096215
2025-06-30 14:46:01+00:00,17359430,67537951128,51406378593052643481648,0,55909270922117889,1.3138048813484688
2025-06-30 14:46:06+00:00,17359435,67537951192,51406378641890672981696,0,55909270975098372,1.3138048813452856
2025-06-30 14:46:15+00:00,17359444,67537951193,51406378641890672981695,0,55909270975098372,1.3138048813647385
2025-06-30 14:47:12+00:00,17359501,67537951192,51406378642890672981695,0,55909270975098372,1.3138048813197283
2025-06-30 14:47:17+00:00,17359506,67537951191,51406378643890672981695,0,55909270975098372,1.3138048812747183
2025-06-30 14:47:25+00:00,17359514,67537951190,51406378643094484358901,0,55909270974232442,1.3138048812756138
2025-06-30 14:48:55+00:00,17359604,67537951191,51406378642335619770868,0,55909270974232442,1.3138048813144612
2025-06-30 14:49:04+00:00,17359613,67537951255,51406378691173649270916,0,55909271027212925,1.313804881311278
2025-06-30 14:49:08+00:00,17359617,67537951188,51406378640155437498744,0,55909270971725822,1.3138048813118222
2025-06-30 14:49:13+00:00,17359622,67537951189,51406378640155437498743,0,55909270971725822,1.3138048813312748
2025-06-30 14:50:08+00:00,17359677,67537951188,51406378641155437498743,0,55909270971725822,1.3138048812862648
2025-06-30 14:50:17+00:00,17359686,67537951201,51406378651155437498743,0,55909270982487482,1.3138048812835794
2025-06-30 14:51:49+00:00,17359778,67537951202,51406378650396572910715,0,55909270982487482,1.3138048813224268
2025-06-30 14:51:54+00:00,17359783,67537951203,51406378649637708322709,0,55909270982487482,1.313804881361274
2025-06-30 14:51:59+00:00,17359788,67537951267,51406378698475737822757,0,55909271035467965,1.3138048813580907
2025-06-30 14:52:04+00:00,17359793,67537951200,51406378647457526050871,0,55909270979980862,1.313804881358635
2025-06-30 14:53:05+00:00,17359854,67537951199,51406378648457526050871,0,55909270979980862,1.313804881313625
2025-06-30 14:53:13+00:00,17359862,67537951212,51406378658457526050871,0,55909270990742522,1.3138048813109395
2025-06-30 14:53:18+00:00,17359867,67537951211,51406378657661337428074,0,55909270989876592,1.313804881311835
2025-06-30 14:54:49+00:00,17359958,67537951212,51406378656902472840062,0,55909270989876592,1.3138048813506822
2025-06-30 14:54:54+00:00,17359963,67537951213,51406378656143608252073,0,55909270989876592,1.3138048813895296
2025-06-30 14:54:59+00:00,17359968,67537951277,51406378704981637752121,0,55909271042857075,1.3138048813863463
2025-06-30 14:55:04+00:00,17359973,67537951210,51406378653963425980520,0,55909270987369972,1.3138048813868906
2025-06-30 14:56:05+00:00,17360034,67537951209,51406378654963425980520,0,55909270987369972,1.3138048813418806
2025-06-30 14:56:09+00:00,17360038,67537951208,51406378655963425980520,0,55909270987369972,1.3138048812968703
2025-06-30 14:56:14+00:00,17360043,67537951221,51406378665963425980520,0,55909270998131632,1.313804881294185
2025-06-30 14:56:19+00:00,17360048,67537951220,51406378665167237357712,0,55909270997265702,1.3138048812950804
2025-06-30 14:57:50+00:00,17360139,67537951221,51406378664408372769691,0,55909270997265702,1.3138048813339278
2025-06-30 14:57:59+00:00,17360148,67537951285,51406378713246402269739,0,55909271050246185,1.3138048813307446
2025-06-30 14:58:04+00:00,17360153,67537951218,51406378662228190496679,0,55909270994759082,1.3138048813312888
2025-06-30 14:58:09+00:00,17360158,67537951219,51406378662228190496678,0,55909270994759082,1.3138048813507415
2025-06-30 14:59:04+00:00,17360213,67537951218,51406378663228190496678,0,55909270994759082,1.3138048813057315
2025-06-30 14:59:09+00:00,17360218,67537951217,51406378664228190496678,0,55909270994759082,1.3138048812607215
2025-06-30 14:59:13+00:00,17360222,67537951230,51406378674228190496678,0,55909271005520742,1.313804881258036
2025-06-30 14:59:18+00:00,17360227,67537951229,51406378673432001873847,0,55909271004654812,1.3138048812589316
2025-06-30 15:00:50+00:00,17360319,67537951230,51406378672673137285805,0,55909271004654812,1.3138048812977787
2025-06-30 15:00:54+00:00,17360323,67537951231,51406378671914272697785,0,55909271004654812,1.313804881336626
2025-06-30 15:01:00+00:00,17360329,67537951295,51406378720752302197833,0,55909271057635295,1.3138048813334429
2025-06-30 15:01:08+00:00,17360337,67537951296,51406378720752302197832,0,55909271057635295,1.3138048813528957
2025-06-30 15:02:04+00:00,17360393,67537951295,51406378721752302197832,0,55909271057635295,1.3138048813078855
2025-06-30 15:02:09+00:00,17360398,67537951294,51406378722752302197832,0,55909271057635295,1.3138048812628755
2025-06-30 15:02:18+00:00,17360407,67537951293,51406378721956113574992,0,55909271056769365,1.313804881263771
2025-06-30 15:03:49+00:00,17360498,67537951294,51406378721197248986952,0,55909271056769365,1.3138048813026184
2025-06-30 15:03:53+00:00,17360502,67537951295,51406378720438384398935,0,55909271056769365,1.3138048813414658
2025-06-30 15:03:59+00:00,17360508,67537951359,51406378769276413898983,0,55909271109749848,1.3138048813382823
2025-06-30 15:04:07+00:00,17360516,67537951360,51406378769276413898982,0,55909271109749848,1.3138048813577352
2025-06-30 15:05:04+00:00,17360573,67537951359,51406378770276413898982,0,55909271109749848,1.3138048813127252
2025-06-30 15:05:12+00:00,17360581,67537951372,51406378780276413898982,0,55909271120511508,1.3138048813100398
2025-06-30 15:05:17+00:00,17360586,67537951371,51406378779480225276146,0,55909271119645578,1.3138048813109353
2025-06-30 15:06:46+00:00,17360675,67537951372,51406378778721360688134,0,55909271119645578,1.3138048813497827
2025-06-30 15:06:55+00:00,17360684,67537951436,51406378827559390188182,0,55909271172626061,1.3138048813465992
2025-06-30 15:07:00+00:00,17360689,67537951369,51406378776541178413346,0,55909271117138958,1.3138048813471435
2025-06-30 15:08:00+00:00,17360749,67537951368,51406378777541178413346,0,55909271117138958,1.3138048813021335
2025-06-30 15:08:05+00:00,17360754,67537951367,51406378778541178413346,0,55909271117138958,1.3138048812571235
2025-06-30 15:08:09+00:00,17360758,67537951380,51406378788541178413346,0,55909271127900618,1.3138048812544378
2025-06-30 15:08:14+00:00,17360763,67537951379,51406378787744989790488,0,55909271127034688,1.3138048812553336
2025-06-30 15:09:43+00:00,17360852,67537951380,51406378786986125202444,0,55909271127034688,1.3138048812941807
2025-06-30 15:09:48+00:00,17360857,67537951381,51406378786227260614422,0,55909271127034688,1.313804881333028
2025-06-30 15:09:52+00:00,17360861,67537951445,51406378835065290114470,0,55909271180015171,1.3138048813298449
2025-06-30 15:09:57+00:00,17360866,67537951378,51406378784047078338927,0,55909271124528068,1.313804881330389
2025-06-30 15:10:58+00:00,17360927,67537951377,51406378785047078338927,0,55909271124528068,1.3138048812853789
2025-06-30 15:11:03+00:00,17360932,67537951376,51406378786047078338927,0,55909271124528068,1.3138048812403689
2025-06-30 15:11:07+00:00,17360936,67537951389,51406378796047078338927,0,55909271135289728,1.3138048812376835
2025-06-30 15:11:12+00:00,17360941,67537951388,51406378795250889716058,0,55909271134423798,1.313804881238579
2025-06-30 15:12:43+00:00,17361032,67537951389,51406378794492025128004,0,55909271134423798,1.3138048812774263
2025-06-30 15:12:52+00:00,17361041,67537951453,51406378843330054628052,0,55909271187404281,1.313804881274243
2025-06-30 15:13:00+00:00,17361049,67537951454,51406378843330054628051,0,55909271187404281,1.3138048812936958
2025-06-30 15:13:57+00:00,17361106,67537951453,51406378844330054628051,0,55909271187404281,1.3138048812486858
2025-06-30 15:14:05+00:00,17361114,67537951466,51406378854330054628051,0,55909271198165941,1.3138048812460004
2025-06-30 15:14:10+00:00,17361119,67537951465,51406378853533866005174,0,55909271197300011,1.3138048812468959
2025-06-30 15:15:41+00:00,17361210,67537951466,51406378852775001417125,0,55909271197300011,1.3138048812857432
2025-06-30 15:15:46+00:00,17361215,67537951467,51406378852016136829098,0,55909271197300011,1.3138048813245906
2025-06-30 15:15:51+00:00,17361220,67537951531,51406378900854166329146,0,55909271250280494,1.3138048813214072
2025-06-30 15:15:55+00:00,17361224,67537951464,51406378849835954552430,0,55909271194793391,1.3138048813219514
2025-06-30 15:16:00+00:00,17361229,67537951465,51406378849835954552429,0,55909271194793391,1.3138048813414043
2025-06-30 15:16:56+00:00,17361285,67537951464,51406378850835954552429,0,55909271194793391,1.3138048812963943
2025-06-30 15:17:04+00:00,17361293,67537951477,51406378860835954552429,0,55909271205555051,1.3138048812937086
2025-06-30 15:18:40+00:00,17361389,67537951478,51406378860077089964407,0,55909271205555051,1.313804881332556
2025-06-30 15:18:49+00:00,17361398,67537951542,51406378908915119464455,0,55909271258535534,1.3138048813293728
2025-06-30 15:18:58+00:00,17361407,67537951543,51406378908915119464454,0,55909271258535534,1.3138048813488257
2025-06-30 15:19:53+00:00,17361462,67537951542,51406378909915119464454,0,55909271258535534,1.3138048813038155
2025-06-30 15:19:57+00:00,17361466,67537951541,51406378910915119464454,0,55909271258535534,1.3138048812588055
2025-06-30 15:20:01+00:00,17361470,67537951554,51406378920915119464454,0,55909271269297194,1.31380488125612
2025-06-30 15:20:06+00:00,17361475,67537951553,51406378920118930841559,0,55909271268431264,1.3138048812570156
2025-06-30 15:21:37+00:00,17361566,67537951554,51406378919360066253516,0,55909271268431264,1.313804881295863
2025-06-30 15:21:46+00:00,17361575,67537951618,51406378968198095753564,0,55909271321411747,1.3138048812926797
2025-06-30 15:21:54+00:00,17361583,67537951619,51406378968198095753563,0,55909271321411747,1.3138048813121324
2025-06-30 15:22:49+00:00,17361638,67537951618,51406378969198095753563,0,55909271321411747,1.3138048812671224
2025-06-30 15:22:57+00:00,17361646,67537951631,51406378979198095753563,0,55909271332173407,1.313804881264437
2025-06-30 15:23:02+00:00,17361651,67537951630,51406378978401907130661,0,55909271331307477,1.3138048812653325
2025-06-30 15:24:32+00:00,17361741,67537951631,51406378977643042542622,0,55909271331307477,1.3138048813041798
2025-06-30 15:24:36+00:00,17361745,67537951632,51406378976884177954606,0,55909271331307477,1.3138048813430272
2025-06-30 15:24:42+00:00,17361751,67537951696,51406379025722207454654,0,55909271384287960,1.3138048813398437
2025-06-30 15:24:46+00:00,17361755,67537951629,51406378974703995676297,0,55909271328800857,1.313804881340388
2025-06-30 15:25:47+00:00,17361816,67537951628,51406378975703995676297,0,55909271328800857,1.313804881295378
2025-06-30 15:25:51+00:00,17361820,67537951627,51406378976703995676297,0,55909271328800857,1.3138048812503678
2025-06-30 15:25:55+00:00,17361824,67537951640,51406378986703995676297,0,55909271339562517,1.3138048812476824
2025-06-30 15:25:59+00:00,17361828,67537951639,51406378985907807053384,0,55909271338696587,1.3138048812485779
2025-06-30 15:27:30+00:00,17361919,67537951640,51406378985148942465336,0,55909271338696587,1.3138048812874252
2025-06-30 15:27:39+00:00,17361928,67537951704,51406379033986971965384,0,55909271391677070,1.313804881284242
2025-06-30 15:27:43+00:00,17361932,67537951637,51406378982968760185567,0,55909271336189967,1.3138048812847862
2025-06-30 15:27:48+00:00,17361937,67537951638,51406378982968760185566,0,55909271336189967,1.3138048813042391
2025-06-30 15:28:44+00:00,17361993,67537951637,51406378983968760185566,0,55909271336189967,1.313804881259229
2025-06-30 15:28:52+00:00,17362001,67537951650,51406378993968760185566,0,55909271346951627,1.3138048812565435
2025-06-30 15:28:57+00:00,17362006,67537951649,51406378993172571562645,0,55909271346085697,1.313804881257439
2025-06-30 15:30:28+00:00,17362097,67537951650,51406378992413706974602,0,55909271346085697,1.3138048812962864
2025-06-30 15:30:33+00:00,17362102,67537951651,51406378991654842386581,0,55909271346085697,1.3138048813351337
2025-06-30 15:30:39+00:00,17362108,67537951715,51406379040492871886629,0,55909271399066180,1.3138048813319505
2025-06-30 15:30:48+00:00,17362117,67537951716,51406379040492871886628,0,55909271399066180,1.3138048813514032
2025-06-30 15:31:45+00:00,17362174,67537951715,51406379041492871886628,0,55909271399066180,1.3138048813063932
2025-06-30 15:31:50+00:00,17362179,67537951714,51406379042492871886628,0,55909271399066180,1.3138048812613832
2025-06-30 15:31:58+00:00,17362187,67537951713,51406379041696683263698,0,55909271398200250,1.3138048812622787
2025-06-30 15:33:31+00:00,17362280,67537951714,51406379040937818675658,0,55909271398200250,1.313804881301126
2025-06-30 15:33:36+00:00,17362285,67537951715,51406379040178954087640,0,55909271398200250,1.3138048813399732
2025-06-30 15:33:41+00:00,17362290,67537951779,51406379089016983587688,0,55909271451180733,1.31380488133679
2025-06-30 15:33:49+00:00,17362298,67537951780,51406379089016983587687,0,55909271451180733,1.3138048813562428
2025-06-30 15:34:48+00:00,17362357,67537951779,51406379090016983587687,0,55909271451180733,1.3138048813112329
2025-06-30 15:34:53+00:00,17362362,67537951778,51406379091016983587687,0,55909271451180733,1.3138048812662226
2025-06-30 15:35:02+00:00,17362371,67537951777,51406379090220794964748,0,55909271450314803,1.3138048812671181
2025-06-30 15:36:33+00:00,17362462,67537951778,51406379089461930376710,0,55909271450314803,1.3138048813059655
2025-06-30 15:36:37+00:00,17362466,67537951779,51406379088703065788695,0,55909271450314803,1.3138048813448129
2025-06-30 15:36:43+00:00,17362472,67537951843,51406379137541095288743,0,55909271503295286,1.3138048813416296
2025-06-30 15:36:51+00:00,17362480,67537951844,51406379137541095288742,0,55909271503295286,1.3138048813610823
2025-06-30 15:37:50+00:00,17362539,67537951843,51406379138541095288742,0,55909271503295286,1.3138048813160723
2025-06-30 15:37:58+00:00,17362547,67537951856,51406379148541095288742,0,55909271514056946,1.313804881313387
2025-06-30 15:39:34+00:00,17362643,67537951857,51406379147782230700731,0,55909271514056946,1.3138048813522343
2025-06-30 15:39:39+00:00,17362648,67537951858,51406379147023366112743,0,55909271514056946,1.3138048813910814
2025-06-30 15:39:44+00:00,17362653,67537951922,51406379195861395612791,0,55909271567037429,1.3138048813878982
2025-06-30 15:39:48+00:00,17362657,67537951855,51406379144843183832341,0,55909271511550326,1.3138048813884424
2025-06-30 15:39:53+00:00,17362662,67537951856,51406379144843183832340,0,55909271511550326,1.3138048814078953
2025-06-30 15:40:50+00:00,17362719,67537951855,51406379145843183832340,0,55909271511550326,1.313804881362885
2025-06-30 15:40:55+00:00,17362724,67537951854,51406379146843183832340,0,55909271511550326,1.313804881317875
2025-06-30 15:40:59+00:00,17362728,67537951867,51406379156843183832340,0,55909271522311986,1.3138048813151897
2025-06-30 15:41:04+00:00,17362733,67537951866,51406379156046995209394,0,55909271521446056,1.3138048813160852
2025-06-30 15:42:44+00:00,17362833,67537951867,51406379155288130621385,0,55909271521446056,1.3138048813549326
2025-06-30 15:42:49+00:00,17362838,67537951868,51406379154529266033398,0,55909271521446056,1.31380488139378
2025-06-30 15:42:54+00:00,17362843,67537951932,51406379203367295533446,0,55909271574426539,1.3138048813905965
2025-06-30 15:42:59+00:00,17362848,67537951865,51406379152349083752290,0,55909271518939436,1.3138048813911407
2025-06-30 15:43:03+00:00,17362852,67537951866,51406379152349083752289,0,55909271518939436,1.3138048814105936
2025-06-30 15:44:01+00:00,17362910,67537951865,51406379153349083752289,0,55909271518939436,1.3138048813655836
2025-06-30 15:44:10+00:00,17362919,67537951878,51406379163349083752289,0,55909271529701096,1.3138048813628982
2025-06-30 15:44:14+00:00,17362923,67537951877,51406379162552895129348,0,55909271528835166,1.3138048813637937
2025-06-30 15:45:45+00:00,17363014,67537951878,51406379161794030541366,0,55909271528835166,1.313804881402641
2025-06-30 15:45:50+00:00,17363019,67537951879,51406379161035165953407,0,55909271528835166,1.3138048814414882
2025-06-30 15:45:55+00:00,17363024,67537951943,51406379209873195453455,0,55909271581815649,1.313804881438305
2025-06-30 15:46:03+00:00,17363032,67537951944,51406379209873195453454,0,55909271581815649,1.3138048814577579
2025-06-30 15:46:59+00:00,17363088,67537951943,51406379210873195453454,0,55909271581815649,1.3138048814127476
2025-06-30 15:47:08+00:00,17363097,67537951956,51406379220873195453454,0,55909271592577309,1.3138048814100622
2025-06-30 15:48:41+00:00,17363190,67537951957,51406379220114330865499,0,55909271592577309,1.3138048814489096
2025-06-30 15:48:50+00:00,17363199,67537952021,51406379268952360365547,0,55909271645557792,1.3138048814457264
2025-06-30 15:48:58+00:00,17363207,67537952022,51406379268952360365546,0,55909271645557792,1.3138048814651793
2025-06-30 15:49:55+00:00,17363264,67537952021,51406379269952360365546,0,55909271645557792,1.313804881420169
2025-06-30 15:50:04+00:00,17363273,67537952034,51406379279952360365546,0,55909271656319452,1.3138048814174836
2025-06-30 15:51:40+00:00,17363369,67537952035,51406379279193495777595,0,55909271656319452,1.313804881456331
2025-06-30 15:51:49+00:00,17363378,67537952099,51406379328031525277643,0,55909271709299935,1.3138048814531478
2025-06-30 15:51:57+00:00,17363386,67537952100,51406379328031525277642,0,55909271709299935,1.3138048814726004
2025-06-30 15:52:54+00:00,17363443,67537952099,51406379329031525277642,0,55909271709299935,1.3138048814275904
2025-06-30 15:53:03+00:00,17363452,67537952112,51406379339031525277642,0,55909271720061595,1.313804881424905
2025-06-30 15:54:36+00:00,17363545,67537952113,51406379338272660689695,0,55909271720061595,1.3138048814637524
2025-06-30 15:54:44+00:00,17363553,67537952177,51406379387110690189743,0,55909271773042078,1.313804881460569
2025-06-30 15:54:48+00:00,17363557,67537952110,51406379336092478407471,0,55909271717554975,1.3138048814611132
2025-06-30 15:54:52+00:00,17363561,67537952111,51406379336092478407470,0,55909271717554975,1.313804881480566
2025-06-30 15:55:49+00:00,17363618,67537952110,51406379337092478407470,0,55909271717554975,1.313804881435556
2025-06-30 15:55:57+00:00,17363626,67537952123,51406379347092478407470,0,55909271728316635,1.3138048814328707
2025-06-30 15:56:02+00:00,17363631,67537952122,51406379346296289784511,0,55909271727450705,1.3138048814337662
2025-06-30 15:57:32+00:00,17363721,67537952123,51406379345537425196570,0,55909271727450705,1.3138048814726135
2025-06-30 15:57:41+00:00,17363730,67537952187,51406379394375454696618,0,55909271780431188,1.31380488146943
2025-06-30 15:57:45+00:00,17363734,67537952120,51406379343357242913879,0,55909271724944085,1.3138048814699743
2025-06-30 15:57:50+00:00,17363739,67537952121,51406379343357242913878,0,55909271724944085,1.3138048814894272
2025-06-30 15:58:45+00:00,17363794,67537952120,51406379344357242913878,0,55909271724944085,1.3138048814444172
2025-06-30 15:58:49+00:00,17363798,67537952119,51406379345357242913878,0,55909271724944085,1.313804881399407
2025-06-30 15:58:54+00:00,17363803,67537952132,51406379355357242913878,0,55909271735705745,1.3138048813967216
2025-06-30 16:00:29+00:00,17363898,67537952133,51406379354598378325915,0,55909271735705745,1.313804881435569
2025-06-30 16:00:38+00:00,17363907,67537952197,51406379403436407825963,0,55909271788686228,1.3138048814323857
2025-06-30 16:00:43+00:00,17363912,67537952130,51406379352418196041764,0,55909271733199125,1.3138048814329297
2025-06-30 16:01:43+00:00,17363972,67537952129,51406379353418196041764,0,55909271733199125,1.3138048813879197
2025-06-30 16:01:48+00:00,17363977,67537952128,51406379354418196041764,0,55909271733199125,1.3138048813429097
2025-06-30 16:01:56+00:00,17363985,67537952127,51406379353622007418761,0,55909271732333195,1.3138048813438052
2025-06-30 16:03:27+00:00,17364076,67537952128,51406379352863142830768,0,55909271732333195,1.3138048813826526
2025-06-30 16:03:36+00:00,17364085,67537952192,51406379401701172330816,0,55909271785313678,1.3138048813794692
2025-06-30 16:03:42+00:00,17364091,67537952125,51406379350682960545262,0,55909271729826575,1.3138048813800134
2025-06-30 16:04:41+00:00,17364150,67537952124,51406379351682960545262,0,55909271729826575,1.3138048813350034
2025-06-30 16:04:49+00:00,17364158,67537952137,51406379361682960545262,0,55909271740588235,1.313804881332318
2025-06-30 16:06:24+00:00,17364253,67537952138,51406379360924095957262,0,55909271740588235,1.3138048813711654
2025-06-30 16:06:33+00:00,17364262,67537952202,51406379409762125457310,0,55909271793568718,1.313804881367982
2025-06-30 16:06:41+00:00,17364270,67537952203,51406379409762125457309,0,55909271793568718,1.3138048813874348
2025-06-30 16:07:37+00:00,17364326,67537952202,51406379410762125457309,0,55909271793568718,1.3138048813424248
2025-06-30 16:07:42+00:00,17364331,67537952201,51406379411762125457309,0,55909271793568718,1.3138048812974146
2025-06-30 16:07:50+00:00,17364339,67537952200,51406379410965936834278,0,55909271792702788,1.3138048812983103
2025-06-30 16:09:19+00:00,17364428,67537952201,51406379410207072246258,0,55909271792702788,1.3138048813371574
2025-06-30 16:09:24+00:00,17364433,67537952202,51406379409448207658261,0,55909271792702788,1.3138048813760048
2025-06-30 16:09:29+00:00,17364438,67537952266,51406379458286237158309,0,55909271845683271,1.3138048813728216
2025-06-30 16:09:33+00:00,17364442,67537952199,51406379407268025371685,0,55909271790196168,1.3138048813733658
2025-06-30 16:09:38+00:00,17364447,67537952200,51406379407268025371684,0,55909271790196168,1.3138048813928185
2025-06-30 16:10:33+00:00,17364502,67537952199,51406379408268025371684,0,55909271790196168,1.3138048813478085
2025-06-30 16:10:41+00:00,17364510,67537952212,51406379418268025371684,0,55909271800957828,1.313804881345123
2025-06-30 16:12:14+00:00,17364603,67537952213,51406379417509160783691,0,55909271800957828,1.3138048813839704
2025-06-30 16:12:24+00:00,17364613,67537952277,51406379466347190283739,0,55909271853938311,1.313804881380787
2025-06-30 16:12:32+00:00,17364621,67537952278,51406379466347190283738,0,55909271853938311,1.3138048814002399
2025-06-30 16:13:27+00:00,17364676,67537952277,51406379467347190283738,0,55909271853938311,1.3138048813552299
2025-06-30 16:13:32+00:00,17364681,67537952276,51406379468347190283738,0,55909271853938311,1.3138048813102199
2025-06-30 16:13:40+00:00,17364689,67537952275,51406379467551001660690,0,55909271853072381,1.3138048813111154
2025-06-30 16:15:09+00:00,17364778,67537952276,51406379466792137072678,0,55909271853072381,1.3138048813499628
2025-06-30 16:15:18+00:00,17364787,67537952340,51406379515630166572726,0,55909271906052864,1.3138048813467793
2025-06-30 16:15:22+00:00,17364791,67537952273,51406379464611954784280,0,55909271850565761,1.3138048813473235
2025-06-30 16:15:27+00:00,17364796,67537952274,51406379464611954784279,0,55909271850565761,1.3138048813667764
2025-06-30 16:16:22+00:00,17364851,67537952273,51406379465611954784279,0,55909271850565761,1.3138048813217664
2025-06-30 16:16:27+00:00,17364856,67537952272,51406379466611954784279,0,55909271850565761,1.3138048812767562
2025-06-30 16:16:36+00:00,17364865,67537952271,51406379465815766161210,0,55909271849699831,1.3138048812776517
2025-06-30 16:18:06+00:00,17364955,67537952272,51406379465056901573178,0,55909271849699831,1.313804881316499
2025-06-30 16:18:11+00:00,17364960,67537952273,51406379464298036985169,0,55909271849699831,1.3138048813553465
2025-06-30 16:18:16+00:00,17364965,67537952337,51406379513136066485217,0,55909271902680314,1.3138048813521632
2025-06-30 16:18:25+00:00,17364974,67537952338,51406379513136066485216,0,55909271902680314,1.3138048813716159
2025-06-30 16:19:21+00:00,17365030,67537952337,51406379514136066485216,0,55909271902680314,1.3138048813266059
2025-06-30 16:19:26+00:00,17365035,67537952336,51406379515136066485216,0,55909271902680314,1.313804881281596
2025-06-30 16:19:34+00:00,17365043,67537952335,51406379514339877862138,0,55909271901814384,1.3138048812824914
2025-06-30 16:21:04+00:00,17365133,67537952336,51406379513581013274109,0,55909271901814384,1.3138048813213388
2025-06-30 16:21:09+00:00,17365138,67537952337,51406379512822148686103,0,55909271901814384,1.313804881360186
2025-06-30 16:21:14+00:00,17365143,67537952401,51406379561660178186151,0,55909271954794867,1.3138048813570027
2025-06-30 16:21:19+00:00,17365148,67537952334,51406379510641966396500,0,55909271899307764,1.313804881357547
2025-06-30 16:22:20+00:00,17365209,67537952333,51406379511641966396500,0,55909271899307764,1.313804881312537
2025-06-30 16:22:24+00:00,17365213,67537952332,51406379512641966396500,0,55909271899307764,1.3138048812675267
2025-06-30 16:22:29+00:00,17365218,67537952345,51406379522641966396500,0,55909271910069424,1.3138048812648413
2025-06-30 16:24:01+00:00,17365310,67537952346,51406379521883101808461,0,55909271910069424,1.3138048813036887
2025-06-30 16:24:10+00:00,17365319,67537952410,51406379570721131308509,0,55909271963049907,1.3138048813005054
2025-06-30 16:24:14+00:00,17365323,67537952343,51406379519702919517399,0,55909271907562804,1.3138048813010497
2025-06-30 16:24:19+00:00,17365328,67537952344,51406379519702919517398,0,55909271907562804,1.3138048813205023
2025-06-30 16:25:15+00:00,17365384,67537952343,51406379520702919517398,0,55909271907562804,1.3138048812754923
2025-06-30 16:25:24+00:00,17365393,67537952356,51406379530702919517398,0,55909271918324464,1.313804881272807
2025-06-30 16:26:55+00:00,17365484,67537952357,51406379529944054929364,0,55909271918324464,1.3138048813116543
2025-06-30 16:26:59+00:00,17365488,67537952358,51406379529185190341352,0,55909271918324464,1.3138048813505014
2025-06-30 16:27:05+00:00,17365494,67537952422,51406379578023219841400,0,55909271971304947,1.3138048813473182
2025-06-30 16:27:13+00:00,17365502,67537952423,51406379578023219841399,0,55909271971304947,1.313804881366771
2025-06-30 16:28:08+00:00,17365557,67537952422,51406379579023219841399,0,55909271971304947,1.313804881321761
2025-06-30 16:28:13+00:00,17365562,67537952421,51406379580023219841399,0,55909271971304947,1.3138048812767509
2025-06-30 16:28:22+00:00,17365571,67537952420,51406379579227031218293,0,55909271970439017,1.3138048812776464
2025-06-30 16:29:49+00:00,17365658,67537952421,51406379578468166630261,0,55909271970439017,1.3138048813164938
2025-06-30 16:29:53+00:00,17365662,67537952422,51406379577709302042252,0,55909271970439017,1.3138048813553411
2025-06-30 16:29:58+00:00,17365667,67537952486,51406379626547331542300,0,55909272023419500,1.313804881352158
2025-06-30 16:30:03+00:00,17365672,67537952419,51406379575529119750873,0,55909271967932397,1.3138048813527021
2025-06-30 16:31:03+00:00,17365732,67537952418,51406379576529119750873,0,55909271967932397,1.313804881307692
2025-06-30 16:31:12+00:00,17365741,67537952431,51406379586529119750873,0,55909271978694057,1.3138048813050065
2025-06-30 16:32:46+00:00,17365835,67537952432,51406379585770255162857,0,55909271978694057,1.3138048813438539
2025-06-30 16:32:55+00:00,17365844,67537952496,51406379634608284662905,0,55909272031674540,1.3138048813406706
2025-06-30 16:33:03+00:00,17365852,67537952497,51406379634608284662904,0,55909272031674540,1.3138048813601233
2025-06-30 16:33:59+00:00,17365908,67537952496,51406379635608284662904,0,55909272031674540,1.3138048813151133
2025-06-30 16:34:07+00:00,17365916,67537952509,51406379645608284662904,0,55909272042436200,1.313804881312428
2025-06-30 16:35:38+00:00,17366007,67537952510,51406379644849420074893,0,55909272042436200,1.3138048813512753
2025-06-30 16:35:42+00:00,17366011,67537952511,51406379644090555486904,0,55909272042436200,1.3138048813901224
2025-06-30 16:35:48+00:00,17366017,67537952575,51406379692928584986952,0,55909272095416683,1.3138048813869392
2025-06-30 16:35:56+00:00,17366025,67537952576,51406379692928584986951,0,55909272095416683,1.313804881406392
2025-06-30 16:36:51+00:00,17366080,67537952575,51406379693928584986951,0,55909272095416683,1.313804881361382
2025-06-30 16:36:55+00:00,17366084,67537952574,51406379694928584986951,0,55909272095416683,1.3138048813163719
2025-06-30 16:37:00+00:00,17366089,67537952587,51406379704928584986951,0,55909272106178343,1.3138048813136864
2025-06-30 16:38:33+00:00,17366182,67537952588,51406379704169720398940,0,55909272106178343,1.3138048813525338
2025-06-30 16:38:37+00:00,17366186,67537952589,51406379703410855810952,0,55909272106178343,1.3138048813913812
2025-06-30 16:38:43+00:00,17366192,67537952653,51406379752248885311000,0,55909272159158826,1.3138048813881977
2025-06-30 16:38:51+00:00,17366200,67537952654,51406379752248885310999,0,55909272159158826,1.3138048814076506
2025-06-30 16:39:46+00:00,17366255,67537952653,51406379753248885310999,0,55909272159158826,1.3138048813626406
2025-06-30 16:39:54+00:00,17366263,67537952666,51406379763248885310999,0,55909272169920486,1.3138048813599552
2025-06-30 16:41:28+00:00,17366357,67537952667,51406379762490020723015,0,55909272169920486,1.3138048813988024
2025-06-30 16:41:32+00:00,17366361,67537952668,51406379761731156135053,0,55909272169920486,1.3138048814376497
2025-06-30 16:41:38+00:00,17366367,67537952732,51406379810569185635101,0,55909272222900969,1.3138048814344665
2025-06-30 16:41:46+00:00,17366375,67537952733,51406379810569185635100,0,55909272222900969,1.3138048814539194
2025-06-30 16:42:40+00:00,17366429,67537952732,51406379811569185635100,0,55909272222900969,1.3138048814089092
2025-06-30 16:42:45+00:00,17366434,67537952731,51406379812569185635100,0,55909272222900969,1.3138048813638992
2025-06-30 16:42:53+00:00,17366442,67537952730,51406379811772997011975,0,55909272222035039,1.3138048813647947
2025-06-30 16:44:24+00:00,17366533,67537952731,51406379811014132423994,0,55909272222035039,1.313804881403642
2025-06-30 16:44:33+00:00,17366542,67537952795,51406379859852161924042,0,55909272275015522,1.3138048814004588
2025-06-30 16:44:38+00:00,17366547,67537952728,51406379808833950130658,0,55909272219528419,1.313804881401003
2025-06-30 16:45:38+00:00,17366607,67537952727,51406379809833950130658,0,55909272219528419,1.3138048813559928
2025-06-30 16:45:42+00:00,17366611,67537952726,51406379810833950130658,0,55909272219528419,1.3138048813109828
2025-06-30 16:45:47+00:00,17366616,67537952739,51406379820833950130658,0,55909272230290079,1.3138048813082974
2025-06-30 16:47:21+00:00,17366710,67537952740,51406379820075085542644,0,55909272230290079,1.3138048813471446
2025-06-30 16:47:31+00:00,17366720,67537952804,51406379868913115042692,0,55909272283270562,1.3138048813439613
2025-06-30 16:47:39+00:00,17366728,67537952805,51406379868913115042691,0,55909272283270562,1.3138048813634142
2025-06-30 16:48:36+00:00,17366785,67537952804,51406379869913115042691,0,55909272283270562,1.3138048813184042
2025-06-30 16:48:45+00:00,17366794,67537952817,51406379879913115042691,0,55909272294032222,1.3138048813157186
2025-06-30 16:50:18+00:00,17366887,67537952818,51406379879154250454681,0,55909272294032222,1.313804881354566
2025-06-30 16:50:22+00:00,17366891,67537952819,51406379878395385866694,0,55909272294032222,1.3138048813934133
2025-06-30 16:50:27+00:00,17366896,67537952883,51406379927233415366742,0,55909272347012705,1.31380488139023
2025-06-30 16:50:31+00:00,17366900,67537952816,51406379876215203572184,0,55909272291525602,1.3138048813907743
2025-06-30 16:50:36+00:00,17366905,67537952817,51406379876215203572183,0,55909272291525602,1.313804881410227
2025-06-30 16:51:31+00:00,17366960,67537952816,51406379877215203572183,0,55909272291525602,1.313804881365217
2025-06-30 16:51:35+00:00,17366964,67537952815,51406379878215203572183,0,55909272291525602,1.313804881320207
2025-06-30 16:51:39+00:00,17366968,67537952828,51406379888215203572183,0,55909272302287262,1.3138048813175216
2025-06-30 16:51:44+00:00,17366973,67537952827,51406379887419014949017,0,55909272301421332,1.313804881318417
2025-06-30 16:53:14+00:00,17367063,67537952828,51406379886660150361009,0,55909272301421332,1.3138048813572645
2025-06-30 16:53:23+00:00,17367072,67537952892,51406379935498179861057,0,55909272354401815,1.313804881354081
2025-06-30 16:53:27+00:00,17367076,67537952825,51406379884479968065040,0,55909272298914712,1.3138048813546253
2025-06-30 16:53:31+00:00,17367080,67537952826,51406379884479968065039,0,55909272298914712,1.3138048813740781
2025-06-30 16:54:26+00:00,17367135,67537952825,51406379885479968065039,0,55909272298914712,1.3138048813290681
2025-06-30 16:54:34+00:00,17367143,67537952838,51406379895479968065039,0,55909272309676372,1.3138048813263825
2025-06-30 16:54:38+00:00,17367147,67537952837,51406379894683779441866,0,55909272308810442,1.3138048813272782
2025-06-30 16:56:07+00:00,17367236,67537952838,51406379893924914853863,0,55909272308810442,1.3138048813661254
2025-06-30 16:56:12+00:00,17367241,67537952839,51406379893166050265883,0,55909272308810442,1.3138048814049728
2025-06-30 16:56:17+00:00,17367246,67537952903,51406379942004079765931,0,55909272361790925,1.3138048814017895
2025-06-30 16:56:25+00:00,17367254,67537952904,51406379942004079765930,0,55909272361790925,1.3138048814212424
2025-06-30 16:57:21+00:00,17367310,67537952903,51406379943004079765930,0,55909272361790925,1.3138048813762322
2025-06-30 16:57:29+00:00,17367318,67537952916,51406379953004079765930,0,55909272372552585,1.3138048813735468
2025-06-30 16:57:34+00:00,17367323,67537952915,51406379952207891142761,0,55909272371686655,1.3138048813744423
2025-06-30 16:59:02+00:00,17367411,67537952916,51406379951449026554785,0,55909272371686655,1.3138048814132897
2025-06-30 16:59:07+00:00,17367416,67537952917,51406379950690161966832,0,55909272371686655,1.313804881452137
2025-06-30 16:59:12+00:00,17367421,67537952981,51406379999528191466880,0,55909272424667138,1.3138048814489538
2025-06-30 16:59:16+00:00,17367425,67537952914,51406379948509979671434,0,55909272369180035,1.3138048814494978
2025-06-30 16:59:21+00:00,17367430,67537952915,51406379948509979671433,0,55909272369180035,1.3138048814689507
2025-06-30 17:00:17+00:00,17367486,67537952914,51406379949509979671433,0,55909272369180035,1.3138048814239407
2025-06-30 17:00:22+00:00,17367491,67537952913,51406379950509979671433,0,55909272369180035,1.3138048813789307
2025-06-30 17:00:30+00:00,17367499,67537952912,51406379949713791048255,0,55909272368314105,1.3138048813798262
2025-06-30 17:02:00+00:00,17367589,67537952913,51406379948954926460282,0,55909272368314105,1.3138048814186734
2025-06-30 17:02:09+00:00,17367598,67537952977,51406379997792955960330,0,55909272421294588,1.3138048814154901
2025-06-30 17:02:14+00:00,17367603,67537952910,51406379946774744163529,0,55909272365807485,1.3138048814160344
2025-06-30 17:03:13+00:00,17367662,67537952909,51406379947774744163529,0,55909272365807485,1.3138048813710244
2025-06-30 17:03:22+00:00,17367671,67537952922,51406379957774744163529,0,55909272376569145,1.313804881368339
2025-06-30 17:04:56+00:00,17367765,67537952923,51406379957015879575550,0,55909272376569145,1.313804881407186
2025-06-30 17:05:01+00:00,17367770,67537952924,51406379956257014987593,0,55909272376569145,1.3138048814460335
2025-06-30 17:05:06+00:00,17367775,67537952988,51406380005095044487641,0,55909272429549628,1.3138048814428502
2025-06-30 17:05:11+00:00,17367780,67537952921,51406379954076832691126,0,55909272374062525,1.3138048814433945
2025-06-30 17:06:10+00:00,17367839,67537952920,51406379955076832691126,0,55909272374062525,1.3138048813983842
2025-06-30 17:06:14+00:00,17367843,67537952919,51406379956076832691126,0,55909272374062525,1.3138048813533743
2025-06-30 17:06:19+00:00,17367848,67537952932,51406379966076832691126,0,55909272384824185,1.3138048813506888
2025-06-30 17:07:52+00:00,17367941,67537952933,51406379965317968103137,0,55909272384824185,1.3138048813895362
2025-06-30 17:07:57+00:00,17367946,67537952934,51406379964559103515170,0,55909272384824185,1.3138048814283834
2025-06-30 17:08:02+00:00,17367951,67537952998,51406380013397133015218,0,55909272437804668,1.3138048814252001
2025-06-30 17:08:06+00:00,17367955,67537952931,51406379962378921217996,0,55909272382317565,1.3138048814257444
2025-06-30 17:08:11+00:00,17367960,67537952932,51406379962378921217995,0,55909272382317565,1.3138048814451972
2025-06-30 17:09:07+00:00,17368016,67537952931,51406379963378921217995,0,55909272382317565,1.313804881400187
2025-06-30 17:09:15+00:00,17368024,67537952944,51406379973378921217995,0,55909272393079225,1.3138048813975016
2025-06-30 17:09:20+00:00,17368029,67537952943,51406379972582732594803,0,55909272392213295,1.3138048813983971
2025-06-30 17:10:49+00:00,17368118,67537952944,51406379971823868006841,0,55909272392213295,1.3138048814372445
2025-06-30 17:10:53+00:00,17368122,67537952945,51406379971065003418902,0,55909272392213295,1.3138048814760919
2025-06-30 17:10:58+00:00,17368127,67537953009,51406380019903032918950,0,55909272445193778,1.3138048814729086
2025-06-30 17:11:06+00:00,17368135,67537953010,51406380019903032918949,0,55909272445193778,1.3138048814923615
2025-06-30 17:12:02+00:00,17368191,67537953009,51406380020903032918949,0,55909272445193778,1.3138048814473513
2025-06-30 17:12:07+00:00,17368196,67537953008,51406380021903032918949,0,55909272445193778,1.3138048814023413
2025-06-30 17:12:16+00:00,17368205,67537953007,51406380021106844295747,0,55909272444327848,1.3138048814032368
2025-06-30 17:13:47+00:00,17368296,67537953008,51406380020347979707788,0,55909272444327848,1.3138048814420842
2025-06-30 17:13:56+00:00,17368305,67537953072,51406380069186009207836,0,55909272497308331,1.313804881438901
2025-06-30 17:14:00+00:00,17368309,67537953005,51406380018167797409545,0,55909272441821228,1.313804881439445
2025-06-30 17:14:05+00:00,17368314,67537953006,51406380018167797409544,0,55909272441821228,1.3138048814588978
2025-06-30 17:15:01+00:00,17368370,67537953005,51406380019167797409544,0,55909272441821228,1.3138048814138878
2025-06-30 17:15:06+00:00,17368375,67537953004,51406380020167797409544,0,55909272441821228,1.3138048813688776
2025-06-30 17:15:10+00:00,17368379,67537953017,51406380030167797409544,0,55909272452582888,1.3138048813661922
2025-06-30 17:15:14+00:00,17368383,67537953016,51406380029371608786320,0,55909272451716958,1.313804881367088
2025-06-30 17:16:46+00:00,17368475,67537953017,51406380028612744198340,0,55909272451716958,1.313804881405935
2025-06-30 17:16:50+00:00,17368479,67537953018,51406380027853879610383,0,55909272451716958,1.3138048814447825
2025-06-30 17:16:56+00:00,17368485,67537953082,51406380076691909110431,0,55909272504697441,1.3138048814415992
2025-06-30 17:17:05+00:00,17368494,67537953083,51406380076691909110430,0,55909272504697441,1.3138048814610521
2025-06-30 17:18:01+00:00,17368550,67537953082,51406380077691909110430,0,55909272504697441,1.313804881416042
2025-06-30 17:18:06+00:00,17368555,67537953081,51406380078691909110430,0,55909272504697441,1.313804881371032
2025-06-30 17:18:14+00:00,17368563,67537953080,51406380077895720487196,0,55909272503831511,1.3138048813719274
2025-06-30 17:19:43+00:00,17368652,67537953081,51406380077136855899219,0,55909272503831511,1.3138048814107748
2025-06-30 17:19:47+00:00,17368656,67537953082,51406380076377991311264,0,55909272503831511,1.3138048814496222
2025-06-30 17:19:52+00:00,17368661,67537953146,51406380125216020811312,0,55909272556811994,1.3138048814464387
2025-06-30 17:19:57+00:00,17368666,67537953079,51406380074197809011712,0,55909272501324891,1.313804881446983
2025-06-30 17:20:57+00:00,17368726,67537953078,51406380075197809011712,0,55909272501324891,1.313804881401973
2025-06-30 17:21:05+00:00,17368734,67537953091,51406380085197809011712,0,55909272512086551,1.3138048813992875
2025-06-30 17:21:09+00:00,17368738,67537953090,51406380084401620388483,0,55909272511220621,1.313804881400183
2025-06-30 17:22:38+00:00,17368827,67537953091,51406380083642755800522,0,55909272511220621,1.3138048814390304
2025-06-30 17:22:42+00:00,17368831,67537953092,51406380082883891212584,0,55909272511220621,1.3138048814778776
2025-06-30 17:22:48+00:00,17368837,67537953156,51406380131721920712632,0,55909272564201104,1.3138048814746943
2025-06-30 17:22:56+00:00,17368845,67537953157,51406380131721920712631,0,55909272564201104,1.3138048814941472
2025-06-30 17:23:52+00:00,17368901,67537953156,51406380132721920712631,0,55909272564201104,1.3138048814491372
2025-06-30 17:24:00+00:00,17368909,67537953169,51406380142721920712631,0,55909272574962764,1.3138048814464516
2025-06-30 17:24:04+00:00,17368913,67537953168,51406380141925732089406,0,55909272574096834,1.3138048814473473
2025-06-30 17:25:37+00:00,17369006,67537953169,51406380141166867501472,0,55909272574096834,1.3138048814861945
2025-06-30 17:25:46+00:00,17369015,67537953233,51406380190004897001520,0,55909272627077317,1.3138048814830112
2025-06-30 17:25:50+00:00,17369019,67537953166,51406380138986685201739,0,55909272571590214,1.3138048814835555
2025-06-30 17:25:55+00:00,17369024,67537953167,51406380138986685201738,0,55909272571590214,1.3138048815030083
2025-06-30 17:26:50+00:00,17369079,67537953166,51406380139986685201738,0,55909272571590214,1.3138048814579981
2025-06-30 17:26:55+00:00,17369084,67537953165,51406380140986685201738,0,55909272571590214,1.3138048814129881
2025-06-30 17:27:04+00:00,17369093,67537953164,51406380140190496578492,0,55909272570724284,1.3138048814138836
2025-06-30 17:28:33+00:00,17369182,67537953165,51406380139431631990539,0,55909272570724284,1.313804881452731
2025-06-30 17:28:42+00:00,17369191,67537953229,51406380188269661490587,0,55909272623704767,1.3138048814495478
2025-06-30 17:28:46+00:00,17369195,67537953162,51406380137251449689451,0,55909272568217664,1.313804881450092
2025-06-30 17:28:51+00:00,17369200,67537953163,51406380137251449689450,0,55909272568217664,1.3138048814695447
2025-06-30 17:29:46+00:00,17369255,67537953162,51406380138251449689450,0,55909272568217664,1.3138048814245347
2025-06-30 17:29:54+00:00,17369263,67537953175,51406380148251449689450,0,55909272578979324,1.3138048814218493
2025-06-30 17:29:59+00:00,17369268,67537953174,51406380147455261066197,0,55909272578113394,1.3138048814227448
2025-06-30 17:31:28+00:00,17369357,67537953175,51406380146696396478249,0,55909272578113394,1.3138048814615921
2025-06-30 17:31:37+00:00,17369366,67537953239,51406380195534425978297,0,55909272631093877,1.313804881458409
2025-06-30 17:31:42+00:00,17369371,67537953172,51406380144516214176693,0,55909272575606774,1.313804881458953
2025-06-30 17:32:41+00:00,17369430,67537953171,51406380145516214176693,0,55909272575606774,1.313804881413943
2025-06-30 17:32:49+00:00,17369438,67537953184,51406380155516214176693,0,55909272586368434,1.3138048814112575
2025-06-30 17:34:22+00:00,17369531,67537953185,51406380154757349588739,0,55909272586368434,1.3138048814501049
2025-06-30 17:34:27+00:00,17369536,67537953186,51406380153998485000807,0,55909272586368434,1.313804881488952
2025-06-30 17:34:32+00:00,17369541,67537953250,51406380202836514500855,0,55909272639348917,1.3138048814857688
2025-06-30 17:34:41+00:00,17369550,67537953251,51406380202836514500854,0,55909272639348917,1.3138048815052217
2025-06-30 17:35:36+00:00,17369605,67537953250,51406380203836514500854,0,55909272639348917,1.3138048814602117
2025-06-30 17:35:44+00:00,17369613,67537953263,51406380213836514500854,0,55909272650110577,1.313804881457526
2025-06-30 17:35:48+00:00,17369617,67537953262,51406380213040325877598,0,55909272649244647,1.3138048814584218
2025-06-30 17:37:16+00:00,17369705,67537953263,51406380212281461289671,0,55909272649244647,1.313804881497269
2025-06-30 17:37:21+00:00,17369710,67537953264,51406380211522596701766,0,55909272649244647,1.3138048815361163
2025-06-30 17:37:26+00:00,17369715,67537953328,51406380260360626201814,0,55909272702225130,1.313804881532933
2025-06-30 17:37:34+00:00,17369723,67537953329,51406380260360626201813,0,55909272702225130,1.313804881552386
2025-06-30 17:38:31+00:00,17369780,67537953328,51406380261360626201813,0,55909272702225130,1.3138048815073757
2025-06-30 17:38:36+00:00,17369785,67537953327,51406380262360626201813,0,55909272702225130,1.3138048814623657
2025-06-30 17:38:45+00:00,17369794,67537953326,51406380261564437578548,0,55909272701359200,1.3138048814632612
2025-06-30 17:40:14+00:00,17369883,67537953327,51406380260805572990624,0,55909272701359200,1.3138048815021086
2025-06-30 17:40:18+00:00,17369887,67537953328,51406380260046708402722,0,55909272701359200,1.313804881540956
2025-06-30 17:40:23+00:00,17369892,67537953392,51406380308884737902770,0,55909272754339683,1.3138048815377725
2025-06-30 17:40:27+00:00,17369896,67537953325,51406380257866526101136,0,55909272698852580,1.3138048815383168
2025-06-30 17:40:32+00:00,17369901,67537953326,51406380257866526101135,0,55909272698852580,1.3138048815577696
2025-06-30 17:41:27+00:00,17369956,67537953325,51406380258866526101135,0,55909272698852580,1.3138048815127596
2025-06-30 17:41:32+00:00,17369961,67537953324,51406380259866526101135,0,55909272698852580,1.3138048814677494
2025-06-30 17:41:41+00:00,17369970,67537953323,51406380259070337477860,0,55909272697986650,1.3138048814686452
2025-06-30 17:43:10+00:00,17370059,67537953324,51406380258311472889939,0,55909272697986650,1.3138048815074923
2025-06-30 17:43:19+00:00,17370068,67537953388,51406380307149502389987,0,55909272750967133,1.313804881504309
2025-06-30 17:43:24+00:00,17370073,67537953321,51406380256131290586998,0,55909272695480030,1.3138048815048533
2025-06-30 17:43:28+00:00,17370077,67537953322,51406380256131290586997,0,55909272695480030,1.3138048815243062
2025-06-30 17:44:24+00:00,17370133,67537953321,51406380257131290586997,0,55909272695480030,1.313804881479296
2025-06-30 17:44:32+00:00,17370141,67537953334,51406380267131290586997,0,55909272706241690,1.3138048814766106
2025-06-30 17:44:36+00:00,17370145,67537953333,51406380266335101963715,0,55909272705375760,1.313804881477506
2025-06-30 17:46:06+00:00,17370235,67537953334,51406380265576237375799,0,55909272705375760,1.3138048815163534
2025-06-30 17:46:11+00:00,17370240,67537953335,51406380264817372787905,0,55909272705375760,1.3138048815552008
2025-06-30 17:46:16+00:00,17370245,67537953399,51406380313655402287953,0,55909272758356243,1.3138048815520176
2025-06-30 17:46:24+00:00,17370253,67537953400,51406380313655402287952,0,55909272758356243,1.3138048815714702
2025-06-30 17:47:20+00:00,17370309,67537953399,51406380314655402287952,0,55909272758356243,1.3138048815264602
2025-06-30 17:47:24+00:00,17370313,67537953398,51406380315655402287952,0,55909272758356243,1.3138048814814502
2025-06-30 17:47:28+00:00,17370317,67537953411,51406380325655402287952,0,55909272769117903,1.3138048814787648
2025-06-30 17:47:33+00:00,17370322,67537953410,51406380324859213664659,0,55909272768251973,1.3138048814796603
2025-06-30 17:49:02+00:00,17370411,67537953411,51406380324100349076744,0,55909272768251973,1.3138048815185077
2025-06-30 17:49:06+00:00,17370415,67537953412,51406380323341484488852,0,55909272768251973,1.3138048815573549
2025-06-30 17:49:12+00:00,17370421,67537953476,51406380372179513988900,0,55909272821232456,1.3138048815541716
2025-06-30 17:49:21+00:00,17370430,67537953477,51406380372179513988899,0,55909272821232456,1.3138048815736245
2025-06-30 17:50:17+00:00,17370486,67537953476,51406380373179513988899,0,55909272821232456,1.3138048815286143
2025-06-30 17:50:25+00:00,17370494,67537953489,51406380383179513988899,0,55909272831994116,1.313804881525929
2025-06-30 17:50:29+00:00,17370498,67537953488,51406380382383325365610,0,55909272831128186,1.3138048815268244
2025-06-30 17:51:58+00:00,17370587,67537953489,51406380381624460777722,0,55909272831128186,1.3138048815656718
2025-06-30 17:52:07+00:00,17370596,67537953553,51406380430462490277770,0,55909272884108669,1.3138048815624885
2025-06-30 17:52:12+00:00,17370601,67537953486,51406380379444278473893,0,55909272828621566,1.3138048815630328
2025-06-30 17:52:17+00:00,17370606,67537953487,51406380379444278473892,0,55909272828621566,1.3138048815824857
2025-06-30 17:53:13+00:00,17370662,67537953486,51406380380444278473892,0,55909272828621566,1.3138048815374754
2025-06-30 17:53:18+00:00,17370667,67537953485,51406380381444278473892,0,55909272828621566,1.3138048814924654
2025-06-30 17:53:26+00:00,17370675,67537953484,51406380380648089850582,0,55909272827755636,1.313804881493361
2025-06-30 17:54:56+00:00,17370765,67537953485,51406380379889225262675,0,55909272827755636,1.3138048815322083
2025-06-30 17:55:00+00:00,17370769,67537953486,51406380379130360674790,0,55909272827755636,1.3138048815710557
2025-06-30 17:55:06+00:00,17370775,67537953550,51406380427968390174838,0,55909272880736119,1.3138048815678722
2025-06-30 17:55:15+00:00,17370784,67537953551,51406380427968390174837,0,55909272880736119,1.3138048815873251
2025-06-30 17:56:10+00:00,17370839,67537953550,51406380428968390174837,0,55909272880736119,1.3138048815423151
2025-06-30 17:56:15+00:00,17370844,67537953549,51406380429968390174837,0,55909272880736119,1.313804881497305
2025-06-30 17:56:24+00:00,17370853,67537953548,51406380429172201551518,0,55909272879870189,1.3138048814982006
2025-06-30 17:57:51+00:00,17370940,67537953549,51406380428413336963614,0,55909272879870189,1.3138048815370478
2025-06-30 17:57:56+00:00,17370945,67537953550,51406380427654472375732,0,55909272879870189,1.3138048815758951
2025-06-30 17:58:01+00:00,17370950,67537953614,51406380476492501875780,0,55909272932850672,1.313804881572712
2025-06-30 17:58:05+00:00,17370954,67537953547,51406380425474290070698,0,55909272877363569,1.3138048815732561
2025-06-30 17:58:10+00:00,17370959,67537953548,51406380425474290070697,0,55909272877363569,1.313804881592709
2025-06-30 17:59:03+00:00,17371012,67537953547,51406380426474290070697,0,55909272877363569,1.3138048815476988
2025-06-30 17:59:08+00:00,17371017,67537953546,51406380427474290070697,0,55909272877363569,1.3138048815026888
2025-06-30 17:59:16+00:00,17371025,67537953545,51406380426678101447368,0,55909272876497639,1.3138048815035843
2025-06-30 18:00:48+00:00,17371117,67537953546,51406380425919236859467,0,55909272876497639,1.3138048815424317
2025-06-30 18:00:52+00:00,17371121,67537953547,51406380425160372271588,0,55909272876497639,1.313804881581279
2025-06-30 18:00:58+00:00,17371127,67537953611,51406380473998401771636,0,55909272929478122,1.3138048815780956
2025-06-30 18:01:06+00:00,17371135,67537953612,51406380473998401771635,0,55909272929478122,1.3138048815975485
2025-06-30 18:02:03+00:00,17371192,67537953611,51406380474998401771635,0,55909272929478122,1.3138048815525385
2025-06-30 18:02:12+00:00,17371201,67537953624,51406380484998401771635,0,55909272940239782,1.313804881549853
2025-06-30 18:03:44+00:00,17371293,67537953625,51406380484239537183761,0,55909272940239782,1.3138048815887002
2025-06-30 18:03:49+00:00,17371298,67537953626,51406380483480672595909,0,55909272940239782,1.3138048816275476
2025-06-30 18:03:54+00:00,17371303,67537953690,51406380532318702095957,0,55909272993220265,1.3138048816243644
2025-06-30 18:03:58+00:00,17371307,67537953623,51406380481300490290559,0,55909272937733162,1.3138048816249086
2025-06-30 18:04:02+00:00,17371311,67537953624,51406380481300490290558,0,55909272937733162,1.3138048816443615
2025-06-30 18:04:58+00:00,17371367,67537953623,51406380482300490290558,0,55909272937733162,1.3138048815993513
2025-06-30 18:05:02+00:00,17371371,67537953622,51406380483300490290558,0,55909272937733162,1.3138048815543413
2025-06-30 18:05:07+00:00,17371376,67537953635,51406380493300490290558,0,55909272948494822,1.3138048815516559
2025-06-30 18:05:11+00:00,17371380,67537953634,51406380492504301667223,0,55909272947628892,1.3138048815525514
2025-06-30 18:06:40+00:00,17371469,67537953635,51406380491745437079350,0,55909272947628892,1.3138048815913987
2025-06-30 18:06:49+00:00,17371478,67537953699,51406380540583466579398,0,55909273000609375,1.3138048815882153
2025-06-30 18:06:54+00:00,17371483,67537953632,51406380489565254772540,0,55909272945122272,1.3138048815887595
2025-06-30 18:07:53+00:00,17371542,67537953631,51406380490565254772540,0,55909272945122272,1.3138048815437495
2025-06-30 18:08:01+00:00,17371550,67537953644,51406380500565254772540,0,55909272955883932,1.3138048815410641
2025-06-30 18:09:34+00:00,17371643,67537953645,51406380499806390184661,0,55909272955883932,1.3138048815799115
2025-06-30 18:09:43+00:00,17371652,67537953709,51406380548644419684709,0,55909273008864415,1.313804881576728
2025-06-30 18:09:48+00:00,17371657,67537953642,51406380497626207877384,0,55909272953377312,1.3138048815772723
2025-06-30 18:10:47+00:00,17371716,67537953641,51406380498626207877384,0,55909272953377312,1.3138048815322623
2025-06-30 18:10:55+00:00,17371724,67537953654,51406380508626207877384,0,55909272964138972,1.3138048815295769
2025-06-30 18:11:00+00:00,17371729,67537953653,51406380507830019254034,0,55909272963273042,1.3138048815304724
2025-06-30 18:12:29+00:00,17371818,67537953654,51406380507071154666148,0,55909272963273042,1.3138048815693197
2025-06-30 18:12:38+00:00,17371827,67537953718,51406380555909184166196,0,55909273016253525,1.3138048815661363
2025-06-30 18:12:47+00:00,17371836,67537953719,51406380555909184166195,0,55909273016253525,1.3138048815855892
2025-06-30 18:13:41+00:00,17371890,67537953718,51406380556909184166195,0,55909273016253525,1.3138048815405792
2025-06-30 18:13:45+00:00,17371894,67537953717,51406380557909184166195,0,55909273016253525,1.313804881495569
2025-06-30 18:13:49+00:00,17371898,67537953730,51406380567909184166195,0,55909273027015185,1.3138048814928835
2025-06-30 18:13:53+00:00,17371902,67537953729,51406380567112995542822,0,55909273026149255,1.313804881493779
2025-06-30 18:15:23+00:00,17371992,67537953730,51406380566354130954915,0,55909273026149255,1.3138048815326264
2025-06-30 18:15:28+00:00,17371997,67537953731,51406380565595266367031,0,55909273026149255,1.3138048815714738
2025-06-30 18:15:33+00:00,17372002,67537953795,51406380614433295867079,0,55909273079129738,1.3138048815682906
2025-06-30 18:15:38+00:00,17372007,67537953728,51406380563415084058580,0,55909273023642635,1.3138048815688348
2025-06-30 18:16:37+00:00,17372066,67537953727,51406380564415084058580,0,55909273023642635,1.3138048815238246
2025-06-30 18:16:42+00:00,17372071,67537953726,51406380565415084058580,0,55909273023642635,1.3138048814788146
2025-06-30 18:16:50+00:00,17372079,67537953725,51406380564618895435198,0,55909273022776705,1.31380488147971
2025-06-30 18:18:19+00:00,17372168,67537953726,51406380563860030847283,0,55909273022776705,1.3138048815185575
2025-06-30 18:18:23+00:00,17372172,67537953727,51406380563101166259391,0,55909273022776705,1.3138048815574048
2025-06-30 18:18:29+00:00,17372178,67537953791,51406380611939195759439,0,55909273075757188,1.3138048815542214
2025-06-30 18:18:37+00:00,17372186,67537953792,51406380611939195759438,0,55909273075757188,1.3138048815736743
2025-06-30 18:19:30+00:00,17372239,67537953791,51406380612939195759438,0,55909273075757188,1.3138048815286643
2025-06-30 18:19:35+00:00,17372244,67537953790,51406380613939195759438,0,55909273075757188,1.313804881483654
2025-06-30 18:19:42+00:00,17372251,67537953789,51406380613143007136047,0,55909273074891258,1.3138048814845498
2025-06-30 18:21:10+00:00,17372339,67537953790,51406380612384142548135,0,55909273074891258,1.313804881523397
2025-06-30 18:21:19+00:00,17372348,67537953854,51406380661222172048183,0,55909273127871741,1.3138048815202137
2025-06-30 18:21:23+00:00,17372352,67537953787,51406380610203960237727,0,55909273072384638,1.313804881520758
2025-06-30 18:21:28+00:00,17372357,67537953788,51406380610203960237726,0,55909273072384638,1.3138048815402108
2025-06-30 18:22:22+00:00,17372411,67537953787,51406380611203960237726,0,55909273072384638,1.3138048814952006
2025-06-30 18:22:27+00:00,17372416,67537953786,51406380612203960237726,0,55909273072384638,1.3138048814501906
2025-06-30 18:22:36+00:00,17372425,67537953785,51406380611407771614313,0,55909273071518708,1.313804881451086
2025-06-30 18:24:03+00:00,17372512,67537953786,51406380610648907026382,0,55909273071518708,1.3138048814899335
2025-06-30 18:24:07+00:00,17372516,67537953787,51406380609890042438473,0,55909273071518708,1.3138048815287808
2025-06-30 18:24:13+00:00,17372522,67537953851,51406380658728071938521,0,55909273124499191,1.3138048815255974
2025-06-30 18:24:21+00:00,17372530,67537953852,51406380658728071938520,0,55909273124499191,1.3138048815450503
2025-06-30 18:25:17+00:00,17372586,67537953851,51406380659728071938520,0,55909273124499191,1.3138048815000403
2025-06-30 18:25:25+00:00,17372594,67537953864,51406380669728071938520,0,55909273135260851,1.3138048814973549
2025-06-30 18:25:29+00:00,17372598,67537953863,51406380668931883315112,0,55909273134394921,1.3138048814982504
2025-06-30 18:26:57+00:00,17372686,67537953864,51406380668173018727208,0,55909273134394921,1.3138048815370977
2025-06-30 18:27:06+00:00,17372695,67537953928,51406380717011048227256,0,55909273187375404,1.3138048815339143
2025-06-30 18:27:11+00:00,17372700,67537953861,51406380665992836415730,0,55909273131888301,1.3138048815344585
2025-06-30 18:28:09+00:00,17372758,67537953860,51406380666992836415730,0,55909273131888301,1.3138048814894485
2025-06-30 18:28:17+00:00,17372766,67537953873,51406380676992836415730,0,55909273142649961,1.313804881486763
2025-06-30 18:29:48+00:00,17372857,67537953874,51406380676233971827819,0,55909273142649961,1.3138048815256105
2025-06-30 18:29:57+00:00,17372866,67537953938,51406380725072001327867,0,55909273195630444,1.313804881522427
2025-06-30 18:30:06+00:00,17372875,67537953939,51406380725072001327866,0,55909273195630444,1.31380488154188
2025-06-30 18:31:01+00:00,17372930,67537953938,51406380726072001327866,0,55909273195630444,1.31380488149687
2025-06-30 18:31:05+00:00,17372934,67537953937,51406380727072001327866,0,55909273195630444,1.3138048814518597
2025-06-30 18:31:10+00:00,17372939,67537953950,51406380737072001327866,0,55909273206392104,1.3138048814491743
2025-06-30 18:32:43+00:00,17373032,67537953951,51406380736313136739934,0,55909273206392104,1.3138048814880217
2025-06-30 18:32:53+00:00,17373042,67537954015,51406380785151166239982,0,55909273259372587,1.3138048814848384
2025-06-30 18:33:02+00:00,17373051,67537954016,51406380785151166239981,0,55909273259372587,1.3138048815042913
2025-06-30 18:33:56+00:00,17373105,67537954015,51406380786151166239981,0,55909273259372587,1.313804881459281
2025-06-30 18:34:04+00:00,17373113,67537954028,51406380796151166239981,0,55909273270134247,1.3138048814565957
2025-06-30 18:35:37+00:00,17373206,67537954029,51406380795392301652053,0,55909273270134247,1.313804881495443
2025-06-30 18:35:46+00:00,17373215,67537954093,51406380844230331152101,0,55909273323114730,1.3138048814922596
2025-06-30 18:35:54+00:00,17373223,67537954094,51406380844230331152100,0,55909273323114730,1.3138048815117125
2025-06-30 18:36:49+00:00,17373278,67537954093,51406380845230331152100,0,55909273323114730,1.3138048814667025
2025-06-30 18:36:54+00:00,17373283,67537954092,51406380846230331152100,0,55909273323114730,1.3138048814216925
2025-06-30 18:37:03+00:00,17373292,67537954091,51406380845434142528633,0,55909273322248800,1.313804881422588
2025-06-30 18:38:32+00:00,17373381,67537954092,51406380844675277940685,0,55909273322248800,1.3138048814614354
2025-06-30 18:38:37+00:00,17373386,67537954093,51406380843916413352760,0,55909273322248800,1.3138048815002825
2025-06-30 18:38:42+00:00,17373391,67537954157,51406380892754442852808,0,55909273375229283,1.3138048814970993
2025-06-30 18:38:50+00:00,17373399,67537954158,51406380892754442852807,0,55909273375229283,1.3138048815165522
2025-06-30 18:39:45+00:00,17373454,67537954157,51406380893754442852807,0,55909273375229283,1.313804881471542
2025-06-30 18:39:53+00:00,17373462,67537954170,51406380903754442852807,0,55909273385990943,1.3138048814688565
2025-06-30 18:41:28+00:00,17373557,67537954171,51406380902995578264886,0,55909273385990943,1.313804881507704
2025-06-30 18:41:38+00:00,17373567,67537954235,51406380951833607764934,0,55909273438971426,1.3138048815045207
2025-06-30 18:41:46+00:00,17373575,67537954236,51406380951833607764933,0,55909273438971426,1.3138048815239736
2025-06-30 18:42:41+00:00,17373630,67537954235,51406380952833607764933,0,55909273438971426,1.3138048814789633
2025-06-30 18:42:49+00:00,17373638,67537954248,51406380962833607764933,0,55909273449733086,1.313804881476278
2025-06-30 18:44:23+00:00,17373732,67537954249,51406380962074743177016,0,55909273449733086,1.3138048815151253
2025-06-30 18:44:28+00:00,17373737,67537954250,51406380961315878589122,0,55909273449733086,1.3138048815539727
2025-06-30 18:44:33+00:00,17373742,67537954314,51406381010153908089170,0,55909273502713569,1.3138048815507892
2025-06-30 18:44:41+00:00,17373750,67537954315,51406381010153908089169,0,55909273502713569,1.3138048815702421
2025-06-30 18:45:41+00:00,17373810,67537954314,51406381011153908089169,0,55909273502713569,1.3138048815252321
2025-06-30 18:45:50+00:00,17373819,67537954327,51406381021153908089169,0,55909273513475229,1.3138048815225467
2025-06-30 18:47:24+00:00,17373913,67537954328,51406381020395043501279,0,55909273513475229,1.3138048815613939
2025-06-30 18:47:29+00:00,17373918,67537954329,51406381019636178913411,0,55909273513475229,1.3138048816002412
2025-06-30 18:47:34+00:00,17373923,67537954393,51406381068474208413459,0,55909273566455712,1.313804881597058
2025-06-30 18:47:42+00:00,17373931,67537954394,51406381068474208413458,0,55909273566455712,1.3138048816165109
2025-06-30 18:48:40+00:00,17373989,67537954393,51406381069474208413458,0,55909273566455712,1.3138048815715007
2025-06-30 18:48:48+00:00,17373997,67537954406,51406381079474208413458,0,55909273577217372,1.3138048815688153
2025-06-30 18:50:22+00:00,17374091,67537954407,51406381078715343825595,0,55909273577217372,1.3138048816076626
2025-06-30 18:50:26+00:00,17374095,67537954408,51406381077956479237754,0,55909273577217372,1.31380488164651
2025-06-30 18:50:31+00:00,17374100,67537954472,51406381126794508737802,0,55909273630197855,1.3138048816433265
2025-06-30 18:50:36+00:00,17374105,67537954405,51406381075776296923670,0,55909273574710752,1.3138048816438708
2025-06-30 18:51:37+00:00,17374166,67537954404,51406381076776296923670,0,55909273574710752,1.3138048815988608
2025-06-30 18:51:46+00:00,17374175,67537954417,51406381086776296923670,0,55909273585472412,1.3138048815961754
2025-06-30 18:53:20+00:00,17374269,67537954418,51406381086017432335822,0,55909273585472412,1.3138048816350227
2025-06-30 18:53:30+00:00,17374279,67537954482,51406381134855461835870,0,55909273638452895,1.3138048816318393
2025-06-30 18:53:38+00:00,17374287,67537954483,51406381134855461835869,0,55909273638452895,1.3138048816512922
2025-06-30 18:54:37+00:00,17374346,67537954482,51406381135855461835869,0,55909273638452895,1.3138048816062822
2025-06-30 18:54:45+00:00,17374354,67537954495,51406381145855461835869,0,55909273649214555,1.3138048816035968
2025-06-30 18:54:49+00:00,17374358,67537954494,51406381145059273212406,0,55909273648348625,1.3138048816044923
2025-06-30 18:56:19+00:00,17374448,67537954495,51406381144300408624563,0,55909273648348625,1.3138048816433396
2025-06-30 18:56:29+00:00,17374458,67537954559,51406381193138438124611,0,55909273701329108,1.3138048816401562
2025-06-30 18:56:33+00:00,17374462,67537954492,51406381142120226309545,0,55909273645842005,1.3138048816407004
2025-06-30 18:56:37+00:00,17374466,67537954493,51406381142120226309544,0,55909273645842005,1.3138048816601533
2025-06-30 18:57:31+00:00,17374520,67537954492,51406381143120226309544,0,55909273645842005,1.3138048816151433
2025-06-30 18:57:36+00:00,17374525,67537954491,51406381144120226309544,0,55909273645842005,1.313804881570133
2025-06-30 18:57:44+00:00,17374533,67537954490,51406381143324037686060,0,55909273644976075,1.3138048815710286
2025-06-30 18:59:13+00:00,17374622,67537954491,51406381142565173098198,0,55909273644976075,1.313804881609876
2025-06-30 18:59:18+00:00,17374627,67537954492,51406381141806308510358,0,55909273644976075,1.3138048816487233
2025-06-30 18:59:23+00:00,17374632,67537954556,51406381190644338010406,0,55909273697956558,1.31380488164554
2025-06-30 18:59:31+00:00,17374640,67537954557,51406381190644338010405,0,55909273697956558,1.313804881664993
2025-06-30 19:00:29+00:00,17374698,67537954556,51406381191644338010405,0,55909273697956558,1.3138048816199828
2025-06-30 19:00:37+00:00,17374706,67537954569,51406381201644338010405,0,55909273708718218,1.3138048816172974
2025-06-30 19:00:42+00:00,17374711,67537954568,51406381200848149386925,0,55909273707852288,1.3138048816181929
2025-06-30 19:02:10+00:00,17374799,67537954569,51406381200089284799090,0,55909273707852288,1.3138048816570402
2025-06-30 19:02:15+00:00,17374804,67537954570,51406381199330420211278,0,55909273707852288,1.3138048816958876
2025-06-30 19:02:20+00:00,17374809,67537954634,51406381248168449711326,0,55909273760832771,1.3138048816927042
2025-06-30 19:02:24+00:00,17374813,67537954567,51406381197150237895944,0,55909273705345668,1.3138048816932484
2025-06-30 19:02:29+00:00,17374818,67537954568,51406381197150237895943,0,55909273705345668,1.3138048817127013
2025-06-30 19:03:24+00:00,17374873,67537954567,51406381198150237895943,0,55909273705345668,1.3138048816676913
2025-06-30 19:03:29+00:00,17374878,67537954566,51406381199150237895943,0,55909273705345668,1.313804881622681
2025-06-30 19:03:37+00:00,17374886,67537954565,51406381198354049272454,0,55909273704479738,1.3138048816235768
2025-06-30 19:05:07+00:00,17374976,67537954566,51406381197595184684622,0,55909273704479738,1.313804881662424
2025-06-30 19:05:12+00:00,17374981,67537954567,51406381196836320096813,0,55909273704479738,1.3138048817012713
2025-06-30 19:05:17+00:00,17374986,67537954631,51406381245674349596861,0,55909273757460221,1.313804881698088
2025-06-30 19:05:22+00:00,17374991,67537954564,51406381194656137780876,0,55909273701973118,1.3138048816986323
2025-06-30 19:06:23+00:00,17375052,67537954563,51406381195656137780876,0,55909273701973118,1.313804881653622
2025-06-30 19:06:31+00:00,17375060,67537954576,51406381205656137780876,0,55909273712734778,1.3138048816509367
2025-06-30 19:06:35+00:00,17375064,67537954575,51406381204859949157391,0,55909273711868848,1.3138048816518322
2025-06-30 19:08:09+00:00,17375158,67537954576,51406381204101084569576,0,55909273711868848,1.3138048816906795
2025-06-30 19:08:18+00:00,17375167,67537954640,51406381252939114069624,0,55909273764849331,1.3138048816874963
2025-06-30 19:08:23+00:00,17375172,67537954573,51406381201920902253172,0,55909273709362228,1.3138048816880405
2025-06-30 19:09:22+00:00,17375231,67537954572,51406381202920902253172,0,55909273709362228,1.3138048816430303
2025-06-30 19:09:30+00:00,17375239,67537954585,51406381212920902253172,0,55909273720123888,1.313804881640345
2025-06-30 19:11:03+00:00,17375332,67537954586,51406381212162037665350,0,55909273720123888,1.3138048816791923
2025-06-30 19:11:08+00:00,17375337,67537954587,51406381211403173077550,0,55909273720123888,1.3138048817180397
2025-06-30 19:11:13+00:00,17375342,67537954651,51406381260241202577598,0,55909273773104371,1.3138048817148564
2025-06-30 19:11:22+00:00,17375351,67537954652,51406381260241202577597,0,55909273773104371,1.313804881734309
2025-06-30 19:12:17+00:00,17375406,67537954651,51406381261241202577597,0,55909273773104371,1.313804881689299
2025-06-30 19:12:22+00:00,17375411,67537954650,51406381262241202577597,0,55909273773104371,1.313804881644289
2025-06-30 19:12:30+00:00,17375419,67537954649,51406381261445013954095,0,55909273772238441,1.3138048816451846
2025-06-30 19:13:59+00:00,17375508,67537954650,51406381260686149366276,0,55909273772238441,1.313804881684032
2025-06-30 19:14:08+00:00,17375517,67537954714,51406381309524178866324,0,55909273825218924,1.3138048816808485
2025-06-30 19:14:17+00:00,17375526,67537954715,51406381309524178866323,0,55909273825218924,1.3138048817003014
2025-06-30 19:15:12+00:00,17375581,67537954714,51406381310524178866323,0,55909273825218924,1.3138048816552914
2025-06-30 19:15:20+00:00,17375589,67537954727,51406381320524178866323,0,55909273835980584,1.313804881652606
2025-06-30 19:15:25+00:00,17375594,67537954726,51406381319727990242814,0,55909273835114654,1.3138048816535015
2025-06-30 19:16:53+00:00,17375682,67537954727,51406381318969125655000,0,55909273835114654,1.3138048816923487
2025-06-30 19:16:58+00:00,17375687,67537954728,51406381318210261067208,0,55909273835114654,1.313804881731196
2025-06-30 19:17:03+00:00,17375692,67537954792,51406381367048290567256,0,55909273888095137,1.3138048817280128
2025-06-30 19:17:12+00:00,17375701,67537954793,51406381367048290567255,0,55909273888095137,1.3138048817474657
2025-06-30 19:18:09+00:00,17375758,67537954792,51406381368048290567255,0,55909273888095137,1.3138048817024555
2025-06-30 19:18:18+00:00,17375767,67537954805,51406381378048290567255,0,55909273898856797,1.31380488169977
2025-06-30 19:19:51+00:00,17375860,67537954806,51406381377289425979467,0,55909273898856797,1.3138048817386174
2025-06-30 19:20:01+00:00,17375870,67537954870,51406381426127455479515,0,55909273951837280,1.3138048817354342
2025-06-30 19:20:09+00:00,17375878,67537954871,51406381426127455479514,0,55909273951837280,1.313804881754887
2025-06-30 19:21:05+00:00,17375934,67537954870,51406381427127455479514,0,55909273951837280,1.3138048817098769
2025-06-30 19:21:09+00:00,17375938,67537954869,51406381428127455479514,0,55909273951837280,1.3138048816648669
2025-06-30 19:21:14+00:00,17375943,67537954882,51406381438127455479514,0,55909273962598940,1.3138048816621815
2025-06-30 19:22:47+00:00,17376036,67537954883,51406381437368590891705,0,55909273962598940,1.3138048817010286
2025-06-30 19:22:51+00:00,17376040,67537954884,51406381436609726303918,0,55909273962598940,1.313804881739876
2025-06-30 19:22:56+00:00,17376045,67537954948,51406381485447755803966,0,55909274015579423,1.3138048817366927
2025-06-30 19:23:01+00:00,17376050,67537954881,51406381434429543985557,0,55909273960092320,1.313804881737237
2025-06-30 19:23:05+00:00,17376054,67537954882,51406381434429543985556,0,55909273960092320,1.3138048817566899
2025-06-30 19:24:01+00:00,17376110,67537954881,51406381435429543985556,0,55909273960092320,1.3138048817116796
2025-06-30 19:24:09+00:00,17376118,67537954894,51406381445429543985556,0,55909273970853980,1.3138048817089942
2025-06-30 19:24:14+00:00,17376123,67537954893,51406381444633355362033,0,55909273969988050,1.3138048817098897
2025-06-30 19:25:41+00:00,17376210,67537954894,51406381443874490774251,0,55909273969988050,1.313804881748737
2025-06-30 19:25:50+00:00,17376219,67537954958,51406381492712520274299,0,55909274022968533,1.3138048817455539
2025-06-30 19:25:54+00:00,17376223,67537954891,51406381441694308455423,0,55909273967481430,1.313804881746098
2025-06-30 19:26:52+00:00,17376281,67537954890,51406381442694308455423,0,55909273967481430,1.313804881701088
2025-06-30 19:27:00+00:00,17376289,67537954903,51406381452694308455423,0,55909273978243090,1.3138048816984025
2025-06-30 19:27:04+00:00,17376293,67537954902,51406381451898119831893,0,55909273977377160,1.313804881699298
2025-06-30 19:28:32+00:00,17376381,67537954903,51406381451139255244105,0,55909273977377160,1.3138048817381454
2025-06-30 19:28:42+00:00,17376391,67537954967,51406381499977284744153,0,55909274030357643,1.3138048817349621
2025-06-30 19:28:51+00:00,17376400,67537954968,51406381499977284744152,0,55909274030357643,1.313804881754415
2025-06-30 19:29:47+00:00,17376456,67537954967,51406381500977284744152,0,55909274030357643,1.3138048817094048
2025-06-30 19:29:55+00:00,17376464,67537954980,51406381510977284744152,0,55909274041119303,1.3138048817067194
2025-06-30 19:31:29+00:00,17376558,67537954981,51406381510218420156368,0,55909274041119303,1.3138048817455668
2025-06-30 19:31:38+00:00,17376567,67537955045,51406381559056449656416,0,55909274094099786,1.3138048817423835
2025-06-30 19:31:43+00:00,17376572,67537954978,51406381508038237836605,0,55909274038612683,1.3138048817429278
2025-06-30 19:32:44+00:00,17376633,67537954977,51406381509038237836605,0,55909274038612683,1.3138048816979175
2025-06-30 19:32:52+00:00,17376641,67537954990,51406381519038237836605,0,55909274049374343,1.3138048816952321
2025-06-30 19:32:56+00:00,17376645,67537954989,51406381518242049213060,0,55909274048508413,1.3138048816961276
2025-06-30 19:34:24+00:00,17376733,67537954990,51406381517483184625270,0,55909274048508413,1.313804881734975
2025-06-30 19:34:29+00:00,17376738,67537954991,51406381516724320037503,0,55909274048508413,1.3138048817738224
2025-06-30 19:34:34+00:00,17376743,67537955055,51406381565562349537551,0,55909274101488896,1.313804881770639
2025-06-30 19:34:42+00:00,17376751,67537955056,51406381565562349537550,0,55909274101488896,1.3138048817900918
2025-06-30 19:35:36+00:00,17376805,67537955055,51406381566562349537550,0,55909274101488896,1.3138048817450818
2025-06-30 19:35:41+00:00,17376810,67537955054,51406381567562349537550,0,55909274101488896,1.3138048817000718
2025-06-30 19:35:49+00:00,17376818,67537955053,51406381566766160913996,0,55909274100622966,1.3138048817009673
2025-06-30 19:37:18+00:00,17376907,67537955054,51406381566007296326209,0,55909274100622966,1.3138048817398145
2025-06-30 19:37:27+00:00,17376916,67537955118,51406381614845325826257,0,55909274153603449,1.3138048817366312
2025-06-30 19:37:31+00:00,17376920,67537955051,51406381563827114005377,0,55909274098116346,1.3138048817371755
2025-06-30 19:37:36+00:00,17376925,67537955052,51406381563827114005376,0,55909274098116346,1.3138048817566284
2025-06-30 19:38:29+00:00,17376978,67537955051,51406381564827114005376,0,55909274098116346,1.3138048817116184
2025-06-30 19:38:33+00:00,17376982,67537955050,51406381565827114005376,0,55909274098116346,1.3138048816666081
2025-06-30 19:38:38+00:00,17376987,67537955063,51406381575827114005376,0,55909274108878006,1.3138048816639227
2025-06-30 19:40:10+00:00,17377079,67537955064,51406381575068249417568,0,55909274108878006,1.31380488170277
2025-06-30 19:40:20+00:00,17377089,67537955128,51406381623906278917616,0,55909274161858489,1.3138048816995869
2025-06-30 19:40:29+00:00,17377098,67537955129,51406381623906278917615,0,55909274161858489,1.3138048817190395
2025-06-30 19:41:22+00:00,17377151,67537955128,51406381624906278917615,0,55909274161858489,1.3138048816740295
2025-06-30 19:41:27+00:00,17377156,67537955127,51406381625906278917615,0,55909274161858489,1.3138048816290195
2025-06-30 19:41:35+00:00,17377164,67537955126,51406381625110090294017,0,55909274160992559,1.313804881629915
2025-06-30 19:43:04+00:00,17377253,67537955127,51406381624351225706189,0,55909274160992559,1.3138048816687624
2025-06-30 19:43:13+00:00,17377262,67537955191,51406381673189255206237,0,55909274213973042,1.313804881665579
2025-06-30 19:43:18+00:00,17377267,67537955124,51406381622171043382542,0,55909274158485939,1.3138048816661232
2025-06-30 19:44:16+00:00,17377325,67537955123,51406381623171043382542,0,55909274158485939,1.3138048816211132
2025-06-30 19:44:25+00:00,17377334,67537955136,51406381633171043382542,0,55909274169247599,1.3138048816184278
2025-06-30 19:45:58+00:00,17377427,67537955137,51406381632412178794707,0,55909274169247599,1.313804881657275
2025-06-30 19:46:08+00:00,17377437,67537955201,51406381681250208294755,0,55909274222228082,1.3138048816540917
2025-06-30 19:46:16+00:00,17377445,67537955202,51406381681250208294754,0,55909274222228082,1.3138048816735446
2025-06-30 19:47:12+00:00,17377501,67537955201,51406381682250208294754,0,55909274222228082,1.3138048816285346
2025-06-30 19:47:20+00:00,17377509,67537955214,51406381692250208294754,0,55909274232989742,1.3138048816258492
2025-06-30 19:47:25+00:00,17377514,67537955213,51406381691454019671141,0,55909274232123812,1.3138048816267447
2025-06-30 19:48:53+00:00,17377602,67537955214,51406381690695155083311,0,55909274232123812,1.3138048816655918
2025-06-30 19:48:58+00:00,17377607,67537955215,51406381689936290495504,0,55909274232123812,1.3138048817044392
2025-06-30 19:49:03+00:00,17377612,67537955279,51406381738774319995552,0,55909274285104295,1.313804881701256
2025-06-30 19:49:08+00:00,17377617,67537955212,51406381687756108171676,0,55909274229617192,1.3138048817018002
2025-06-30 19:50:08+00:00,17377677,67537955211,51406381688756108171676,0,55909274229617192,1.31380488165679
2025-06-30 19:50:16+00:00,17377685,67537955224,51406381698756108171676,0,55909274240378852,1.3138048816541046
2025-06-30 19:50:20+00:00,17377689,67537955223,51406381697959919548068,0,55909274239512922,1.313804881655
2025-06-30 19:51:49+00:00,17377778,67537955224,51406381697201054960254,0,55909274239512922,1.3138048816938475
2025-06-30 19:51:53+00:00,17377782,67537955225,51406381696442190372463,0,55909274239512922,1.3138048817326948
2025-06-30 19:51:58+00:00,17377787,67537955289,51406381745280219872511,0,55909274292493405,1.3138048817295116
2025-06-30 19:52:06+00:00,17377795,67537955290,51406381745280219872510,0,55909274292493405,1.3138048817489645
2025-06-30 19:53:02+00:00,17377851,67537955289,51406381746280219872510,0,55909274292493405,1.3138048817039543
2025-06-30 19:53:10+00:00,17377859,67537955302,51406381756280219872510,0,55909274303255065,1.3138048817012689
2025-06-30 19:53:15+00:00,17377864,67537955301,51406381755484031248906,0,55909274302389135,1.3138048817021644
2025-06-30 19:54:43+00:00,17377952,67537955302,51406381754725166661120,0,55909274302389135,1.3138048817410117
2025-06-30 19:54:52+00:00,17377961,67537955366,51406381803563196161168,0,55909274355369618,1.3138048817378285
2025-06-30 19:54:56+00:00,17377965,67537955299,51406381752544984337110,0,55909274299882515,1.3138048817383727
2025-06-30 19:55:00+00:00,17377969,67537955300,51406381752544984337109,0,55909274299882515,1.3138048817578254
2025-06-30 19:55:55+00:00,17378024,67537955299,51406381753544984337109,0,55909274299882515,1.3138048817128154
2025-06-30 19:55:59+00:00,17378028,67537955298,51406381754544984337109,0,55909274299882515,1.3138048816678054
2025-06-30 19:56:04+00:00,17378033,67537955311,51406381764544984337109,0,55909274310644175,1.31380488166512
2025-06-30 19:57:37+00:00,17378126,67537955312,51406381763786119749301,0,55909274310644175,1.3138048817039671
2025-06-30 19:57:41+00:00,17378130,67537955313,51406381763027255161516,0,55909274310644175,1.3138048817428145
2025-06-30 19:57:47+00:00,17378136,67537955377,51406381811865284661564,0,55909274363624658,1.3138048817396313
2025-06-30 19:57:55+00:00,17378144,67537955378,51406381811865284661563,0,55909274363624658,1.3138048817590842
2025-06-30 19:58:49+00:00,17378198,67537955377,51406381812865284661563,0,55909274363624658,1.313804881714074
2025-06-30 19:58:57+00:00,17378206,67537955390,51406381822865284661563,0,55909274374386318,1.3138048817113885
2025-06-30 20:00:31+00:00,17378300,67537955391,51406381822106420073782,0,55909274374386318,1.313804881750236
2025-06-30 20:00:36+00:00,17378305,67537955392,51406381821347555486023,0,55909274374386318,1.3138048817890833
2025-06-30 20:00:41+00:00,17378310,67537955456,51406381870185584986071,0,55909274427366801,1.3138048817858998
2025-06-30 20:00:49+00:00,17378318,67537955457,51406381870185584986070,0,55909274427366801,1.3138048818053527
2025-06-30 20:01:45+00:00,17378374,67537955456,51406381871185584986070,0,55909274427366801,1.3138048817603427
2025-06-30 20:01:50+00:00,17378379,67537955455,51406381872185584986070,0,55909274427366801,1.3138048817153325
2025-06-30 20:01:54+00:00,17378383,67537955468,51406381882185584986070,0,55909274438128461,1.313804881712647
2025-06-30 20:01:59+00:00,17378388,67537955467,51406381881389396362437,0,55909274437262531,1.3138048817135426
2025-06-30 20:03:28+00:00,17378477,67537955468,51406381880630531774657,0,55909274437262531,1.31380488175239
2025-06-30 20:03:37+00:00,17378486,67537955532,51406381929468561274705,0,55909274490243014,1.3138048817492067
2025-06-30 20:03:45+00:00,17378494,67537955533,51406381929468561274704,0,55909274490243014,1.3138048817686596
2025-06-30 20:04:40+00:00,17378549,67537955532,51406381930468561274704,0,55909274490243014,1.3138048817236494
2025-06-30 20:04:45+00:00,17378554,67537955531,51406381931468561274704,0,55909274490243014,1.3138048816786394
2025-06-30 20:04:54+00:00,17378563,67537955530,51406381930672372651050,0,55909274489377084,1.313804881679535
2025-06-30 20:06:24+00:00,17378653,67537955531,51406381929913508063251,0,55909274489377084,1.3138048817183823
2025-06-30 20:06:29+00:00,17378658,67537955532,51406381929154643475474,0,55909274489377084,1.3138048817572296
2025-06-30 20:06:34+00:00,17378663,67537955596,51406381977992672975522,0,55909274542357567,1.3138048817540462
2025-06-30 20:06:39+00:00,17378668,67537955529,51406381926974461148982,0,55909274486870464,1.3138048817545904
2025-06-30 20:07:40+00:00,17378729,67537955528,51406381927974461148982,0,55909274486870464,1.3138048817095804
2025-06-30 20:07:49+00:00,17378738,67537955541,51406381937974461148982,0,55909274497632124,1.313804881706895
2025-06-30 20:09:23+00:00,17378832,67537955542,51406381937215596561198,0,55909274497632124,1.3138048817457424
2025-06-30 20:09:32+00:00,17378841,67537955606,51406381986053626061246,0,55909274550612607,1.313804881742559
2025-06-30 20:09:36+00:00,17378845,67537955539,51406381935035414234238,0,55909274495125504,1.3138048817431032
2025-06-30 20:09:41+00:00,17378850,67537955540,51406381935035414234237,0,55909274495125504,1.313804881762556
2025-06-30 20:10:35+00:00,17378904,67537955539,51406381936035414234237,0,55909274495125504,1.313804881717546
2025-06-30 20:10:39+00:00,17378908,67537955538,51406381937035414234237,0,55909274495125504,1.3138048816725358
2025-06-30 20:10:43+00:00,17378912,67537955551,51406381947035414234237,0,55909274505887164,1.3138048816698504
2025-06-30 20:10:47+00:00,17378916,67537955550,51406381946239225610565,0,55909274505021234,1.313804881670746
2025-06-30 20:12:18+00:00,17379007,67537955551,51406381945480361022760,0,55909274505021234,1.3138048817095933
2025-06-30 20:12:27+00:00,17379016,67537955615,51406381994318390522808,0,55909274558001717,1.31380488170641
2025-06-30 20:12:35+00:00,17379024,67537955616,51406381994318390522807,0,55909274558001717,1.313804881725863
2025-06-30 20:13:30+00:00,17379079,67537955615,51406381995318390522807,0,55909274558001717,1.3138048816808527
2025-06-30 20:13:34+00:00,17379083,67537955614,51406381996318390522807,0,55909274558001717,1.3138048816358427
2025-06-30 20:13:38+00:00,17379087,67537955627,51406382006318390522807,0,55909274568763377,1.3138048816331573
2025-06-30 20:13:43+00:00,17379092,67537955626,51406382005522201899112,0,55909274567897447,1.3138048816340528
2025-06-30 20:15:12+00:00,17379181,67537955627,51406382004763337311286,0,55909274567897447,1.3138048816729002
2025-06-30 20:15:21+00:00,17379190,67537955691,51406382053601366811334,0,55909274620877930,1.3138048816697168
2025-06-30 20:15:26+00:00,17379195,67537955624,51406382002583154981407,0,55909274565390827,1.313804881670261
2025-06-30 20:16:24+00:00,17379253,67537955623,51406382003583154981407,0,55909274565390827,1.313804881625251
2025-06-30 20:16:32+00:00,17379261,67537955636,51406382013583154981407,0,55909274576152487,1.3138048816225656
2025-06-30 20:16:37+00:00,17379266,67537955635,51406382012786966357704,0,55909274575286557,1.313804881623461
2025-06-30 20:18:07+00:00,17379356,67537955636,51406382012028101769872,0,55909274575286557,1.3138048816623085
2025-06-30 20:18:16+00:00,17379365,67537955700,51406382060866131269920,0,55909274628267040,1.313804881659125
2025-06-30 20:18:20+00:00,17379369,67537955633,51406382009847919439526,0,55909274572779937,1.3138048816596692
2025-06-30 20:18:25+00:00,17379374,67537955634,51406382009847919439525,0,55909274572779937,1.3138048816791221
2025-06-30 20:19:20+00:00,17379429,67537955633,51406382010847919439525,0,55909274572779937,1.3138048816341121
2025-06-30 20:19:29+00:00,17379438,67537955646,51406382020847919439525,0,55909274583541597,1.3138048816314267
2025-06-30 20:21:01+00:00,17379530,67537955647,51406382020089054851698,0,55909274583541597,1.3138048816702739
2025-06-30 20:21:10+00:00,17379539,67537955711,51406382068927084351746,0,55909274636522080,1.3138048816670906
2025-06-30 20:21:15+00:00,17379544,67537955644,51406382017908872520885,0,55909274581034977,1.3138048816676349
2025-06-30 20:22:14+00:00,17379603,67537955643,51406382018908872520885,0,55909274581034977,1.3138048816226249
2025-06-30 20:22:19+00:00,17379608,67537955642,51406382019908872520885,0,55909274581034977,1.3138048815776147
2025-06-30 20:22:27+00:00,17379616,67537955641,51406382019112683897154,0,55909274580169047,1.3138048815785104
2025-06-30 20:23:56+00:00,17379705,67537955642,51406382018353819309296,0,55909274580169047,1.3138048816173575
2025-06-30 20:24:05+00:00,17379714,67537955706,51406382067191848809344,0,55909274633149530,1.3138048816141743
2025-06-30 20:24:13+00:00,17379722,67537955707,51406382067191848809343,0,55909274633149530,1.3138048816336272
2025-06-30 20:25:08+00:00,17379777,67537955706,51406382068191848809343,0,55909274633149530,1.313804881588617
2025-06-30 20:25:16+00:00,17379785,67537955719,51406382078191848809343,0,55909274643911190,1.3138048815859316
2025-06-30 20:25:21+00:00,17379790,67537955718,51406382077395660185605,0,55909274643045260,1.313804881586827
2025-06-30 20:26:48+00:00,17379877,67537955719,51406382076636795597752,0,55909274643045260,1.3138048816256744
2025-06-30 20:26:53+00:00,17379882,67537955720,51406382075877931009921,0,55909274643045260,1.3138048816645218
2025-06-30 20:26:58+00:00,17379887,67537955784,51406382124715960509969,0,55909274696025743,1.3138048816613386
2025-06-30 20:27:06+00:00,17379895,67537955785,51406382124715960509968,0,55909274696025743,1.3138048816807915
2025-06-30 20:28:00+00:00,17379949,67537955784,51406382125715960509968,0,55909274696025743,1.3138048816357812
2025-06-30 20:28:08+00:00,17379957,67537955797,51406382135715960509968,0,55909274706787403,1.3138048816330958
2025-06-30 20:28:12+00:00,17379961,67537955796,51406382134919771886234,0,55909274705921473,1.3138048816339913
2025-06-30 20:29:41+00:00,17380050,67537955797,51406382134160907298408,0,55909274705921473,1.3138048816728387
2025-06-30 20:29:46+00:00,17380055,67537955798,51406382133402042710605,0,55909274705921473,1.313804881711686
2025-06-30 20:29:51+00:00,17380060,67537955862,51406382182240072210653,0,55909274758901956,1.3138048817085026
2025-06-30 20:29:59+00:00,17380068,67537955863,51406382182240072210652,0,55909274758901956,1.3138048817279555
2025-06-30 20:30:57+00:00,17380126,67537955862,51406382183240072210652,0,55909274758901956,1.3138048816829455
2025-06-30 20:31:06+00:00,17380135,67537955875,51406382193240072210652,0,55909274769663616,1.31380488168026
2025-06-30 20:32:40+00:00,17380229,67537955876,51406382192481207622853,0,55909274769663616,1.3138048817191073
2025-06-30 20:32:45+00:00,17380234,67537955877,51406382191722343035076,0,55909274769663616,1.3138048817579546
2025-06-30 20:32:50+00:00,17380239,67537955941,51406382240560372535124,0,55909274822644099,1.3138048817547714
2025-06-30 20:32:58+00:00,17380247,67537955942,51406382240560372535123,0,55909274822644099,1.3138048817742243
2025-06-30 20:33:54+00:00,17380303,67537955941,51406382241560372535123,0,55909274822644099,1.313804881729214
2025-06-30 20:34:02+00:00,17380311,67537955954,51406382251560372535123,0,55909274833405759,1.3138048817265287
2025-06-30 20:34:07+00:00,17380316,67537955953,51406382250764183911398,0,55909274832539829,1.3138048817274242
2025-06-30 20:35:37+00:00,17380406,67537955954,51406382250005319323626,0,55909274832539829,1.3138048817662715
2025-06-30 20:35:41+00:00,17380410,67537955955,51406382249246454735877,0,55909274832539829,1.313804881805119
2025-06-30 20:35:46+00:00,17380415,67537956019,51406382298084484235925,0,55909274885520312,1.3138048818019357
2025-06-30 20:35:50+00:00,17380419,67537955952,51406382247066272404852,0,55909274830033209,1.31380488180248
2025-06-30 20:35:54+00:00,17380423,67537955953,51406382247066272404851,0,55909274830033209,1.3138048818219326
2025-06-30 20:36:50+00:00,17380479,67537955952,51406382248066272404851,0,55909274830033209,1.3138048817769226
2025-06-30 20:36:58+00:00,17380487,67537955965,51406382258066272404851,0,55909274840794869,1.3138048817742372
2025-06-30 20:38:32+00:00,17380581,67537955966,51406382257307407817106,0,55909274840794869,1.3138048818130845
2025-06-30 20:38:36+00:00,17380585,67537955967,51406382256548543229384,0,55909274840794869,1.3138048818519317
2025-06-30 20:38:42+00:00,17380591,67537956031,51406382305386572729432,0,55909274893775352,1.3138048818487484
2025-06-30 20:38:50+00:00,17380599,67537956032,51406382305386572729431,0,55909274893775352,1.3138048818682013
2025-06-30 20:39:43+00:00,17380652,67537956031,51406382306386572729431,0,55909274893775352,1.3138048818231913
2025-06-30 20:39:51+00:00,17380660,67537956044,51406382316386572729431,0,55909274904537012,1.3138048818205057
2025-06-30 20:41:21+00:00,17380750,67537956045,51406382315627708141713,0,55909274904537012,1.313804881859353
2025-06-30 20:41:25+00:00,17380754,67537956046,51406382314868843554017,0,55909274904537012,1.3138048818982004
2025-06-30 20:41:30+00:00,17380759,67537956110,51406382363706873054065,0,55909274957517495,1.3138048818950172
2025-06-30 20:41:38+00:00,17380767,67537956111,51406382363706873054064,0,55909274957517495,1.3138048819144699
2025-06-30 20:42:32+00:00,17380821,67537956110,51406382364706873054064,0,55909274957517495,1.3138048818694599
2025-06-30 20:42:41+00:00,17380830,67537956123,51406382374706873054064,0,55909274968279155,1.3138048818667745
2025-06-30 20:42:45+00:00,17380834,67537956122,51406382373910684430353,0,55909274967413225,1.31380488186767
2025-06-30 20:44:11+00:00,17380920,67537956123,51406382373151819842662,0,55909274967413225,1.3138048819065173
2025-06-30 20:44:15+00:00,17380924,67537956124,51406382372392955254994,0,55909274967413225,1.3138048819453647
2025-06-30 20:44:20+00:00,17380929,67537956188,51406382421230984755042,0,55909275020393708,1.3138048819421813
2025-06-30 20:44:24+00:00,17380933,67537956121,51406382370212772924827,0,55909274964906605,1.3138048819427255
2025-06-30 20:44:29+00:00,17380938,67537956122,51406382370212772924826,0,55909274964906605,1.3138048819621784
2025-06-30 20:45:22+00:00,17380991,67537956121,51406382371212772924826,0,55909274964906605,1.3138048819171684
2025-06-30 20:45:27+00:00,17380996,67537956120,51406382372212772924826,0,55909274964906605,1.3138048818721582
2025-06-30 20:45:35+00:00,17381004,67537956119,51406382371416584301105,0,55909274964040675,1.3138048818730539
2025-06-30 20:47:01+00:00,17381090,67537956120,51406382370657719713417,0,55909274964040675,1.313804881911901
2025-06-30 20:47:05+00:00,17381094,67537956121,51406382369898855125752,0,55909274964040675,1.3138048819507484
2025-06-30 20:47:10+00:00,17381099,67537956185,51406382418736884625800,0,55909275017021158,1.3138048819475652
2025-06-30 20:47:14+00:00,17381103,67537956118,51406382367718672794983,0,55909274961534055,1.3138048819481094
2025-06-30 20:47:18+00:00,17381107,67537956119,51406382367718672794982,0,55909274961534055,1.313804881967562
2025-06-30 20:48:12+00:00,17381161,67537956118,51406382368718672794982,0,55909274961534055,1.313804881922552
2025-06-30 20:48:17+00:00,17381166,67537956117,51406382369718672794982,0,55909274961534055,1.313804881877542
2025-06-30 20:48:25+00:00,17381174,67537956116,51406382368922484171252,0,55909274960668125,1.3138048818784376
2025-06-30 20:49:52+00:00,17381261,67537956117,51406382368163619583567,0,55909274960668125,1.313804881917285
2025-06-30 20:50:01+00:00,17381270,67537956181,51406382417001649083615,0,55909275013648608,1.3138048819141015
2025-06-30 20:50:09+00:00,17381278,67537956182,51406382417001649083614,0,55909275013648608,1.3138048819335544
2025-06-30 20:51:02+00:00,17381331,67537956181,51406382418001649083614,0,55909275013648608,1.3138048818885444
2025-06-30 20:51:10+00:00,17381339,67537956194,51406382428001649083614,0,55909275024410268,1.313804881885859
2025-06-30 20:51:14+00:00,17381343,67537956193,51406382427205460459876,0,55909275023544338,1.3138048818867545
2025-06-30 20:52:40+00:00,17381429,67537956194,51406382426446595872196,0,55909275023544338,1.3138048819256019
2025-06-30 20:52:49+00:00,17381438,67537956258,51406382475284625372244,0,55909275076524821,1.3138048819224184
2025-06-30 20:52:57+00:00,17381446,67537956259,51406382475284625372243,0,55909275076524821,1.3138048819418713
2025-06-30 20:53:49+00:00,17381498,67537956258,51406382476284625372243,0,55909275076524821,1.3138048818968613
2025-06-30 20:53:54+00:00,17381503,67537956257,51406382477284625372243,0,55909275076524821,1.313804881851851
2025-06-30 20:54:02+00:00,17381511,67537956256,51406382476488436748484,0,55909275075658891,1.3138048818527468
2025-06-30 20:55:28+00:00,17381597,67537956257,51406382475729572160785,0,55909275075658891,1.313804881891594
2025-06-30 20:55:33+00:00,17381602,67537956258,51406382474970707573108,0,55909275075658891,1.3138048819304413
2025-06-30 20:55:38+00:00,17381607,67537956322,51406382523808737073156,0,55909275128639374,1.313804881927258
2025-06-30 20:55:46+00:00,17381615,67537956323,51406382523808737073155,0,55909275128639374,1.313804881946711
2025-06-30 20:56:40+00:00,17381669,67537956322,51406382524808737073155,0,55909275128639374,1.3138048819017007
2025-06-30 20:56:48+00:00,17381677,67537956335,51406382534808737073155,0,55909275139401034,1.3138048818990153
2025-06-30 20:56:52+00:00,17381681,67537956334,51406382534012548449401,0,55909275138535104,1.3138048818999108
2025-06-30 20:58:21+00:00,17381770,67537956335,51406382533253683861729,0,55909275138535104,1.3138048819387582
2025-06-30 20:58:30+00:00,17381779,67537956399,51406382582091713361777,0,55909275191515587,1.313804881935575
2025-06-30 20:58:39+00:00,17381788,67537956400,51406382582091713361776,0,55909275191515587,1.3138048819550279
2025-06-30 20:59:31+00:00,17381840,67537956399,51406382583091713361776,0,55909275191515587,1.3138048819100177
2025-06-30 20:59:35+00:00,17381844,67537956398,51406382584091713361776,0,55909275191515587,1.3138048818650077
2025-06-30 20:59:43+00:00,17381852,67537956397,51406382583295524738001,0,55909275190649657,1.3138048818659032
2025-06-30 21:01:11+00:00,17381940,67537956398,51406382582536660150309,0,55909275190649657,1.3138048819047505
2025-06-30 21:01:16+00:00,17381945,67537956399,51406382581777795562640,0,55909275190649657,1.313804881943598
2025-06-30 21:01:21+00:00,17381950,67537956463,51406382630615825062688,0,55909275243630140,1.3138048819404144
2025-06-30 21:01:29+00:00,17381958,67537956464,51406382630615825062687,0,55909275243630140,1.3138048819598673
2025-06-30 21:02:22+00:00,17382011,67537956463,51406382631615825062687,0,55909275243630140,1.3138048819148573
2025-06-30 21:02:26+00:00,17382015,67537956462,51406382632615825062687,0,55909275243630140,1.3138048818698471
2025-06-30 21:02:30+00:00,17382019,67537956475,51406382642615825062687,0,55909275254391800,1.3138048818671617
2025-06-30 21:02:35+00:00,17382024,67537956474,51406382641819636438901,0,55909275253525870,1.3138048818680572
2025-06-30 21:04:00+00:00,17382109,67537956475,51406382641060771851210,0,55909275253525870,1.3138048819069046
2025-06-30 21:04:09+00:00,17382118,67537956539,51406382689898801351258,0,55909275306506353,1.3138048819037214
2025-06-30 21:04:17+00:00,17382126,67537956540,51406382689898801351257,0,55909275306506353,1.3138048819231742
2025-06-30 21:05:10+00:00,17382179,67537956539,51406382690898801351257,0,55909275306506353,1.313804881878164
2025-06-30 21:05:14+00:00,17382183,67537956538,51406382691898801351257,0,55909275306506353,1.313804881833154
2025-06-30 21:05:18+00:00,17382187,67537956551,51406382701898801351257,0,55909275317268013,1.3138048818304686
2025-06-30 21:05:23+00:00,17382192,67537956550,51406382701102612727448,0,55909275316402083,1.3138048818313641
2025-06-30 21:06:49+00:00,17382278,67537956551,51406382700343748139736,0,55909275316402083,1.3138048818702115
2025-06-30 21:06:53+00:00,17382282,67537956552,51406382699584883552047,0,55909275316402083,1.3138048819090589
2025-06-30 21:06:58+00:00,17382287,67537956616,51406382748422913052095,0,55909275369382566,1.3138048819058754
2025-06-30 21:07:02+00:00,17382291,67537956549,51406382697404701215617,0,55909275313895463,1.3138048819064196
2025-06-30 21:07:06+00:00,17382295,67537956550,51406382697404701215616,0,55909275313895463,1.3138048819258725
2025-06-30 21:07:59+00:00,17382348,67537956549,51406382698404701215616,0,55909275313895463,1.3138048818808625
2025-06-30 21:08:07+00:00,17382356,67537956562,51406382708404701215616,0,55909275324657123,1.3138048818781771
2025-06-30 21:08:12+00:00,17382361,67537956561,51406382707608512591811,0,55909275323791193,1.3138048818790726
2025-06-30 21:09:39+00:00,17382448,67537956562,51406382706849648004127,0,55909275323791193,1.3138048819179198
2025-06-30 21:09:47+00:00,17382456,67537956626,51406382755687677504175,0,55909275376771676,1.3138048819147365
2025-06-30 21:09:55+00:00,17382464,67537956627,51406382755687677504174,0,55909275376771676,1.3138048819341894
2025-06-30 21:10:50+00:00,17382519,67537956626,51406382756687677504174,0,55909275376771676,1.3138048818891794
2025-06-30 21:10:58+00:00,17382527,67537956639,51406382766687677504174,0,55909275387533336,1.3138048818864938
2025-06-30 21:12:28+00:00,17382617,67537956640,51406382765928812916494,0,55909275387533336,1.3138048819253412
2025-06-30 21:12:32+00:00,17382621,67537956641,51406382765169948328837,0,55909275387533336,1.3138048819641885
2025-06-30 21:12:37+00:00,17382626,67537956705,51406382814007977828885,0,55909275440513819,1.3138048819610053
2025-06-30 21:12:41+00:00,17382630,67537956638,51406382762989765992226,0,55909275385026716,1.3138048819615495
2025-06-30 21:13:39+00:00,17382688,67537956637,51406382763989765992226,0,55909275385026716,1.3138048819165393
2025-06-30 21:13:47+00:00,17382696,67537956650,51406382773989765992226,0,55909275395788376,1.313804881913854
2025-06-30 21:15:15+00:00,17382784,67537956651,51406382773230901404562,0,55909275395788376,1.3138048819527013
2025-06-30 21:15:24+00:00,17382793,67537956715,51406382822068930904610,0,55909275448768859,1.313804881949518
2025-06-30 21:15:28+00:00,17382797,67537956648,51406382771050719067484,0,55909275393281756,1.313804881950062
2025-06-30 21:15:32+00:00,17382801,67537956649,51406382771050719067483,0,55909275393281756,1.313804881969515
2025-06-30 21:16:25+00:00,17382854,67537956648,51406382772050719067483,0,55909275393281756,1.313804881924505
2025-06-30 21:16:29+00:00,17382858,67537956647,51406382773050719067483,0,55909275393281756,1.313804881879495
2025-06-30 21:16:33+00:00,17382862,67537956660,51406382783050719067483,0,55909275404043416,1.3138048818768093
2025-06-30 21:18:02+00:00,17382951,67537956661,51406382782291854479798,0,55909275404043416,1.3138048819156567
2025-06-30 21:18:06+00:00,17382955,67537956662,51406382781532989892135,0,55909275404043416,1.313804881954504
2025-06-30 21:18:12+00:00,17382961,67537956726,51406382830371019392183,0,55909275457023899,1.3138048819513208
2025-06-30 21:18:20+00:00,17382969,67537956727,51406382830371019392182,0,55909275457023899,1.3138048819707735
2025-06-30 21:19:12+00:00,17383021,67537956726,51406382831371019392182,0,55909275457023899,1.3138048819257635
2025-06-30 21:19:16+00:00,17383025,67537956725,51406382832371019392182,0,55909275457023899,1.3138048818807535
2025-06-30 21:19:25+00:00,17383034,67537956724,51406382831574830768342,0,55909275456157969,1.313804881881649
2025-06-30 21:20:47+00:00,17383116,67537956725,51406382830815966180659,0,55909275456157969,1.3138048819204964
2025-06-30 21:20:56+00:00,17383125,67537956789,51406382879653995680707,0,55909275509138452,1.313804881917313
2025-06-30 21:21:05+00:00,17383134,67537956790,51406382879653995680706,0,55909275509138452,1.3138048819367658
2025-06-30 21:21:56+00:00,17383185,67537956789,51406382880653995680706,0,55909275509138452,1.3138048818917558
2025-06-30 21:22:00+00:00,17383189,67537956788,51406382881653995680706,0,55909275509138452,1.3138048818467458
2025-06-30 21:22:05+00:00,17383194,67537956801,51406382891653995680706,0,55909275519900112,1.3138048818440602
2025-06-30 21:23:35+00:00,17383284,67537956802,51406382890895131093002,0,55909275519900112,1.3138048818829076
2025-06-30 21:23:39+00:00,17383288,67537956803,51406382890136266505320,0,55909275519900112,1.313804881921755
2025-06-30 21:23:44+00:00,17383293,67537956867,51406382938974296005368,0,55909275572880595,1.3138048819185717
2025-06-30 21:23:52+00:00,17383301,67537956868,51406382938974296005367,0,55909275572880595,1.3138048819380244
2025-06-30 21:24:45+00:00,17383354,67537956867,51406382939974296005367,0,55909275572880595,1.3138048818930144
2025-06-30 21:24:53+00:00,17383362,67537956880,51406382949974296005367,0,55909275583642255,1.313804881890329
2025-06-30 21:26:22+00:00,17383451,67537956881,51406382949215431417689,0,55909275583642255,1.3138048819291763
2025-06-30 21:26:31+00:00,17383460,67537956945,51406382998053460917737,0,55909275636622738,1.3138048819259929
2025-06-30 21:26:35+00:00,17383464,67537956878,51406382947035249077375,0,55909275581135635,1.313804881926537
2025-06-30 21:26:39+00:00,17383468,67537956879,51406382947035249077374,0,55909275581135635,1.31380488194599
2025-06-30 21:27:33+00:00,17383522,67537956878,51406382948035249077374,0,55909275581135635,1.31380488190098
2025-06-30 21:27:41+00:00,17383530,67537956891,51406382958035249077374,0,55909275591897295,1.3138048818982946
2025-06-30 21:29:11+00:00,17383620,67537956892,51406382957276384489701,0,55909275591897295,1.3138048819371417
2025-06-30 21:29:20+00:00,17383629,67537956956,51406383006114413989749,0,55909275644877778,1.3138048819339585
2025-06-30 21:29:28+00:00,17383637,67537956957,51406383006114413989748,0,55909275644877778,1.3138048819534114
2025-06-30 21:30:22+00:00,17383691,67537956956,51406383007114413989748,0,55909275644877778,1.3138048819084014
2025-06-30 21:30:30+00:00,17383699,67537956969,51406383017114413989748,0,55909275655639438,1.3138048819057158
2025-06-30 21:31:59+00:00,17383788,67537956970,51406383016355549402079,0,55909275655639438,1.3138048819445631
2025-06-30 21:32:03+00:00,17383792,67537956971,51406383015596684814433,0,55909275655639438,1.3138048819834105
2025-06-30 21:32:09+00:00,17383798,67537957035,51406383064434714314481,0,55909275708619921,1.3138048819802273
2025-06-30 21:32:17+00:00,17383806,67537957036,51406383064434714314480,0,55909275708619921,1.31380488199968
2025-06-30 21:33:13+00:00,17383862,67537957035,51406383065434714314480,0,55909275708619921,1.31380488195467
2025-06-30 21:33:21+00:00,17383870,67537957048,51406383075434714314480,0,55909275719381581,1.3138048819519845
2025-06-30 21:33:25+00:00,17383874,67537957047,51406383074638525690612,0,55909275718515651,1.31380488195288
2025-06-30 21:34:51+00:00,17383960,67537957048,51406383073879661102970,0,55909275718515651,1.3138048819917274
2025-06-30 21:34:56+00:00,17383965,67537957049,51406383073120796515351,0,55909275718515651,1.3138048820305748
2025-06-30 21:35:00+00:00,17383969,67537957113,51406383121958826015399,0,55909275771496134,1.3138048820273913
2025-06-30 21:35:05+00:00,17383974,67537957046,51406383070940614175142,0,55909275716009031,1.3138048820279355
2025-06-30 21:35:09+00:00,17383978,67537957047,51406383070940614175141,0,55909275716009031,1.3138048820473884
2025-06-30 21:36:02+00:00,17384031,67537957046,51406383071940614175141,0,55909275716009031,1.3138048820023784
2025-06-30 21:36:06+00:00,17384035,67537957045,51406383072940614175141,0,55909275716009031,1.3138048819573682
2025-06-30 21:36:11+00:00,17384040,67537957058,51406383082940614175141,0,55909275726770691,1.3138048819546828
2025-06-30 21:36:15+00:00,17384044,67537957057,51406383082144425551262,0,55909275725904761,1.3138048819555783
2025-06-30 21:37:40+00:00,17384129,67537957058,51406383081385560963622,0,55909275725904761,1.3138048819944257
2025-06-30 21:37:49+00:00,17384138,67537957122,51406383130223590463670,0,55909275778885244,1.3138048819912425
2025-06-30 21:37:53+00:00,17384142,67537957055,51406383079205378621953,0,55909275723398141,1.3138048819917867
2025-06-30 21:37:57+00:00,17384146,67537957056,51406383079205378621952,0,55909275723398141,1.3138048820112396
2025-06-30 21:38:50+00:00,17384199,67537957055,51406383080205378621952,0,55909275723398141,1.3138048819662294
2025-06-30 21:38:54+00:00,17384203,67537957054,51406383081205378621952,0,55909275723398141,1.3138048819212194
2025-06-30 21:38:59+00:00,17384208,67537957067,51406383091205378621952,0,55909275734159801,1.313804881918534
2025-06-30 21:40:30+00:00,17384299,67537957068,51406383090446514034291,0,55909275734159801,1.3138048819573813
2025-06-30 21:40:35+00:00,17384304,67537957069,51406383089687649446652,0,55909275734159801,1.3138048819962285
2025-06-30 21:40:40+00:00,17384309,67537957133,51406383138525678946700,0,55909275787140284,1.3138048819930452
2025-06-30 21:40:49+00:00,17384318,67537957134,51406383138525678946699,0,55909275787140284,1.3138048820124981
2025-06-30 21:41:43+00:00,17384372,67537957133,51406383139525678946699,0,55909275787140284,1.313804881967488
2025-06-30 21:41:51+00:00,17384380,67537957146,51406383149525678946699,0,55909275797901944,1.3138048819648025
2025-06-30 21:43:20+00:00,17384469,67537957147,51406383148766814359064,0,55909275797901944,1.3138048820036499
2025-06-30 21:43:29+00:00,17384478,67537957211,51406383197604843859112,0,55909275850882427,1.3138048820004666
2025-06-30 21:43:37+00:00,17384486,67537957212,51406383197604843859111,0,55909275850882427,1.3138048820199195
2025-06-30 21:44:31+00:00,17384540,67537957211,51406383198604843859111,0,55909275850882427,1.3138048819749093
2025-06-30 21:44:39+00:00,17384548,67537957224,51406383208604843859111,0,55909275861644087,1.313804881972224
2025-06-30 21:46:08+00:00,17384637,67537957225,51406383207845979271481,0,55909275861644087,1.3138048820110713
2025-06-30 21:46:17+00:00,17384646,67537957289,51406383256684008771529,0,55909275914624570,1.313804882007888
2025-06-30 21:46:21+00:00,17384650,67537957222,51406383205665796928171,0,55909275859137467,1.313804882008432
2025-06-30 21:46:25+00:00,17384654,67537957223,51406383205665796928170,0,55909275859137467,1.313804882027885
2025-06-30 21:47:19+00:00,17384708,67537957222,51406383206665796928170,0,55909275859137467,1.313804881982875
2025-06-30 21:47:27+00:00,17384716,67537957235,51406383216665796928170,0,55909275869899127,1.3138048819801895
2025-06-30 21:48:55+00:00,17384804,67537957236,51406383215906932340544,0,55909275869899127,1.313804882019037
2025-06-30 21:48:59+00:00,17384808,67537957237,51406383215148067752941,0,55909275869899127,1.313804882057884
2025-06-30 21:49:04+00:00,17384813,67537957301,51406383263986097252989,0,55909275922879610,1.3138048820547008
2025-06-30 21:49:09+00:00,17384818,67537957234,51406383212967885409917,0,55909275867392507,1.313804882055245
2025-06-30 21:50:07+00:00,17384876,67537957233,51406383213967885409917,0,55909275867392507,1.313804882010235
2025-06-30 21:50:12+00:00,17384881,67537957232,51406383214967885409917,0,55909275867392507,1.3138048819652248
2025-06-30 21:50:20+00:00,17384889,67537957231,51406383214171696785995,0,55909275866526577,1.3138048819661203
2025-06-30 21:51:46+00:00,17384975,67537957232,51406383213412832198361,0,55909275866526577,1.3138048820049677
2025-06-30 21:51:55+00:00,17384984,67537957296,51406383262250861698409,0,55909275919507060,1.3138048820017845
2025-06-30 21:52:02+00:00,17384991,67537957297,51406383262250861698408,0,55909275919507060,1.3138048820212374
2025-06-30 21:52:55+00:00,17385044,67537957296,51406383263250861698408,0,55909275919507060,1.3138048819762271
2025-06-30 21:53:00+00:00,17385049,67537957295,51406383264250861698408,0,55909275919507060,1.3138048819312171
2025-06-30 21:53:08+00:00,17385057,67537957294,51406383263454673074465,0,55909275918641130,1.3138048819321126
2025-06-30 21:54:34+00:00,17385143,67537957295,51406383262695808486811,0,55909275918641130,1.31380488197096
2025-06-30 21:54:38+00:00,17385147,67537957296,51406383261936943899180,0,55909275918641130,1.3138048820098074
2025-06-30 21:54:43+00:00,17385152,67537957360,51406383310774973399228,0,55909275971621613,1.313804882006624
2025-06-30 21:54:47+00:00,17385156,67537957293,51406383259756761554198,0,55909275916134510,1.3138048820071682
2025-06-30 21:54:51+00:00,17385160,67537957294,51406383259756761554197,0,55909275916134510,1.313804882026621
2025-06-30 21:55:45+00:00,17385214,67537957293,51406383260756761554197,0,55909275916134510,1.313804881981611
2025-06-30 21:55:53+00:00,17385222,67537957306,51406383270756761554197,0,55909275926896170,1.3138048819789256
2025-06-30 21:57:23+00:00,17385312,67537957307,51406383269997896966570,0,55909275926896170,1.3138048820177728
2025-06-30 21:57:27+00:00,17385316,67537957308,51406383269239032378966,0,55909275926896170,1.3138048820566202
2025-06-30 21:57:32+00:00,17385321,67537957372,51406383318077061879014,0,55909275979876653,1.313804882053437
2025-06-30 21:57:36+00:00,17385325,67537957305,51406383267058850034270,0,55909275924389550,1.3138048820539812
2025-06-30 21:57:41+00:00,17385330,67537957306,51406383267058850034269,0,55909275924389550,1.313804882073434
2025-06-30 21:58:34+00:00,17385383,67537957305,51406383268058850034269,0,55909275924389550,1.3138048820284238
2025-06-30 21:58:42+00:00,17385391,67537957318,51406383278058850034269,0,55909275935151210,1.3138048820257384
2025-06-30 22:00:13+00:00,17385482,67537957319,51406383277299985446670,0,55909275935151210,1.3138048820645858
2025-06-30 22:00:23+00:00,17385492,67537957383,51406383326138014946718,0,55909275988131693,1.3138048820614026
2025-06-30 22:00:27+00:00,17385496,67537957316,51406383275119803101507,0,55909275932644590,1.3138048820619466
2025-06-30 22:00:32+00:00,17385501,67537957317,51406383275119803101506,0,55909275932644590,1.3138048820813994
2025-06-30 22:01:27+00:00,17385556,67537957316,51406383276119803101506,0,55909275932644590,1.3138048820363895
2025-06-30 22:01:35+00:00,17385564,67537957329,51406383286119803101506,0,55909275943406250,1.313804882033704
2025-06-30 22:03:05+00:00,17385654,67537957330,51406383285360938513911,0,55909275943406250,1.3138048820725512
2025-06-30 22:03:14+00:00,17385663,67537957394,51406383334198968013959,0,55909275996386733,1.313804882069368
2025-06-30 22:03:22+00:00,17385671,67537957395,51406383334198968013958,0,55909275996386733,1.3138048820888208
2025-06-30 22:04:15+00:00,17385724,67537957394,51406383335198968013958,0,55909275996386733,1.3138048820438109
2025-06-30 22:04:23+00:00,17385732,67537957407,51406383345198968013958,0,55909276007148393,1.3138048820411252
2025-06-30 22:04:28+00:00,17385737,67537957406,51406383344402779390010,0,55909276006282463,1.313804882042021
2025-06-30 22:05:54+00:00,17385823,67537957407,51406383343643914802420,0,55909276006282463,1.313804882080868
2025-06-30 22:06:03+00:00,17385832,67537957471,51406383392481944302468,0,55909276059262946,1.3138048820776849
2025-06-30 22:06:11+00:00,17385840,67537957472,51406383392481944302467,0,55909276059262946,1.3138048820971377
2025-06-30 22:07:06+00:00,17385895,67537957471,51406383393481944302467,0,55909276059262946,1.3138048820521278
2025-06-30 22:07:15+00:00,17385904,67537957484,51406383403481944302467,0,55909276070024606,1.3138048820494421
2025-06-30 22:08:44+00:00,17385993,67537957485,51406383402723079714881,0,55909276070024606,1.3138048820882895
2025-06-30 22:08:53+00:00,17386002,67537957549,51406383451561109214929,0,55909276123005089,1.3138048820851063
2025-06-30 22:08:57+00:00,17386006,67537957482,51406383400542897368316,0,55909276067517986,1.3138048820856505
2025-06-30 22:09:01+00:00,17386010,67537957483,51406383400542897368315,0,55909276067517986,1.3138048821051034
2025-06-30 22:09:58+00:00,17386067,67537957482,51406383401542897368315,0,55909276067517986,1.3138048820600932
2025-06-30 22:10:03+00:00,17386072,67537957481,51406383402542897368315,0,55909276067517986,1.3138048820150832
2025-06-30 22:10:08+00:00,17386077,67537957494,51406383412542897368315,0,55909276078279646,1.3138048820123978
2025-06-30 22:10:13+00:00,17386082,67537957493,51406383411746708744337,0,55909276077413716,1.3138048820132933
2025-06-30 22:11:43+00:00,17386172,67537957494,51406383410987844156730,0,55909276077413716,1.3138048820521406
2025-06-30 22:11:47+00:00,17386176,67537957495,51406383410228979569146,0,55909276077413716,1.3138048820909878
2025-06-30 22:11:52+00:00,17386181,67537957559,51406383459067009069194,0,55909276130394199,1.3138048820878045
2025-06-30 22:12:00+00:00,17386189,67537957560,51406383459067009069193,0,55909276130394199,1.3138048821072574
2025-06-30 22:12:55+00:00,17386244,67537957559,51406383460067009069193,0,55909276130394199,1.3138048820622474
2025-06-30 22:13:03+00:00,17386252,67537957572,51406383470067009069193,0,55909276141155859,1.3138048820595618
2025-06-30 22:13:07+00:00,17386256,67537957571,51406383469270820445219,0,55909276140289929,1.3138048820604575
2025-06-30 22:14:32+00:00,17386341,67537957572,51406383468511955857640,0,55909276140289929,1.3138048820993047
2025-06-30 22:14:37+00:00,17386346,67537957573,51406383467753091270083,0,55909276140289929,1.313804882138152
2025-06-30 22:14:42+00:00,17386351,67537957637,51406383516591120770131,0,55909276193270412,1.3138048821349688
2025-06-30 22:14:50+00:00,17386359,67537957638,51406383516591120770130,0,55909276193270412,1.3138048821544217
2025-06-30 22:15:44+00:00,17386413,67537957637,51406383517591120770130,0,55909276193270412,1.3138048821094115
2025-06-30 22:15:52+00:00,17386421,67537957650,51406383527591120770130,0,55909276204032072,1.313804882106726
2025-06-30 22:15:56+00:00,17386425,67537957649,51406383526794932146160,0,55909276203166142,1.3138048821076216
2025-06-30 22:17:24+00:00,17386513,67537957650,51406383526036067558608,0,55909276203166142,1.313804882146469
2025-06-30 22:17:33+00:00,17386522,67537957714,51406383574874097058656,0,55909276256146625,1.3138048821432857
2025-06-30 22:17:41+00:00,17386530,67537957715,51406383574874097058655,0,55909276256146625,1.3138048821627386
2025-06-30 22:18:35+00:00,17386584,67537957714,51406383575874097058655,0,55909276256146625,1.3138048821177284
2025-06-30 22:18:42+00:00,17386591,67537957727,51406383585874097058655,0,55909276266908285,1.313804882115043
2025-06-30 22:18:46+00:00,17386595,67537957726,51406383585077908434678,0,55909276266042355,1.3138048821159385
2025-06-30 22:20:12+00:00,17386681,67537957727,51406383584319043847131,0,55909276266042355,1.3138048821547859
2025-06-30 22:20:21+00:00,17386690,67537957791,51406383633157073347179,0,55909276319022838,1.3138048821516026
2025-06-30 22:20:29+00:00,17386698,67537957792,51406383633157073347178,0,55909276319022838,1.3138048821710555
2025-06-30 22:21:22+00:00,17386751,67537957791,51406383634157073347178,0,55909276319022838,1.3138048821260453
2025-06-30 22:21:30+00:00,17386759,67537957804,51406383644157073347178,0,55909276329784498,1.3138048821233599
2025-06-30 22:22:58+00:00,17386847,67537957805,51406383643398208759635,0,55909276329784498,1.3138048821622073
2025-06-30 22:23:07+00:00,17386856,67537957869,51406383692236238259683,0,55909276382764981,1.313804882159024
2025-06-30 22:23:15+00:00,17386864,67537957870,51406383692236238259682,0,55909276382764981,1.3138048821784767
2025-06-30 22:24:08+00:00,17386917,67537957869,51406383693236238259682,0,55909276382764981,1.3138048821334667
2025-06-30 22:24:16+00:00,17386925,67537957882,51406383703236238259682,0,55909276393526641,1.3138048821307813
2025-06-30 22:24:21+00:00,17386930,67537957881,51406383702440049635691,0,55909276392660711,1.3138048821316768
2025-06-30 22:25:46+00:00,17387015,67537957882,51406383701681185048153,0,55909276392660711,1.3138048821705242
2025-06-30 22:25:55+00:00,17387024,67537957946,51406383750519214548201,0,55909276445641194,1.3138048821673407
2025-06-30 22:26:03+00:00,17387032,67537957947,51406383750519214548200,0,55909276445641194,1.3138048821867936
2025-06-30 22:26:55+00:00,17387084,67537957946,51406383751519214548200,0,55909276445641194,1.3138048821417836
2025-06-30 22:27:03+00:00,17387092,67537957959,51406383761519214548200,0,55909276456402854,1.3138048821390982
2025-06-30 22:28:35+00:00,17387184,67537957960,51406383760760349960666,0,55909276456402854,1.3138048821779456
2025-06-30 22:28:39+00:00,17387188,67537957961,51406383760001485373154,0,55909276456402854,1.3138048822167927
2025-06-30 22:28:44+00:00,17387193,67537958025,51406383808839514873202,0,55909276509383337,1.3138048822136095
2025-06-30 22:28:52+00:00,17387201,67537958026,51406383808839514873201,0,55909276509383337,1.3138048822330624
2025-06-30 22:29:45+00:00,17387254,67537958025,51406383809839514873201,0,55909276509383337,1.3138048821880521
2025-06-30 22:29:53+00:00,17387262,67537958038,51406383819839514873201,0,55909276520144997,1.3138048821853667
2025-06-30 22:31:25+00:00,17387354,67537958039,51406383819080650285694,0,55909276520144997,1.313804882224214
2025-06-30 22:31:34+00:00,17387363,67537958103,51406383867918679785742,0,55909276573125480,1.3138048822210309
2025-06-30 22:31:42+00:00,17387371,67537958104,51406383867918679785741,0,55909276573125480,1.3138048822404838
2025-06-30 22:32:36+00:00,17387425,67537958103,51406383868918679785741,0,55909276573125480,1.3138048821954735
2025-06-30 22:32:40+00:00,17387429,67537958102,51406383869918679785741,0,55909276573125480,1.3138048821504635
2025-06-30 22:32:44+00:00,17387433,67537958115,51406383879918679785741,0,55909276583887140,1.3138048821477781
2025-06-30 22:32:49+00:00,17387438,67537958114,51406383879122491161724,0,55909276583021210,1.3138048821486736
2025-06-30 22:34:13+00:00,17387522,67537958115,51406383878363626574196,0,55909276583021210,1.313804882187521
2025-06-30 22:34:23+00:00,17387532,67537958179,51406383927201656074244,0,55909276636001693,1.3138048821843376
2025-06-30 22:34:31+00:00,17387540,67537958180,51406383927201656074243,0,55909276636001693,1.3138048822037904
2025-06-30 22:35:26+00:00,17387595,67537958179,51406383928201656074243,0,55909276636001693,1.3138048821587804
2025-06-30 22:35:34+00:00,17387603,67537958192,51406383938201656074243,0,55909276646763353,1.313804882156095
2025-06-30 22:35:38+00:00,17387607,67537958191,51406383937405467450219,0,55909276645897423,1.3138048821569905
2025-06-30 22:37:03+00:00,17387692,67537958192,51406383936646602862695,0,55909276645897423,1.313804882195838
2025-06-30 22:37:12+00:00,17387701,67537958256,51406383985484632362743,0,55909276698877906,1.3138048821926545
2025-06-30 22:37:21+00:00,17387710,67537958257,51406383985484632362742,0,55909276698877906,1.3138048822121073
2025-06-30 22:38:14+00:00,17387763,67537958256,51406383986484632362742,0,55909276698877906,1.3138048821670973
2025-06-30 22:38:18+00:00,17387767,67537958255,51406383987484632362742,0,55909276698877906,1.3138048821220871
2025-06-30 22:38:22+00:00,17387771,67537958268,51406383997484632362742,0,55909276709639566,1.3138048821194017
2025-06-30 22:39:50+00:00,17387859,67537958269,51406383996725767775197,0,55909276709639566,1.313804882158249
2025-06-30 22:39:54+00:00,17387863,67537958270,51406383995966903187674,0,55909276709639566,1.3138048821970965
2025-06-30 22:40:00+00:00,17387869,67537958334,51406384044804932687722,0,55909276762620049,1.3138048821939132
2025-06-30 22:40:08+00:00,17387877,67537958335,51406384044804932687721,0,55909276762620049,1.3138048822133659
2025-06-30 22:41:01+00:00,17387930,67537958334,51406384045804932687721,0,55909276762620049,1.313804882168356
2025-06-30 22:41:09+00:00,17387938,67537958347,51406384055804932687721,0,55909276773381709,1.3138048821656705
2025-06-30 22:41:13+00:00,17387942,67537958346,51406384055008744063678,0,55909276772515779,1.313804882166566
2025-06-30 22:42:40+00:00,17388029,67537958347,51406384054249879476160,0,55909276772515779,1.3138048822054134
2025-06-30 22:42:44+00:00,17388033,67537958348,51406384053491014888664,0,55909276772515779,1.3138048822442607
2025-06-30 22:42:50+00:00,17388039,67537958412,51406384102329044388712,0,55909276825496262,1.3138048822410773
2025-06-30 22:42:58+00:00,17388047,67537958413,51406384102329044388711,0,55909276825496262,1.3138048822605302
2025-06-30 22:43:52+00:00,17388101,67537958412,51406384103329044388711,0,55909276825496262,1.3138048822155202
2025-06-30 22:44:00+00:00,17388109,67537958425,51406384113329044388711,0,55909276836257922,1.3138048822128348
2025-06-30 22:45:31+00:00,17388200,67537958426,51406384112570179801220,0,55909276836257922,1.313804882251682
2025-06-30 22:45:41+00:00,17388210,67537958490,51406384161408209301268,0,55909276889238405,1.3138048822484987
2025-06-30 22:45:48+00:00,17388217,67537958491,51406384161408209301267,0,55909276889238405,1.3138048822679516
2025-06-30 22:46:42+00:00,17388271,67537958490,51406384162408209301267,0,55909276889238405,1.3138048822229413
2025-06-30 22:46:46+00:00,17388275,67537958489,51406384163408209301267,0,55909276889238405,1.3138048821779313
2025-06-30 22:46:54+00:00,17388283,67537958488,51406384162612020677208,0,55909276888372475,1.3138048821788268
2025-06-30 22:48:22+00:00,17388371,67537958489,51406384161853156089697,0,55909276888372475,1.3138048822176742
2025-06-30 22:48:31+00:00,17388380,67537958553,51406384210691185589745,0,55909276941352958,1.313804882214491
2025-06-30 22:48:35+00:00,17388384,67537958486,51406384159672973736491,0,55909276885865855,1.3138048822150352
2025-06-30 22:48:40+00:00,17388389,67537958487,51406384159672973736490,0,55909276885865855,1.3138048822344879
2025-06-30 22:49:33+00:00,17388442,67537958486,51406384160672973736490,0,55909276885865855,1.3138048821894779
2025-06-30 22:49:38+00:00,17388447,67537958485,51406384161672973736490,0,55909276885865855,1.313804882144468
2025-06-30 22:49:46+00:00,17388455,67537958484,51406384160876785112410,0,55909276884999925,1.3138048821453634
2025-06-30 22:51:13+00:00,17388542,67537958485,51406384160117920524880,0,55909276884999925,1.3138048821842108
2025-06-30 22:51:17+00:00,17388546,67537958486,51406384159359055937372,0,55909276884999925,1.313804882223058
2025-06-30 22:51:22+00:00,17388551,67537958550,51406384208197085437420,0,55909276937980408,1.3138048822198747
2025-06-30 22:51:27+00:00,17388556,67537958483,51406384157178873583564,0,55909276882493305,1.313804882220419
2025-06-30 22:52:25+00:00,17388614,67537958482,51406384158178873583564,0,55909276882493305,1.313804882175409
2025-06-30 22:52:34+00:00,17388623,67537958495,51406384168178873583564,0,55909276893254965,1.3138048821727235
2025-06-30 22:54:04+00:00,17388713,67537958496,51406384167420008996049,0,55909276893254965,1.3138048822115707
2025-06-30 22:54:13+00:00,17388722,67537958560,51406384216258038496097,0,55909276946235448,1.3138048822083874
2025-06-30 22:54:17+00:00,17388726,67537958493,51406384165239826641774,0,55909276890748345,1.3138048822089317
2025-06-30 22:54:21+00:00,17388730,67537958494,51406384165239826641773,0,55909276890748345,1.3138048822283845
2025-06-30 22:55:13+00:00,17388782,67537958493,51406384166239826641773,0,55909276890748345,1.3138048821833743
2025-06-30 22:55:22+00:00,17388791,67537958506,51406384176239826641773,0,55909276901510005,1.313804882180689
2025-06-30 22:56:50+00:00,17388879,67537958507,51406384175480962054263,0,55909276901510005,1.3138048822195363
2025-06-30 22:56:59+00:00,17388888,67537958571,51406384224318991554311,0,55909276954490488,1.313804882216353
2025-06-30 22:57:07+00:00,17388896,67537958572,51406384224318991554310,0,55909276954490488,1.313804882235806
2025-06-30 22:57:58+00:00,17388947,67537958571,51406384225318991554310,0,55909276954490488,1.3138048821907957
2025-06-30 22:58:02+00:00,17388951,67537958570,51406384226318991554310,0,55909276954490488,1.3138048821457857
2025-06-30 22:58:06+00:00,17388955,67537958583,51406384236318991554310,0,55909276965252148,1.3138048821431003
2025-06-30 22:58:11+00:00,17388960,67537958582,51406384235522802930204,0,55909276964386218,1.3138048821439958
2025-06-30 22:59:38+00:00,17389047,67537958583,51406384234763938342673,0,55909276964386218,1.3138048821828432
2025-06-30 22:59:48+00:00,17389057,67537958647,51406384283601967842721,0,55909277017366701,1.3138048821796597
2025-06-30 22:59:56+00:00,17389065,67537958648,51406384283601967842720,0,55909277017366701,1.3138048821991126
2025-06-30 23:00:53+00:00,17389122,67537958647,51406384284601967842720,0,55909277017366701,1.3138048821541026
2025-06-30 23:01:01+00:00,17389130,67537958660,51406384294601967842720,0,55909277028128361,1.3138048821514172
2025-06-30 23:02:37+00:00,17389226,67537958661,51406384293843103255193,0,55909277028128361,1.3138048821902644
2025-06-30 23:02:46+00:00,17389235,67537958725,51406384342681132755241,0,55909277081108844,1.3138048821870811
2025-06-30 23:02:54+00:00,17389243,67537958726,51406384342681132755240,0,55909277081108844,1.313804882206534
2025-06-30 23:03:49+00:00,17389298,67537958725,51406384343681132755240,0,55909277081108844,1.313804882161524
2025-06-30 23:03:54+00:00,17389303,67537958724,51406384344681132755240,0,55909277081108844,1.3138048821165138
2025-06-30 23:04:02+00:00,17389311,67537958723,51406384343884944131106,0,55909277080242914,1.3138048821174093
2025-06-30 23:05:34+00:00,17389403,67537958724,51406384343126079543559,0,55909277080242914,1.3138048821562567
2025-06-30 23:05:44+00:00,17389413,67537958788,51406384391964109043607,0,55909277133223397,1.3138048821530735
2025-06-30 23:05:52+00:00,17389421,67537958789,51406384391964109043606,0,55909277133223397,1.3138048821725263
2025-06-30 23:06:48+00:00,17389477,67537958788,51406384392964109043606,0,55909277133223397,1.3138048821275161
2025-06-30 23:06:53+00:00,17389482,67537958787,51406384393964109043606,0,55909277133223397,1.3138048820825061
2025-06-30 23:07:01+00:00,17389490,67537958786,51406384393167920419450,0,55909277132357467,1.3138048820834016
2025-06-30 23:08:33+00:00,17389582,67537958787,51406384392409055831884,0,55909277132357467,1.313804882122249
2025-06-30 23:08:42+00:00,17389591,67537958851,51406384441247085331932,0,55909277185337950,1.3138048821190658
2025-06-30 23:08:50+00:00,17389599,67537958852,51406384441247085331931,0,55909277185337950,1.3138048821385184
2025-06-30 23:09:45+00:00,17389654,67537958851,51406384442247085331931,0,55909277185337950,1.3138048820935084
2025-06-30 23:09:53+00:00,17389662,67537958864,51406384452247085331931,0,55909277196099610,1.313804882090823
2025-06-30 23:09:58+00:00,17389667,67537958863,51406384451450896707768,0,55909277195233680,1.3138048820917185
2025-06-30 23:11:28+00:00,17389757,67537958864,51406384450692032120207,0,55909277195233680,1.313804882130566
2025-06-30 23:11:33+00:00,17389762,67537958865,51406384449933167532668,0,55909277195233680,1.3138048821694133
2025-06-30 23:11:38+00:00,17389767,67537958929,51406384498771197032716,0,55909277248214163,1.3138048821662298
2025-06-30 23:11:42+00:00,17389771,67537958862,51406384447752985173574,0,55909277192727060,1.313804882166774
2025-06-30 23:11:46+00:00,17389775,67537958863,51406384447752985173573,0,55909277192727060,1.313804882186227
2025-06-30 23:12:40+00:00,17389829,67537958862,51406384448752985173573,0,55909277192727060,1.313804882141217
2025-06-30 23:12:48+00:00,17389837,67537958875,51406384458752985173573,0,55909277203488720,1.3138048821385315
2025-06-30 23:14:19+00:00,17389928,67537958876,51406384457994120586039,0,55909277203488720,1.3138048821773787
2025-06-30 23:14:23+00:00,17389932,67537958877,51406384457235255998527,0,55909277203488720,1.313804882216226
2025-06-30 23:14:28+00:00,17389937,67537958941,51406384506073285498575,0,55909277256469203,1.3138048822130428
2025-06-30 23:14:33+00:00,17389942,67537958874,51406384455055073639719,0,55909277200982100,1.313804882213587
2025-06-30 23:15:33+00:00,17390002,67537958873,51406384456055073639719,0,55909277200982100,1.3138048821685768
2025-06-30 23:15:41+00:00,17390010,67537958886,51406384466055073639719,0,55909277211743760,1.3138048821658914
2025-06-30 23:15:45+00:00,17390014,67537958885,51406384465258885015565,0,55909277210877830,1.313804882166787
2025-06-30 23:17:13+00:00,17390102,67537958886,51406384464500020428047,0,55909277210877830,1.3138048822056343
2025-06-30 23:17:17+00:00,17390106,67537958887,51406384463741155840551,0,55909277210877830,1.3138048822444817
2025-06-30 23:17:22+00:00,17390111,67537958951,51406384512579185340599,0,55909277263858313,1.3138048822412984
2025-06-30 23:17:27+00:00,17390116,67537958884,51406384461560973482029,0,55909277208371210,1.3138048822418427
2025-06-30 23:18:25+00:00,17390174,67537958883,51406384462560973482029,0,55909277208371210,1.3138048821968324
2025-06-30 23:18:32+00:00,17390181,67537958896,51406384472560973482029,0,55909277219132870,1.313804882194147
2025-06-30 23:18:36+00:00,17390185,67537958895,51406384471764784857879,0,55909277218266940,1.3138048821950425
2025-06-30 23:20:01+00:00,17390270,67537958896,51406384471005920270377,0,55909277218266940,1.31380488223389
2025-06-30 23:20:06+00:00,17390275,67537958897,51406384470247055682898,0,55909277218266940,1.3138048822727373
2025-06-30 23:20:11+00:00,17390280,67537958961,51406384519085085182946,0,55909277271247423,1.3138048822695538
2025-06-30 23:20:15+00:00,17390284,67537958894,51406384468066873324662,0,55909277215760320,1.313804882270098
2025-06-30 23:20:20+00:00,17390289,67537958895,51406384468066873324661,0,55909277215760320,1.313804882289551
2025-06-30 23:21:13+00:00,17390342,67537958894,51406384469066873324661,0,55909277215760320,1.313804882244541
2025-06-30 23:21:21+00:00,17390350,67537958907,51406384479066873324661,0,55909277226521980,1.3138048822418555
2025-06-30 23:22:51+00:00,17390440,67537958908,51406384478308008737186,0,55909277226521980,1.3138048822807027
2025-06-30 23:22:59+00:00,17390448,67537958972,51406384527146038237234,0,55909277279502463,1.3138048822775195
2025-06-30 23:23:04+00:00,17390453,67537958905,51406384476127826378483,0,55909277224015360,1.3138048822780637
2025-06-30 23:24:01+00:00,17390510,67537958904,51406384477127826378483,0,55909277224015360,1.3138048822330537
2025-06-30 23:24:06+00:00,17390515,67537958903,51406384478127826378483,0,55909277224015360,1.3138048821880435
2025-06-30 23:24:15+00:00,17390524,67537958902,51406384477331637754317,0,55909277223149430,1.3138048821889392
2025-06-30 23:25:42+00:00,17390611,67537958903,51406384476572773166812,0,55909277223149430,1.3138048822277864
2025-06-30 23:25:50+00:00,17390619,67537958967,51406384525410802666860,0,55909277276129913,1.3138048822246031
2025-06-30 23:25:55+00:00,17390624,67537958900,51406384474392590806753,0,55909277220642810,1.3138048822251474
2025-06-30 23:26:51+00:00,17390680,67537958899,51406384475392590806753,0,55909277220642810,1.3138048821801374
2025-06-30 23:27:00+00:00,17390689,67537958912,51406384485392590806753,0,55909277231404470,1.3138048821774517
2025-06-30 23:28:30+00:00,17390779,67537958913,51406384484633726219241,0,55909277231404470,1.313804882216299
2025-06-30 23:28:39+00:00,17390788,67537958977,51406384533471755719289,0,55909277284384953,1.3138048822131159
2025-06-30 23:28:48+00:00,17390797,67537958978,51406384533471755719288,0,55909277284384953,1.3138048822325687
2025-06-30 23:29:41+00:00,17390850,67537958977,51406384534471755719288,0,55909277284384953,1.3138048821875585
2025-06-30 23:29:49+00:00,17390858,67537958990,51406384544471755719288,0,55909277295146613,1.3138048821848731
2025-06-30 23:31:19+00:00,17390948,67537958991,51406384543712891131780,0,55909277295146613,1.3138048822237205
2025-06-30 23:31:28+00:00,17390957,67537959055,51406384592550920631828,0,55909277348127096,1.3138048822205373
2025-06-30 23:31:36+00:00,17390965,67537959056,51406384592550920631827,0,55909277348127096,1.31380488223999
2025-06-30 23:32:32+00:00,17391021,67537959055,51406384593550920631827,0,55909277348127096,1.31380488219498
2025-06-30 23:32:40+00:00,17391029,67537959068,51406384603550920631827,0,55909277358888756,1.3138048821922945
2025-06-30 23:32:44+00:00,17391033,67537959067,51406384602754732007639,0,55909277358022826,1.31380488219319
2025-06-30 23:34:14+00:00,17391123,67537959068,51406384601995867420136,0,55909277358022826,1.3138048822320374
2025-06-30 23:34:19+00:00,17391128,67537959069,51406384601237002832656,0,55909277358022826,1.3138048822708848
2025-06-30 23:34:24+00:00,17391133,67537959133,51406384650075032332704,0,55909277411003309,1.3138048822677013
2025-06-30 23:34:28+00:00,17391137,67537959066,51406384599056820471949,0,55909277355516206,1.3138048822682455
2025-06-30 23:34:33+00:00,17391142,67537959067,51406384599056820471948,0,55909277355516206,1.3138048822876984
2025-06-30 23:35:28+00:00,17391197,67537959066,51406384600056820471948,0,55909277355516206,1.3138048822426884
2025-06-30 23:35:36+00:00,17391205,67537959079,51406384610056820471948,0,55909277366277866,1.313804882240003
2025-06-30 23:35:41+00:00,17391210,67537959078,51406384609260631847764,0,55909277365411936,1.3138048822408985
2025-06-30 23:37:12+00:00,17391301,67537959079,51406384608501767260289,0,55909277365411936,1.3138048822797457
2025-06-30 23:37:17+00:00,17391306,67537959080,51406384607742902672836,0,55909277365411936,1.313804882318593
2025-06-30 23:37:22+00:00,17391311,67537959144,51406384656580932172884,0,55909277418392419,1.3138048823154098
2025-06-30 23:37:27+00:00,17391316,67537959077,51406384605562720312415,0,55909277362905316,1.313804882315954
2025-06-30 23:38:28+00:00,17391377,67537959076,51406384606562720312415,0,55909277362905316,1.313804882270944
2025-06-30 23:38:33+00:00,17391382,67537959075,51406384607562720312415,0,55909277362905316,1.3138048822259338
2025-06-30 23:38:41+00:00,17391390,67537959074,51406384606766531688222,0,55909277362039386,1.3138048822268293
2025-06-30 23:40:14+00:00,17391483,67537959075,51406384606007667100739,0,55909277362039386,1.3138048822656767
2025-06-30 23:40:23+00:00,17391492,67537959139,51406384654845696600787,0,55909277415019869,1.3138048822624935
2025-06-30 23:40:31+00:00,17391500,67537959140,51406384654845696600786,0,55909277415019869,1.3138048822819464
2025-06-30 23:41:26+00:00,17391555,67537959139,51406384655845696600786,0,55909277415019869,1.3138048822369361
2025-06-30 23:41:34+00:00,17391563,67537959152,51406384665845696600786,0,55909277425781529,1.3138048822342507
2025-06-30 23:41:39+00:00,17391568,67537959151,51406384665049507976586,0,55909277424915599,1.3138048822351462
2025-06-30 23:43:04+00:00,17391653,67537959152,51406384664290643389107,0,55909277424915599,1.3138048822739936
2025-06-30 23:43:08+00:00,17391657,67537959153,51406384663531778801651,0,55909277424915599,1.313804882312841
2025-06-30 23:43:14+00:00,17391663,67537959217,51406384712369808301699,0,55909277477896082,1.3138048823096578
2025-06-30 23:43:22+00:00,17391671,67537959218,51406384712369808301698,0,55909277477896082,1.3138048823291104
2025-06-30 23:44:14+00:00,17391723,67537959217,51406384713369808301698,0,55909277477896082,1.3138048822841004
2025-06-30 23:44:19+00:00,17391728,67537959216,51406384714369808301698,0,55909277477896082,1.3138048822390904
2025-06-30 23:44:27+00:00,17391736,67537959215,51406384713573619677488,0,55909277477030152,1.313804882239986
2025-06-30 23:45:56+00:00,17391825,67537959216,51406384712814755090012,0,55909277477030152,1.3138048822788333
2025-06-30 23:46:05+00:00,17391834,67537959280,51406384761652784590060,0,55909277530010635,1.3138048822756498
2025-06-30 23:46:13+00:00,17391842,67537959281,51406384761652784590059,0,55909277530010635,1.3138048822951027
2025-06-30 23:47:07+00:00,17391896,67537959280,51406384762652784590059,0,55909277530010635,1.3138048822500927
2025-06-30 23:47:15+00:00,17391904,67537959293,51406384772652784590059,0,55909277540772295,1.3138048822474073
2025-06-30 23:47:20+00:00,17391909,67537959292,51406384771856595965842,0,55909277539906365,1.3138048822483028
2025-06-30 23:48:46+00:00,17391995,67537959293,51406384771097731378371,0,55909277539906365,1.3138048822871502
2025-06-30 23:48:54+00:00,17392003,67537959357,51406384819935760878419,0,55909277592886848,1.3138048822839667
2025-06-30 23:48:58+00:00,17392007,67537959290,51406384768917549015058,0,55909277537399745,1.313804882284511
2025-06-30 23:49:02+00:00,17392011,67537959291,51406384768917549015057,0,55909277537399745,1.3138048823039639
2025-06-30 23:49:55+00:00,17392064,67537959290,51406384769917549015057,0,55909277537399745,1.3138048822589539
2025-06-30 23:50:04+00:00,17392073,67537959303,51406384779917549015057,0,55909277548161405,1.3138048822562682
2025-06-30 23:51:35+00:00,17392164,67537959304,51406384779158684427591,0,55909277548161405,1.3138048822951156
2025-06-30 23:51:44+00:00,17392173,67537959368,51406384827996713927639,0,55909277601141888,1.3138048822919324
2025-06-30 23:51:52+00:00,17392181,67537959369,51406384827996713927638,0,55909277601141888,1.3138048823113853
2025-06-30 23:52:44+00:00,17392233,67537959368,51406384828996713927638,0,55909277601141888,1.313804882266375
2025-06-30 23:52:53+00:00,17392242,67537959381,51406384838996713927638,0,55909277611903548,1.3138048822636896
2025-06-30 23:54:27+00:00,17392336,67537959382,51406384838237849340176,0,55909277611903548,1.313804882302537
2025-06-30 23:54:31+00:00,17392340,67537959383,51406384837478984752736,0,55909277611903548,1.3138048823413844
2025-06-30 23:54:37+00:00,17392346,67537959447,51406384886317014252784,0,55909277664884031,1.313804882338201
2025-06-30 23:54:41+00:00,17392350,67537959380,51406384835298802389241,0,55909277609396928,1.3138048823387452
2025-06-30 23:54:45+00:00,17392354,67537959381,51406384835298802389240,0,55909277609396928,1.313804882358198
2025-06-30 23:55:40+00:00,17392409,67537959380,51406384836298802389240,0,55909277609396928,1.313804882313188
2025-06-30 23:55:47+00:00,17392416,67537959393,51406384846298802389240,0,55909277620158588,1.3138048823105026
2025-06-30 23:55:51+00:00,17392420,67537959392,51406384845502613765013,0,55909277619292658,1.3138048823113981
2025-06-30 23:57:16+00:00,17392505,67537959393,51406384844743749177579,0,55909277619292658,1.3138048823502455
2025-06-30 23:57:20+00:00,17392509,67537959394,51406384843984884590167,0,55909277619292658,1.3138048823890927
2025-06-30 23:57:26+00:00,17392515,67537959458,51406384892822914090215,0,55909277672273141,1.3138048823859094
2025-06-30 23:57:35+00:00,17392524,67537959459,51406384892822914090214,0,55909277672273141,1.3138048824053623
2025-06-30 23:58:29+00:00,17392578,67537959458,51406384893822914090214,0,55909277672273141,1.313804882360352
2025-06-30 23:58:37+00:00,17392586,67537959471,51406384903822914090214,0,55909277683034801,1.3138048823576667
