timestamp,block,token0_reserve,token1_reserve,k_last,total_supply,price
2025-05-16 00:00:10+00:00,13418404,67734988759,51253708628699525591595,0,55908812683691986,1.3215626843648887
2025-05-16 00:00:56+00:00,13418450,67734988760,51253708627945115670840,0,55908812683691986,1.3215626844038517
2025-05-16 00:01:04+00:00,13418458,67734988759,51253708628945115670840,0,55908812683691986,1.3215626843585562
2025-05-16 00:01:10+00:00,13418464,67734988772,51253708638945115670840,0,55908812694422253,1.321562684354349
2025-05-16 00:01:15+00:00,13418469,67734988771,51253708638151285113853,0,55908812693556323,1.321562684355307
2025-05-16 00:01:41+00:00,13418495,67734988772,51253708637396875193092,0,55908812693556323,1.32156268439427
2025-05-16 00:02:25+00:00,13418539,67734988773,51253708636642465272354,0,55908812693556323,1.321562684433233
2025-05-16 00:03:07+00:00,13418581,67734988774,51253708635888055351638,0,55908812693556323,1.3215626844721962
2025-05-16 00:03:13+00:00,13418587,67734988775,51253708635133645430944,0,55908812693556323,1.3215626845111592
2025-05-16 00:03:19+00:00,13418593,67734988839,51253708683971674930992,0,55908812746382256,1.3215626845005741
2025-05-16 00:03:24+00:00,13418598,67734988772,51253708633104563411735,0,55908812690895153,1.3215626845049462
2025-05-16 00:03:31+00:00,13418605,67734988773,51253708633104563411734,0,55908812690895153,1.321562684524457
2025-05-16 00:03:54+00:00,13418628,67734988774,51253708632350153491070,0,55908812690895153,1.3215626845634199
2025-05-16 00:04:36+00:00,13418670,67734988773,51253708633350153491070,0,55908812690895153,1.3215626845181245
2025-05-16 00:04:39+00:00,13418673,67734988774,51253708632595743570402,0,55908812690895153,1.3215626845570876
2025-05-16 00:04:41+00:00,13418675,67734988773,51253708633595743570402,0,55908812690895153,1.321562684511792
2025-05-16 00:04:46+00:00,13418680,67734988786,51253708643595743570402,0,55908812701625420,1.321562684507585
2025-05-16 00:04:51+00:00,13418685,67734988785,51253708642801913013445,0,55908812700759490,1.3215626845085429
2025-05-16 00:05:23+00:00,13418717,67734988786,51253708642047503092772,0,55908812700759490,1.321562684547506
2025-05-16 00:06:07+00:00,13418761,67734988787,51253708641293093172121,0,55908812700759490,1.321562684586469
2025-05-16 00:06:43+00:00,13418797,67734988788,51253708640538683251492,0,55908812700759490,1.321562684625432
2025-05-16 00:06:48+00:00,13418802,67734988789,51253708639784273330886,0,55908812700759490,1.321562684664395
2025-05-16 00:06:54+00:00,13418808,67734988853,51253708688622302830934,0,55908812753585423,1.32156268465381
2025-05-16 00:06:59+00:00,13418813,67734988786,51253708637755191313615,0,55908812698098320,1.321562684658182
2025-05-16 00:07:04+00:00,13418818,67734988787,51253708637755191313614,0,55908812698098320,1.3215626846776927
2025-05-16 00:07:38+00:00,13418852,67734988788,51253708637000781393037,0,55908812698098320,1.3215626847166557
2025-05-16 00:08:08+00:00,13418882,67734988787,51253708638000781393037,0,55908812698098320,1.3215626846713602
2025-05-16 00:08:13+00:00,13418887,67734988786,51253708639000781393037,0,55908812698098320,1.3215626846260649
2025-05-16 00:08:18+00:00,13418892,67734988799,51253708649000781393037,0,55908812708828587,1.3215626846218578
2025-05-16 00:08:23+00:00,13418897,67734988800,51253708648246371472429,0,55908812707962657,1.3215626846608208
2025-05-16 00:08:23+00:00,13418897,67734988799,51253708647452540915503,0,55908812707962657,1.3215626846617787
2025-05-16 00:09:07+00:00,13418941,67734988800,51253708646698130994917,0,55908812707962657,1.3215626847007418
2025-05-16 00:09:51+00:00,13418985,67734988801,51253708645943721074354,0,55908812707962657,1.3215626847397046
2025-05-16 00:10:07+00:00,13419001,67734988802,51253708645189311153813,0,55908812707962657,1.3215626847786677
2025-05-16 00:10:12+00:00,13419006,67734988803,51253708644434901233294,0,55908812707962657,1.3215626848176307
2025-05-16 00:10:18+00:00,13419012,67734988867,51253708693272930733342,0,55908812760788590,1.3215626848070459
2025-05-16 00:10:19+00:00,13419013,67734975692,51253718693272930733342,0,55908812760788590,1.3215621699053466
2025-05-16 00:10:29+00:00,13419023,67734975693,51253718693272930733341,0,55908812760788590,1.3215621699248574
2025-05-16 00:10:34+00:00,13419028,67734962518,51253728693272930733341,0,55908812760788590,1.321561655023359
2025-05-16 00:10:36+00:00,13419030,67734962519,51253728692518520224989,0,55908812760788590,1.3215616550623221
2025-05-16 00:10:48+00:00,13419042,67734949344,51253738692518520224989,0,55908812760788590,1.3215611401610246
2025-05-16 00:11:03+00:00,13419057,67734936169,51253748692518520224989,0,55908812760788590,1.3215606252599281
2025-05-16 00:11:09+00:00,13419063,67734922994,51253758692518520224989,0,55908812760788590,1.3215601103590326
2025-05-16 00:11:13+00:00,13419067,67734912995,51253751125783848359180,0,55908804506815364,1.321560110376489
2025-05-16 00:11:20+00:00,13419074,67734912996,51253751125029436969069,0,55908804506815364,1.321560110415452
2025-05-16 00:11:22+00:00,13419076,67734899821,51253761125029436969069,0,55908804506815364,1.3215595955146813
2025-05-16 00:11:31+00:00,13419085,67734899820,51253761126029436969069,0,55908804506815364,1.321559595469386
2025-05-16 00:11:36+00:00,13419090,67734899819,51253761127029436969069,0,55908804506815364,1.3215595954240904
2025-05-16 00:11:41+00:00,13419095,67734899832,51253761137029436969069,0,55908804517545644,1.321559595419884
2025-05-16 00:12:04+00:00,13419118,67734899833,51253761136275025284995,0,55908804517545644,1.321559595458847
2025-05-16 00:12:33+00:00,13419147,67734886658,51253771136275025284995,0,55908804517545644,1.3215590805582773
2025-05-16 00:12:34+00:00,13419148,67734896658,51253763592156355774445,0,55908804517545644,1.3215594701881725
2025-05-16 00:12:48+00:00,13419162,67734883483,51253773592156355774445,0,55908804517545644,1.321558955287652
2025-05-16 00:12:51+00:00,13419165,67734883484,51253773591401943724952,0,55908804517545644,1.321558955326615
2025-05-16 00:13:13+00:00,13419187,67734893484,51253781158222901423780,0,55908812771609376,1.321558955326615
2025-05-16 00:13:27+00:00,13419201,67734903484,51253788725043859122608,0,55908821025673108,1.321558955326615
2025-05-16 00:13:36+00:00,13419210,67734903486,51253788723535035023688,0,55908821025673108,1.3215589554045408
2025-05-16 00:13:36+00:00,13419210,67734903485,51253788724289447073137,0,55908821025673108,1.321558955365578
2025-05-16 00:13:42+00:00,13419216,67734903550,51253788772373064523736,0,55908821078499115,1.3215589553939595
2025-05-16 00:13:47+00:00,13419221,67734903483,51253788721505881100930,0,55908821023012012,1.3215589553983296
2025-05-16 00:13:52+00:00,13419226,67734890309,51253798721505881100929,0,55908821023012012,1.3215584405176728
2025-05-16 00:13:52+00:00,13419226,67734903484,51253788721505881100929,0,55908821023012012,1.3215589554178404
2025-05-16 00:14:20+00:00,13419254,67734890310,51253798720751468757579,0,55908821023012012,1.3215584405566356
2025-05-16 00:14:26+00:00,13419260,67734900310,51253806287575373864670,0,55908829277077349,1.3215584405566356
2025-05-16 00:14:43+00:00,13419277,67734910310,51253798743453050903405,0,55908829277077349,1.3215588301862635
2025-05-16 00:14:56+00:00,13419290,67734910309,51253798744453050903405,0,55908829277077349,1.3215588301409682
2025-05-16 00:15:01+00:00,13419295,67734910308,51253798745453050903405,0,55908829277077349,1.3215588300956729
2025-05-16 00:15:05+00:00,13419299,67734880308,51253776044987619427894,0,55908804514884548,1.3215588300956833
2025-05-16 00:15:07+00:00,13419301,67734880321,51253776054987619427894,0,55908804525614831,1.3215588300914771
2025-05-16 00:15:19+00:00,13419313,67734890321,51253783621809294182856,0,55908812779678949,1.3215588300914771
2025-05-16 00:15:43+00:00,13419337,67734880322,51253776054987620261032,0,55908804525614831,1.3215588301109877
2025-05-16 00:15:49+00:00,13419343,67734880323,51253776054233208140082,0,55908804525614831,1.3215588301499508
2025-05-16 00:15:57+00:00,13419351,67734890323,51253783621054882560243,0,55908812779678949,1.3215588301499508
2025-05-16 00:16:06+00:00,13419360,67734877148,51253793621054882560243,0,55908812779678949,1.3215583152497563
2025-05-16 00:16:22+00:00,13419376,67734863973,51253803621054882560243,0,55908812779678949,1.3215578003497628
2025-05-16 00:16:35+00:00,13419389,67734863974,51253803620300469851453,0,55908812779678949,1.3215578003887258
2025-05-16 00:16:43+00:00,13419397,67734873974,51253811187128040358455,0,55908821033746278,1.3215578003887258
2025-05-16 00:16:59+00:00,13419413,67734873975,51253811186373627649687,0,55908821033746278,1.3215578004276887
2025-05-16 00:17:04+00:00,13419418,67734860801,51253821185619214647010,0,55908821033746278,1.321557285566935
2025-05-16 00:17:04+00:00,13419418,67734860800,51253821186373627649687,0,55908821033746278,1.3215572855279722
2025-05-16 00:17:08+00:00,13419422,67734870801,51253828752449732864083,0,55908829287815212,1.321557285566935
2025-05-16 00:17:11+00:00,13419425,67734870865,51253828801287762364131,0,55908829340641253,1.3215572855563553
2025-05-16 00:17:15+00:00,13419429,67734870798,51253828750420546731446,0,55908829285154150,1.3215572855607245
2025-05-16 00:17:16+00:00,13419430,67734857623,51253838750420546731446,0,55908829285154150,1.3215567706612847
2025-05-16 00:17:26+00:00,13419440,67734844448,51253848750420546731446,0,55908829285154150,1.321556255762046
2025-05-16 00:17:35+00:00,13419449,67734831273,51253858750420546731446,0,55908829285154150,1.321555740863008
2025-05-16 00:17:44+00:00,13419458,67734818098,51253868750420546731446,0,55908829285154150,1.3215552259641712
2025-05-16 00:17:45+00:00,13419459,67734828098,51253876317262857618808,0,55908837539229506,1.3215552259641712
2025-05-16 00:17:59+00:00,13419473,67734928098,51253800875956061363694,0,55908837539229506,1.3215591222577112
2025-05-16 00:18:05+00:00,13419479,67734928099,51253800875201649409516,0,55908837539229506,1.321559122296674
2025-05-16 00:18:25+00:00,13419499,67734928098,51253800876201649409516,0,55908837539229506,1.3215591222513787
2025-05-16 00:18:27+00:00,13419501,67734918098,51253793309370476846785,0,55908829285154150,1.3215591222516667
2025-05-16 00:18:30+00:00,13419504,67734918097,51253793310370476846785,0,55908829285154150,1.3215591222063714
2025-05-16 00:18:35+00:00,13419509,67734918110,51253793320370476846785,0,55908829295884432,1.3215591222021652
2025-05-16 00:18:40+00:00,13419514,67734918109,51253793319576645213949,0,55908829295018502,1.3215591222031229
2025-05-16 00:18:50+00:00,13419524,67734928110,51253785774703801700645,0,55908829295018502,1.3215595118718124
2025-05-16 00:18:50+00:00,13419524,67734918110,51253793318822233259739,0,55908829295018502,1.321559122242086
2025-05-16 00:18:57+00:00,13419531,67734914935,51253795774703801700645,0,55908829295018502,1.3215589969715067
2025-05-16 00:19:20+00:00,13419554,67734884935,51253773074232744383246,0,55908804532818121,1.321558996971736
2025-05-16 00:19:34+00:00,13419568,67734884936,51253773073478332357548,0,55908804532818121,1.3215589970106991
2025-05-16 00:19:37+00:00,13419571,67734871761,51253783073478332357548,0,55908804532818121,1.321558482110366
2025-05-16 00:19:54+00:00,13419588,67734858586,51253793073478332357548,0,55908804532818121,1.321557967210234
2025-05-16 00:20:02+00:00,13419596,67734868586,51253800640304947696771,0,55908812786884889,1.321557967210234
2025-05-16 00:20:16+00:00,13419610,67734855411,51253810640304947696771,0,55908812786884889,1.321557452310379
2025-05-16 00:20:27+00:00,13419621,67734855412,51253810639550534789302,0,55908812786884889,1.3215574523493419
2025-05-16 00:20:32+00:00,13419626,67734855413,51253810638796121881855,0,55908812786884889,1.321557452388305
2025-05-16 00:20:32+00:00,13419626,67734842238,51253820638796121881855,0,55908812786884889,1.3215569374886507
2025-05-16 00:20:37+00:00,13419631,67734842302,51253820687634151381903,0,55908812839710936,1.3215569374780711
2025-05-16 00:20:41+00:00,13419635,67734829127,51253830687634151381903,0,55908812839710936,1.3215564225786185
2025-05-16 00:20:42+00:00,13419636,67734829060,51253830636766918864147,0,55908812784223833,1.3215564225829872
2025-05-16 00:20:50+00:00,13419644,67734815885,51253840636766918864147,0,55908812784223833,1.3215559076837349
2025-05-16 00:20:59+00:00,13419653,67734802710,51253850636766918864147,0,55908812784223833,1.3215553927846835
2025-05-16 00:21:06+00:00,13419660,67734802711,51253850636012504780993,0,55908812784223833,1.3215553928236463
2025-05-16 00:21:08+00:00,13419662,67734789536,51253860636012504780993,0,55908812784223833,1.3215548779247956
2025-05-16 00:21:15+00:00,13419669,67734799536,51253868202856808441501,0,55908821038300234,1.3215548779247956
2025-05-16 00:21:17+00:00,13419671,67734899536,51253792761530144314185,0,55908821038300234,1.3215587742189525
2025-05-16 00:21:47+00:00,13419701,67734899535,51253792762530144314185,0,55908821038300234,1.3215587741736572
2025-05-16 00:21:52+00:00,13419706,67734899534,51253792763530144314185,0,55908821038300234,1.3215587741283619
2025-05-16 00:21:56+00:00,13419710,67734886359,51253802763530144314185,0,55908821038300234,1.3215582592282702
2025-05-16 00:21:57+00:00,13419711,67734886372,51253802773530144314185,0,55908821049030519,1.321558259224064
2025-05-16 00:22:04+00:00,13419718,67734876372,51253795206695501825522,0,55908812794954118,1.321558259224314
2025-05-16 00:22:05+00:00,13419719,67734863197,51253805206695501825522,0,55908812794954118,1.3215577443243474
2025-05-16 00:22:33+00:00,13419747,67734873197,51253812773523393339673,0,55908821049021544,1.3215577443243474
2025-05-16 00:22:47+00:00,13419761,67734860022,51253822773523393339673,0,55908821049021544,1.3215572294246576
2025-05-16 00:23:02+00:00,13419776,67734846847,51253832773523393339673,0,55908821049021544,1.321556714525169
2025-05-16 00:23:22+00:00,13419796,67734846848,51253832772768980011038,0,55908821049021544,1.3215567145641318
2025-05-16 00:23:29+00:00,13419803,67734833673,51253842772768980011038,0,55908821049021544,1.321556199664844
2025-05-16 00:23:44+00:00,13419818,67734820498,51253852772768980011038,0,55908821049021544,1.321555684765757
2025-05-16 00:23:47+00:00,13419821,67734820499,51253852772014566094562,0,55908821049021544,1.3215556848047199
2025-05-16 00:23:52+00:00,13419826,67734820500,51253852771260152178109,0,55908821049021544,1.321555684843683
2025-05-16 00:23:54+00:00,13419828,67734800501,51253837637593163106642,0,55908804540887350,1.3215556848628744
2025-05-16 00:24:03+00:00,13419837,67734787326,51253847637593163106642,0,55908804485400247,1.3215551699638362
2025-05-16 00:24:03+00:00,13419837,67734787259,51253847586725906216297,0,55908804485400247,1.3215551699682044
2025-05-16 00:24:09+00:00,13419843,67734787260,51253847586725906216296,0,55908804485400247,1.3215551699877153
2025-05-16 00:24:35+00:00,13419869,67734774085,51253857586725906216296,0,55908804485400247,1.3215546550888775
2025-05-16 00:24:52+00:00,13419886,67734774086,51253857585971491712026,0,55908804485400247,1.3215546551278403
2025-05-16 00:25:02+00:00,13419896,67734760911,51253867585971491712026,0,55908804485400247,1.3215541402292035
2025-05-16 00:25:11+00:00,13419905,67734760910,51253867586971491712026,0,55908804485400247,1.3215541401839084
2025-05-16 00:25:12+00:00,13419906,67734860910,51253792145602713481397,0,55908804485400247,1.3215580364781119
2025-05-16 00:25:21+00:00,13419915,67734860923,51253792155602713481397,0,55908804496130533,1.321558036473906
2025-05-16 00:25:25+00:00,13419919,67734860922,51253792154808881514478,0,55908804495264603,1.3215580364748638
2025-05-16 00:25:27+00:00,13419921,67734847747,51253802154808881514478,0,55908804495264603,1.3215575215749098
2025-05-16 00:25:37+00:00,13419931,67734847748,51253802154054468646549,0,55908804495264603,1.3215575216138729
2025-05-16 00:25:42+00:00,13419936,67734857748,51253809720883635331703,0,55908812749332686,1.3215575216138729
2025-05-16 00:25:51+00:00,13419945,67734844573,51253819720883635331703,0,55908812749332686,1.321557006714196
2025-05-16 00:26:22+00:00,13419976,67734844574,51253819720129222169865,0,55908812749332686,1.3215570067531588
2025-05-16 00:26:34+00:00,13419988,67734831399,51253829720129222169865,0,55908812749332686,1.3215564918536828
2025-05-16 00:27:06+00:00,13420020,67734831400,51253829719374808714118,0,55908812749332686,1.3215564918926457
2025-05-16 00:27:09+00:00,13420023,67734821401,51253822152542690225644,0,55908804495264603,1.3215564919120806
2025-05-16 00:27:10+00:00,13420024,67734821402,51253822151788276769930,0,55908804495264603,1.3215564919510436
2025-05-16 00:27:15+00:00,13420029,67734821403,51253822151033863314238,0,55908804495264603,1.3215564919900065
2025-05-16 00:27:21+00:00,13420035,67734821467,51253822199871892814286,0,55908804548090659,1.3215564919794274
2025-05-16 00:27:26+00:00,13420040,67734821400,51253822149004661176348,0,55908804492603556,1.3215564919837963
2025-05-16 00:27:31+00:00,13420045,67734821401,51253822149004661176347,0,55908804492603556,1.321556492003307
2025-05-16 00:28:13+00:00,13420087,67734808226,51253832149004661176347,0,55908804492603556,1.3215559771039558
2025-05-16 00:28:33+00:00,13420107,67734808225,51253832150004661176347,0,55908804492603556,1.3215559770586607
2025-05-16 00:28:35+00:00,13420109,67734808226,51253832149250247426728,0,55908804492603556,1.3215559770976235
2025-05-16 00:28:40+00:00,13420114,67734795051,51253842149250247426728,0,55908804492603556,1.3215554621984733
2025-05-16 00:28:42+00:00,13420116,67734795064,51253842159250247426728,0,55908804503333852,1.3215554621942676
2025-05-16 00:28:48+00:00,13420122,67734795063,51253842158456414685442,0,55908804502467922,1.3215554621952255
2025-05-16 00:29:19+00:00,13420153,67734795064,51253842157702000641911,0,55908804502467922,1.3215554622341885
2025-05-16 00:29:35+00:00,13420169,67734781889,51253852157702000641911,0,55908804502467922,1.321554947335239
2025-05-16 00:29:50+00:00,13420184,67734768714,51253862157702000641911,0,55908804502467922,1.3215544324364907
2025-05-16 00:30:02+00:00,13420196,67734768715,51253862156947586010539,0,55908804502467922,1.3215544324754538
2025-05-16 00:30:14+00:00,13420208,67734755540,51253872156947586010539,0,55908804502467922,1.3215539175769062
2025-05-16 00:30:29+00:00,13420223,67734765540,51253879723797388351700,0,55908812756547243,1.3215539175769062
2025-05-16 00:30:36+00:00,13420230,67734765541,51253879723042973426418,0,55908812756547243,1.321553917615869
2025-05-16 00:30:39+00:00,13420233,67734752366,51253889723042973426418,0,55908812756547243,1.3215534027175986
2025-05-16 00:30:41+00:00,13420235,67734752367,51253889722288558207226,0,55908812756547243,1.3215534027565614
2025-05-16 00:30:46+00:00,13420240,67734752368,51253889721534142988057,0,55908812756547243,1.3215534027955245
2025-05-16 00:30:47+00:00,13420241,67734752432,51253889770372172488105,0,55908812809373360,1.3215534027849483
2025-05-16 00:30:52+00:00,13420246,67734752365,51253889719504881305659,0,55908812753886257,1.3215534027893157
2025-05-16 00:31:06+00:00,13420260,67734742366,51253882152653603012811,0,55908804499806936,1.3215534028087885
2025-05-16 00:31:30+00:00,13420284,67734742367,51253882151899187793671,0,55908804499806936,1.3215534028477514
2025-05-16 00:31:31+00:00,13420285,67734729192,51253892151899187793671,0,55908804499806936,1.3215528879496057
2025-05-16 00:31:57+00:00,13420311,67734739192,51253899718754885498692,0,55908812753889467,1.3215528879496057
2025-05-16 00:31:57+00:00,13420311,67734739191,51253899719754885498692,0,55908812753889467,1.3215528879043106
2025-05-16 00:32:02+00:00,13420316,67734739190,51253899720754885498692,0,55908812753889467,1.3215528878590153
2025-05-16 00:32:07+00:00,13420321,67734739203,51253899730754885498692,0,55908812764619774,1.3215528878548102
2025-05-16 00:32:12+00:00,13420326,67734739202,51253899729961051983023,0,55908812763753844,1.321552887855768
2025-05-16 00:32:13+00:00,13420327,67734739203,51253899729206636469920,0,55908812763753844,1.321552887894731
2025-05-16 00:32:53+00:00,13420367,67734749203,51253907296062334489139,0,55908821017836375,1.321552887894731
2025-05-16 00:32:58+00:00,13420372,67734749204,51253907295307918976058,0,55908821017836375,1.3215528879336937
2025-05-16 00:33:27+00:00,13420401,67734759204,51253914862163616772186,0,55908829271918906,1.3215528879336937
2025-05-16 00:33:41+00:00,13420415,67734759205,51253914861409201259127,0,55908829271918906,1.3215528879726568
2025-05-16 00:33:44+00:00,13420418,67734729206,51253892160842109502590,0,55908804509671313,1.3215528879921674
2025-05-16 00:33:55+00:00,13420429,67734729207,51253892160087693989565,0,55908804509671313,1.3215528880311302
2025-05-16 00:34:00+00:00,13420434,67734729208,51253892159333278476562,0,55908804509671313,1.3215528880700933
2025-05-16 00:34:05+00:00,13420439,67734729272,51253892208171307976610,0,55908804562497441,1.3215528880595175
2025-05-16 00:34:10+00:00,13420444,67734729205,51253892157304006871529,0,55908804507010338,1.3215528880638847
2025-05-16 00:34:15+00:00,13420449,67734729206,51253892157304006871528,0,55908804507010338,1.3215528880833953
2025-05-16 00:34:26+00:00,13420460,67734729207,51253892156549591358555,0,55908804507010338,1.3215528881223584
2025-05-16 00:34:51+00:00,13420485,67734716032,51253902156549591358555,0,55908804507010338,1.3215523732244137
2025-05-16 00:35:09+00:00,13420503,67734716033,51253902155795175551672,0,55908804507010338,1.3215523732633765
2025-05-16 00:35:15+00:00,13420509,67734716032,51253902156795175551672,0,55908804507010338,1.3215523732180814
2025-05-16 00:35:16+00:00,13420510,67734702857,51253912156795175551672,0,55908804507010338,1.3215518583203374
2025-05-16 00:35:25+00:00,13420519,67734702870,51253912166795175551672,0,55908804517740649,1.3215518583161325
2025-05-16 00:35:30+00:00,13420524,67734702869,51253912166001341726295,0,55908804516874719,1.3215518583170904
2025-05-16 00:35:53+00:00,13420547,67734702870,51253912165246925625474,0,55908804516874719,1.3215518583560533
2025-05-16 00:36:19+00:00,13420573,67734689695,51253922165246925625474,0,55908804516874719,1.3215513434585104
2025-05-16 00:36:37+00:00,13420591,67734689696,51253922164492509230742,0,55908804516874719,1.3215513434974733
2025-05-16 00:36:39+00:00,13420593,67734699696,51253929731357050062801,0,55908812770962065,1.3215513434974733
2025-05-16 00:36:49+00:00,13420603,67734686521,51253939731357050062801,0,55908812770962065,1.3215508286002073
2025-05-16 00:37:07+00:00,13420621,67734786521,51253864289799228595504,0,55908812770962065,1.3215547248889266
2025-05-16 00:37:14+00:00,13420628,67734786522,51253864289044814131080,0,55908812770962065,1.3215547249278896
2025-05-16 00:37:19+00:00,13420633,67734786523,51253864288290399666678,0,55908812770962065,1.3215547249668524
2025-05-16 00:37:21+00:00,13420635,67734786524,51253864287535985202298,0,55908812770962065,1.3215547250058153
2025-05-16 00:37:27+00:00,13420641,67734773349,51253874287535985202298,0,55908812770962065,1.3215542101072322
2025-05-16 00:37:30+00:00,13420644,67734773282,51253874236668709350956,0,55908812715474962,1.3215542101116
2025-05-16 00:37:34+00:00,13420648,67734773283,51253874236668709350955,0,55908812715474962,1.3215542101311106
2025-05-16 00:37:54+00:00,13420668,67734760108,51253884236668709350955,0,55908812715474962,1.321553695232728
2025-05-16 00:38:06+00:00,13420680,67734760109,51253884235914294298747,0,55908812715474962,1.3215536952716909
2025-05-16 00:38:11+00:00,13420685,67734770109,51253891802765369497894,0,55908820969554938,1.3215536952716909
2025-05-16 00:38:21+00:00,13420695,67734756934,51253901802765369497894,0,55908820969554938,1.3215531803735852
2025-05-16 00:38:32+00:00,13420706,67734743759,51253911802765369497894,0,55908820969554938,1.3215526654756802
2025-05-16 00:38:40+00:00,13420714,67734743758,51253911803765369497894,0,55908820969554938,1.321552665430385
2025-05-16 00:38:42+00:00,13420716,67734730583,51253921803765369497894,0,55908820969554938,1.321552150532681
2025-05-16 00:38:49+00:00,13420723,67734730583,51253921802217119822844,0,55908820968689008,1.3215521505726018
2025-05-16 00:38:49+00:00,13420723,67734730582,51253921802971535756852,0,55908820968689008,1.321552150533639
2025-05-16 00:39:06+00:00,13420740,67734717408,51253931802217119822844,0,55908820968689008,1.321551635675099
2025-05-16 00:39:18+00:00,13420752,67734704233,51253941802217119822844,0,55908820968689008,1.3215511207777968
2025-05-16 00:39:28+00:00,13420762,67734684234,51253926668493451121221,0,55908804460521686,1.321551120797102
2025-05-16 00:39:44+00:00,13420778,67734671059,51253936668493451121221,0,55908804460521686,1.3215506058998487
2025-05-16 00:39:54+00:00,13420788,67734657884,51253946668493451121221,0,55908804460521686,1.3215500910027964
2025-05-16 00:40:13+00:00,13420807,67734757884,51253871226893523466610,0,55908804460521686,1.3215539872909885
2025-05-16 00:40:19+00:00,13420813,67734757885,51253871226139108581125,0,55908804460521686,1.3215539873299513
2025-05-16 00:40:29+00:00,13420823,67734744710,51253881226139108581125,0,55908804460521686,1.3215534724315818
2025-05-16 00:40:31+00:00,13420825,67734744711,51253881225384693401730,0,55908804460521686,1.3215534724705447
2025-05-16 00:40:35+00:00,13420829,67734744712,51253881224630278222357,0,55908804460521686,1.3215534725095077
2025-05-16 00:40:41+00:00,13420835,67734744776,51253881273468307722405,0,55908804513347802,1.3215534724989315
2025-05-16 00:40:46+00:00,13420840,67734744709,51253881222601017424833,0,55908804457860699,1.321553472503299
2025-05-16 00:40:56+00:00,13420850,67734754709,51253888789453368134416,0,55908812711941333,1.321553472503299
2025-05-16 00:41:05+00:00,13420859,67734754710,51253888788698952955062,0,55908812711941333,1.3215534725422617
2025-05-16 00:41:18+00:00,13420872,67734744711,51253881221846602723854,0,55908804457860699,1.3215534725617726
2025-05-16 00:41:34+00:00,13420888,67734754711,51253888788698953098633,0,55908812711941333,1.3215534725617726
2025-05-16 00:41:44+00:00,13420898,67734744712,51253881221846602867425,0,55908804457860699,1.3215534725812832
2025-05-16 00:41:49+00:00,13420903,67734744713,51253881221092187688115,0,55908804457860699,1.321553472620246
2025-05-16 00:41:50+00:00,13420904,67734744712,51253881222092187688115,0,55908804457860699,1.321553472574951
2025-05-16 00:41:55+00:00,13420909,67734744711,51253881223092187688115,0,55908804457860699,1.3215534725296558
2025-05-16 00:42:00+00:00,13420914,67734744724,51253881233092187688115,0,55908804468591003,1.3215534725254505
2025-05-16 00:42:07+00:00,13420921,67734731549,51253891233092187688115,0,55908804468591003,1.321552957627282
2025-05-16 00:42:23+00:00,13420937,67734718374,51253901233092187688115,0,55908804468591003,1.3215524427293144
2025-05-16 00:42:33+00:00,13420947,67734718375,51253901232337771920909,0,55908804468591003,1.3215524427682772
2025-05-16 00:42:37+00:00,13420951,67734705200,51253911232337771920909,0,55908804468591003,1.3215519278705106
2025-05-16 00:42:46+00:00,13420960,67734692025,51253921232337771920909,0,55908804468591003,1.3215514129729449
2025-05-16 00:43:06+00:00,13420980,67734702025,51253928799201914954232,0,55908812722678059,1.3215514129729449
2025-05-16 00:43:16+00:00,13420990,67734702026,51253928798447498599183,0,55908812722678059,1.3215514130119077
2025-05-16 00:43:32+00:00,13421006,67734712026,51253936365311641409415,0,55908820976765114,1.3215514130119077
2025-05-16 00:43:47+00:00,13421021,67734712027,51253936364557225054388,0,55908820976765114,1.3215514130508705
2025-05-16 00:43:52+00:00,13421026,67734712028,51253936363802808699384,0,55908820976765114,1.3215514130898334
2025-05-16 00:43:57+00:00,13421031,67734712092,51253936412640838199432,0,55908821029591271,1.3215514130792592
2025-05-16 00:44:02+00:00,13421036,67734712025,51253936361773508205505,0,55908820974104168,1.3215514130836257
2025-05-16 00:44:06+00:00,13421040,67734712026,51253936361773508205504,0,55908820974104168,1.3215514131031363
2025-05-16 00:44:28+00:00,13421062,67734698851,51253946361773508205504,0,55908820974104168,1.3215508982059234
2025-05-16 00:44:37+00:00,13421071,67734685676,51253956361773508205504,0,55908820974104168,1.3215503833089115
2025-05-16 00:44:45+00:00,13421079,67734685677,51253956361019091262664,0,55908820974104168,1.3215503833478743
2025-05-16 00:44:53+00:00,13421087,67734672502,51253966361019091262664,0,55908820974104168,1.3215498684510631
2025-05-16 00:45:07+00:00,13421101,67734672501,51253966362019091262664,0,55908820974104168,1.3215498684057683
2025-05-16 00:45:08+00:00,13421102,67734682501,51253973928892078101480,0,55908829228196039,1.3215498684057683
2025-05-16 00:45:17+00:00,13421111,67734682514,51253973938892078101480,0,55908829238926358,1.3215498684015636
2025-05-16 00:45:22+00:00,13421116,67734682513,51253973938098243670371,0,55908829238060428,1.3215498684025215
2025-05-16 00:45:29+00:00,13421123,67734682514,51253973937343826433593,0,55908829238060428,1.3215498684414844
2025-05-16 00:45:44+00:00,13421138,67734669339,51253983937343826433593,0,55908829238060428,1.3215493535449503
2025-05-16 00:46:11+00:00,13421165,67734679339,51253991504219761241325,0,55908837492153905,1.3215493535449503
2025-05-16 00:46:14+00:00,13421168,67734679340,51253991503465343710636,0,55908837492153905,1.3215493535839131
2025-05-16 00:46:57+00:00,13421211,67734679341,51253991502710926179970,0,55908837492153905,1.321549353622876
2025-05-16 00:47:05+00:00,13421219,67734679342,51253991501956508649326,0,55908837492153905,1.3215493536618388
2025-05-16 00:47:10+00:00,13421224,67734679343,51253991501202091118704,0,55908837492153905,1.3215493537008016
2025-05-16 00:47:11+00:00,13421225,67734689343,51253999068078025034069,0,55908845746247381,1.3215493537008016
2025-05-16 00:47:15+00:00,13421229,67734689407,51253999116916054534117,0,55908845799073579,1.3215493536902294
2025-05-16 00:47:20+00:00,13421234,67734689340,51253999066048684844841,0,55908845743586476,1.3215493536945948
2025-05-16 00:47:25+00:00,13421239,67734689341,51253999066048684844840,0,55908853997679952,1.3215493537141054
2025-05-16 00:47:25+00:00,13421239,67734699341,51254006632924618684030,0,55908853997679952,1.3215493537141054
2025-05-16 00:47:41+00:00,13421255,67734699342,51254006632170201153438,0,55908853997679952,1.3215493537530683
2025-05-16 00:47:52+00:00,13421266,67734686167,51254016632170201153438,0,55908853997679952,1.321548838856963
2025-05-16 00:48:24+00:00,13421298,67734686168,51254016631415783328935,0,55908853997679952,1.3215488388959258
2025-05-16 00:48:25+00:00,13421299,67734686167,51254016632415783328935,0,55908853997679952,1.321548838850631
2025-05-16 00:48:30+00:00,13421304,67734686166,51254016633415783328935,0,55908853997679952,1.3215488388053358
2025-05-16 00:48:31+00:00,13421305,67734672991,51254026633415783328935,0,55908853997679952,1.3215483239094317
2025-05-16 00:48:40+00:00,13421314,67734672990,51254026632621948433223,0,55908853996814022,1.3215483239103896
2025-05-16 00:48:41+00:00,13421315,67734659815,51254036632621948433223,0,55908853996814022,1.3215478090146862
2025-05-16 00:48:52+00:00,13421326,67734599816,51253991231353016896417,0,55908804472267611,1.3215478090331723
2025-05-16 00:49:04+00:00,13421338,67734586641,51254001231353016896417,0,55908804472267611,1.3215472941372137
2025-05-16 00:49:09+00:00,13421343,67734586642,51254001230598598190096,0,55908804472267611,1.3215472941761766
2025-05-16 00:49:31+00:00,13421365,67734686642,51253925788839011534620,0,55908804472267611,1.3215511904602206
2025-05-16 00:49:51+00:00,13421385,67734673467,51253935788839011534620,0,55908804472267611,1.321550675562945
2025-05-16 00:49:52+00:00,13421386,67734673468,51253935788084594758616,0,55908804472267611,1.3215506756019078
2025-05-16 00:50:12+00:00,13421406,67734660293,51253945788084594758616,0,55908804472267611,1.321550160704833
2025-05-16 00:50:22+00:00,13421416,67734660294,51253945787330177688701,0,55908804472267611,1.321550160743796
2025-05-16 00:50:27+00:00,13421421,67734660295,51253945786575760618808,0,55908804472267611,1.3215501607827589
2025-05-16 00:50:32+00:00,13421426,67734660359,51253945835413790118856,0,55908804525093792,1.3215501607721858
2025-05-16 00:50:37+00:00,13421431,67734660360,51253945834659373048979,0,55908804469606689,1.3215501608111486
2025-05-16 00:50:37+00:00,13421431,67734660293,51253945783792018687866,0,55908804469606689,1.3215501608155145
2025-05-16 00:50:42+00:00,13421436,67734660294,51253945783792018687865,0,55908804469606689,1.321550160835025
2025-05-16 00:50:50+00:00,13421444,67734647119,51253955783792018687865,0,55908804469606689,1.3215496459381513
2025-05-16 00:51:21+00:00,13421475,67734647120,51253955783037601324091,0,55908804469606689,1.321549645977114
2025-05-16 00:51:29+00:00,13421483,67734633945,51253965783037601324091,0,55908804469606689,1.321549131080441
2025-05-16 00:51:39+00:00,13421493,67734620770,51253975783037601324091,0,55908804469606689,1.321548616183969
2025-05-16 00:51:40+00:00,13421494,67734620769,51253975784037601324091,0,55908804469606689,1.321548616138674
2025-05-16 00:51:45+00:00,13421499,67734620768,51253975785037601324091,0,55908804469606689,1.321548616093379
2025-05-16 00:51:54+00:00,13421508,67734620767,51253975784243766512695,0,55908804468740759,1.3215486160943368
2025-05-16 00:52:05+00:00,13421519,67734620768,51253975783489348561026,0,55908804468740759,1.3215486161332997
2025-05-16 00:52:24+00:00,13421538,67734630768,51253983350369505614088,0,55908812722836498,1.3215486161332997
2025-05-16 00:52:50+00:00,13421564,67734630769,51253983349615087662441,0,55908812722836498,1.3215486161722625
2025-05-16 00:53:31+00:00,13421605,67734640769,51253990916495244492411,0,55908820976932237,1.3215486161722625
2025-05-16 00:53:37+00:00,13421611,67734640770,51253990915740826540787,0,55908820976932237,1.3215486162112253
2025-05-16 00:53:46+00:00,13421620,67734627595,51254000915740826540787,0,55908820976932237,1.321548101315106
2025-05-16 00:53:47+00:00,13421621,67734627659,51254000964578856040835,0,55908821029758460,1.3215481013045351
2025-05-16 00:53:52+00:00,13421626,67734627592,51254000913711461982035,0,55908820974271357,1.3215481013088999
2025-05-16 00:54:04+00:00,13421638,67734614417,51254010913711461982035,0,55908820974271357,1.3215475864129815
2025-05-16 00:54:18+00:00,13421652,67734614418,51254010912957043442563,0,55908820974271357,1.3215475864519444
2025-05-16 00:54:27+00:00,13421661,67734624418,51254018479843096216290,0,55908829228370306,1.3215475864519444
2025-05-16 00:54:46+00:00,13421680,67734611243,51254028479843096216290,0,55908829228370306,1.3215470715563031
2025-05-16 00:54:55+00:00,13421689,67734611242,51254028480843096216290,0,55908829228370306,1.3215470715110083
2025-05-16 00:54:55+00:00,13421689,67734598067,51254038480843096216290,0,55908829228370306,1.3215465566155677
2025-05-16 00:55:00+00:00,13421694,67734598066,51254038481843096216290,0,55908829228370306,1.3215465565702729
2025-05-16 00:55:02+00:00,13421696,67734598067,51254038481088677088921,0,55908829228370306,1.3215465566092357
2025-05-16 00:55:05+00:00,13421699,67734598080,51254038491088677088921,0,55908829239100638,1.3215465566050317
2025-05-16 00:55:10+00:00,13421704,67734598079,51254038490294841658013,0,55908829238234708,1.3215465566059896
2025-05-16 00:55:15+00:00,13421709,67734608079,51254046057186791104054,0,55908837492336869,1.3215465566059896
2025-05-16 00:55:24+00:00,13421718,67734594904,51254056057186791104054,0,55908837492336869,1.3215460417108262
2025-05-16 00:55:33+00:00,13421727,67734581729,51254066057186791104054,0,55908837492336869,1.3215455268158638
2025-05-16 00:55:43+00:00,13421737,67734568554,51254076057186791104054,0,55908837492336869,1.3215450119211023
2025-05-16 00:55:46+00:00,13421740,67734568555,51254076056432371094905,0,55908837492336869,1.3215450119600651
2025-05-16 00:56:24+00:00,13421778,67734555380,51254086056432371094905,0,55908837492336869,1.3215444970655044
2025-05-16 00:56:30+00:00,13421784,67734555381,51254086055677950791844,0,55908837492336869,1.3215444971044672
2025-05-16 00:56:46+00:00,13421800,67734542206,51254096055677950791844,0,55908837492336869,1.3215439822101074
2025-05-16 00:56:53+00:00,13421807,67734542207,51254096054923530194871,0,55908837492336869,1.3215439822490702
2025-05-16 00:56:58+00:00,13421812,67734542208,51254096054169109597921,0,55908837492336869,1.3215439822880328
2025-05-16 00:57:03+00:00,13421817,67734542272,51254096103007139097969,0,55908837545163174,1.321543982277466
2025-05-16 00:57:08+00:00,13421822,67734542205,51254096052139665644562,0,55908837489676071,1.3215439822818285
2025-05-16 00:57:13+00:00,13421827,67734542206,51254096051385245047630,0,55908837489676071,1.3215439823207913
2025-05-16 00:57:13+00:00,13421827,67734542207,51254096051385245047629,0,55908837489676071,1.321543982340302
2025-05-16 00:57:19+00:00,13421833,67734642207,51254020609436598752132,0,55908837489676071,1.321547878617138
2025-05-16 00:57:41+00:00,13421855,67734629032,51254030609436598752132,0,55908837489676071,1.321547363721461
2025-05-16 00:57:55+00:00,13421869,67734639032,51254038176323926831032,0,55908845743775678,1.321547363721461
2025-05-16 00:57:58+00:00,13421872,67734639033,51254038175569508164434,0,55908845743775678,1.3215473637604238
2025-05-16 00:58:11+00:00,13421885,67734625858,51254048175569508164434,0,55908845743775678,1.3215468488650237
2025-05-16 00:58:14+00:00,13421888,67734625857,51254048176569508164434,0,55908845743775678,1.3215468488197288
2025-05-16 00:58:19+00:00,13421893,67734625856,51254048177569508164434,0,55908845743775678,1.321546848774434
2025-05-16 00:58:24+00:00,13421898,67734625869,51254048187569508164434,0,55908845754506009,1.32154684877023
2025-05-16 00:58:25+00:00,13421899,67734635869,51254055754459784741109,0,55908854008607221,1.32154684877023
2025-05-16 00:58:39+00:00,13421913,67734645869,51254063321350061317784,0,55908862262708433,1.32154684877023
2025-05-16 00:58:41+00:00,13421915,67734645870,51254063320595642357221,0,55908862262708433,1.3215468488091928
2025-05-16 00:58:48+00:00,13421922,67734632695,51254073320595642357221,0,55908862262708433,1.3215463339141458
2025-05-16 00:59:14+00:00,13421948,67734619520,51254083320595642357221,0,55908862262708433,1.3215458190192997
2025-05-16 00:59:24+00:00,13421958,67734619521,51254083319841222808813,0,55908862262708433,1.3215458190582625
2025-05-16 00:59:39+00:00,13421973,67734549522,51254030351601336282695,0,55908804484013814,1.321545819076914
2025-05-16 00:59:53+00:00,13421987,67734536347,51254040351601336282695,0,55908804484013814,1.3215453041817369
2025-05-16 01:00:07+00:00,13422001,67734546347,51254047918500456848005,0,55908812738119843,1.3215453041817369
2025-05-16 01:00:08+00:00,13422002,67734546348,51254047917746037005696,0,55908812738119843,1.3215453042206995
2025-05-16 01:00:10+00:00,13422004,67734546349,51254047916991617163409,0,55908812738119843,1.3215453042596623
2025-05-16 01:00:15+00:00,13422009,67734546350,51254047916237197321145,0,55908812738119843,1.3215453042986252
2025-05-16 01:00:22+00:00,13422016,67734546414,51254047965075226821193,0,55908812790946121,1.3215453042880567
2025-05-16 01:00:22+00:00,13422016,67734533239,51254057965075226821193,0,55908812790946121,1.321544789393157
2025-05-16 01:00:27+00:00,13422021,67734533172,51254057914207768695940,0,55908812735459018,1.32154478939752
2025-05-16 01:00:32+00:00,13422026,67734533173,51254057914207768695939,0,55908812735459018,1.3215447894170307
2025-05-16 01:00:47+00:00,13422041,67734523174,51254050347307172145395,0,55908804481352989,1.3215447894365033
2025-05-16 01:00:55+00:00,13422049,67734523175,51254050346552752009238,0,55908804481352989,1.3215447894754662
2025-05-16 01:01:09+00:00,13422063,67734623175,51253974904650182011216,0,55908804481352989,1.3215486857557766
2025-05-16 01:01:18+00:00,13422072,67734610000,51253984904650182011216,0,55908804481352989,1.321548170859483
2025-05-16 01:01:32+00:00,13422086,67734619999,51253992472532888858848,0,55908812735450042,1.321548170814188
2025-05-16 01:01:32+00:00,13422086,67734609999,51253984905650182011216,0,55908812735450042,1.321548170814188
2025-05-16 01:01:36+00:00,13422090,67734619998,51253992473532888858848,0,55908812735450042,1.321548170768893
2025-05-16 01:01:39+00:00,13422093,67734619999,51253992472778470652961,0,55908812735450042,1.3215481708078558
2025-05-16 01:01:41+00:00,13422095,67734620012,51253992482778470652961,0,55908812746180368,1.3215481708036516
2025-05-16 01:01:46+00:00,13422100,67734620011,51253992481984635700463,0,55908812745314438,1.3215481708046095
2025-05-16 01:01:48+00:00,13422102,67734610012,51253984915101929261868,0,55908804491217385,1.3215481708241201
2025-05-16 01:02:11+00:00,13422125,67734596837,51253994915101929261868,0,55908804491217385,1.3215476559280277
2025-05-16 01:02:20+00:00,13422134,67734583662,51254004915101929261868,0,55908804491217385,1.321547141032136
2025-05-16 01:02:22+00:00,13422136,67734583663,51254004914347510468146,0,55908804491217385,1.3215471410710988
2025-05-16 01:02:32+00:00,13422146,67734570488,51254014914347510468146,0,55908804491217385,1.321546626175408
2025-05-16 01:02:46+00:00,13422160,67734557313,51254024914347510468146,0,55908804491217385,1.3215461112799183
2025-05-16 01:03:07+00:00,13422181,67734557314,51254024913593091086579,0,55908804491217385,1.3215461113188811
2025-05-16 01:03:30+00:00,13422204,67734557315,51254024912838671705034,0,55908804491217385,1.321546111357844
2025-05-16 01:03:34+00:00,13422208,67734557316,51254024912084252323511,0,55908804491217385,1.3215461113968068
2025-05-16 01:03:40+00:00,13422214,67734557380,51254024960922281823559,0,55908804544043647,1.3215461113862377
2025-05-16 01:03:45+00:00,13422219,67734557313,51254024910054848950247,0,55908804488556544,1.3215461113906013
2025-05-16 01:03:49+00:00,13422223,67734557314,51254024910054848950246,0,55908804488556544,1.321546111410112
2025-05-16 01:03:50+00:00,13422224,67734544140,51254034909300429568753,0,55908804488556544,1.321545596553786
2025-05-16 01:03:50+00:00,13422224,67734557315,51254024909300429568753,0,55908804488556544,1.3215461114490747
2025-05-16 01:04:19+00:00,13422253,67734530965,51254044909300429568753,0,55908804488556544,1.3215450816586978
2025-05-16 01:04:41+00:00,13422275,67734540965,51254052476200824255855,0,55908812742663229,1.3215450816586978
2025-05-16 01:04:52+00:00,13422286,67734540964,51254052477200824255855,0,55908812742663229,1.321545081613403
2025-05-16 01:05:00+00:00,13422294,67734527789,51254062477200824255855,0,55908812742663229,1.3215445667185919
2025-05-16 01:05:01+00:00,13422295,67734527802,51254062487200824255855,0,55908812753393569,1.3215445667143884
2025-05-16 01:05:06+00:00,13422300,67734527801,51254062486406988219213,0,55908812752527639,1.321544566715346
2025-05-16 01:05:17+00:00,13422311,67734527802,51254062485652567955913,0,55908812752527639,1.3215445667543089
2025-05-16 01:05:27+00:00,13422321,67734514627,51254072485652567955913,0,55908812752527639,1.3215440518596988
2025-05-16 01:05:37+00:00,13422331,67734504628,51254064918749221073932,0,55908804498420954,1.3215440518791335
2025-05-16 01:05:47+00:00,13422341,67734604628,51253989476804544548777,0,55908804498420954,1.321547948158336
2025-05-16 01:06:01+00:00,13422355,67734604629,51253989476050126215811,0,55908804498420954,1.321547948197299
2025-05-16 01:06:45+00:00,13422399,67734604630,51253989475295707882867,0,55908804498420954,1.3215479482362618
2025-05-16 01:06:50+00:00,13422404,67734604631,51253989474541289549945,0,55908804498420954,1.3215479482752246
2025-05-16 01:06:55+00:00,13422409,67734604632,51253989473786871217045,0,55908804498420954,1.3215479483141874
2025-05-16 01:07:00+00:00,13422414,67734604696,51253989522624900717093,0,55908804551247179,1.3215479483036165
2025-05-16 01:07:05+00:00,13422419,67734604629,51253989471757503021333,0,55908804495760076,1.3215479483079813
2025-05-16 01:07:10+00:00,13422424,67734604630,51253989471757503021332,0,55908804495760076,1.321547948327492
2025-05-16 01:07:11+00:00,13422425,67734591455,51253999471757503021332,0,55908804495760076,1.3215474334314885
2025-05-16 01:07:29+00:00,13422443,67734591456,51253999471003084394529,0,55908804495760076,1.3215474334704513
2025-05-16 01:07:33+00:00,13422447,67734578281,51254009471003084394529,0,55908804495760076,1.321546918574649
2025-05-16 01:07:58+00:00,13422472,67734565106,51254019471003084394529,0,55908804495760076,1.3215464036790474
2025-05-16 01:08:10+00:00,13422484,67734565105,51254019472003084394529,0,55908804495760076,1.3215464036337525
2025-05-16 01:08:12+00:00,13422486,67734575105,51254027038895909726869,0,55908812749862602,1.3215464036337525
2025-05-16 01:08:15+00:00,13422489,67734575104,51254027039895909726869,0,55908812749862602,1.3215464035884577
2025-05-16 01:08:20+00:00,13422494,67734575117,51254027049895909726869,0,55908812760592935,1.3215464035842537
2025-05-16 01:08:24+00:00,13422498,67734575116,51254027049102074239191,0,55908812759727005,1.3215464035852116
2025-05-16 01:08:36+00:00,13422510,67734565117,51254019482209249099338,0,55908804505624479,1.3215464036047222
2025-05-16 01:09:04+00:00,13422538,67734551942,51254029482209249099338,0,55908804505624479,1.3215458887093217
2025-05-16 01:09:15+00:00,13422549,67734538767,51254039482209249099338,0,55908804505624479,1.3215453738141223
2025-05-16 01:09:41+00:00,13422575,67734538768,51254039481454829296780,0,55908804505624479,1.321545373853085
2025-05-16 01:09:54+00:00,13422588,67734548768,51254047048353550938168,0,55908812759730216,1.321545373853085
2025-05-16 01:10:10+00:00,13422604,67734548769,51254047047599131135632,0,55908812759730216,1.3215453738920477
2025-05-16 01:10:20+00:00,13422614,67734548833,51254047096437160635680,0,55908812812556492,1.3215453738814793
2025-05-16 01:10:25+00:00,13422619,67734548834,51254047095682740833160,0,55908812757069389,1.3215453739204421
2025-05-16 01:10:25+00:00,13422619,67734548767,51254047044815293514975,0,55908812757069389,1.3215453739248055
2025-05-16 01:10:30+00:00,13422624,67734548768,51254047044815293514974,0,55908812757069389,1.3215453739443161
2025-05-16 01:10:37+00:00,13422631,67734558768,51254054611714014633991,0,55908821011175125,1.3215453739443161
2025-05-16 01:11:07+00:00,13422661,67734538769,51254039477916573086373,0,55908804502963652,1.3215453739638268
2025-05-16 01:11:09+00:00,13422663,67734538770,51254039477162153283900,0,55908804502963652,1.3215453740027896
2025-05-16 01:11:22+00:00,13422676,67734525595,51254049477162153283900,0,55908804502963652,1.321544859107791
2025-05-16 01:11:28+00:00,13422682,67734512420,51254059477162153283900,0,55908804502963652,1.321544344212993
2025-05-16 01:11:30+00:00,13422684,67734512419,51254059478162153283900,0,55908804502963652,1.3215443441676982
2025-05-16 01:11:37+00:00,13422691,67734522419,51254067045066770697966,0,55908812757072599,1.3215443441676982
2025-05-16 01:11:38+00:00,13422692,67734522432,51254067055066770697966,0,55908812767802940,1.3215443441634949
2025-05-16 01:11:43+00:00,13422697,67734522431,51254067054272934590780,0,55908812766937010,1.3215443441644525
2025-05-16 01:11:54+00:00,13422708,67734522432,51254067053518514200434,0,55908812766937010,1.3215443442034154
2025-05-16 01:12:08+00:00,13422722,67734509257,51254077053518514200434,0,55908812766937010,1.3215438293088946
2025-05-16 01:12:28+00:00,13422742,67734499258,51254069486612421215768,0,55908804512828063,1.3215438293283672
2025-05-16 01:12:38+00:00,13422752,67734499259,51254069485858000531521,0,55908812766938615,1.32154382936733
2025-05-16 01:12:38+00:00,13422752,67734509259,51254077052765565593026,0,55908812766938615,1.32154382936733
2025-05-16 01:12:53+00:00,13422767,67734496084,51254087052765565593026,0,55908812766938615,1.3215433144730102
2025-05-16 01:13:02+00:00,13422776,67734506084,51254094619676078842215,0,55908821021050773,1.3215433144730102
2025-05-16 01:13:19+00:00,13422793,67734492909,51254104619676078842215,0,55908821021050773,1.3215427995789673
2025-05-16 01:13:26+00:00,13422800,67734492910,51254104618921657570121,0,55908821021050773,1.3215427996179299
2025-05-16 01:13:31+00:00,13422805,67734492911,51254104618167236298050,0,55908821021050773,1.3215427996568927
2025-05-16 01:13:32+00:00,13422806,67734479736,51254114618167236298050,0,55908821021050773,1.3215422847630507
2025-05-16 01:13:37+00:00,13422811,67734479800,51254114667005265798098,0,55908821073877111,1.3215422847524851
2025-05-16 01:13:46+00:00,13422820,67734479801,51254114667005265798097,0,55908821073877111,1.3215422847719958
2025-05-16 01:13:47+00:00,13422821,67734466626,51254124667005265798097,0,55908821073877111,1.3215417698783551
2025-05-16 01:14:00+00:00,13422834,67734456627,51254117100090324011826,0,55908812819764953,1.3215417698977519
2025-05-16 01:14:06+00:00,13422840,67734446629,51254109532422432769287,0,55908804565654401,1.3215417699560734
2025-05-16 01:14:06+00:00,13422840,67734456628,51254117099335902151924,0,55908804565654401,1.3215417699367147
2025-05-16 01:14:21+00:00,13422855,67734456629,51254117099341789644695,0,55908812819771375,1.3215417699560734
2025-05-16 01:14:25+00:00,13422859,67734466629,51254124666261146520103,0,55908821073888349,1.3215417699560734
2025-05-16 01:14:36+00:00,13422870,67734476629,51254117122043658166944,0,55908821073888349,1.321542159583281
2025-05-16 01:14:47+00:00,13422881,67734476628,51254117123043658166944,0,55908821073888349,1.3215421595379864
2025-05-16 01:14:48+00:00,13422882,67734466628,51254109556125415094145,0,55908812819771375,1.3215421595380152
2025-05-16 01:14:49+00:00,13422883,67734466629,51254109555370993456675,0,55908812819771375,1.3215421595769778
2025-05-16 01:14:56+00:00,13422890,67734466642,51254109565370993456675,0,55908812830501725,1.3215421595727748
2025-05-16 01:15:01+00:00,13422895,67734466641,51254109564577156691969,0,55908812829635795,1.3215421595737327
2025-05-16 01:15:11+00:00,13422905,67734476641,51254117131494282684778,0,55908821083751550,1.3215421595737327
2025-05-16 01:15:30+00:00,13422924,67734466642,51254109564577157211120,0,55908812829635795,1.3215421595932433
2025-05-16 01:15:33+00:00,13422927,67734466643,51254109563822735573681,0,55908812829635795,1.321542159632206
2025-05-16 01:15:43+00:00,13422937,67734453468,51254119563822735573681,0,55908812829635795,1.3215416447385384
2025-05-16 01:15:54+00:00,13422948,67734463468,51254112019604532397772,0,55908812829635795,1.3215420343657849
2025-05-16 01:16:06+00:00,13422960,67734453468,51254104452685926963469,0,55908804575518821,1.3215420343658044
2025-05-16 01:16:11+00:00,13422965,67734463468,51254112019603769874841,0,55908812829634963,1.3215420343658044
2025-05-16 01:16:16+00:00,13422970,67734450293,51254122019603769874841,0,55908812829634963,1.3215415194721862
2025-05-16 01:16:16+00:00,13422970,67734450294,51254122018849347871980,0,55908812829634963,1.3215415195111488
2025-05-16 01:16:38+00:00,13422992,67734460294,51254129585770138751934,0,55908821083752710,1.3215415195111488
2025-05-16 01:16:48+00:00,13423002,67734460295,51254129585015716749095,0,55908821083752710,1.3215415195501117
2025-05-16 01:16:57+00:00,13423011,67734460359,51254129633853746249143,0,55908821136579063,1.3215415195395468
2025-05-16 01:16:59+00:00,13423013,67734460360,51254129633099324246320,0,55908821136579063,1.3215415195785096
2025-05-16 01:17:02+00:00,13423016,67734460293,51254129582231802586730,0,55908821081091960,1.321541519582871
2025-05-16 01:17:07+00:00,13423021,67734460294,51254129582231802586729,0,55908821081091960,1.3215415196023816
2025-05-16 01:17:18+00:00,13423032,67734470294,51254137149152592944300,0,55908829335209707,1.3215415196023816
2025-05-16 01:17:33+00:00,13423047,67734457119,51254147149152592944300,0,55908829335209707,1.321541004709116
2025-05-16 01:17:43+00:00,13423057,67734457120,51254147148398170647578,0,55908829335209707,1.321541004748079
2025-05-16 01:18:00+00:00,13423074,67734467120,51254154715321908974008,0,55908837589329059,1.321541004748079
2025-05-16 01:18:08+00:00,13423082,67734467119,51254154716321908974008,0,55908837589329059,1.3215410047027842
2025-05-16 01:18:09+00:00,13423083,67734453944,51254164716321908974008,0,55908837589329059,1.3215404898097955
2025-05-16 01:18:17+00:00,13423091,67734453957,51254164726321908974008,0,55908837600059416,1.321540489805593
2025-05-16 01:18:22+00:00,13423096,67734453956,51254164725528071706653,0,55908837599193486,1.3215404898065506
2025-05-16 01:18:27+00:00,13423101,67734453957,51254164724773649115991,0,55908837599193486,1.3215404898455134
2025-05-16 01:18:41+00:00,13423115,67734463957,51254172291700335689921,0,55908845853314444,1.3215404898455134
2025-05-16 01:19:11+00:00,13423145,67734463958,51254172290945913099281,0,55908845853314444,1.321540489884476
2025-05-16 01:19:12+00:00,13423146,67734473958,51254179857872599450117,0,55908854107435401,1.321540489884476
2025-05-16 01:19:29+00:00,13423163,67734423959,51254142023246528143950,0,55908812836838640,1.3215404899037968
2025-05-16 01:19:53+00:00,13423187,67734433959,51254149590173214384158,0,55908821090959597,1.3215404899037968
2025-05-16 01:19:54+00:00,13423188,67734433960,51254149589418791793551,0,55908821090959597,1.3215404899427596
2025-05-16 01:20:02+00:00,13423196,67734423961,51254142022496520579495,0,55908812836843455,1.3215404899621563
2025-05-16 01:20:04+00:00,13423198,67734423962,51254142021742097988922,0,55908812836843455,1.3215404900011192
2025-05-16 01:20:09+00:00,13423203,67734410788,51254152020987675104436,0,55908812836843455,1.321539975147066
2025-05-16 01:20:09+00:00,13423203,67734410787,51254152021742097988922,0,55908812836843455,1.3215399751081034
2025-05-16 01:20:15+00:00,13423209,67734410852,51254152069825704604484,0,55908812889669839,1.321539975136503
2025-05-16 01:20:24+00:00,13423218,67734410853,51254152069825704604483,0,55908812889669839,1.3215399751560135
2025-05-16 01:20:30+00:00,13423224,67734397678,51254162069825704604483,0,55908812889669839,1.3215394602631991
2025-05-16 01:20:39+00:00,13423233,67734397679,51254162069071281426089,0,55908812889669839,1.321539460302162
2025-05-16 01:20:41+00:00,13423235,67734387680,51254154502141643648655,0,55908804635548882,1.3215394603215966
2025-05-16 01:20:57+00:00,13423251,67734374505,51254164502141643648655,0,55908804635548882,1.3215389454289073
2025-05-16 01:21:15+00:00,13423269,67734361330,51254174502141643648655,0,55908804635548882,1.3215384305364188
2025-05-16 01:21:23+00:00,13423277,67734361329,51254174503141643648655,0,55908804635548882,1.3215384304911242
2025-05-16 01:21:24+00:00,13423278,67734361330,51254174502387219882398,0,55908804635548882,1.3215384305300868
2025-05-16 01:21:32+00:00,13423286,67734361343,51254174512387219882398,0,55908804646279247,1.3215384305258846
2025-05-16 01:21:37+00:00,13423291,67734361342,51254174511593381995570,0,55908804645413317,1.3215384305268423
2025-05-16 01:21:59+00:00,13423313,67734371342,51254182078531859912869,0,55908812899540696,1.3215384305268423
2025-05-16 01:22:07+00:00,13423321,67734371343,51254182077777436146632,0,55908812899540696,1.321538430565805
2025-05-16 01:22:08+00:00,13423322,67734471343,51254106635511858987361,0,55908812899540696,1.3215423268361013
2025-05-16 01:22:24+00:00,13423338,67734461343,51254099068584519168284,0,55908804645413317,1.3215423268363893
2025-05-16 01:22:39+00:00,13423353,67734448168,51254109068584519168284,0,55908804645413317,1.3215418119425837
2025-05-16 01:22:50+00:00,13423364,67734448169,51254109067830097332384,0,55908804645413317,1.3215418119815465
2025-05-16 01:22:59+00:00,13423373,67734434994,51254119067830097332384,0,55908804645413317,1.3215412970879419
2025-05-16 01:23:17+00:00,13423391,67734421820,51254129067075675202571,0,55908804645413317,1.3215407822335008
2025-05-16 01:23:17+00:00,13423391,67734434995,51254119067075675202571,0,55908804645413317,1.3215412971269045
2025-05-16 01:23:22+00:00,13423396,67734421821,51254129066321252778846,0,55908804645413317,1.3215407822724636
2025-05-16 01:23:28+00:00,13423402,67734421885,51254129115159282278894,0,55908804698239685,1.3215407822618996
2025-05-16 01:23:33+00:00,13423407,67734421818,51254129064291746177238,0,55908804642752582,1.3215407822662606
2025-05-16 01:23:35+00:00,13423409,67734421819,51254129063537323753531,0,55908804642752582,1.3215407823052234
2025-05-16 01:23:38+00:00,13423412,67734431819,51254136630462335750926,0,55908812896872590,1.3215407823052234
2025-05-16 01:23:49+00:00,13423423,67734421820,51254129063537324579213,0,55908804642752582,1.321540782324734
2025-05-16 01:24:17+00:00,13423451,67734408645,51254139063537324579213,0,55908804642752582,1.321540267431531
2025-05-16 01:24:19+00:00,13423453,67734408646,51254139062782901861605,0,55908804642752582,1.3215402674704937
2025-05-16 01:24:32+00:00,13423466,67734395471,51254149062782901861605,0,55908804642752582,1.321539752577492
2025-05-16 01:24:42+00:00,13423476,67734382296,51254159062782901861605,0,55908804642752582,1.3215392376846908
2025-05-16 01:24:44+00:00,13423478,67734382295,51254159063782901861605,0,55908804642752582,1.3215392376393962
2025-05-16 01:24:53+00:00,13423487,67734382294,51254159062989064213999,0,55908804641886652,1.3215392376403539
2025-05-16 01:25:03+00:00,13423497,67734382295,51254159062234640908517,0,55908804641886652,1.3215392376793165
2025-05-16 01:25:18+00:00,13423512,67734369120,51254169062234640908517,0,55908804641886652,1.3215387227867164
2025-05-16 01:25:46+00:00,13423540,67734379121,51254176628417021788897,0,55908812896013082,1.321538722825679
2025-05-16 01:25:46+00:00,13423540,67734379120,51254176629171445388292,0,55908812896013082,1.3215387227867164
2025-05-16 01:26:02+00:00,13423556,67734365946,51254186628417021788897,0,55908812896013082,1.3215382079333557
2025-05-16 01:26:12+00:00,13423566,67734355947,51254179061478741689262,0,55908804641886652,1.3215382079528284
2025-05-16 01:26:29+00:00,13423583,67734355948,51254179060724317795965,0,55908804641886652,1.3215382079917912
2025-05-16 01:26:36+00:00,13423590,67734355949,51254179059969893902690,0,55908804641886652,1.3215382080307538
2025-05-16 01:26:41+00:00,13423595,67734355950,51254179059215470009437,0,55908804641886652,1.3215382080697164
2025-05-16 01:26:43+00:00,13423597,67734342775,51254189059215470009437,0,55908804641886652,1.321537693177518
2025-05-16 01:26:51+00:00,13423605,67734342708,51254189008347874364592,0,55908804586399549,1.3215376931818776
2025-05-16 01:26:55+00:00,13423609,67734342709,51254189008347874364591,0,55908804586399549,1.3215376932013883
2025-05-16 01:27:06+00:00,13423620,67734329534,51254199008347874364591,0,55908804586399549,1.3215371783093903
2025-05-16 01:27:13+00:00,13423627,67734329535,51254199007593449883503,0,55908804586399549,1.321537178348353
2025-05-16 01:27:21+00:00,13423635,67734316360,51254209007593449883503,0,55908804586399549,1.321536663456556
2025-05-16 01:27:30+00:00,13423644,67734416360,51254133565226994247052,0,55908804586399549,1.321540559724805
2025-05-16 01:27:55+00:00,13423669,67734416359,51254133566226994247052,0,55908804586399549,1.3215405596795105
2025-05-16 01:27:56+00:00,13423670,67734416360,51254133565472571696278,0,55908804586399549,1.321540559718473
2025-05-16 01:28:02+00:00,13423676,67734426360,51254141132398858188985,0,55908812840520214,1.321540559718473
2025-05-16 01:28:04+00:00,13423678,67734426373,51254141142398858188985,0,55908812851250570,1.3215405597142704
2025-05-16 01:28:08+00:00,13423682,67734426372,51254141141605020935501,0,55908812850384640,1.321540559715228
2025-05-16 01:28:40+00:00,13423714,67734426373,51254141140850598384747,0,55908812850384640,1.3215405597541907
2025-05-16 01:29:04+00:00,13423738,67734413198,51254151140850598384747,0,55908812850384640,1.3215400448611527
2025-05-16 01:29:24+00:00,13423758,67734413199,51254151140096175540081,0,55908804596263975,1.3215400449001153
2025-05-16 01:29:24+00:00,13423758,67734403200,51254143573168413639113,0,55908804596263975,1.321540044919588
2025-05-16 01:29:49+00:00,13423783,67734403201,51254143572413990794480,0,55908804596263975,1.3215400449585508
2025-05-16 01:29:54+00:00,13423788,67734403202,51254143571659567949869,0,55908804596263975,1.3215400449975134
2025-05-16 01:29:59+00:00,13423793,67734403266,51254143620497597449917,0,55908804649090357,1.32154004498695
2025-05-16 01:30:04+00:00,13423798,67734403199,51254143569630046907615,0,55908804593603254,1.3215400449913108
2025-05-16 01:30:09+00:00,13423803,67734403200,51254143569630046907614,0,55908804593603254,1.3215400450108215
2025-05-16 01:30:21+00:00,13423815,67734413200,51254151136559280533761,0,55908812847725524,1.3215400450108215
2025-05-16 01:30:53+00:00,13423847,67734413201,51254151135804857689180,0,55908812847725524,1.3215400450497843
2025-05-16 01:31:10+00:00,13423864,67734413200,51254151136804857689180,0,55908812847725524,1.3215400450044896
2025-05-16 01:31:12+00:00,13423866,67734403201,51254143569875624537746,0,55908804593603254,1.3215400450240002
2025-05-16 01:31:15+00:00,13423869,67734403200,51254143570875624537746,0,55908804593603254,1.3215400449787054
2025-05-16 01:31:20+00:00,13423874,67734403213,51254143580875624537746,0,55908804604333612,1.321540044974503
2025-05-16 01:31:27+00:00,13423881,67734413213,51254151147804858371848,0,55908812858455882,1.321540044974503
2025-05-16 01:31:38+00:00,13423892,67734413214,51254151147050435527246,0,55908812858455882,1.3215400450134656
2025-05-16 01:31:42+00:00,13423896,67734400039,51254161147050435527246,0,55908812858455882,1.3215395301206283
2025-05-16 01:32:20+00:00,13423934,67734400040,51254161146296012388731,0,55908812858455882,1.3215395301595911
2025-05-16 01:32:32+00:00,13423946,67734386865,51254171146296012388731,0,55908812858455882,1.3215390152669548
2025-05-16 01:33:05+00:00,13423979,67734386866,51254171145541588956303,0,55908812858455882,1.3215390153059174
2025-05-16 01:33:06+00:00,13423980,67734396866,51254178712476718514428,0,55908821112581363,1.3215390153059174
2025-05-16 01:33:13+00:00,13423987,67734396867,51254178711722295082023,0,55908821112581363,1.32153901534488
2025-05-16 01:33:19+00:00,13423993,67734396931,51254178760560324582071,0,55908821165407766,1.3215390153343178
2025-05-16 01:33:20+00:00,13423994,67734406931,51254186327495453977579,0,55908829419533247,1.3215390153343178
2025-05-16 01:33:30+00:00,13424004,67734406932,51254186327495453977578,0,55908829419533247,1.3215390153538285
2025-05-16 01:33:41+00:00,13424015,67734393757,51254196327495453977578,0,55908829419533247,1.3215385004615456
2025-05-16 01:33:48+00:00,13424022,67734393758,51254196326741030251265,0,55908829419533247,1.3215385005005083
2025-05-16 01:34:00+00:00,13424034,67734363759,51254173625934157239820,0,55908804657160015,1.3215385005198292
2025-05-16 01:34:30+00:00,13424064,67734363758,51254173626934157239820,0,55908804657160015,1.3215385004745346
2025-05-16 01:34:32+00:00,13424066,67734363759,51254173626179733513514,0,55908804657160015,1.3215385005134972
2025-05-16 01:34:34+00:00,13424068,67734363758,51254173627179733513514,0,55908804657160015,1.3215385004682025
2025-05-16 01:34:38+00:00,13424072,67734350583,51254183627179733513514,0,55908804657160015,1.3215379855758926
2025-05-16 01:34:39+00:00,13424073,67734350596,51254183637179733513514,0,55908804667890382,1.3215379855716904
2025-05-16 01:34:44+00:00,13424078,67734350595,51254183636385895485666,0,55908804667024452,1.3215379855726481
2025-05-16 01:34:56+00:00,13424090,67734337420,51254193636385895485666,0,55908804667024452,1.3215374706805392
2025-05-16 01:35:05+00:00,13424099,67734324245,51254203636385895485666,0,55908804667024452,1.321536955788631
2025-05-16 01:35:15+00:00,13424109,67734324246,51254203635631470877548,0,55908804667024452,1.3215369558275938
2025-05-16 01:35:20+00:00,13424114,67734334246,51254211202578392719504,0,55908812921156354,1.3215369558275938
2025-05-16 01:35:30+00:00,13424124,67734324247,51254203635631471566774,0,55908804667024452,1.3215369558471042
2025-05-16 01:35:44+00:00,13424138,67734334247,51254211202578393297015,0,55908812921156354,1.3215369558471042
2025-05-16 01:35:58+00:00,13424152,67734344247,51254218769525315027256,0,55908821175288256,1.3215369558471042
2025-05-16 01:35:59+00:00,13424153,67734344248,51254218768770890419171,0,55908821175288256,1.321536955886067
2025-05-16 01:36:07+00:00,13424161,67734331073,51254228768770890419171,0,55908821175288256,1.3215364409945118
2025-05-16 01:36:23+00:00,13424177,67734317898,51254238768770890419171,0,55908821175288256,1.3215359261031576
2025-05-16 01:36:29+00:00,13424183,67734317899,51254238768016465223237,0,55908821175288256,1.3215359261421202
2025-05-16 01:36:33+00:00,13424187,67734304724,51254248768016465223237,0,55908821175288256,1.3215354112509667
2025-05-16 01:36:33+00:00,13424187,67734304725,51254248767262039733389,0,55908821175288256,1.3215354112899296
2025-05-16 01:36:40+00:00,13424194,67734304789,51254248816100069233437,0,55908821228114731,1.3215354112793707
2025-05-16 01:36:48+00:00,13424202,67734304790,51254248816100069233436,0,55908821228114731,1.3215354112988813
2025-05-16 01:37:17+00:00,13424231,67734284791,51254233682197369339828,0,55908804719850927,1.321535411318164
2025-05-16 01:37:25+00:00,13424239,67734284792,51254233681442943850018,0,55908804719850927,1.3215354113571267
2025-05-16 01:37:36+00:00,13424250,67734294792,51254241248398709137216,0,55908812973987645,1.3215354113571267
2025-05-16 01:37:49+00:00,13424263,67734294791,51254241249398709137216,0,55908812973987645,1.3215354113118323
2025-05-16 01:37:53+00:00,13424267,67734294790,51254241250398709137216,0,55908812973987645,1.3215354112665376
2025-05-16 01:37:58+00:00,13424272,67734294803,51254241260398709137216,0,55908812984718022,1.321535411262336
2025-05-16 01:38:08+00:00,13424282,67734294804,51254241259644283647374,0,55908812984718022,1.3215354113012987
2025-05-16 01:38:12+00:00,13424286,67734281629,51254251259644283647374,0,55908812984718022,1.3215348964102709
2025-05-16 01:38:24+00:00,13424298,67734268454,51254261259644283647374,0,55908812984718022,1.3215343815194438
2025-05-16 01:38:33+00:00,13424307,67734255279,51254271259644283647374,0,55908812984718022,1.3215338666288179
2025-05-16 01:38:42+00:00,13424316,67734242104,51254281259644283647374,0,55908812984718022,1.3215333517383927
2025-05-16 01:38:51+00:00,13424325,67734228929,51254291259644283647374,0,55908812984718022,1.3215328368481685
2025-05-16 01:38:52+00:00,13424326,67734228930,51254291258889856687873,0,55908812984718022,1.321532836887131
2025-05-16 01:39:00+00:00,13424334,67734215755,51254301258889856687873,0,55908812984718022,1.3215323219971078
2025-05-16 01:39:24+00:00,13424358,67734315755,51254225816275560153994,0,55908812984718022,1.3215362182583443
2025-05-16 01:39:36+00:00,13424370,67734315756,51254225815521135124842,0,55908812984718022,1.321536218297307
2025-05-16 01:39:43+00:00,13424377,67734315757,51254225814766710095712,0,55908812984718022,1.3215362183362696
2025-05-16 01:39:52+00:00,13424386,67734315821,51254225863604739595760,0,55908813037544480,1.32153621832571
2025-05-16 01:39:54+00:00,13424388,67734302646,51254235863604739595760,0,55908813037544480,1.32153570343437
2025-05-16 01:39:57+00:00,13424391,67734302579,51254235812737105138196,0,55908812982057377,1.3215357034387285
2025-05-16 01:40:04+00:00,13424398,67734289404,51254245812737105138196,0,55908812982057377,1.321535188547589
2025-05-16 01:40:14+00:00,13424407,67734279405,51254238245780667481719,0,55908804727920659,1.3215351885670839
2025-05-16 01:40:21+00:00,13424414,67734279406,51254238245026241864747,0,55908804727920659,1.3215351886060465
2025-05-16 01:40:23+00:00,13424416,67734266231,51254248245026241864747,0,55908804727920659,1.321534673715032
2025-05-16 01:40:37+00:00,13424430,67734276231,51254255811986230805863,0,55908812982059640,1.321534673715032
2025-05-16 01:41:02+00:00,13424455,67734276230,51254255812986230805863,0,55908812982059640,1.3215346736697373
2025-05-16 01:41:05+00:00,13424458,67734263055,51254265812986230805863,0,55908812982059640,1.3215341587789997
2025-05-16 01:41:07+00:00,13424460,67734263056,51254265812231804601015,0,55908812982059640,1.3215341588179623
2025-05-16 01:41:15+00:00,13424468,67734263055,51254265811437965418470,0,55908812981193710,1.32153415881892
2025-05-16 01:41:16+00:00,13424469,67734249880,51254275811437965418470,0,55908812981193710,1.3215336439283831
2025-05-16 01:41:39+00:00,13424492,67734259880,51254283378403850807553,0,55908821235335902,1.3215336439283831
2025-05-16 01:41:50+00:00,13424503,67734259881,51254283377649424308791,0,55908821235335902,1.3215336439673457
2025-05-16 01:41:54+00:00,13424507,67734246706,51254293377649424308791,0,55908821235335902,1.3215331290770858
2025-05-16 01:42:23+00:00,13424536,67734226707,51254278243717645634527,0,55908804727054729,1.3215331290964445
2025-05-16 01:42:33+00:00,13424546,67734326707,51254202801149424116770,0,55908804727054729,1.3215370253594305
2025-05-16 01:42:34+00:00,13424547,67734326708,51254202800394999548368,0,55908804727054729,1.3215370253983931
2025-05-16 01:42:42+00:00,13424555,67734313533,51254212800394999548368,0,55908804727054729,1.321536510506664
2025-05-16 01:42:57+00:00,13424570,67734313534,51254212799640574686052,0,55908804727054729,1.3215365105456267
2025-05-16 01:43:02+00:00,13424575,67734313535,51254212798886149823758,0,55908804727054729,1.3215365105845893
2025-05-16 01:43:08+00:00,13424581,67734313599,51254212847724179323806,0,55908804779881181,1.3215365105740293
2025-05-16 01:43:13+00:00,13424586,67734313532,51254212796856560195433,0,55908804724394078,1.3215365105783885
2025-05-16 01:43:17+00:00,13424590,67734313533,51254212796856560195432,0,55908804724394078,1.321536510597899
2025-05-16 01:43:30+00:00,13424603,67734300358,51254222796856560195432,0,55908804724394078,1.3215359957063708
2025-05-16 01:43:52+00:00,13424625,67734310358,51254230363808979569318,0,55908812978528900,1.3215359957063708
2025-05-16 01:44:00+00:00,13424633,67734310359,51254230363054554413118,0,55908812978528900,1.3215359957453334
2025-05-16 01:44:02+00:00,13424635,67734300360,51254222796102135355874,0,55908804724394078,1.321535995764844
2025-05-16 01:44:12+00:00,13424645,67734287185,51254232796102135355874,0,55908804724394078,1.3215354808735167
2025-05-16 01:44:19+00:00,13424652,67734287184,51254232797102135355874,0,55908804724394078,1.321535480828222
2025-05-16 01:44:22+00:00,13424655,67734274009,51254242797102135355874,0,55908804724394078,1.3215349659370956
2025-05-16 01:44:24+00:00,13424657,67734274008,51254242798102135355874,0,55908804724394078,1.3215349658918012
2025-05-16 01:44:28+00:00,13424661,67734274021,51254242808102135355874,0,55908804735124457,1.3215349658875994
2025-05-16 01:44:33+00:00,13424666,67734274020,51254242807308296412526,0,55908804734258527,1.3215349658885573
2025-05-16 01:44:43+00:00,13424676,67734274021,51254242806553870668434,0,55908804734258527,1.32153496592752
2025-05-16 01:45:02+00:00,13424695,67734260846,51254252806553870668434,0,55908804734258527,1.3215344510365945
2025-05-16 01:45:26+00:00,13424719,67734260847,51254252805799444630427,0,55908804734258527,1.3215344510755571
2025-05-16 01:45:57+00:00,13424750,67734247672,51254262805799444630427,0,55908804734258527,1.3215339361848326
2025-05-16 01:46:10+00:00,13424763,67734247673,51254262805045018298506,0,55908804734258527,1.3215339362237952
2025-05-16 01:46:18+00:00,13424771,67734247674,51254262804290591966608,0,55908804734258527,1.3215339362627578
2025-05-16 01:46:23+00:00,13424776,67734247675,51254262803536165634732,0,55908804734258527,1.3215339363017204
2025-05-16 01:46:24+00:00,13424777,67734234500,51254272803536165634732,0,55908804734258527,1.3215334214111967
2025-05-16 01:46:28+00:00,13424781,67734234564,51254272852374195134780,0,55908804787085041,1.3215334214006398
2025-05-16 01:46:33+00:00,13424786,67734234497,51254272801506516460906,0,55908804731597938,1.3215334214049972
2025-05-16 01:46:37+00:00,13424790,67734234498,51254272801506516460905,0,55908804731597938,1.3215334214245078
2025-05-16 01:46:55+00:00,13424808,67734221323,51254282801506516460905,0,55908804731597938,1.321532906534185
2025-05-16 01:47:05+00:00,13424818,67734231323,51254275257238429612036,0,55908804731597938,1.3215332961601904
2025-05-16 01:47:25+00:00,13424838,67734218148,51254285257238429612036,0,55908804731597938,1.321532781269917
2025-05-16 01:47:37+00:00,13424850,67734218149,51254285256484002620806,0,55908812985742779,1.3215327813088795
2025-05-16 01:47:37+00:00,13424850,67734228149,51254292823454827283775,0,55908812985742779,1.3215327813088795
2025-05-16 01:47:38+00:00,13424851,67734228148,51254292824454827283775,0,55908812985742779,1.321532781263585
2025-05-16 01:47:43+00:00,13424856,67734228147,51254292825454827283775,0,55908812985742779,1.3215327812182907
2025-05-16 01:47:47+00:00,13424860,67734228160,51254292835454827283775,0,55908812996473167,1.3215327812140896
2025-05-16 01:47:52+00:00,13424865,67734228159,51254292834660987682892,0,55908812995607237,1.3215327812150472
2025-05-16 01:47:58+00:00,13424871,67734238159,51254285290392185421334,0,55908812995607237,1.3215331708409763
2025-05-16 01:48:15+00:00,13424888,67734224984,51254295290392185421334,0,55908812995607237,1.321532655950828
2025-05-16 01:48:21+00:00,13424894,67734224985,51254295289637758358563,0,55908812995607237,1.3215326559897906
2025-05-16 01:48:43+00:00,13424916,67734234985,51254287745368241220287,0,55908812995607237,1.321533045615701
2025-05-16 01:48:47+00:00,13424920,67734244985,51254295312337552487874,0,55908821249751246,1.321533045615701
2025-05-16 01:49:04+00:00,13424937,67734244986,51254295311583125647552,0,55908821249751246,1.3215330456546637
2025-05-16 01:49:16+00:00,13424949,67734254986,51254302878552436692043,0,55908829503895255,1.3215330456546637
2025-05-16 01:49:35+00:00,13424968,67734254987,51254302877798009851743,0,55908829503895255,1.3215330456936263
2025-05-16 01:49:40+00:00,13424973,67734254988,51254302877043583011466,0,55908829503895255,1.321533045732589
2025-05-16 01:49:41+00:00,13424974,67734241813,51254312877043583011466,0,55908829503895255,1.3215325308426416
2025-05-16 01:49:48+00:00,13424981,67734241814,51254312876289155877274,0,55908829503895255,1.3215325308816042
2025-05-16 01:49:50+00:00,13424983,67734241747,51254312825421459969551,0,55908829448408152,1.3215325308859611
2025-05-16 01:49:50+00:00,13424983,67734228572,51254322825421459969551,0,55908829448408152,1.3215320159962143
2025-05-16 01:50:04+00:00,13424997,67734238572,51254330392396666742480,0,55908837702555372,1.3215320159962143
2025-05-16 01:50:32+00:00,13425025,67734238573,51254330391642239314376,0,55908837702555372,1.3215320160351767
2025-05-16 01:50:55+00:00,13425048,67734238572,51254330392642239314376,0,55908837702555372,1.3215320159898825
2025-05-16 01:51:00+00:00,13425053,67734238571,51254330393642239314376,0,55908837702555372,1.321532015944588
2025-05-16 01:51:05+00:00,13425058,67734238584,51254330403642239314376,0,55908837713285763,1.321532015940387
2025-05-16 01:51:12+00:00,13425065,67734248584,51254337970617446406967,0,55908845967432983,1.321532015940387
2025-05-16 01:51:16+00:00,13425069,67734248585,51254337969863018978831,0,55908845967432983,1.3215320159793496
2025-05-16 01:51:28+00:00,13425081,67734235410,51254347969863018978831,0,55908845967432983,1.3215315010899558
2025-05-16 01:51:43+00:00,13425096,67734222235,51254357969863018978831,0,55908845967432983,1.3215309862007627
2025-05-16 01:52:00+00:00,13425113,67734222236,51254357969108590962844,0,55908845967432983,1.3215309862397253
2025-05-16 01:52:17+00:00,13425130,67734209061,51254367969108590962844,0,55908845967432983,1.3215304713507332
2025-05-16 01:52:35+00:00,13425148,67734195886,51254377969108590962844,0,55908845967432983,1.321529956461942
2025-05-16 01:52:44+00:00,13425157,67734182712,51254387968354162359005,0,55908845967432983,1.3215294416123144
2025-05-16 01:52:44+00:00,13425157,67734195887,51254377968354162359005,0,55908845967432983,1.3215299565009047
2025-05-16 01:52:52+00:00,13425165,67734182713,51254387967599733461251,0,55908845967432983,1.3215294416512768
2025-05-16 01:53:02+00:00,13425175,67734182777,51254388016437762961299,0,55908846020259576,1.3215294416407237
2025-05-16 01:53:07+00:00,13425180,67734182710,51254387965570007507368,0,55908845964772473,1.3215294416450791
2025-05-16 01:53:11+00:00,13425184,67734182711,51254387965570007507367,0,55908845964772473,1.3215294416645897
2025-05-16 01:53:28+00:00,13425201,67734182712,51254387964815578609643,0,55908845964772473,1.3215294417035524
2025-05-16 01:53:57+00:00,13425230,67734192712,51254395531805525582929,0,55908854218927720,1.3215294417035524
2025-05-16 01:54:08+00:00,13425241,67734179537,51254405531805525582929,0,55908854218927720,1.3215289268152388
2025-05-16 01:54:14+00:00,13425247,67734179536,51254405532805525582929,0,55908854218927720,1.3215289267699446
2025-05-16 01:54:19+00:00,13425252,67734179535,51254405533805525582929,0,55908854218927720,1.3215289267246504
2025-05-16 01:54:24+00:00,13425257,67734179548,51254405543805525582929,0,55908854229658123,1.32152892672045
2025-05-16 01:54:26+00:00,13425259,67734189548,51254413110798421316457,0,55908862483814975,1.32152892672045
2025-05-16 01:54:28+00:00,13425261,67734189547,51254413110004580555382,0,55908862482949045,1.3215289267214076
2025-05-16 01:54:47+00:00,13425280,67734176372,51254423110004580555382,0,55908862482949045,1.3215284118333714
2025-05-16 01:54:55+00:00,13425288,67734176373,51254423109250151069752,0,55908862482949045,1.3215284118723338
2025-05-16 01:55:38+00:00,13425331,67734176374,51254423108495721584144,0,55908862482949045,1.3215284119112964
2025-05-16 01:55:40+00:00,13425333,67734163199,51254433108495721584144,0,55908862482949045,1.321527897023461
2025-05-16 01:56:12+00:00,13425365,67734163200,51254433107741291804621,0,55908862482949045,1.3215278970624234
2025-05-16 01:56:16+00:00,13425369,67734150025,51254443107741291804621,0,55908862482949045,1.3215273821747888
2025-05-16 01:56:22+00:00,13425375,67734150026,51254443106986861731183,0,55908862535775679,1.3215273822137514
2025-05-16 01:56:22+00:00,13425375,67734150090,51254443155824891231231,0,55908862535775679,1.3215273822032
2025-05-16 01:56:27+00:00,13425380,67734150023,51254443104957096080238,0,55908862480288576,1.3215273822075546
2025-05-16 01:56:32+00:00,13425385,67734150024,51254443104957096080237,0,55908862480288576,1.3215273822270652
2025-05-16 01:56:45+00:00,13425398,67734136849,51254453104957096080237,0,55908862480288576,1.3215268673396314
2025-05-16 01:57:05+00:00,13425418,67734136850,51254453104202665712891,0,55908862480288576,1.321526867378594
2025-05-16 01:57:34+00:00,13425447,67734136849,51254453105202665712891,0,55908862480288576,1.3215268673332998
2025-05-16 01:57:43+00:00,13425456,67734136862,51254453115202665712891,0,55908862491018988,1.3215268673290999
2025-05-16 01:57:48+00:00,13425461,67734136861,51254453114408824332320,0,55908862490153058,1.3215268673300575
2025-05-16 01:57:49+00:00,13425462,67734136862,51254453113654393964969,0,55908862490153058,1.32152686736902
2025-05-16 01:57:58+00:00,13425471,67734123687,51254463113654393964969,0,55908862490153058,1.3215263524817873
2025-05-16 01:58:34+00:00,13425507,67734123688,51254463112899963303702,0,55908862490153058,1.3215263525207497
2025-05-16 01:59:15+00:00,13425548,67734133688,51254470679907598774207,0,55908870744317937,1.3215263525207497
2025-05-16 01:59:17+00:00,13425550,67734133689,51254470679153168112962,0,55908870744317937,1.321526352559712
2025-05-16 01:59:31+00:00,13425564,67734133690,51254470678398737451739,0,55908870744317937,1.3215263525986747
2025-05-16 01:59:35+00:00,13425568,67734133691,51254470677644306790539,0,55908870744317937,1.321526352637637
2025-05-16 01:59:41+00:00,13425574,67734133755,51254470726482336290587,0,55908870797144592,1.3215263526270868
2025-05-16 01:59:46+00:00,13425579,67734133688,51254470675614521293400,0,55908870741657489,1.321526352631441
2025-05-16 01:59:51+00:00,13425584,67734133689,51254470675614521293399,0,55908870741657489,1.3215263526509513
2025-05-16 02:00:02+00:00,13425595,67734133690,51254470674860090632229,0,55908870741657489,1.3215263526899137
2025-05-16 02:00:47+00:00,13425640,67734133691,51254470674105659971081,0,55908870741657489,1.3215263527288763
2025-05-16 02:00:56+00:00,13425649,67734133690,51254470675105659971081,0,55908870741657489,1.321526352683582
2025-05-16 02:01:01+00:00,13425654,67734133689,51254470676105659971081,0,55908870741657489,1.321526352638288
2025-05-16 02:01:06+00:00,13425659,67734133702,51254470686105659971081,0,55908870752387903,1.3215263526340881
2025-05-16 02:01:11+00:00,13425664,67734133701,51254470685311818435670,0,55908870751521973,1.3215263526350458
2025-05-16 02:01:31+00:00,13425684,67734133702,51254470684557387774490,0,55908870751521973,1.3215263526740082
2025-05-16 02:02:15+00:00,13425728,67734133703,51254470683802957113333,0,55908870751521973,1.3215263527129706
2025-05-16 02:03:00+00:00,13425773,67734133704,51254470683048526452198,0,55908870751521973,1.3215263527519332
2025-05-16 02:03:00+00:00,13425773,67734133705,51254470682294095791085,0,55908870751521973,1.3215263527908956
2025-05-16 02:03:05+00:00,13425778,67734133706,51254470681539665129994,0,55908870751521973,1.321526352829858
2025-05-16 02:03:11+00:00,13425784,67734133770,51254470730377694630042,0,55908870804348628,1.3215263528193077
2025-05-16 02:03:16+00:00,13425789,67734133703,51254470679509879635544,0,55908870748861525,1.3215263528236618
2025-05-16 02:03:22+00:00,13425795,67734133704,51254470679509879635543,0,55908870748861525,1.3215263528431722
2025-05-16 02:03:44+00:00,13425817,67734133705,51254470678755448974482,0,55908870748861525,1.3215263528821346
2025-05-16 02:04:28+00:00,13425861,67734133704,51254470679755448974482,0,55908870748861525,1.3215263528368406
2025-05-16 02:04:29+00:00,13425862,67734133705,51254470679001018313418,0,55908870748861525,1.321526352875803
2025-05-16 02:04:38+00:00,13425871,67734133718,51254470689001018313418,0,55908870759591939,1.3215263528716032
2025-05-16 02:04:43+00:00,13425876,67734133717,51254470688207176778064,0,55908870758726009,1.3215263528725607
2025-05-16 02:05:14+00:00,13425907,67734133718,51254470687452746117020,0,55908870758726009,1.3215263529115233
2025-05-16 02:05:58+00:00,13425951,67734133719,51254470686698315455998,0,55908870758726009,1.3215263529504857
2025-05-16 02:06:31+00:00,13425984,67734133720,51254470685943884794999,0,55908870758726009,1.321526352989448
2025-05-16 02:06:36+00:00,13425989,67734133721,51254470685189454134022,0,55908870758726009,1.3215263530284105
2025-05-16 02:06:42+00:00,13425995,67734133785,51254470734027483634070,0,55908870811552664,1.3215263530178605
2025-05-16 02:06:43+00:00,13425996,67734133786,51254470733273052973109,0,55908870811552664,1.3215263530568229
2025-05-16 02:06:51+00:00,13426004,67734133787,51254470733273052973108,0,55908870811552664,1.3215263530763335
2025-05-16 02:07:27+00:00,13426040,67734133788,51254470732518622312180,0,55908870811552664,1.3215263531152959
2025-05-16 02:07:55+00:00,13426068,67734133787,51254470733518622312180,0,55908870811552664,1.3215263530700017
2025-05-16 02:08:00+00:00,13426073,67734133786,51254470734518622312180,0,55908870811552664,1.3215263530247077
2025-05-16 02:08:10+00:00,13426083,67734133785,51254470733724780776859,0,55908870810686734,1.3215263530256651
2025-05-16 02:08:12+00:00,13426085,67734133786,51254470732970350115902,0,55908870810686734,1.3215263530646277
2025-05-16 02:08:55+00:00,13426128,67734133787,51254470732215919454968,0,55908870810686734,1.3215263531035901
2025-05-16 02:09:40+00:00,13426173,67734133788,51254470731461488794056,0,55908870810686734,1.3215263531425525
2025-05-16 02:09:55+00:00,13426188,67734133789,51254470730707058133166,0,55908870810686734,1.3215263531815151
2025-05-16 02:09:59+00:00,13426192,67734133790,51254470729952627472298,0,55908870810686734,1.3215263532204775
2025-05-16 02:10:05+00:00,13426198,67734133854,51254470778790656972346,0,55908870863513389,1.3215263532099273
2025-05-16 02:10:10+00:00,13426203,67734133787,51254470727922841983630,0,55908870808026286,1.3215263532142811
2025-05-16 02:10:15+00:00,13426208,67734133788,51254470727922841983629,0,55908870808026286,1.3215263532337918
2025-05-16 02:10:25+00:00,13426218,67734133789,51254470727168411322791,0,55908870808026286,1.3215263532727541
2025-05-16 02:11:09+00:00,13426262,67734133790,51254470726413980661975,0,55908870808026286,1.3215263533117165
2025-05-16 02:11:16+00:00,13426269,67734133789,51254470727413980661975,0,55908870808026286,1.3215263532664225
2025-05-16 02:11:21+00:00,13426274,67734133788,51254470728413980661975,0,55908870808026286,1.3215263532211283
2025-05-16 02:11:26+00:00,13426279,67734133801,51254470738413980661975,0,55908870818756700,1.3215263532169286
2025-05-16 02:11:31+00:00,13426284,67734133800,51254470737620139126696,0,55908870817890770,1.321526353217886
2025-05-16 02:11:53+00:00,13426306,67734133801,51254470736865708465849,0,55908870817890770,1.3215263532568486
2025-05-16 02:12:38+00:00,13426351,67734133802,51254470736111277805024,0,55908870817890770,1.321526353295811
2025-05-16 02:13:15+00:00,13426388,67734133803,51254470735356847144222,0,55908870817890770,1.3215263533347734
2025-05-16 02:13:20+00:00,13426393,67734133804,51254470734602416483442,0,55908870817890770,1.321526353373736
2025-05-16 02:13:22+00:00,13426395,67734133805,51254470733847985822684,0,55908870817890770,1.3215263534126984
2025-05-16 02:13:31+00:00,13426404,67734133738,51254470682980170837062,0,55908870762403667,1.3215263534170523
2025-05-16 02:14:06+00:00,13426439,67734133739,51254470682225740176329,0,55908870762403667,1.3215263534560149
2025-05-16 02:14:28+00:00,13426461,67734053740,51254410146269879932953,0,55908804729199390,1.3215263534728134
2025-05-16 02:14:36+00:00,13426469,67734053739,51254410147269879932953,0,55908804729199390,1.3215263534275192
2025-05-16 02:14:37+00:00,13426470,67734040564,51254420147269879932953,0,55908804729199390,1.321525838539955
2025-05-16 02:14:43+00:00,13426476,67734027389,51254430147269879932953,0,55908804729199390,1.3215253236525921
2025-05-16 02:14:45+00:00,13426478,67734027402,51254430157269879932953,0,55908804739929808,1.3215253236483924
2025-05-16 02:14:51+00:00,13426484,67734027402,51254430155721606839355,0,55908804739063878,1.3215253236883124
2025-05-16 02:14:51+00:00,13426484,67734027401,51254430156476038087961,0,55908804739063878,1.32152532364935
2025-05-16 02:15:29+00:00,13426522,67734037402,51254437722735133368297,0,55908812993231965,1.3215253236883124
2025-05-16 02:15:34+00:00,13426527,67734037403,51254437721980702119714,0,55908812993231965,1.321525323727275
2025-05-16 02:15:44+00:00,13426537,67734137403,51254362278966891951208,0,55908812993231965,1.3215292199781377
2025-05-16 02:16:19+00:00,13426572,67734137404,51254362278212462926929,0,55908812993231965,1.3215292200171003
2025-05-16 02:16:26+00:00,13426579,67734127404,51254354711210074813777,0,55908804739063878,1.3215292200173883
2025-05-16 02:16:36+00:00,13426589,67734114229,51254364711210074813777,0,55908804739063878,1.3215287051287081
2025-05-16 02:16:37+00:00,13426590,67734114230,51254364710455645495583,0,55908804739063878,1.3215287051676705
2025-05-16 02:16:47+00:00,13426600,67734114294,51254364759293674995631,0,55908804791890486,1.3215287051571183
2025-05-16 02:16:52+00:00,13426605,67734114227,51254364708425905112434,0,55908804736403383,1.3215287051614732
2025-05-16 02:16:57+00:00,13426610,67734114228,51254364708425905112433,0,55908804736403383,1.3215287051809839
2025-05-16 02:17:02+00:00,13426615,67734124228,51254372275420069367454,0,55908812990560888,1.3215287051809839
2025-05-16 02:17:03+00:00,13426616,67734124229,51254372274665640049289,0,55908812990560888,1.3215287052199463
2025-05-16 02:17:37+00:00,13426650,67734111054,51254382274665640049289,0,55908812990560888,1.321528190331543
2025-05-16 02:17:49+00:00,13426662,67734111055,51254382273911210437209,0,55908812990560888,1.3215281903705056
2025-05-16 02:17:58+00:00,13426671,67734111054,51254382274911210437209,0,55908812990560888,1.3215281903252114
2025-05-16 02:18:04+00:00,13426677,67734111053,51254382275911210437209,0,55908812990560888,1.3215281902799172
2025-05-16 02:18:05+00:00,13426678,67734097878,51254392275911210437209,0,55908812990560888,1.3215276753917147
2025-05-16 02:18:12+00:00,13426685,67734097877,51254392275117369296083,0,55908812989694958,1.3215276753926724
2025-05-16 02:18:26+00:00,13426699,67734107877,51254399842117430061854,0,55908821243855674,1.3215276753926724
2025-05-16 02:18:35+00:00,13426708,67734107878,51254399841363000155807,0,55908821243855674,1.321527675431635
2025-05-16 02:18:47+00:00,13426720,67734094703,51254409841363000155807,0,55908821243855674,1.3215271605437093
2025-05-16 02:19:06+00:00,13426739,67734074704,51254394707362871620406,0,55908804735537453,1.321527160563068
2025-05-16 02:19:21+00:00,13426754,67734074705,51254394706608441420455,0,55908804735537453,1.3215271606020307
2025-05-16 02:19:39+00:00,13426772,67734061530,51254404706608441420455,0,55908804735537453,1.321526645714154
2025-05-16 02:19:54+00:00,13426787,67734048356,51254414705854010926588,0,55908804735537453,1.3215261308654407
2025-05-16 02:19:54+00:00,13426787,67734061531,51254404705854010926588,0,55908804735537453,1.3215266457531165
2025-05-16 02:19:59+00:00,13426792,67734048357,51254414705099580138805,0,55908804735537453,1.3215261309044033
2025-05-16 02:20:04+00:00,13426797,67734048421,51254414753937609638853,0,55908804788364112,1.3215261308938533
2025-05-16 02:20:09+00:00,13426802,67734048354,51254414703069790134897,0,55908804732877009,1.3215261308982071
2025-05-16 02:20:14+00:00,13426807,67734048355,51254414703069790134896,0,55908804732877009,1.3215261309177178
2025-05-16 02:20:30+00:00,13426823,67734148355,51254339260102060671541,0,55908804732877009,1.3215300271703303
2025-05-16 02:20:46+00:00,13426839,67734135180,51254349260102060671541,0,55908804732877009,1.3215295122813373
2025-05-16 02:21:15+00:00,13426868,67734135179,51254349261102060671541,0,55908804732877009,1.321529512236043
2025-05-16 02:21:21+00:00,13426874,67734145179,51254356828091603780484,0,55908812987031961,1.321529512236043
2025-05-16 02:21:24+00:00,13426877,67734145192,51254356838091603780484,0,55908812997762362,1.3215295122318425
2025-05-16 02:21:29+00:00,13426882,67734145191,51254356837297763188330,0,55908812996896432,1.3215295122328001
2025-05-16 02:21:40+00:00,13426893,67734145192,51254356836543334330892,0,55908812996896432,1.3215295122717627
2025-05-16 02:21:47+00:00,13426900,67734155192,51254364403532877235306,0,55908821251051384,1.3215295122717627
2025-05-16 02:22:14+00:00,13426927,67734135193,51254349269553791776494,0,55908804742741480,1.3215295122912734
2025-05-16 02:22:24+00:00,13426937,67734122018,51254359269553791776494,0,55908804742741480,1.3215289974024813
2025-05-16 02:23:14+00:00,13426987,67734122019,51254359268799362625152,0,55908804742741480,1.321528997441444
2025-05-16 02:23:17+00:00,13426990,67734122020,51254359268044933473832,0,55908804742741480,1.3215289974804065
2025-05-16 02:23:22+00:00,13426995,67734122021,51254359267290504322534,0,55908804742741480,1.321528997519369
2025-05-16 02:23:28+00:00,13427001,67734122085,51254359316128533822582,0,55908804795568081,1.3215289975088162
2025-05-16 02:23:33+00:00,13427006,67734122018,51254359265260769344840,0,55908804740080978,1.3215289975131714
2025-05-16 02:23:38+00:00,13427011,67734122019,51254359265260769344839,0,55908804740080978,1.321528997532682
2025-05-16 02:23:59+00:00,13427032,67734122020,51254359264506340193571,0,55908804740080978,1.3215289975716447
2025-05-16 02:24:11+00:00,13427044,67734132020,51254366831498830237563,0,55908812994237534,1.3215289975716447
2025-05-16 02:24:21+00:00,13427054,67734118845,51254376831498830237563,0,55908812994237534,1.3215284826831295
2025-05-16 02:24:41+00:00,13427074,67734128845,51254384398494268502178,0,55908821248395696,1.3215284826831295
2025-05-16 02:24:44+00:00,13427077,67734128845,51254384398739839056995,0,55908821248395696,1.321528482676798
2025-05-16 02:24:44+00:00,13427077,67734128846,51254384397739839056995,0,55908821248395696,1.3215284827220921
2025-05-16 02:24:49+00:00,13427082,67734128844,51254384399739839056995,0,55908821248395696,1.3215284826315037
2025-05-16 02:24:50+00:00,13427083,67734115669,51254394399739839056995,0,55908821248395696,1.3215279677432656
2025-05-16 02:24:54+00:00,13427087,67734115682,51254394409739839056995,0,55908821259126103,1.3215279677390652
2025-05-16 02:24:59+00:00,13427092,67734115681,51254394408945998000223,0,55908821258260173,1.321527967740023
2025-05-16 02:25:10+00:00,13427103,67734125681,51254401975944384800346,0,55908829512419941,1.321527967740023
2025-05-16 02:25:19+00:00,13427112,67734112506,51254411975944384800346,0,55908829512419941,1.321527452852062
2025-05-16 02:25:28+00:00,13427121,67734112507,51254411975189954767256,0,55908829512419941,1.3215274528910244
2025-05-16 02:25:32+00:00,13427125,67734122507,51254419542191289566328,0,55908837766581314,1.3215274528910244
2025-05-16 02:26:08+00:00,13427161,67734109332,51254429542191289566328,0,55908837766581314,1.3215269380033403
2025-05-16 02:26:22+00:00,13427175,67734119332,51254437109195572588157,0,55908846020744293,1.3215269380033403
2025-05-16 02:26:31+00:00,13427184,67734106157,51254447109195572588157,0,55908846020744293,1.3215264231159332
2025-05-16 02:26:44+00:00,13427197,67734116157,51254454676202803833455,0,55908854274908877,1.3215264231159332
2025-05-16 02:26:53+00:00,13427206,67734116158,51254454675448373212511,0,55908854274908877,1.3215264231548955
2025-05-16 02:26:57+00:00,13427210,67734116159,51254454674693942591590,0,55908854274908877,1.321526423193858
2025-05-16 02:26:58+00:00,13427211,67734126159,51254462241701173390693,0,55908862529073461,1.321526423193858
2025-05-16 02:26:59+00:00,13427212,67734126223,51254462290539202890741,0,55908862581900114,1.3215264231833077
2025-05-16 02:27:04+00:00,13427217,67734126156,51254462239671388791346,0,55908862526413011,1.3215264231876618
2025-05-16 02:27:08+00:00,13427221,67734126157,51254462239671388791345,0,55908862526413011,1.3215264232071722
2025-05-16 02:27:24+00:00,13427237,67734112982,51254472239671388791345,0,55908862526413011,1.3215259083201178
2025-05-16 02:27:38+00:00,13427251,67734122982,51254479806681567737957,0,55908870780579200,1.3215259083201178
2025-05-16 02:27:59+00:00,13427272,67734042983,51254419270632518041372,0,55908804747285005,1.3215259083387936
2025-05-16 02:28:11+00:00,13427284,67734042982,51254419271632518041372,0,55908804747285005,1.3215259082934994
2025-05-16 02:28:12+00:00,13427285,67734052982,51254426838642697140401,0,55908813001451194,1.3215259082934994
2025-05-16 02:28:20+00:00,13427293,67734052995,51254426848642697140401,0,55908813012181610,1.3215259082892996
2025-05-16 02:28:25+00:00,13427298,67734052994,51254426847848855464110,0,55908813011315680,1.321525908290257
2025-05-16 02:28:26+00:00,13427299,67734052995,51254426847094424549264,0,55908813011315680,1.3215259083292197
2025-05-16 02:28:38+00:00,13427311,67734062995,51254434414104603443760,0,55908821265481869,1.3215259083292197
2025-05-16 02:28:53+00:00,13427326,67734072995,51254441981114782338256,0,55908829519648058,1.3215259083292197
2025-05-16 02:29:09+00:00,13427342,67734072996,51254441980360351423432,0,55908829519648058,1.321525908368182
2025-05-16 02:29:36+00:00,13427369,67734082996,51254449547370530094830,0,55908837773814247,1.321525908368182
2025-05-16 02:29:45+00:00,13427378,67734042997,51254419279329817013863,0,55908804757149491,1.3215259083876927
2025-05-16 02:29:53+00:00,13427386,67734042998,51254419278575386099072,0,55908804757149491,1.321525908426655
2025-05-16 02:30:12+00:00,13427405,67734042999,51254419277820955184303,0,55908804757149491,1.3215259084656175
2025-05-16 02:30:17+00:00,13427410,67734043000,51254419277066524269557,0,55908804757149491,1.32152590850458
2025-05-16 02:30:23+00:00,13427416,67734043064,51254419325904553769605,0,55908804809976154,1.3215259084940303
2025-05-16 02:30:23+00:00,13427416,67734029889,51254429325904553769605,0,55908804809976154,1.3215253936066453
2025-05-16 02:30:28+00:00,13427421,67734029822,51254429275036719823257,0,55908804754489051,1.3215253936109987
2025-05-16 02:30:34+00:00,13427427,67734029823,51254429275036719823256,0,55908804754489051,1.3215253936305094
2025-05-16 02:31:07+00:00,13427460,67734016648,51254439275036719823256,0,55908804754489051,1.3215248787433247
2025-05-16 02:31:23+00:00,13427476,67734016649,51254439274282288320663,0,55908804754489051,1.321524878782287
2025-05-16 02:31:28+00:00,13427481,67734026649,51254446841298362368737,0,55908813008658450,1.321524878782287
2025-05-16 02:31:36+00:00,13427489,67734026648,51254446842298362368737,0,55908813008658450,1.321524878736993
2025-05-16 02:31:45+00:00,13427498,67734026661,51254446852298362368737,0,55908813019388870,1.3215248787327933
2025-05-16 02:31:47+00:00,13427500,67734013486,51254456852298362368737,0,55908813019388870,1.3215243638458858
2025-05-16 02:31:49+00:00,13427502,67734013485,51254456851504520227844,0,55908813018522940,1.3215243638468435
2025-05-16 02:32:02+00:00,13427515,67734000310,51254466851504520227844,0,55908813018522940,1.3215238489601369
2025-05-16 02:32:07+00:00,13427520,67734000311,51254466850750088137368,0,55908813018522940,1.3215238489990992
2025-05-16 02:32:16+00:00,13427529,67734010311,51254474417772058700999,0,55908821272695550,1.3215238489990992
2025-05-16 02:32:33+00:00,13427546,67733990312,51254459283731062681129,0,55908804764353541,1.321523849018534
2025-05-16 02:32:45+00:00,13427558,67733977137,51254469283731062681129,0,55908804764353541,1.321523334131952
2025-05-16 02:32:51+00:00,13427564,67733977138,51254469282976630296748,0,55908804764353541,1.3215233341709145
2025-05-16 02:33:04+00:00,13427577,67734077138,51254393839849240599585,0,55908804764353541,1.3215272304193781
2025-05-16 02:33:32+00:00,13427605,67734063963,51254403839849240599585,0,55908804764353541,1.3215267155314792
2025-05-16 02:33:35+00:00,13427608,67734063964,51254403839094810145575,0,55908804764353541,1.3215267155704415
2025-05-16 02:33:37+00:00,13427610,67734063965,51254403838340379691587,0,55908804764353541,1.3215267156094042
2025-05-16 02:33:47+00:00,13427620,67734064029,51254403887178409191635,0,55908804817180188,1.3215267155988537
2025-05-16 02:33:52+00:00,13427625,67734063962,51254403836310600498691,0,55908804761693085,1.3215267156032078
2025-05-16 02:33:56+00:00,13427629,67734063963,51254403836310600498690,0,55908804761693085,1.3215267156227182
2025-05-16 02:34:03+00:00,13427636,67734050788,51254413836310600498690,0,55908804761693085,1.3215262007350201
2025-05-16 02:34:19+00:00,13427652,67734050789,51254413835556169750794,0,55908804761693085,1.3215262007739828
2025-05-16 02:34:33+00:00,13427666,67734037614,51254423835556169750794,0,55908804761693085,1.3215256858864854
2025-05-16 02:34:59+00:00,13427692,67734037613,51254423836556169750794,0,55908804761693085,1.3215256858411915
2025-05-16 02:35:04+00:00,13427697,67734037612,51254423837556169750794,0,55908804761693085,1.3215256857958972
2025-05-16 02:35:06+00:00,13427699,67734047612,51254431404567622863365,0,55908813015859931,1.3215256857958972
2025-05-16 02:35:09+00:00,13427702,67734047625,51254431414567622863365,0,55908813026590347,1.3215256857916975
2025-05-16 02:35:14+00:00,13427707,67734047624,51254431413773781116561,0,55908813025724417,1.3215256857926552
2025-05-16 02:35:48+00:00,13427741,67734047625,51254431413019350074695,0,55908813025724417,1.3215256858316176
2025-05-16 02:35:50+00:00,13427743,67734034450,51254441413019350074695,0,55908813025724417,1.3215251709443974
2025-05-16 02:36:07+00:00,13427760,67734024451,51254433846006420879853,0,55908804771557571,1.32152517096387
2025-05-16 02:36:21+00:00,13427774,67734034451,51254441413020821904376,0,55908813025726022,1.32152517096387
2025-05-16 02:36:32+00:00,13427785,67734034452,51254441412266390568605,0,55908813025726022,1.3215251710028324
2025-05-16 02:36:44+00:00,13427797,67734044452,51254448979280791370030,0,55908821279894473,1.3215251710028324
2025-05-16 02:36:54+00:00,13427807,67734031277,51254458979280791370030,0,55908821279894473,1.3215246561158893
2025-05-16 02:37:02+00:00,13427815,67734031278,51254458978526359740343,0,55908821279894473,1.3215246561548517
2025-05-16 02:37:03+00:00,13427816,67734018103,51254468978526359740343,0,55908821279894473,1.3215241412681094
2025-05-16 02:37:14+00:00,13427827,67734018167,51254469027364389240391,0,55908821332721171,1.3215241412575613
2025-05-16 02:37:22+00:00,13427835,67734018168,51254469027364389240390,0,55908821332721171,1.3215241412770717
2025-05-16 02:37:36+00:00,13427849,67734004993,51254479027364389240390,0,55908821332721171,1.321523626390531
2025-05-16 02:37:46+00:00,13427859,67733991818,51254489027364389240390,0,55908821332721171,1.321523111504191
2025-05-16 02:37:56+00:00,13427869,67733971819,51254473893323777506190,0,55908804824384269,1.3215231115233979
2025-05-16 02:38:01+00:00,13427874,67733971820,51254473892569344994726,0,55908804824384269,1.3215231115623602
2025-05-16 02:38:06+00:00,13427879,67733958645,51254483892569344994726,0,55908804824384269,1.321522596676069
2025-05-16 02:38:26+00:00,13427899,67733958644,51254483893569344994726,0,55908804824384269,1.321522596630775
2025-05-16 02:38:31+00:00,13427904,67733958643,51254483894569344994726,0,55908804824384269,1.321522596585481
2025-05-16 02:38:40+00:00,13427913,67733958642,51254483893775502318636,0,55908804823518339,1.3215225965864386
2025-05-16 02:38:45+00:00,13427918,67733958643,51254483893021069513204,0,55908804823518339,1.3215225966254012
2025-05-16 02:38:49+00:00,13427922,67733968643,51254491460050211153073,0,55908813077694817,1.3215225966254012
2025-05-16 02:39:19+00:00,13427952,67733955468,51254501460050211153073,0,55908813077694817,1.321522081739387
2025-05-16 02:39:29+00:00,13427962,67733955469,51254501459295778053724,0,55908813077694817,1.3215220817783493
2025-05-16 02:39:33+00:00,13427966,67733965469,51254509026327867705357,0,55908821331872901,1.3215220817783493
2025-05-16 02:39:48+00:00,13427981,67733952294,51254519026327867705357,0,55908821331872901,1.3215215668926121
2025-05-16 02:40:13+00:00,13428006,67733952295,51254519025573434312091,0,55908821331872901,1.3215215669315745
2025-05-16 02:40:26+00:00,13428019,67733952296,51254519024819000918847,0,55908821331872901,1.321521566970537
2025-05-16 02:40:31+00:00,13428024,67733952297,51254519024064567525626,0,55908821331872901,1.3215215670094993
2025-05-16 02:40:36+00:00,13428029,67733939122,51254529024064567525626,0,55908821331872901,1.3215210521239629
2025-05-16 02:40:37+00:00,13428030,67733939186,51254529072902597025674,0,55908821384699661,1.3215210521134177
2025-05-16 02:40:43+00:00,13428036,67733949186,51254536639940582540688,0,55908829638880955,1.3215210521134177
2025-05-16 02:40:46+00:00,13428039,67733949187,51254536639940582540687,0,55908829638880955,1.3215210521329284
2025-05-16 02:40:58+00:00,13428051,67733936013,51254546639186148853554,0,55908829638880955,1.3215205372866317
2025-05-16 02:40:58+00:00,13428051,67733949188,51254536639186148853554,0,55908829638880955,1.3215210521718908
2025-05-16 02:41:19+00:00,13428072,67733946013,51254539094847448714341,0,55908829638880955,1.3215209269106314
2025-05-16 02:41:35+00:00,13428088,67733932838,51254549094847448714341,0,55908829638880955,1.3215204120254216
2025-05-16 02:41:42+00:00,13428095,67733932839,51254549094093014661781,0,55908829638880955,1.321520412064384
2025-05-16 02:41:49+00:00,13428102,67733932838,51254549095093014661781,0,55908829638880955,1.32152041201909
2025-05-16 02:41:53+00:00,13428106,67733932837,51254549096093014661781,0,55908829638880955,1.3215204119737962
2025-05-16 02:41:54+00:00,13428107,67733902838,51254526394980901013193,0,55908804876345099,1.3215204119929755
2025-05-16 02:42:03+00:00,13428116,67733902837,51254526394187057679583,0,55908804875479169,1.3215204119939332
2025-05-16 02:42:26+00:00,13428139,67733902838,51254526393432623627005,0,55908804875479169,1.3215204120328956
2025-05-16 02:42:40+00:00,13428153,67733889663,51254536393432623627005,0,55908804875479169,1.3215198971476585
2025-05-16 02:42:49+00:00,13428162,67733876488,51254546393432623627005,0,55908804875479169,1.3215193822626223
2025-05-16 02:42:59+00:00,13428172,67733863313,51254556393432623627005,0,55908804875479169,1.3215188673777871
2025-05-16 02:43:10+00:00,13428183,67733873314,51254548848329955535986,0,55908804875479169,1.3215192570406753
2025-05-16 02:43:10+00:00,13428183,67733863314,51254556392678188692631,0,55908804875479169,1.3215188674167495
2025-05-16 02:43:20+00:00,13428193,67733860139,51254558848329955535986,0,55908804875479169,1.3215187421558892
2025-05-16 02:43:27+00:00,13428200,67733846964,51254568848329955535986,0,55908804875479169,1.321518227271304
2025-05-16 02:43:39+00:00,13428212,67733856964,51254576415384116149563,0,55908813129669264,1.321518227271304
2025-05-16 02:43:44+00:00,13428217,67733866964,51254583982438276763140,0,55908821383859359,1.321518227271304
2025-05-16 02:43:48+00:00,13428221,67733966964,51254508539019343422281,0,55908821383859359,1.3215221235110484
2025-05-16 02:43:51+00:00,13428224,67733966965,51254508538264910346779,0,55908821383859359,1.3215221235500108
2025-05-16 02:43:54+00:00,13428227,67733966966,51254508537510477271299,0,55908821383859359,1.3215221235889731
2025-05-16 02:43:55+00:00,13428228,67733966967,51254508536756044195841,0,55908821383859359,1.3215221236279355
2025-05-16 02:44:01+00:00,13428234,67733967031,51254508585594073695889,0,55908821436686097,1.3215221236173895
2025-05-16 02:44:06+00:00,13428239,67733966964,51254508534726176215277,0,55908821381198994,1.3215221236217414
2025-05-16 02:44:11+00:00,13428244,67733966965,51254508534726176215276,0,55908821381198994,1.3215221236412518
2025-05-16 02:44:11+00:00,13428244,67733953790,51254518534726176215276,0,55908821381198994,1.3215216087555013
2025-05-16 02:44:20+00:00,13428253,67733940615,51254528534726176215276,0,55908821381198994,1.321521093869952
2025-05-16 02:44:37+00:00,13428270,67733940616,51254528533971742551970,0,55908821381198994,1.3215210939089144
2025-05-16 02:44:53+00:00,13428286,67733927441,51254538533971742551970,0,55908821381198994,1.3215205790235658
2025-05-16 02:45:02+00:00,13428295,67733914266,51254548533971742551970,0,55908821381198994,1.3215200641384182
2025-05-16 02:45:14+00:00,13428307,67733914265,51254548534971742551970,0,55908821381198994,1.3215200640931242
2025-05-16 02:45:19+00:00,13428312,67733914264,51254548535971742551970,0,55908821381198994,1.3215200640478302
2025-05-16 02:45:21+00:00,13428314,67733914265,51254548535217308300756,0,55908821381198994,1.3215200640867926
2025-05-16 02:45:28+00:00,13428321,67733914264,51254548534423464858583,0,55908821380333064,1.3215200640877502
2025-05-16 02:45:34+00:00,13428327,67733901089,51254558534423464858583,0,55908821380333064,1.3215195492028036
2025-05-16 02:45:42+00:00,13428335,67733887914,51254568534423464858583,0,55908821380333064,1.3215190343180576
2025-05-16 02:46:05+00:00,13428358,67733887915,51254568533669030019512,0,55908821380333064,1.32151903435702
2025-05-16 02:46:16+00:00,13428369,67733874740,51254578533669030019512,0,55908821380333064,1.321518519472475
2025-05-16 02:46:42+00:00,13428395,67733884740,51254586100721517480534,0,55908829634522211,1.321518519472475
2025-05-16 02:46:48+00:00,13428401,67733884741,51254586099967082347546,0,55908829634522211,1.3215185195114374
2025-05-16 02:46:53+00:00,13428406,67733871566,51254596099967082347546,0,55908829634522211,1.3215180046271695
2025-05-16 02:47:11+00:00,13428424,67733858391,51254606099967082347546,0,55908829634522211,1.3215174897431023
2025-05-16 02:47:16+00:00,13428429,67733858392,51254606099212646626700,0,55908829634522211,1.3215174897820647
2025-05-16 02:47:21+00:00,13428434,67733858393,51254606098458210905876,0,55908829634522211,1.3215174898210271
2025-05-16 02:47:26+00:00,13428439,67733858457,51254606147296240405924,0,55908829687349042,1.3215174898104853
2025-05-16 02:47:31+00:00,13428444,67733858390,51254606096428253606283,0,55908829631861939,1.321517489814835
2025-05-16 02:47:32+00:00,13428445,67733858391,51254606095673817885478,0,55908829631861939,1.3215174898537974
2025-05-16 02:47:41+00:00,13428454,67733845216,51254616095673817885478,0,55908829631861939,1.321516974969931
2025-05-16 02:47:51+00:00,13428464,67733825217,51254600961559117543075,0,55908813123482697,1.3215169749892361
2025-05-16 02:47:53+00:00,13428466,67733815218,51254593394501332830708,0,55908804869292602,1.321516975008655
2025-05-16 02:48:14+00:00,13428487,67733802043,51254603394501332830708,0,55908804869292602,1.3215164601247618
2025-05-16 02:48:16+00:00,13428489,67733802044,51254603393746896522067,0,55908804869292602,1.3215164601637241
2025-05-16 02:48:40+00:00,13428513,67733802043,51254603394746896522067,0,55908804869292602,1.3215164601184304
2025-05-16 02:48:45+00:00,13428518,67733802042,51254603395746896522067,0,55908804869292602,1.3215164600731364
2025-05-16 02:48:54+00:00,13428527,67733802041,51254603394953051995749,0,55908804868426672,1.321516460074094
2025-05-16 02:49:00+00:00,13428533,67733802042,51254603394198615687079,0,55908804868426672,1.3215164601130565
2025-05-16 02:49:30+00:00,13428563,67733788867,51254613394198615687079,0,55908804868426672,1.3215159452293639
2025-05-16 02:49:40+00:00,13428573,67733798867,51254605849833700175819,0,55908804868426672,1.3215163348528562
2025-05-16 02:49:44+00:00,13428577,67733798868,51254605849079263795662,0,55908804868426672,1.3215163348918186
2025-05-16 02:49:52+00:00,13428585,67733785693,51254615849079263795662,0,55908804868426672,1.3215158200081754
2025-05-16 02:50:12+00:00,13428605,67733795693,51254623416147208497328,0,55908813122624233,1.3215158200081754
2025-05-16 02:50:22+00:00,13428615,67733785694,51254615849079264063776,0,55908804868426672,1.3215158200276858
2025-05-16 02:50:29+00:00,13428622,67733785695,51254615848324827389712,0,55908804868426672,1.3215158200666481
2025-05-16 02:50:40+00:00,13428633,67733785696,51254615847570390715670,0,55908804868426672,1.3215158201056103
2025-05-16 02:50:45+00:00,13428638,67733785697,51254615846815954041650,0,55908804868426672,1.3215158201445727
2025-05-16 02:50:50+00:00,13428643,67733785761,51254615895653983541698,0,55908804921253536,1.3215158201340327
2025-05-16 02:50:55+00:00,13428648,67733785694,51254615844785964534079,0,55908804865766433,1.3215158201383814
2025-05-16 02:51:00+00:00,13428653,67733785695,51254615844785964534078,0,55908804865766433,1.3215158201578918
2025-05-16 02:51:00+00:00,13428653,67733772520,51254625844785964534078,0,55908804865766433,1.3215153052744493
2025-05-16 02:51:09+00:00,13428662,67733759345,51254635844785964534078,0,55908804865766433,1.3215147903912077
2025-05-16 02:51:14+00:00,13428667,67733759346,51254635844031527272207,0,55908804865766433,1.3215147904301698
2025-05-16 02:51:19+00:00,13428672,67733859346,51254560400416389685894,0,55908804865766433,1.3215186866659718
2025-05-16 02:51:45+00:00,13428698,67733846171,51254570400416389685894,0,55908804865766433,1.321518171781413
2025-05-16 02:51:54+00:00,13428707,67733832996,51254580400416389685894,0,55908804865766433,1.3215176568970552
2025-05-16 02:52:01+00:00,13428714,67733842996,51254572856061245852413,0,55908804865766433,1.3215180465207985
2025-05-16 02:52:03+00:00,13428716,67733842995,51254572857061245852413,0,55908804865766433,1.3215180464755045
2025-05-16 02:52:07+00:00,13428720,67733842994,51254572858061245852413,0,55908804865766433,1.3215180464302108
2025-05-16 02:52:12+00:00,13428725,67733843007,51254572868061245852413,0,55908804876496880,1.3215180464260126
2025-05-16 02:52:17+00:00,13428730,67733843006,51254572867267401799018,0,55908804875630950,1.32151804642697
2025-05-16 02:52:23+00:00,13428736,67733853006,51254580434322597932975,0,55908813129821528,1.32151804642697
2025-05-16 02:52:30+00:00,13428743,67733839831,51254590434322597932975,0,55908813129821528,1.3215175315427374
2025-05-16 02:52:42+00:00,13428755,67733839832,51254590433568162235992,0,55908813129821528,1.3215175315816998
2025-05-16 02:52:54+00:00,13428767,67733829833,51254582866511489907063,0,55908804875630950,1.3215175316011722
2025-05-16 02:53:07+00:00,13428780,67733816658,51254592866511489907063,0,55908804875630950,1.3215170167170645
2025-05-16 02:53:25+00:00,13428798,67733816659,51254592865757053916173,0,55908804875630950,1.3215170167560268
2025-05-16 02:53:42+00:00,13428815,67733803484,51254602865757053916173,0,55908804875630950,1.32151650187212
2025-05-16 02:53:51+00:00,13428824,67733790309,51254612865757053916173,0,55908804875630950,1.321515986988414
2025-05-16 02:54:05+00:00,13428838,67733790310,51254612865002617337425,0,55908804875630950,1.3215159870273765
2025-05-16 02:54:08+00:00,13428841,67733790311,51254612864248180758699,0,55908804875630950,1.3215159870663389
2025-05-16 02:54:10+00:00,13428843,67733790312,51254612863493744179995,0,55908804875630950,1.321515987105301
2025-05-16 02:54:16+00:00,13428849,67733790376,51254612912331773680043,0,55908804928457810,1.3215159870947608
2025-05-16 02:54:21+00:00,13428854,67733790309,51254612861463757639799,0,55908804872970707,1.3215159870991098
2025-05-16 02:54:26+00:00,13428859,67733790310,51254612861463757639798,0,55908804872970707,1.3215159871186202
2025-05-16 02:54:49+00:00,13428882,67733777135,51254622861463757639798,0,55908804872970707,1.321515472235115
2025-05-16 02:54:51+00:00,13428884,67733777136,51254622860709320767184,0,55908804872970707,1.3215154722740774
2025-05-16 02:55:29+00:00,13428922,67733777135,51254622861709320767184,0,55908804872970707,1.3215154722287836
2025-05-16 02:55:34+00:00,13428927,67733777134,51254622862709320767184,0,55908804872970707,1.3215154721834899
2025-05-16 02:55:35+00:00,13428928,67733763959,51254632862709320767184,0,55908804872970707,1.3215149573001856
2025-05-16 02:55:36+00:00,13428929,67733763960,51254632861954883600599,0,55908804872970707,1.321514957339148
2025-05-16 02:55:44+00:00,13428937,67733763959,51254632861161038617953,0,55908804872104777,1.3215149573401055
2025-05-16 02:55:55+00:00,13428948,67733750784,51254642861161038617953,0,55908804872104777,1.3215144424570022
2025-05-16 02:55:57+00:00,13428950,67733760784,51254635316787543963029,0,55908804872104777,1.3215148320802705
2025-05-16 02:56:05+00:00,13428958,67733747609,51254645316787543963029,0,55908804872104777,1.3215143171972166
2025-05-16 02:56:10+00:00,13428963,67733734434,51254655316787543963029,0,55908804872104777,1.3215138023143633
2025-05-16 02:56:20+00:00,13428973,67733734435,51254655316033106137076,0,55908804872104777,1.3215138023533255
2025-05-16 02:56:25+00:00,13428978,67733744435,51254662883112604052420,0,55908813126308585,1.3215138023533255
2025-05-16 02:56:41+00:00,13428994,67733731260,51254672883112604052420,0,55908813126308585,1.3215132874707491
2025-05-16 02:56:51+00:00,13429004,67733721261,51254665316031630006431,0,55908804872104777,1.3215132874902216
2025-05-16 02:57:05+00:00,13429018,67733721262,51254665315277191886571,0,55908804872104777,1.321513287529184
2025-05-16 02:57:30+00:00,13429043,67733721263,51254665314522753766733,0,55908804872104777,1.3215132875681463
2025-05-16 02:57:34+00:00,13429047,67733721264,51254665313768315646917,0,55908804872104777,1.3215132876071085
2025-05-16 02:57:40+00:00,13429053,67733721328,51254665362606345146965,0,55908804924931691,1.321513287596571
2025-05-16 02:57:45+00:00,13429058,67733721261,51254665311738277048854,0,55908804869444588,1.3215132876009184
2025-05-16 02:57:49+00:00,13429062,67733721262,51254665311738277048853,0,55908804869444588,1.3215132876204287
2025-05-16 02:57:49+00:00,13429062,67733721263,51254665310983838929067,0,55908804869444588,1.3215132876593911
2025-05-16 02:57:54+00:00,13429067,67733708088,51254675310983838929067,0,55908804869444588,1.3215127727769396
2025-05-16 02:58:10+00:00,13429083,67733694913,51254685310983838929067,0,55908804869444588,1.321512257894689
2025-05-16 02:58:26+00:00,13429099,67733681738,51254695310983838929067,0,55908804869444588,1.3215117430126393
2025-05-16 02:58:33+00:00,13429106,67733681739,51254695310229399927479,0,55908804869444588,1.3215117430516015
2025-05-16 02:58:52+00:00,13429125,67733681738,51254695311229399927479,0,55908804869444588,1.321511743006308
2025-05-16 02:58:54+00:00,13429127,67733691738,51254702878320689824755,0,55908813123654817,1.321511743006308
2025-05-16 02:58:57+00:00,13429130,67733691737,51254702879320689824755,0,55908813123654817,1.3215117429610141
2025-05-16 02:59:06+00:00,13429139,67733691736,51254702878526843874813,0,55908813122788887,1.3215117429619718
2025-05-16 02:59:17+00:00,13429150,67733691737,51254702877772404873197,0,55908821376999116,1.321511743000934
2025-05-16 02:59:17+00:00,13429150,67733701737,51254710444863694801244,0,55908821376999116,1.321511743000934
2025-05-16 02:59:26+00:00,13429159,67733801737,51254635001074583010891,0,55908821376999116,1.3215156392310652
2025-05-16 02:59:40+00:00,13429173,67733811737,51254642568143562851783,0,55908829631197159,1.3215156392310652
2025-05-16 02:59:55+00:00,13429188,67733821737,51254635023776900434731,0,55908829631197159,1.3215160288543357
2025-05-16 03:00:00+00:00,13429193,67733821738,51254635023022463879883,0,55908829631197159,1.3215160288932981
2025-05-16 03:00:14+00:00,13429207,67733808563,51254645023022463879883,0,55908829631197159,1.3215155140100074
2025-05-16 03:00:29+00:00,13429222,67733818563,51254652590092160743292,0,55908837885395589,1.3215155140100074
2025-05-16 03:00:46+00:00,13429239,67733805388,51254662590092160743292,0,55908837885395589,1.3215149991269937
2025-05-16 03:00:46+00:00,13429239,67733805389,51254662589337723600586,0,55908837885395589,1.321514999165956
2025-05-16 03:00:56+00:00,13429249,67733792214,51254672589337723600586,0,55908837885395589,1.3215144842831432
2025-05-16 03:00:56+00:00,13429249,67733792215,51254672588583286163962,0,55908837885395589,1.3215144843221056
2025-05-16 03:01:01+00:00,13429254,67733792216,51254672587828848727360,0,55908837885395589,1.3215144843610678
2025-05-16 03:01:07+00:00,13429260,67733779041,51254682587828848727360,0,55908837938222489,1.321513969478456
2025-05-16 03:01:07+00:00,13429260,67733779105,51254682636666878227408,0,55908837938222489,1.3215139694679177
2025-05-16 03:01:12+00:00,13429265,67733779038,51254682585798823022334,0,55908837882735386,1.3215139694722655
2025-05-16 03:01:18+00:00,13429271,67733779039,51254682585798823022333,0,55908837882735386,1.321513969491776
2025-05-16 03:01:31+00:00,13429284,67733779040,51254682585044385291820,0,55908837882735386,1.321513969530738
2025-05-16 03:01:36+00:00,13429289,67733789040,51254690152122925937849,0,55908846136938632,1.321513969530738
2025-05-16 03:01:45+00:00,13429298,67733775865,51254700152122925937849,0,55908846136938632,1.321513454648403
2025-05-16 03:01:57+00:00,13429310,67733762690,51254710152122925937849,0,55908846136938632,1.321512939766269
2025-05-16 03:02:15+00:00,13429328,67733762691,51254710151368487619477,0,55908846136938632,1.3215129398052312
2025-05-16 03:02:21+00:00,13429334,67733762690,51254710152368487619477,0,55908846136938632,1.3215129397599377
2025-05-16 03:02:26+00:00,13429339,67733762689,51254710153368487619477,0,55908846136938632,1.321512939714644
2025-05-16 03:02:31+00:00,13429344,67733762702,51254710163368487619477,0,55908846147669100,1.3215129397104468
2025-05-16 03:02:39+00:00,13429352,67733749527,51254720163368487619477,0,55908846147669100,1.3215124248285137
2025-05-16 03:02:53+00:00,13429366,67733759527,51254727730455873345458,0,55908854401877162,1.3215124248285137
2025-05-16 03:02:59+00:00,13429372,67733759528,51254727729701434733113,0,55908854401877162,1.3215124248674759
2025-05-16 03:03:37+00:00,13429410,67733699529,51254682327195583065403,0,55908804876648923,1.3215124248865102
2025-05-16 03:03:44+00:00,13429417,67733699530,51254682326441144453091,0,55908804876648923,1.3215124249254726
2025-05-16 03:04:01+00:00,13429434,67733686355,51254692326441144453091,0,55908804876648923,1.3215119100433603
2025-05-16 03:04:12+00:00,13429445,67733786355,51254616882661568972485,0,55908804876648923,1.3215158062748686
2025-05-16 03:04:21+00:00,13429454,67733786356,51254616881907132290570,0,55908804876648923,1.321515806313831
2025-05-16 03:04:26+00:00,13429459,67733786357,51254616881152695608677,0,55908804876648923,1.3215158063527934
2025-05-16 03:04:28+00:00,13429461,67733786358,51254616880398258926806,0,55908804876648923,1.3215158063917558
2025-05-16 03:04:37+00:00,13429470,67733786291,51254616829530238901288,0,55908804821161820,1.3215158063961046
2025-05-16 03:04:42+00:00,13429475,67733786292,51254616829530238901287,0,55908804821161820,1.321515806415615
2025-05-16 03:04:48+00:00,13429481,67733773117,51254626829530238901287,0,55908804821161820,1.3215152915321848
2025-05-16 03:04:57+00:00,13429490,67733759942,51254636829530238901287,0,55908804821161820,1.321514776648956
2025-05-16 03:05:07+00:00,13429500,67733746767,51254646829530238901287,0,55908804821161820,1.3215142617659277
2025-05-16 03:05:13+00:00,13429506,67733746768,51254646828775801337630,0,55908804821161820,1.32151426180489
2025-05-16 03:05:27+00:00,13429520,67733756768,51254654395852668402430,0,55908813075364117,1.32151426180489
2025-05-16 03:05:44+00:00,13429537,67733756767,51254654396852668402430,0,55908813075364117,1.3215142617595963
2025-05-16 03:05:49+00:00,13429542,67733756766,51254654397852668402430,0,55908813075364117,1.3215142617143025
2025-05-16 03:05:54+00:00,13429547,67733756779,51254654407852668402430,0,55908813086094579,1.321514261710105
2025-05-16 03:06:01+00:00,13429554,67733743604,51254664407852668402430,0,55908813086094579,1.321513746827354
2025-05-16 03:06:11+00:00,13429564,67733730429,51254674407852668402430,0,55908813086094579,1.3215132319448037
2025-05-16 03:06:21+00:00,13429574,67733717254,51254684407852668402430,0,55908813086094579,1.3215127170624545
2025-05-16 03:06:30+00:00,13429583,67733704079,51254694407852668402430,0,55908813086094579,1.321512202180306
2025-05-16 03:06:41+00:00,13429594,67733704080,51254694407098229662977,0,55908813086094579,1.3215122022192685
2025-05-16 03:07:15+00:00,13429628,67733694081,51254686840015457656738,0,55908804831892282,1.321512202238627
2025-05-16 03:07:25+00:00,13429638,67733694082,51254686839261018917318,0,55908804831892282,1.3215122022775894
2025-05-16 03:07:30+00:00,13429643,67733680907,51254696839261018917318,0,55908804831892282,1.3215116873955657
2025-05-16 03:07:44+00:00,13429657,67733680908,51254696838506579883979,0,55908804831892282,1.321511687434528
2025-05-16 03:07:49+00:00,13429662,67733680909,51254696837752140850662,0,55908804831892282,1.3215116874734902
2025-05-16 03:07:52+00:00,13429665,67733667734,51254706837752140850662,0,55908804831892282,1.3215111725916677
2025-05-16 03:07:55+00:00,13429668,67733667798,51254706886590170350710,0,55908804884719238,1.3215111725811322
2025-05-16 03:08:04+00:00,13429677,67733667799,51254706886590170350709,0,55908804884719238,1.3215111726006425
2025-05-16 03:08:08+00:00,13429681,67733654624,51254716886590170350709,0,55908804884719238,1.3215106577190212
2025-05-16 03:08:10+00:00,13429683,67733654625,51254716885835730729537,0,55908804884719238,1.3215106577579836
2025-05-16 03:08:23+00:00,13429696,67733664625,51254724452933234858302,0,55908813138932773,1.3215106577579836
2025-05-16 03:08:53+00:00,13429726,67733654626,51254716885835731629623,0,55908804884719238,1.3215106577774938
2025-05-16 03:08:54+00:00,13429727,67733654627,51254716885081292008484,0,55908804884719238,1.3215106578164562
2025-05-16 03:09:05+00:00,13429738,67733654626,51254716886081292008484,0,55908804884719238,1.3215106577711626
2025-05-16 03:09:09+00:00,13429742,67733641451,51254726886081292008484,0,55908804884719238,1.3215101428897422
2025-05-16 03:09:10+00:00,13429743,67733641450,51254726887081292008484,0,55908804884719238,1.3215101428444487
2025-05-16 03:09:15+00:00,13429748,67733641463,51254726897081292008484,0,55908804895449717,1.3215101428402518
2025-05-16 03:09:20+00:00,13429753,67733641462,51254726896287445569717,0,55908804894583787,1.3215101428412095
2025-05-16 03:09:37+00:00,13429770,67733628287,51254736896287445569717,0,55908804894583787,1.32150962795999
2025-05-16 03:09:38+00:00,13429771,67733628288,51254736895533005360663,0,55908804894583787,1.3215096279989524
2025-05-16 03:10:05+00:00,13429798,67733615113,51254746895533005360663,0,55908804894583787,1.321509113117934
2025-05-16 03:10:15+00:00,13429808,67733601938,51254756895533005360663,0,55908804894583787,1.3215085982371164
2025-05-16 03:10:18+00:00,13429811,67733588763,51254766895533005360663,0,55908804894583787,1.3215080833564998
2025-05-16 03:10:23+00:00,13429816,67733588764,51254766894778564269805,0,55908804894583787,1.321508083395462
2025-05-16 03:10:51+00:00,13429844,67733575589,51254776894778564269805,0,55908804894583787,1.3215075685150464
2025-05-16 03:10:58+00:00,13429851,67733562414,51254786894778564269805,0,55908804894583787,1.3215070536348317
2025-05-16 03:11:03+00:00,13429856,67733562415,51254786894024122591085,0,55908804894583787,1.3215070536737938
2025-05-16 03:11:07+00:00,13429860,67733562416,51254786893269680912387,0,55908804894583787,1.321507053712756
2025-05-16 03:11:09+00:00,13429862,67733562417,51254786892515239233711,0,55908804894583787,1.3215070537517182
2025-05-16 03:11:18+00:00,13429871,67733562350,51254786841647050494740,0,55908804839096684,1.3215070537560627
2025-05-16 03:11:23+00:00,13429876,67733549175,51254796841647050494740,0,55908804839096684,1.3215065388760483
2025-05-16 03:11:23+00:00,13429876,67733549176,51254796841647050494739,0,55908804839096684,1.3215065388955585
2025-05-16 03:11:35+00:00,13429888,67733536001,51254806841647050494739,0,55908804839096684,1.321506024015745
2025-05-16 03:11:50+00:00,13429903,67733546001,51254814408771087971586,0,55908813093324669,1.321506024015745
2025-05-16 03:11:54+00:00,13429907,67733546002,51254814408016645705061,0,55908813093324669,1.3215060240547072
2025-05-16 03:12:00+00:00,13429913,67733646002,51254738963901043813410,0,55908813093324669,1.3215099202769354
2025-05-16 03:12:14+00:00,13429927,67733656002,51254746531002770832153,0,55908821347540467,1.3215099202769354
2025-05-16 03:12:23+00:00,13429936,67733656001,51254746532002770832153,0,55908821347540467,1.3215099202316418
2025-05-16 03:12:28+00:00,13429941,67733656000,51254746533002770832153,0,55908821347540467,1.3215099201863483
2025-05-16 03:12:32+00:00,13429945,67733656013,51254746543002770832153,0,55908821358270947,1.3215099201821516
2025-05-16 03:12:34+00:00,13429947,67733642838,51254756543002770832153,0,55908821358270947,1.3215094053011731
2025-05-16 03:12:34+00:00,13429947,67733629663,51254766543002770832153,0,55908821358270947,1.3215088904203955
2025-05-16 03:12:37+00:00,13429950,67733629662,51254766542208924013095,0,55908821357405017,1.321508890421353
2025-05-16 03:12:38+00:00,13429951,67733629663,51254766541454483382986,0,55908821357405017,1.3215088904603152
2025-05-16 03:12:53+00:00,13429966,67733639663,51254774108562107242213,0,55908829611624026,1.3215088904603152
2025-05-16 03:13:03+00:00,13429976,67733626488,51254784108562107242213,0,55908829611624026,1.3215083755798145
2025-05-16 03:13:12+00:00,13429985,67733636488,51254776564153977328366,0,55908829611624026,1.3215087652020092
2025-05-16 03:13:23+00:00,13429996,67733636489,51254776563399536626770,0,55908829611624026,1.3215087652409714
2025-05-16 03:13:23+00:00,13429996,67733646489,51254769018993631263119,0,55908829611624026,1.3215091548632234
2025-05-16 03:13:29+00:00,13430002,67733656489,51254776586099741122042,0,55908837865842204,1.3215091548632234
2025-05-16 03:13:33+00:00,13430006,67733666489,51254769041696060085007,0,55908837865842204,1.3215095444854752
2025-05-16 03:13:44+00:00,13430017,67733653314,51254779041696060085007,0,55908837865842204,1.321509029604796
2025-05-16 03:13:53+00:00,13430026,67733640139,51254789041696060085007,0,55908837865842204,1.3215085147243177
2025-05-16 03:14:03+00:00,13430036,67733626964,51254799041696060085007,0,55908837865842204,1.3215079998440404
2025-05-16 03:14:08+00:00,13430041,67733626965,51254799040941618946473,0,55908837865842204,1.3215079998830026
2025-05-16 03:14:13+00:00,13430046,67733613790,51254809040941618946473,0,55908837865842204,1.3215074850029263
2025-05-16 03:14:15+00:00,13430048,67733600615,51254819040941618946473,0,55908837865842204,1.3215069701230506
2025-05-16 03:14:23+00:00,13430056,67733600616,51254819040187177220076,0,55908837865842204,1.3215069701620128
2025-05-16 03:14:27+00:00,13430060,67733600617,51254819039432735493702,0,55908837865842204,1.321506970200975
2025-05-16 03:14:33+00:00,13430066,67733600681,51254819088270764993750,0,55908837918669243,1.3215069701904434
2025-05-16 03:14:38+00:00,13430071,67733600614,51254819037402574348572,0,55908837863182140,1.3215069701947877
2025-05-16 03:14:40+00:00,13430073,67733560615,51254788768945493590137,0,55908804846301170,1.3215069702138496
2025-05-16 03:14:50+00:00,13430083,67733570615,51254781224529340523008,0,55908804846301170,1.3215073598360088
2025-05-16 03:14:51+00:00,13430084,67733557440,51254791224529340523008,0,55908804846301170,1.3215068449558782
2025-05-16 03:14:52+00:00,13430085,67733557441,51254791223774898725154,0,55908804846301170,1.3215068449948404
2025-05-16 03:15:01+00:00,13430094,67733567441,51254783679358030789048,0,55908804846301170,1.321507234616981
2025-05-16 03:15:08+00:00,13430101,67733554266,51254793679358030789048,0,55908804846301170,1.3215067197368995
2025-05-16 03:15:23+00:00,13430116,67733654266,51254718235282145010108,0,55908804846301170,1.3215106159607033
2025-05-16 03:15:32+00:00,13430125,67733641091,51254728235282145010108,0,55908804846301170,1.3215101010793047
2025-05-16 03:15:36+00:00,13430129,67733641092,51254728234527705071155,0,55908804846301170,1.321510101118267
2025-05-16 03:15:46+00:00,13430139,67733641091,51254728235527705071155,0,55908804846301170,1.3215101010729733
2025-05-16 03:15:52+00:00,13430145,67733627916,51254738235527705071155,0,55908804846301170,1.3215095861917756
2025-05-16 03:15:55+00:00,13430148,67733627929,51254738245527705071155,0,55908804857031651,1.321509586187579
2025-05-16 03:16:01+00:00,13430154,67733614754,51254748245527705071155,0,55908804857031651,1.3215090713065825
2025-05-16 03:16:03+00:00,13430156,67733601579,51254758245527705071155,0,55908804857031651,1.3215085564257867
2025-05-16 03:16:21+00:00,13430174,67733601580,51254758244773264250370,0,55908804857031651,1.3215085564647489
2025-05-16 03:16:31+00:00,13430184,67733611580,51254765811882800606027,0,55908813111251647,1.3215085564647489
2025-05-16 03:16:44+00:00,13430197,67733598405,51254775811882800606027,0,55908813111251647,1.32150804158423
2025-05-16 03:17:02+00:00,13430215,67733588406,51254768244771787981120,0,55908804857031651,1.3215080416037024
2025-05-16 03:17:11+00:00,13430224,67733575231,51254778244771787981120,0,55908804857031651,1.3215075267233085
2025-05-16 03:17:32+00:00,13430245,67733562056,51254788244771787981120,0,55908804857031651,1.3215070118431154
2025-05-16 03:17:43+00:00,13430256,67733562057,51254788244017346278541,0,55908804857031651,1.3215070118820775
2025-05-16 03:17:48+00:00,13430261,67733562058,51254788243262904575985,0,55908804857031651,1.3215070119210397
2025-05-16 03:17:49+00:00,13430262,67733548883,51254798243262904575985,0,55908804857031651,1.3215064970410475
2025-05-16 03:17:50+00:00,13430263,67733548884,51254798242508462579508,0,55908804857031651,1.32150649708001
2025-05-16 03:17:58+00:00,13430271,67733548817,51254798191640262541986,0,55908804801544548,1.321506497084354
2025-05-16 03:18:02+00:00,13430275,67733548818,51254798191640262541985,0,55908804801544548,1.3215064971038644
2025-05-16 03:18:10+00:00,13430283,67733558818,51254805758761591052598,0,55908813055770965,1.3215064971038644
2025-05-16 03:18:34+00:00,13430307,67733558819,51254805758007149056157,0,55908813055770965,1.3215064971428265
2025-05-16 03:18:35+00:00,13430308,67733568819,51254813325128477343667,0,55908821309997382,1.3215064971428265
2025-05-16 03:18:45+00:00,13430318,67733555644,51254823325128477343667,0,55908821309997382,1.3215059822631867
2025-05-16 03:19:02+00:00,13430335,67733542469,51254833325128477343667,0,55908821309997382,1.3215054673837479
2025-05-16 03:19:03+00:00,13430336,67733542468,51254833326128477343667,0,55908821309997382,1.3215054673384543
2025-05-16 03:19:08+00:00,13430341,67733542467,51254833327128477343667,0,55908821309997382,1.321505467293161
2025-05-16 03:19:12+00:00,13430345,67733542480,51254833337128477343667,0,55908821320727880,1.3215054672889652
2025-05-16 03:19:17+00:00,13430350,67733542479,51254833336334629489551,0,55908821319861950,1.3215054672899227
2025-05-16 03:19:18+00:00,13430351,67733542480,51254833335580186905194,0,55908821319861950,1.3215054673288849
2025-05-16 03:19:35+00:00,13430368,67733552480,51254840902707412048400,0,55908829574091578,1.3215054673288849
2025-05-16 03:19:45+00:00,13430378,67733539305,51254850902707412048400,0,55908829574091578,1.3215049524497229
2025-05-16 03:19:54+00:00,13430387,67733526130,51254860902707412048400,0,55908829574091578,1.321504437570762
2025-05-16 03:20:02+00:00,13430395,67733526131,51254860901952968876179,0,55908829574091578,1.3215044376097242
2025-05-16 03:20:09+00:00,13430402,67733626131,51254785457746797560593,0,55908829574091578,1.321508333828418
2025-05-16 03:20:18+00:00,13430411,67733612956,51254795457746797560593,0,55908829574091578,1.32150781894814
2025-05-16 03:20:33+00:00,13430426,67733622956,51254803024860557023283,0,55908837828313836,1.32150781894814
2025-05-16 03:20:42+00:00,13430435,67733609781,51254813024860557023283,0,55908837828313836,1.3215073040681389
2025-05-16 03:20:47+00:00,13430440,67733609782,51254813024106115487534,0,55908837828313836,1.321507304107101
2025-05-16 03:20:58+00:00,13430451,67733569782,51254782755630794018591,0,55908804811409116,1.32150730410732
2025-05-16 03:21:00+00:00,13430453,67733569783,51254782754876352482864,0,55908804811409116,1.3215073041462821
2025-05-16 03:21:05+00:00,13430458,67733569784,51254782754121910947160,0,55908804811409116,1.3215073041852443
2025-05-16 03:21:11+00:00,13430464,67733569848,51254782802959940447208,0,55908804864236148,1.3215073041747123
2025-05-16 03:21:16+00:00,13430469,67733569781,51254782752091755739334,0,55908804808749045,1.3215073041790568
2025-05-16 03:21:21+00:00,13430474,67733569782,51254782752091755739333,0,55908804808749045,1.3215073041985672
2025-05-16 03:21:32+00:00,13430485,67733569783,51254782751337314203658,0,55908804808749045,1.3215073042375296
2025-05-16 03:21:45+00:00,13430498,67733669783,51254707307294797196973,0,55908804808749045,1.321511200462164
2025-05-16 03:22:06+00:00,13430519,67733679783,51254714874389193750525,0,55908813062960722,1.321511200462164
2025-05-16 03:22:15+00:00,13430528,67733679784,51254714873634754439200,0,55908813062960722,1.3215112005011262
2025-05-16 03:22:23+00:00,13430536,67733679783,51254714874634754439200,0,55908813062960722,1.3215112004558327
2025-05-16 03:22:28+00:00,13430541,67733679782,51254714875634754439200,0,55908813062960722,1.3215112004105392
2025-05-16 03:22:33+00:00,13430546,67733679795,51254714885634754439200,0,55908813073691197,1.3215112004063423
2025-05-16 03:22:38+00:00,13430551,67733679794,51254714884840908302592,0,55908813072825267,1.3215112004072997
2025-05-16 03:22:43+00:00,13430556,67733669795,51254707317746512063419,0,55908804818613590,1.3215112004268101
2025-05-16 03:23:01+00:00,13430574,67733669796,51254707316992072752074,0,55908804818613590,1.3215112004657723
2025-05-16 03:23:44+00:00,13430617,67733669797,51254707316237633440751,0,55908804818613590,1.3215112005047347
2025-05-16 03:23:45+00:00,13430618,67733679797,51254714883332029750540,0,55908813072825267,1.3215112005047347
2025-05-16 03:23:55+00:00,13430628,67733666622,51254724883332029750540,0,55908813072825267,1.3215106856231882
2025-05-16 03:24:22+00:00,13430655,67733666623,51254724882577590145298,0,55908813072825267,1.3215106856621506
2025-05-16 03:24:27+00:00,13430660,67733666624,51254724881823150540078,0,55908813072825267,1.3215106857011127
2025-05-16 03:24:28+00:00,13430661,67733666625,51254724881068710934880,0,55908813072825267,1.3215106857400751
2025-05-16 03:24:33+00:00,13430666,67733666689,51254724929906740434928,0,55908813125652232,1.32151068572954
2025-05-16 03:24:35+00:00,13430668,67733653514,51254734929906740434928,0,55908813125652232,1.3215101708481949
2025-05-16 03:24:37+00:00,13430670,67733653447,51254734879038610755593,0,55908813070165129,1.321510170852541
2025-05-16 03:24:42+00:00,13430675,67733653448,51254734879038610755592,0,55908813070165129,1.3215101708720514
2025-05-16 03:25:10+00:00,13430703,67733643449,51254727311941262272209,0,55908804815953452,1.3215101708914858
2025-05-16 03:25:12+00:00,13430705,67733643450,51254727311186822373111,0,55908804815953452,1.321510170930448
2025-05-16 03:25:20+00:00,13430713,67733630275,51254737311186822373111,0,55908804815953452,1.3215096560492274
2025-05-16 03:25:30+00:00,13430723,67733617100,51254747311186822373111,0,55908804815953452,1.3215091411682076
2025-05-16 03:25:40+00:00,13430733,67733603925,51254757311186822373111,0,55908804815953452,1.321508626287389
2025-05-16 03:25:49+00:00,13430742,67733603924,51254757312186822373111,0,55908804815953452,1.3215086262420954
2025-05-16 03:25:54+00:00,13430747,67733613937,51254764889295959199731,0,55908813080903641,1.321508626237899
2025-05-16 03:25:54+00:00,13430747,67733603937,51254757322186822373111,0,55908813080903641,1.321508626237899
2025-05-16 03:25:57+00:00,13430750,67733613938,51254764888541518418801,0,55908813080903641,1.3215086262768612
2025-05-16 03:25:59+00:00,13430752,67733613937,51254764887747671507838,0,55908813080037711,1.3215086262778186
2025-05-16 03:26:09+00:00,13430762,67733623937,51254772454856808105873,0,55908821334257415,1.3215086262778186
2025-05-16 03:26:20+00:00,13430773,67733603938,51254757320638535409578,0,55908804825818007,1.321508626297329
2025-05-16 03:26:41+00:00,13430794,67733603939,51254757319884094628682,0,55908804825818007,1.3215086263362912
2025-05-16 03:26:55+00:00,13430808,67733590764,51254767319884094628682,0,55908804825818007,1.3215081114556735
2025-05-16 03:27:12+00:00,13430825,67733577589,51254777319884094628682,0,55908804825818007,1.3215075965752565
2025-05-16 03:27:25+00:00,13430838,67733577590,51254777319129653259924,0,55908804825818007,1.3215075966142187
2025-05-16 03:27:27+00:00,13430840,67733677590,51254701875103827842844,0,55908804825818007,1.3215114928392662
2025-05-16 03:27:42+00:00,13430855,67733677591,51254701874349388698435,0,55908804825818007,1.3215114928782286
2025-05-16 03:27:47+00:00,13430860,67733677592,51254701873594949554048,0,55908804825818007,1.321511492917191
2025-05-16 03:27:52+00:00,13430865,67733677656,51254701922432979054096,0,55908804878644955,1.321511492906655
2025-05-16 03:27:57+00:00,13430870,67733664481,51254711922432979054096,0,55908804823157852,1.3215109780249212
2025-05-16 03:27:57+00:00,13430870,67733664414,51254711871564864705230,0,55908804823157852,1.3215109780292678
2025-05-16 03:28:01+00:00,13430874,67733664415,51254711871564864705229,0,55908804823157852,1.3215109780487782
2025-05-16 03:28:10+00:00,13430883,67733664416,51254711870810425266930,0,55908804823157852,1.3215109780877403
2025-05-16 03:28:53+00:00,13430926,67733664417,51254711870055985828654,0,55908804823157852,1.3215109781267027
2025-05-16 03:29:03+00:00,13430936,67733664416,51254711871055985828654,0,55908804823157852,1.321510978081409
2025-05-16 03:29:07+00:00,13430940,67733664415,51254711872055985828654,0,55908804823157852,1.3215109780361154
2025-05-16 03:29:12+00:00,13430945,67733664428,51254711882055985828654,0,55908804833888328,1.3215109780319185
2025-05-16 03:29:14+00:00,13430947,67733651253,51254721882055985828654,0,55908804833888328,1.3215104631503853
2025-05-16 03:29:17+00:00,13430950,67733651252,51254721881262139466687,0,55908804833022398,1.321510463151343
2025-05-16 03:29:38+00:00,13430971,67733651253,51254721880507699734438,0,55908804833022398,1.3215104631903052
2025-05-16 03:30:15+00:00,13431008,67733661253,51254729447606317976662,0,55908813087236337,1.3215104631903052
2025-05-16 03:30:23+00:00,13431016,67733661254,51254729446851878244435,0,55908813087236337,1.3215104632292674
2025-05-16 03:30:32+00:00,13431025,67733648079,51254739446851878244435,0,55908813087236337,1.3215099483480113
2025-05-16 03:31:01+00:00,13431054,67733648080,51254739446097438218288,0,55908813087236337,1.3215099483869734
2025-05-16 03:31:06+00:00,13431059,67733648081,51254739445342998192164,0,55908813087236337,1.3215099484259358
2025-05-16 03:31:12+00:00,13431065,67733648146,51254739493426587666110,0,55908813140063316,1.3215099484543635
2025-05-16 03:31:12+00:00,13431065,67733648082,51254739444588558166062,0,55908813140063316,1.321509948464898
2025-05-16 03:31:17+00:00,13431070,67733648079,51254739442558453470788,0,55908813084576213,1.3215099484587094
2025-05-16 03:31:18+00:00,13431071,67733634904,51254749442558453470788,0,55908813084576213,1.321509433577654
2025-05-16 03:31:37+00:00,13431090,67733624905,51254741875456883120481,0,55908804830362274,1.3215094335970885
2025-05-16 03:31:58+00:00,13431111,67733624906,51254741874702442800467,0,55908804830362274,1.3215094336360507
2025-05-16 03:32:19+00:00,13431132,67733611731,51254751874702442800467,0,55908804830362274,1.3215089187551203
2025-05-16 03:32:21+00:00,13431134,67733611730,51254751875702442800467,0,55908804830362274,1.3215089187098268
2025-05-16 03:32:26+00:00,13431139,67733611729,51254751876702442800467,0,55908804830362274,1.3215089186645332
2025-05-16 03:32:29+00:00,13431142,67733598554,51254761876702442800467,0,55908804830362274,1.3215084037838036
2025-05-16 03:32:31+00:00,13431144,67733598567,51254761886702442800467,0,55908804841092760,1.3215084037796074
2025-05-16 03:32:35+00:00,13431148,67733598566,51254761885908595819000,0,55908804840226830,1.3215084037805649
2025-05-16 03:32:43+00:00,13431156,67733598567,51254761885154154911071,0,55908804840226830,1.321508403819527
2025-05-16 03:32:44+00:00,13431157,67733608567,51254769452264565330873,0,55908813094447190,1.321508403819527
2025-05-16 03:33:10+00:00,13431183,67733598568,51254761885154155648309,0,55908804840226830,1.3215084038390374
2025-05-16 03:33:24+00:00,13431197,67733608568,51254769452264565956393,0,55908813094447190,1.3215084038390374
2025-05-16 03:33:28+00:00,13431201,67733608569,51254769451510125048497,0,55908813094447190,1.3215084038779996
2025-05-16 03:33:33+00:00,13431206,67733595394,51254779451510125048497,0,55908813094447190,1.3215078889975471
2025-05-16 03:33:48+00:00,13431221,67733582219,51254789451510125048497,0,55908813094447190,1.3215073741172956
2025-05-16 03:33:58+00:00,13431231,67733572220,51254781884396762733409,0,55908804840226830,1.32150737413673
2025-05-16 03:34:07+00:00,13431240,67733559045,51254791884396762733409,0,55908804840226830,1.3215068592566033
2025-05-16 03:34:13+00:00,13431246,67733559046,51254791883642320943719,0,55908804840226830,1.3215068592955654
2025-05-16 03:34:20+00:00,13431253,67733559047,51254791882887879154052,0,55908804840226830,1.3215068593345276
2025-05-16 03:34:25+00:00,13431258,67733559048,51254791882133437364407,0,55908804840226830,1.3215068593734898
2025-05-16 03:34:31+00:00,13431264,67733559112,51254791930971466864455,0,55908804893053871,1.3215068593629582
2025-05-16 03:34:38+00:00,13431271,67733545937,51254801930971466864455,0,55908804893053871,1.3215063444830328
2025-05-16 03:34:40+00:00,13431273,67733545938,51254801930971466864454,0,55908804893053871,1.3215063445025432
2025-05-16 03:34:58+00:00,13431291,67733545939,51254801930217024780894,0,55908804893053871,1.3215063445415054
2025-05-16 03:34:59+00:00,13431292,67733532764,51254811930217024780894,0,55908804893053871,1.321505829661781
2025-05-16 03:35:18+00:00,13431311,67733632764,51254736486090325114729,0,55908804893053871,1.3215097258841975
2025-05-16 03:35:42+00:00,13431335,67733632763,51254736487090325114729,0,55908804893053871,1.321509725838904
2025-05-16 03:35:43+00:00,13431336,67733632764,51254736486335884961554,0,55908804893053871,1.321509725877866
2025-05-16 03:35:51+00:00,13431344,67733632777,51254736496335884961554,0,55908804903784352,1.3215097258736694
2025-05-16 03:35:56+00:00,13431349,67733632776,51254736495542038374230,0,55908804902918422,1.3215097258746271
2025-05-16 03:36:06+00:00,13431359,67733619601,51254746495542038374230,0,55908804902918422,1.3215092109935855
2025-05-16 03:36:27+00:00,13431380,67733619602,51254746494787597927133,0,55908804902918422,1.3215092110325477
2025-05-16 03:37:12+00:00,13431425,67733619603,51254746494033157480058,0,55908804902918422,1.3215092110715099
2025-05-16 03:37:35+00:00,13431448,67733606428,51254756494033157480058,0,55908804902918422,1.3215086961906692
2025-05-16 03:37:40+00:00,13431453,67733606429,51254756493278716739064,0,55908804902918422,1.3215086962296316
2025-05-16 03:37:45+00:00,13431458,67733593255,51254766492524275704150,0,55908804902918422,1.3215081813879541
2025-05-16 03:37:45+00:00,13431458,67733593254,51254766493278716739064,0,55908804902918422,1.3215081813489917
2025-05-16 03:37:50+00:00,13431463,67733593319,51254766541362305204198,0,55908804955745436,1.3215081813774212
2025-05-16 03:37:55+00:00,13431468,67733593252,51254766490494136718525,0,55908804900258333,1.3215081813817662
2025-05-16 03:37:57+00:00,13431470,67733593253,51254766489739695683629,0,55908804900258333,1.3215081814207286
2025-05-16 03:37:59+00:00,13431472,67733593254,51254766489739695683628,0,55908804900258333,1.321508181440239
2025-05-16 03:38:09+00:00,13431482,67733580079,51254776489739695683628,0,55908804900258333,1.3215076665598
2025-05-16 03:38:18+00:00,13431491,67733566904,51254786489739695683628,0,55908804900258333,1.321507151679562
2025-05-16 03:38:42+00:00,13431515,67733566905,51254786488985254060881,0,55908804900258333,1.3215071517185242
2025-05-16 03:39:00+00:00,13431533,67733566904,51254786489985254060881,0,55908804900258333,1.3215071516732306
2025-05-16 03:39:02+00:00,13431535,67733576904,51254794057102834422414,0,55908813154482561,1.3215071516732306
2025-05-16 03:39:05+00:00,13431538,67733576903,51254794058102834422414,0,55908813154482561,1.3215071516279373
2025-05-16 03:39:10+00:00,13431543,67733576916,51254794068102834422414,0,55908813165213052,1.321507151623741
2025-05-16 03:39:21+00:00,13431554,67733563741,51254804068102834422414,0,55908813165213052,1.3215066367437802
2025-05-16 03:39:27+00:00,13431560,67733563742,51254804067348392505693,0,55908813165213052,1.3215066367827424
2025-05-16 03:39:34+00:00,13431567,67733573742,51254811634468921196624,0,55908821419438885,1.3215066367827424
2025-05-16 03:39:54+00:00,13431587,67733583742,51254819201589449887555,0,55908829673664718,1.3215066367827424
2025-05-16 03:40:11+00:00,13431604,67733583743,51254819200835007970856,0,55908829673664718,1.3215066368217046
2025-05-16 03:40:42+00:00,13431635,67733553744,51254796499474895729192,0,55908804910988824,1.321506636841177
2025-05-16 03:40:56+00:00,13431649,67733553746,51254796497966011895883,0,55908804910988824,1.3215066369191013
2025-05-16 03:40:56+00:00,13431649,67733553745,51254796498720453812526,0,55908804910988824,1.3215066368801391
2025-05-16 03:41:01+00:00,13431654,67733553747,51254796497211569979262,0,55908804910988824,1.3215066369580637
2025-05-16 03:41:07+00:00,13431660,67733553811,51254796546049599479310,0,55908804963815869,1.3215066369475323
2025-05-16 03:41:16+00:00,13431669,67733553812,51254796546049599479309,0,55908804963815869,1.3215066369670427
2025-05-16 03:41:26+00:00,13431679,67733563812,51254804113170127114912,0,55908813218041702,1.3215066369670427
2025-05-16 03:41:41+00:00,13431694,67733563813,51254804112415685198318,0,55908813218041702,1.321506637006005
2025-05-16 03:41:54+00:00,13431707,67733550638,51254814112415685198318,0,55908813218041702,1.3215061221262452
2025-05-16 03:42:17+00:00,13431730,67733550637,51254814113415685198318,0,55908813218041702,1.3215061220809519
2025-05-16 03:42:22+00:00,13431735,67733550636,51254814114415685198318,0,55908813218041702,1.3215061220356583
2025-05-16 03:42:29+00:00,13431742,67733560636,51254821681539161399791,0,55908821472269140,1.3215061220356583
2025-05-16 03:42:31+00:00,13431744,67733560635,51254821680745313728352,0,55908821471403210,1.3215061220366158
2025-05-16 03:42:34+00:00,13431747,67733547460,51254831680745313728352,0,55908821471403210,1.3215056071571332
2025-05-16 03:42:39+00:00,13431752,67733527461,51254816546496881263266,0,55908804962949939,1.3215056071765297
2025-05-16 03:42:51+00:00,13431764,67733537461,51254809002072946677846,0,55908804962949939,1.3215059967984777
2025-05-16 03:43:02+00:00,13431775,67733547461,51254816569197140004487,0,55908813217177764,1.3215059967984777
2025-05-16 03:43:09+00:00,13431782,67733547462,51254816568442697722424,0,55908813217177764,1.3215059968374399
2025-05-16 03:43:42+00:00,13431815,67733534287,51254826568442697722424,0,55908813217177764,1.3215054819579304
2025-05-16 03:43:52+00:00,13431825,67733534288,51254826567688255146440,0,55908813217177764,1.3215054819968926
2025-05-16 03:44:12+00:00,13431845,67733521113,51254836567688255146440,0,55908813217177764,1.3215049671175838
2025-05-16 03:44:21+00:00,13431854,67733521114,51254836566933812276536,0,55908813217177764,1.321504967156546
2025-05-16 03:44:22+00:00,13431855,67733511115,51254828999806666987281,0,55908804962949939,1.3215049671759804
2025-05-16 03:44:27+00:00,13431860,67733511179,51254829048644696487329,0,55908805015777017,1.3215049671654506
2025-05-16 03:44:32+00:00,13431865,67733511112,51254828997776466020465,0,55908804960289914,1.321504967169794
2025-05-16 03:44:37+00:00,13431870,67733521113,51254836564152112053475,0,55908813214520949,1.3215049672087562
2025-05-16 03:44:37+00:00,13431870,67733511113,51254828997022023150591,0,55908813214520949,1.3215049672087562
2025-05-16 03:44:47+00:00,13431880,67733511114,51254828997022024023003,0,55908804960289914,1.3215049672282666
2025-05-16 03:45:16+00:00,13431909,67733497939,51254838997022024023003,0,55908804960289914,1.3215044523490826
2025-05-16 03:45:20+00:00,13431913,67733497940,51254838996267580859219,0,55908804960289914,1.321504452388045
2025-05-16 03:45:26+00:00,13431919,67733484765,51254848996267580859219,0,55908804960289914,1.321503937509062
2025-05-16 03:45:36+00:00,13431929,67733471590,51254858996267580859219,0,55908804960289914,1.32150342263028
2025-05-16 03:45:45+00:00,13431938,67733471589,51254858997267580859219,0,55908804960289914,1.3215034225849867
2025-05-16 03:45:53+00:00,13431946,67733471588,51254858996473732375371,0,55908804959423984,1.3215034225859439
2025-05-16 03:46:04+00:00,13431957,67733471589,51254858995719288623698,0,55908804959423984,1.321503422624906
2025-05-16 03:46:09+00:00,13431962,67733481589,51254866562858222049213,0,55908813213659836,1.321503422624906
2025-05-16 03:46:18+00:00,13431971,67733468414,51254876562858222049213,0,55908813213659836,1.3215029077464011
2025-05-16 03:46:27+00:00,13431980,67733455239,51254886562858222049213,0,55908813213659836,1.3215023928680967
2025-05-16 03:46:29+00:00,13431982,67733465239,51254894130003052030713,0,55908821467898899,1.3215023928680967
2025-05-16 03:46:41+00:00,13431994,67733475239,51254901697147882012213,0,55908829722137962,1.3215023928680967
2025-05-16 03:46:48+00:00,13432001,67733475240,51254901696393437672675,0,55908829722137962,1.3215023929070588
2025-05-16 03:46:50+00:00,13432003,67733462065,51254911696393437672675,0,55908829722137962,1.3215018780291077
2025-05-16 03:47:05+00:00,13432018,67733472065,51254919263541215709914,0,55908837976378630,1.3215018780291077
2025-05-16 03:47:14+00:00,13432027,67733458890,51254929263541215709914,0,55908837976378630,1.3215013631514332
2025-05-16 03:47:22+00:00,13432035,67733468890,51254921719093052074169,0,55908837976378630,1.3215017527725244
2025-05-16 03:47:30+00:00,13432043,67733438891,51254899017654519313575,0,55908813213663047,1.3215017527918556
2025-05-16 03:47:32+00:00,13432045,67733438892,51254899016900074608618,0,55908813213663047,1.3215017528308177
2025-05-16 03:47:37+00:00,13432050,67733438893,51254899016145629903684,0,55908813213663047,1.3215017528697797
2025-05-16 03:47:41+00:00,13432054,67733438894,51254899015391185198772,0,55908813213663047,1.3215017529087418
2025-05-16 03:47:46+00:00,13432059,67733448894,51254906582539679696882,0,55908821467904102,1.3215017529087418
2025-05-16 03:47:47+00:00,13432060,67733448958,51254906631377709196930,0,55908821520731244,1.3215017528982154
2025-05-16 03:47:52+00:00,13432065,67733448891,51254906580509416749448,0,55908821465244141,1.321501752902557
2025-05-16 03:48:00+00:00,13432073,67733458891,51254914147657911282973,0,55908829719485196,1.321501752902557
2025-05-16 03:48:10+00:00,13432083,67733438892,51254899013360922746621,0,55908813211003086,1.3215017529220674
2025-05-16 03:48:17+00:00,13432090,67733438893,51254899012606478041739,0,55908813211003086,1.3215017529610296
2025-05-16 03:48:19+00:00,13432092,67733538893,51254823568247040943375,0,55908813211003086,1.3215056491768262
2025-05-16 03:48:20+00:00,13432093,67733528893,51254816001111511389049,0,55908804956764023,1.3215056491770671
2025-05-16 03:48:28+00:00,13432101,67733515718,51254826001111511389049,0,55908804956764023,1.3215051342976198
2025-05-16 03:48:43+00:00,13432116,67733525718,51254833568240643516864,0,55908813210994497,1.3215051342976198
2025-05-16 03:48:58+00:00,13432131,67733525717,51254833569240643516864,0,55908813210994497,1.3215051342523263
2025-05-16 03:49:07+00:00,13432140,67733525730,51254833579240643516864,0,55908813221724996,1.3215051342481305
2025-05-16 03:49:09+00:00,13432142,67733535730,51254841146369775928061,0,55908821475955470,1.3215051342481305
2025-05-16 03:49:11+00:00,13432144,67733535729,51254841145575927955198,0,55908821475089540,1.321505134249088
2025-05-16 03:49:24+00:00,13432157,67733525730,51254833578446795885359,0,55908813220859066,1.3215051342685984
2025-05-16 03:49:39+00:00,13432172,67733512555,51254843578446795885359,0,55908813220859066,1.321504619389428
2025-05-16 03:49:46+00:00,13432179,67733512556,51254843577692352816938,0,55908813220859066,1.3215046194283901
2025-05-16 03:50:31+00:00,13432224,67733522557,51254851144069989869920,0,55908821475091145,1.3215046194673523
2025-05-16 03:50:31+00:00,13432224,67733512557,51254843576937909748539,0,55908821475091145,1.3215046194673523
2025-05-16 03:50:42+00:00,13432235,67733512558,51254843576937910252736,0,55908813220859066,1.3215046194868627
2025-05-16 03:50:53+00:00,13432246,67733499383,51254853576937910252736,0,55908813220859066,1.321504104607893
2025-05-16 03:50:54+00:00,13432247,67733499384,51254853576183466890428,0,55908813220859066,1.3215041046468552
2025-05-16 03:50:58+00:00,13432251,67733499385,51254853575429023528142,0,55908813220859066,1.3215041046858174
2025-05-16 03:51:04+00:00,13432257,67733499449,51254853624267053028190,0,55908813273686161,1.3215041046752884
2025-05-16 03:51:08+00:00,13432261,67733486274,51254863624267053028190,0,55908813218199058,1.3215035897965204
2025-05-16 03:51:08+00:00,13432261,67733486207,51254863573398795759900,0,55908813218199058,1.3215035898008631
2025-05-16 03:51:13+00:00,13432266,67733486208,51254863573398795759899,0,55908813218199058,1.3215035898203733
2025-05-16 03:51:16+00:00,13432269,67733486209,51254863572644352103700,0,55908813218199058,1.3215035898593355
2025-05-16 03:51:20+00:00,13432273,67733476210,51254856005510791409216,0,55908804963968584,1.321503589878732
2025-05-16 03:52:00+00:00,13432313,67733476211,51254856004756347753050,0,55908804963968584,1.3215035899176941
2025-05-16 03:52:02+00:00,13432315,67733486211,51254863571894323233554,0,55908813218203873,1.3215035899176941
2025-05-16 03:52:13+00:00,13432326,67733476212,51254856004756348459669,0,55908804963968584,1.3215035899372045
2025-05-16 03:52:13+00:00,13432326,67733476211,51254856005756348459669,0,55908804963968584,1.3215035898919112
2025-05-16 03:52:18+00:00,13432331,67733476210,51254856006756348459669,0,55908804963968584,1.3215035898466179
2025-05-16 03:52:23+00:00,13432336,67733476223,51254856016756348459669,0,55908804974699089,1.3215035898424226
2025-05-16 03:52:28+00:00,13432341,67733463047,51254866015962500022189,0,55908804973833159,1.321503074964736
2025-05-16 03:52:28+00:00,13432341,67733476222,51254856015962500022189,0,55908804973833159,1.3215035898433798
2025-05-16 03:52:45+00:00,13432358,67733463048,51254866015208056072060,0,55908804973833159,1.3215030750036982
2025-05-16 03:52:50+00:00,13432363,67733449873,51254876015208056072060,0,55908804973833159,1.3215025601252555
2025-05-16 03:53:09+00:00,13432382,67733436698,51254886015208056072060,0,55908804973833159,1.3215020452470136
2025-05-16 03:53:31+00:00,13432404,67733436699,51254886014453611534066,0,55908804973833159,1.3215020452859758
2025-05-16 03:53:37+00:00,13432410,67733446699,51254893581600431829739,0,55908813228073265,1.3215020452859758
2025-05-16 03:53:58+00:00,13432431,67733433524,51254903581600431829739,0,55908813228073265,1.3215015304080107
2025-05-16 03:54:07+00:00,13432440,67733420349,51254913581600431829739,0,55908813228073265,1.3215010155302467
2025-05-16 03:54:14+00:00,13432447,67733420350,51254913580845986703880,0,55908813228073265,1.3215010155692086
2025-05-16 03:54:14+00:00,13432447,67733420351,51254913580091541578043,0,55908813228073265,1.3215010156081708
2025-05-16 03:54:19+00:00,13432452,67733420352,51254913579337096452228,0,55908813228073265,1.321501015647133
2025-05-16 03:54:25+00:00,13432458,67733420416,51254913628175125952276,0,55908813280900422,1.321501015636607
2025-05-16 03:54:30+00:00,13432463,67733420349,51254913577306819063813,0,55908813225413319,1.3215010156409484
2025-05-16 03:54:37+00:00,13432470,67733430349,51254921144459535287678,0,55908821479656636,1.3215010156409484
2025-05-16 03:54:51+00:00,13432484,67733417174,51254931144459535287678,0,55908821479656636,1.3215005007634613
2025-05-16 03:54:58+00:00,13432491,67733417175,51254931143705089867938,0,55908821479656636,1.3215005008024234
2025-05-16 03:55:05+00:00,13432498,67733404000,51254941143705089867938,0,55908821479656636,1.321499985925137
2025-05-16 03:55:21+00:00,13432514,67733384001,51254926009396695877218,0,55908804971173213,1.3214999859444196
2025-05-16 03:55:32+00:00,13432525,67733370826,51254936009396695877218,0,55908804971173213,1.3214994710671821
2025-05-16 03:55:37+00:00,13432530,67733370825,51254936010396695877218,0,55908804971173213,1.321499471021889
2025-05-16 03:55:41+00:00,13432534,67733370824,51254936011396695877218,0,55908804971173213,1.3214994709765957
2025-05-16 03:55:41+00:00,13432534,67733470824,51254860566906980477462,0,55908804971173213,1.32150336718958
2025-05-16 03:55:43+00:00,13432536,67733470825,51254860566152536694163,0,55908804971173213,1.3215033672285421
2025-05-16 03:55:46+00:00,13432539,67733470838,51254860576152536694163,0,55908804981903719,1.3215033672243468
2025-05-16 03:55:50+00:00,13432543,67733470837,51254860575358688186168,0,55908804981037789,1.3215033672253043
2025-05-16 03:56:25+00:00,13432578,67733457662,51254870575358688186168,0,55908804981037789,1.3215028523467498
2025-05-16 03:56:28+00:00,13432581,67733457663,51254870574604244108946,0,55908804981037789,1.321502852385712
2025-05-16 03:56:34+00:00,13432587,67733444488,51254880574604244108946,0,55908804981037789,1.3215023375073582
2025-05-16 03:56:48+00:00,13432601,67733454488,51254888141749391095353,0,55908813235276947,1.3215023375073582
2025-05-16 03:57:04+00:00,13432617,67733444489,51254880574604244262011,0,55908804981037789,1.3215023375268686
2025-05-16 03:57:11+00:00,13432624,67733444490,51254880573849799890879,0,55908804981037789,1.3215023375658308
2025-05-16 03:57:37+00:00,13432650,67733444491,51254880573095355519769,0,55908804981037789,1.321502337604793
2025-05-16 03:57:42+00:00,13432655,67733431316,51254890573095355519769,0,55908804981037789,1.3215018227266402
2025-05-16 03:57:47+00:00,13432660,67733431380,51254890621933385019817,0,55908805033864929,1.3215018227161135
2025-05-16 03:57:55+00:00,13432668,67733431381,51254890621178940354780,0,55908805033864929,1.3215018227550757
2025-05-16 03:57:55+00:00,13432668,67733431382,51254890621178940354779,0,55908805033864929,1.321501822774586
2025-05-16 03:58:03+00:00,13432676,67733418207,51254900621178940354779,0,55908805033864929,1.3215013078966347
2025-05-16 03:58:18+00:00,13432691,67733405032,51254910621178940354779,0,55908805033864929,1.3215007930188842
2025-05-16 03:58:34+00:00,13432707,67733391857,51254920621178940354779,0,55908805033864929,1.3215002781413347
2025-05-16 03:58:39+00:00,13432712,67733391858,51254920620424494807944,0,55908805033864929,1.3215002781802967
2025-05-16 03:58:44+00:00,13432717,67733378683,51254930620424494807944,0,55908805033864929,1.3214997633029482
2025-05-16 03:58:56+00:00,13432729,67733378682,51254930621424494807944,0,55908805033864929,1.321499763257655
2025-05-16 03:59:01+00:00,13432734,67733378681,51254930622424494807944,0,55908805033864929,1.3214997632123617
2025-05-16 03:59:05+00:00,13432738,67733378694,51254930632424494807944,0,55908805044595450,1.321499763208167
2025-05-16 03:59:10+00:00,13432743,67733378693,51254930631630645215789,0,55908805043729520,1.3214997632091245
2025-05-16 03:59:14+00:00,13432747,67733365518,51254940631630645215789,0,55908805043729520,1.321499248331977
2025-05-16 03:59:36+00:00,13432769,67733352343,51254950631630645215789,0,55908805043729520,1.3214987334550303
2025-05-16 03:59:52+00:00,13432785,67733339168,51254960631630645215789,0,55908805043729520,1.3214982185782844
2025-05-16 04:00:09+00:00,13432802,67733339169,51254960630876198493146,0,55908805043729520,1.3214982186172466
2025-05-16 04:00:21+00:00,13432814,67733349169,51254968198044931012156,0,55908813297981521,1.3214982186172466
2025-05-16 04:00:42+00:00,13432835,67733449169,51254892753483718304427,0,55908813297981521,1.3215021148277841
2025-05-16 04:00:55+00:00,13432848,67733449170,51254892752729273806156,0,55908813297981521,1.3215021148667463
2025-05-16 04:00:55+00:00,13432848,67733449171,51254892751974829307908,0,55908813297981521,1.3215021149057085
2025-05-16 04:00:59+00:00,13432852,67733449172,51254892751220384809682,0,55908813297981521,1.3215021149446704
2025-05-16 04:01:05+00:00,13432858,67733449236,51254892800058414309730,0,55908813350808655,1.3215021149341435
2025-05-16 04:01:10+00:00,13432863,67733449169,51254892749190128155886,0,55908813295321552,1.3215021149384856
2025-05-16 04:01:21+00:00,13432874,67733439169,51254885182032535285899,0,55908805041069551,1.3215021149387736
2025-05-16 04:01:30+00:00,13432883,67733425994,51254895182032535285899,0,55908805041069551,1.3215016000607105
2025-05-16 04:01:39+00:00,13432892,67733425995,51254895181278090493748,0,55908805041069551,1.3215016000996727
2025-05-16 04:01:56+00:00,13432909,67733435995,51254902748427460003222,0,55908813295310971,1.3215016000996727
2025-05-16 04:02:13+00:00,13432926,67733425996,51254895181278091092823,0,55908805041069551,1.321501600119183
2025-05-16 04:02:15+00:00,13432928,67733425995,51254895182278091092823,0,55908805041069551,1.3215016000738897
2025-05-16 04:02:21+00:00,13432934,67733425994,51254895183278091092823,0,55908805041069551,1.3215016000285964
2025-05-16 04:02:28+00:00,13432941,67733435994,51254902750427461009292,0,55908813295310971,1.3215016000285964
2025-05-16 04:02:30+00:00,13432943,67733435993,51254902749633611966133,0,55908813294445041,1.3215016000295539
2025-05-16 04:02:37+00:00,13432950,67733422818,51254912749633611966133,0,55908813294445041,1.321501085151768
2025-05-16 04:02:46+00:00,13432959,67733409643,51254922749633611966133,0,55908813294445041,1.3215005702741827
2025-05-16 04:02:55+00:00,13432968,67733396468,51254932749633611966133,0,55908813294445041,1.3215000553967986
2025-05-16 04:03:09+00:00,13432982,67733396469,51254932748879166292133,0,55908813294445041,1.3215000554357605
2025-05-16 04:03:24+00:00,13432997,67733406469,51254940316037380827758,0,55908821548691278,1.3215000554357605
2025-05-16 04:04:03+00:00,13433036,67733416469,51254947883195595363383,0,55908829802937515,1.3215000554357605
2025-05-16 04:04:13+00:00,13433046,67733416470,51254947882441149689405,0,55908829802937515,1.3215000554747227
2025-05-16 04:04:15+00:00,13433048,67733386471,51254925180970923298742,0,55908805040203621,1.3215000554941192
2025-05-16 04:04:18+00:00,13433051,67733386472,51254925180216477624798,0,55908805040203621,1.3215000555330814
2025-05-16 04:04:24+00:00,13433057,67733386536,51254925229054507124846,0,55908805093030796,1.3215000555225562
2025-05-16 04:04:29+00:00,13433062,67733386469,51254925178186181273319,0,55908805037543693,1.3215000555268972
2025-05-16 04:04:35+00:00,13433068,67733373294,51254935178186181273319,0,55908805037543693,1.3214995406496377
2025-05-16 04:04:44+00:00,13433077,67733360119,51254945178186181273319,0,55908805037543693,1.3214990257725794
2025-05-16 04:05:23+00:00,13433116,67733360120,51254945177431735011505,0,55908805037543693,1.3214990258115413
2025-05-16 04:05:34+00:00,13433127,67733360119,51254945178431735011505,0,55908805037543693,1.3214990257662482
2025-05-16 04:05:39+00:00,13433132,67733360118,51254945179431735011505,0,55908805037543693,1.3214990257209551
2025-05-16 04:05:44+00:00,13433137,67733360131,51254945189431735011505,0,55908805048274217,1.3214990257167605
2025-05-16 04:06:06+00:00,13433159,67733346956,51254955189431735011505,0,55908805048274217,1.321498510839903
2025-05-16 04:06:07+00:00,13433160,67733346957,51254955188677288455715,0,55908805048274217,1.321498510878865
2025-05-16 04:06:50+00:00,13433203,67733333782,51254965188677288455715,0,55908805048274217,1.3214979960022086
2025-05-16 04:06:52+00:00,13433205,67733333783,51254965187922841606003,0,55908805048274217,1.3214979960411706
2025-05-16 04:07:06+00:00,13433219,67733320608,51254975187922841606003,0,55908805048274217,1.321497481164715
2025-05-16 04:07:15+00:00,13433228,67733307433,51254985187922841606003,0,55908805048274217,1.3214969662884601
2025-05-16 04:07:24+00:00,13433237,67733294258,51254995187922841606003,0,55908805048274217,1.3214964514124063
2025-05-16 04:07:31+00:00,13433244,67733294259,51254995187168393874479,0,55908805048274217,1.3214964514513685
2025-05-16 04:07:36+00:00,13433249,67733294261,51254995185659498411499,0,55908805048274217,1.3214964515292926
2025-05-16 04:07:36+00:00,13433249,67733294260,51254995186413946142978,0,55908805048274217,1.3214964514903305
2025-05-16 04:07:42+00:00,13433255,67733294325,51254995234497527911547,0,55908805101101464,1.321496451518771
2025-05-16 04:07:47+00:00,13433260,67733294258,51254995183629132589948,0,55908805045614361,1.3214964515231102
2025-05-16 04:07:49+00:00,13433262,67733394258,51254919738967036128337,0,55908805045614361,1.3215003477315963
2025-05-16 04:07:58+00:00,13433271,67733381083,51254929738967036128337,0,55908805045614361,1.3214998328542253
2025-05-16 04:08:21+00:00,13433294,67733381084,51254929738212590327287,0,55908805045614361,1.3214998328931875
2025-05-16 04:08:54+00:00,13433327,67733381083,51254929739212590327287,0,55908805045614361,1.3214998328478942
2025-05-16 04:08:58+00:00,13433331,67733381082,51254929740212590327287,0,55908805045614361,1.321499832802601
2025-05-16 04:09:04+00:00,13433337,67733381095,51254929750212590327287,0,55908805056344881,1.3214998327984062
2025-05-16 04:09:06+00:00,13433339,67733381096,51254929749458144526205,0,55908805056344881,1.3214998328373684
2025-05-16 04:09:41+00:00,13433374,67733367921,51254939749458144526205,0,55908805056344881,1.3214993179601984
2025-05-16 04:09:50+00:00,13433383,67733367922,51254939748703698431202,0,55908805056344881,1.3214993179991605
2025-05-16 04:09:55+00:00,13433388,67733377922,51254947315866135670047,0,55908813310593380,1.3214993179991605
2025-05-16 04:10:05+00:00,13433398,67733367923,51254939748703699257714,0,55908805056344881,1.3214993180186707
2025-05-16 04:10:27+00:00,13433420,67733354748,51254949748703699257714,0,55908805056344881,1.3214988031417017
2025-05-16 04:10:34+00:00,13433427,67733354749,51254949747949252868800,0,55908805056344881,1.3214988031806638
2025-05-16 04:10:44+00:00,13433437,67733341574,51254959747949252868800,0,55908805056344881,1.3214982883038955
2025-05-16 04:10:51+00:00,13433444,67733341575,51254959747194806185964,0,55908805056344881,1.3214982883428577
2025-05-16 04:10:56+00:00,13433449,67733341576,51254959746440359503150,0,55908805056344881,1.3214982883818196
2025-05-16 04:11:00+00:00,13433453,67733328401,51254969746440359503150,0,55908805056344881,1.3214977735052522
2025-05-16 04:11:01+00:00,13433454,67733328465,51254969795278389003198,0,55908805109172102,1.3214977734947295
2025-05-16 04:11:06+00:00,13433459,67733328398,51254969744410018936282,0,55908805053684999,1.3214977734990694
2025-05-16 04:11:15+00:00,13433468,67733315223,51254979744410018936282,0,55908805053684999,1.3214972586227027
2025-05-16 04:11:19+00:00,13433472,67733315224,51254979743655571665598,0,55908805053684999,1.321497258661665
2025-05-16 04:11:33+00:00,13433486,67733325224,51254987310829801090345,0,55908813307939920,1.321497258661665
2025-05-16 04:12:02+00:00,13433515,67733312049,51254997310829801090345,0,55908813307939920,1.3214967437855754
2025-05-16 04:12:03+00:00,13433516,67733322049,51255004878006978806183,0,55908821562196447,1.3214967437855754
2025-05-16 04:12:05+00:00,13433518,67733322050,51255004877252531241576,0,55908821562196447,1.3214967438245373
2025-05-16 04:12:09+00:00,13433522,67733322049,51255004878252531241576,0,55908821562196447,1.3214967437792442
2025-05-16 04:12:13+00:00,13433526,67733308874,51255014878252531241576,0,55908821562196447,1.3214962289034315
2025-05-16 04:12:14+00:00,13433527,67733308873,51255014879252531241576,0,55908821562196447,1.3214962288581387
2025-05-16 04:12:19+00:00,13433532,67733308886,51255014889252531241576,0,55908821572926982,1.3214962288539447
2025-05-16 04:12:24+00:00,13433537,67733308885,51255014888458680579116,0,55908821572061052,1.321496228854902
2025-05-16 04:12:39+00:00,13433552,67733318885,51255022455638806900901,0,55908829826319184,1.321496228854902
2025-05-16 04:12:48+00:00,13433561,67733328885,51255030022818933222686,0,55908838080577316,1.321496228854902
2025-05-16 04:12:50+00:00,13433563,67733328886,51255030022064485364103,0,55908838080577316,1.321496228893864
2025-05-16 04:13:02+00:00,13433575,67733315711,51255040022064485364103,0,55908838080577316,1.3214957140184045
2025-05-16 04:13:21+00:00,13433594,67733302536,51255050022064485364103,0,55908838080577316,1.3214951991431456
2025-05-16 04:13:27+00:00,13433600,67733312536,51255042477581131258013,0,55908838080577316,1.321495588763319
2025-05-16 04:13:33+00:00,13433606,67733312537,51255042476826683033999,0,55908838080577316,1.321495588802281
2025-05-16 04:13:38+00:00,13433611,67733299362,51255052476826683033999,0,55908838080577316,1.3214950739270714
2025-05-16 04:13:45+00:00,13433618,67733286187,51255062476826683033999,0,55908838080577316,1.3214945590520626
2025-05-16 04:14:06+00:00,13433639,67733266188,51255047342459792569613,0,55908821572064263,1.321494559071251
2025-05-16 04:14:06+00:00,13433639,67733266189,51255047341705343757742,0,55908821572064263,1.321494559110213
2025-05-16 04:14:11+00:00,13433644,67733266190,51255047340950894945894,0,55908821572064263,1.3214945591491751
2025-05-16 04:14:12+00:00,13433645,67733276190,51255054908140582384602,0,55908829826327598,1.3214945591491751
2025-05-16 04:14:17+00:00,13433650,67733276254,51255054956978611884650,0,55908829879154883,1.3214945591386553
2025-05-16 04:14:18+00:00,13433651,67733276255,51255054956224163072818,0,55908829879154883,1.3214945591776173
2025-05-16 04:14:27+00:00,13433660,67733276256,51255054956224163072817,0,55908829879154883,1.3214945591971277
2025-05-16 04:14:33+00:00,13433666,67733286256,51255062523413850236938,0,55908838133418218,1.3214945591971277
2025-05-16 04:14:44+00:00,13433677,67733276257,51255054956224163508937,0,55908829879154883,1.3214945592166378
2025-05-16 04:14:50+00:00,13433683,67733286257,51255062523413850561337,0,55908838133418218,1.3214945592166378
2025-05-16 04:15:03+00:00,13433696,67733286258,51255062522659401749549,0,55908838133418218,1.3214945592555998
2025-05-16 04:15:20+00:00,13433713,67733246259,51255032253911666503790,0,55908805116376889,1.3214945592748262
2025-05-16 04:15:29+00:00,13433722,67733246258,51255032254911666503790,0,55908805116376889,1.3214945592295333
2025-05-16 04:15:34+00:00,13433727,67733246257,51255032255911666503790,0,55908805116376889,1.3214945591842402
2025-05-16 04:15:39+00:00,13433732,67733246270,51255032265911666503790,0,55908805127107431,1.3214945591800467
2025-05-16 04:15:43+00:00,13433736,67733246269,51255032265117815338681,0,55908805126241501,1.321494559181004
2025-05-16 04:15:48+00:00,13433741,67733246270,51255032264363366526873,0,55908805126241501,1.3214945592199658
2025-05-16 04:15:59+00:00,13433752,67733256270,51255039831553053560216,0,55908813380504836,1.3214945592199658
2025-05-16 04:16:11+00:00,13433764,67733266270,51255032287066046099111,0,55908813380504836,1.3214949488402168
2025-05-16 04:16:31+00:00,13433784,67733276270,51255024742581263001183,0,55908813380504836,1.3214953384605248
2025-05-16 04:16:32+00:00,13433785,67733276271,51255024741826814634270,0,55908813380504836,1.3214953384994867
2025-05-16 04:16:44+00:00,13433797,67733263096,51255034741826814634270,0,55908813380504836,1.321494823624148
2025-05-16 04:16:58+00:00,13433811,67733273096,51255042309014987627177,0,55908821634767339,1.321494823624148
2025-05-16 04:17:11+00:00,13433824,67733263096,51255034741826052239472,0,55908813380504004,1.3214948236241675
2025-05-16 04:17:17+00:00,13433830,67733263097,51255034741071603578636,0,55908813380504004,1.3214948236631296
2025-05-16 04:17:19+00:00,13433832,67733249922,51255044741071603578636,0,55908813380504004,1.3214943087879916
2025-05-16 04:17:28+00:00,13433841,67733249923,51255044740317154623877,0,55908813380504004,1.3214943088269535
2025-05-16 04:17:33+00:00,13433846,67733259924,51255052306753826289125,0,55908821634768112,1.3214943088659157
2025-05-16 04:17:33+00:00,13433846,67733249924,51255044739562705669141,0,55908821634768112,1.3214943088659157
2025-05-16 04:17:39+00:00,13433852,67733259988,51255052355591855789173,0,55908821687595402,1.321494308855396
2025-05-16 04:17:41+00:00,13433854,67733246813,51255062355591855789173,0,55908821687595402,1.3214937939805353
2025-05-16 04:17:43+00:00,13433856,67733226814,51255047221208134132445,0,55908805179068791,1.3214937939999318
2025-05-16 04:17:52+00:00,13433865,67733213639,51255057221208134132445,0,55908805179068791,1.32149327912512
2025-05-16 04:18:01+00:00,13433874,67733200464,51255067221208134132445,0,55908805179068791,1.3214927642505092
2025-05-16 04:18:02+00:00,13433875,67733200465,51255067220453684295900,0,55908805179068791,1.3214927642894712
2025-05-16 04:18:24+00:00,13433897,67733210465,51255074787653649538777,0,55908813433337716,1.3214927642894712
2025-05-16 04:18:28+00:00,13433901,67733220465,51255067243156394705026,0,55908813433337716,1.321493153909456
2025-05-16 04:18:39+00:00,13433912,67733194115,51255087243156394705026,0,55908813433337716,1.3214921241606856
2025-05-16 04:18:39+00:00,13433912,67733207290,51255077243156394705026,0,55908813433337716,1.3214926390349704
2025-05-16 04:18:47+00:00,13433920,67733194116,51255087242401944503049,0,55908813433337716,1.3214921241996476
2025-05-16 04:18:48+00:00,13433921,67733194115,51255087243401944503049,0,55908813433337716,1.3214921241543547
2025-05-16 04:18:52+00:00,13433925,67733194114,51255087244401944503049,0,55908813433337716,1.3214921241090618
2025-05-16 04:18:54+00:00,13433927,67733180939,51255097244401944503049,0,55908813433337716,1.3214916092349778
2025-05-16 04:18:57+00:00,13433930,67733180952,51255097254401944503049,0,55908813444068270,1.3214916092307847
2025-05-16 04:19:02+00:00,13433935,67733180951,51255097253608092449475,0,55908813443202340,1.3214916092317421
2025-05-16 04:19:03+00:00,13433936,67733280951,51255021808669547172001,0,55908813443202340,1.3214955054324693
2025-05-16 04:19:31+00:00,13433964,67733270951,51255014241477405001123,0,55908805188933415,1.3214955054326722
2025-05-16 04:19:32+00:00,13433965,67733270952,51255014240722956729535,0,55908805188933415,1.3214955054716344
2025-05-16 04:19:40+00:00,13433973,67733257777,51255024240722956729535,0,55908805188933415,1.3214949905961573
2025-05-16 04:19:52+00:00,13433985,67733244602,51255034240722956729535,0,55908805188933415,1.3214944757208813
2025-05-16 04:20:16+00:00,13434009,67733244603,51255034239968507870079,0,55908805188933415,1.3214944757598432
2025-05-16 04:20:46+00:00,13434039,67733244604,51255034239214059010646,0,55908805188933415,1.3214944757988052
2025-05-16 04:20:50+00:00,13434043,67733244605,51255034238459610151235,0,55908805188933415,1.3214944758377674
2025-05-16 04:20:54+00:00,13434047,67733231430,51255044238459610151235,0,55908805188933415,1.3214939609626921
2025-05-16 04:20:56+00:00,13434049,67733231494,51255044287297639651283,0,55908805241760711,1.321493960952173
2025-05-16 04:21:00+00:00,13434053,67733231427,51255044236429195774852,0,55908805186273608,1.3214939609565108
2025-05-16 04:21:03+00:00,13434056,67733231428,51255044235674746621514,0,55908805186273608,1.3214939609954728
2025-05-16 04:21:05+00:00,13434058,67733231429,51255044235674746621513,0,55908805186273608,1.3214939610149832
2025-05-16 04:21:32+00:00,13434085,67733241429,51255051802867859119300,0,55908813440538760,1.3214939610149832
2025-05-16 04:21:41+00:00,13434094,67733228254,51255061802867859119300,0,55908813440538760,1.3214934461401848
2025-05-16 04:21:48+00:00,13434101,67733228255,51255061802113409672050,0,55908813440538760,1.3214934461791468
2025-05-16 04:21:56+00:00,13434109,67733215080,51255071802113409672050,0,55908813440538760,1.3214929313045494
2025-05-16 04:22:05+00:00,13434118,67733215079,51255071803113409672050,0,55908813440538760,1.3214929312592565
2025-05-16 04:22:07+00:00,13434120,67733205080,51255064235917345000571,0,55908805186273608,1.3214929312786907
2025-05-16 04:22:14+00:00,13434127,67733205093,51255064245917345000571,0,55908805197004156,1.3214929312744974
2025-05-16 04:22:34+00:00,13434147,67733205094,51255064245162895259381,0,55908805197004156,1.3214929313134594
2025-05-16 04:22:40+00:00,13434153,67733215094,51255071812361904081010,0,55908813451272519,1.3214929313134594
2025-05-16 04:22:57+00:00,13434170,67733205095,51255064245162895774342,0,55908805197004156,1.3214929313329697
2025-05-16 04:23:19+00:00,13434192,67733205096,51255064244408446033185,0,55908805197004156,1.3214929313719317
2025-05-16 04:23:55+00:00,13434228,67733191921,51255074244408446033185,0,55908805197004156,1.3214924164974593
2025-05-16 04:24:04+00:00,13434237,67733191923,51255074242899545963047,0,55908805197004156,1.3214924165753832
2025-05-16 04:24:04+00:00,13434237,67733191922,51255074243653995998105,0,55908805197004156,1.3214924165364212
2025-05-16 04:24:08+00:00,13434241,67733191924,51255074242145095928011,0,55908805197004156,1.3214924166143451
2025-05-16 04:24:10+00:00,13434243,67733178749,51255084242145095928011,0,55908805197004156,1.3214919017400735
2025-05-16 04:24:19+00:00,13434252,67733178682,51255084191276612357378,0,55908805141517053,1.3214919017444104
2025-05-16 04:24:24+00:00,13434257,67733178683,51255084191276612357377,0,55908805141517053,1.3214919017639208
2025-05-16 04:24:29+00:00,13434262,67733165508,51255094191276612357377,0,55908805141517053,1.3214913868898495
2025-05-16 04:24:49+00:00,13434282,67733165509,51255094190522161734486,0,55908805141517053,1.3214913869288114
2025-05-16 04:24:59+00:00,13434292,67733152334,51255104190522161734486,0,55908805141517053,1.3214908720549412
2025-05-16 04:25:20+00:00,13434313,67733139159,51255114190522161734486,0,55908805141517053,1.3214903571812717
2025-05-16 04:25:26+00:00,13434319,67733139158,51255114191522161734486,0,55908805141517053,1.3214903571359788
2025-05-16 04:25:31+00:00,13434324,67733139157,51255114192522161734486,0,55908805141517053,1.321490357090686
2025-05-16 04:25:33+00:00,13434326,67733139158,51255114191767710523673,0,55908805141517053,1.321490357129648
2025-05-16 04:25:36+00:00,13434329,67733139171,51255114201767710523673,0,55908805152247612,1.3214903571254553
2025-05-16 04:25:47+00:00,13434340,67733125996,51255124201767710523673,0,55908805152247612,1.3214898422519867
2025-05-16 04:26:04+00:00,13434357,67733112821,51255134201767710523673,0,55908805152247612,1.3214893273787192
2025-05-16 04:26:13+00:00,13434366,67733099646,51255144201767710523673,0,55908805152247612,1.3214888125056528
2025-05-16 04:26:18+00:00,13434371,67733099647,51255144201013258431041,0,55908805152247612,1.3214888125446147
2025-05-16 04:26:29+00:00,13434382,67733109647,51255151768235852426623,0,55908813406528819,1.3214888125446147
2025-05-16 04:26:40+00:00,13434393,67733099648,51255144201013258625751,0,55908805152247612,1.3214888125641249
2025-05-16 04:26:55+00:00,13434408,67733109648,51255151768235852509611,0,55908813406528819,1.3214888125641249
2025-05-16 04:27:02+00:00,13434415,67733109649,51255151767481400417012,0,55908813406528819,1.3214888126030868
2025-05-16 04:27:10+00:00,13434423,67733119649,51255159334703994077765,0,55908821660810025,1.3214888126030868
2025-05-16 04:27:20+00:00,13434433,67733106474,51255169334703994077765,0,55908821660810025,1.321488297730373
2025-05-16 04:27:25+00:00,13434438,67733106475,51255169333949541691242,0,55908821660810025,1.321488297769335
2025-05-16 04:27:30+00:00,13434443,67733106476,51255169333195089304741,0,55908821660810025,1.321488297808297
2025-05-16 04:27:36+00:00,13434449,67733093365,51255179382033118804789,0,55908821713637434,1.321487782925271
2025-05-16 04:27:36+00:00,13434449,67733106540,51255169382033118804789,0,55908821713637434,1.321488297797783
2025-05-16 04:27:40+00:00,13434453,67733093298,51255179331164555839517,0,55908821658150331,1.3214877829296057
2025-05-16 04:27:45+00:00,13434458,67733093299,51255179331164555839516,0,55908821658150331,1.3214877829491158
2025-05-16 04:27:46+00:00,13434459,67733093300,51255179330410103159099,0,55908821658150331,1.3214877829880778
2025-05-16 04:27:51+00:00,13434464,67733103300,51255186897638592694228,0,55908829912434748,1.3214877829880778
2025-05-16 04:28:07+00:00,13434480,67733090125,51255196897638592694228,0,55908829912434748,1.3214872681158418
2025-05-16 04:28:26+00:00,13434499,67733060126,51255174195954583109439,0,55908805149587918,1.3214872681350864
2025-05-16 04:28:45+00:00,13434518,67733160126,51255098750768200780099,0,55908805149587918,1.321491164329965
2025-05-16 04:28:51+00:00,13434524,67733160125,51255098751768200780099,0,55908805149587918,1.321491164284672
2025-05-16 04:28:55+00:00,13434528,67733160138,51255098761768200780099,0,55908805160318473,1.321491164280479
2025-05-16 04:29:00+00:00,13434533,67733160137,51255098760974348585557,0,55908805159452543,1.3214911642814364
2025-05-16 04:29:13+00:00,13434546,67733160138,51255098760219897835577,0,55908805159452543,1.3214911643203984
2025-05-16 04:29:21+00:00,13434554,67733146963,51255108760219897835577,0,55908805159452543,1.3214906494466174
2025-05-16 04:29:42+00:00,13434575,67733156963,51255116327431973219964,0,55908813413727985,1.3214906494466174
2025-05-16 04:29:51+00:00,13434584,67733143788,51255126327431973219964,0,55908813413727985,1.3214901345731134
2025-05-16 04:29:57+00:00,13434590,67733143789,51255126326677521882114,0,55908813413727985,1.3214901346120753
2025-05-16 04:30:15+00:00,13434608,67733130614,51255136326677521882114,0,55908813413727985,1.321489619738772
2025-05-16 04:30:41+00:00,13434634,67733130615,51255136325923070250340,0,55908813413727985,1.321489619777734
2025-05-16 04:30:44+00:00,13434637,67733130616,51255136325168618618588,0,55908813413727985,1.3214896198166959
2025-05-16 04:30:49+00:00,13434642,67733117441,51255146325168618618588,0,55908813413727985,1.3214891049435937
2025-05-16 04:30:53+00:00,13434646,67733117505,51255146374006648118636,0,55908813466555378,1.321489104933079
2025-05-16 04:30:58+00:00,13434651,67733117438,51255146323138110408820,0,55908813411068275,1.3214891049374147
2025-05-16 04:31:03+00:00,13434656,67733117439,51255146323138110408819,0,55908813411068275,1.3214891049569248
2025-05-16 04:31:24+00:00,13434677,67733127439,51255153890359029968317,0,55908821665348533,1.3214891049569248
2025-05-16 04:31:35+00:00,13434688,67733107440,51255138755921606553719,0,55908805156792833,1.3214891049763213
2025-05-16 04:31:45+00:00,13434698,67733094265,51255148755921606553719,0,55908805156792833,1.3214885901033437
2025-05-16 04:31:54+00:00,13434707,67733081090,51255158755921606553719,0,55908805156792833,1.3214880752305673
2025-05-16 04:32:04+00:00,13434717,67733081089,51255158756921606553719,0,55908805156792833,1.3214880751852744
2025-05-16 04:32:09+00:00,13434722,67733091088,51255166325148422881960,0,55908813411076302,1.3214880751399818
2025-05-16 04:32:09+00:00,13434722,67733091089,51255166324148422881960,0,55908813411076302,1.3214880751852744
2025-05-16 04:32:11+00:00,13434724,67733091089,51255166324393970368358,0,55908813411076302,1.3214880751789437
2025-05-16 04:32:14+00:00,13434727,67733091102,51255166334393970368358,0,55908813421806870,1.3214880751747513
2025-05-16 04:32:19+00:00,13434732,67733091101,51255166333600117244539,0,55908813420940940,1.3214880751757085
2025-05-16 04:32:44+00:00,13434757,67733077926,51255176333600117244539,0,55908813420940940,1.321487560303209
2025-05-16 04:32:56+00:00,13434769,67733077927,51255176332845664437011,0,55908813420940940,1.321487560342171
2025-05-16 04:33:08+00:00,13434781,67733064752,51255186332845664437011,0,55908813420940940,1.3214870454698724
2025-05-16 04:33:28+00:00,13434801,67733054753,51255178765615895807048,0,55908805166657471,1.3214870454893066
2025-05-16 04:33:40+00:00,13434813,67733054754,51255178764861442705606,0,55908805166657471,1.3214870455282686
2025-05-16 04:34:04+00:00,13434837,67733054755,51255178764106989604186,0,55908805166657471,1.3214870455672305
2025-05-16 04:34:05+00:00,13434838,67733064755,51255186331339701830762,0,55908813420944151,1.3214870455672305
2025-05-16 04:34:14+00:00,13434847,67733064819,51255186380177731330810,0,55908813473771585,1.321487045556718
2025-05-16 04:34:14+00:00,13434847,67733051644,51255196380177731330810,0,55908813473771585,1.3214865306846206
2025-05-16 04:34:19+00:00,13434852,67733051577,51255196329309143998576,0,55908813418284482,1.321486530688955
2025-05-16 04:34:25+00:00,13434858,67733051578,51255196328554690603228,0,55908813418284482,1.3214865307279169
2025-05-16 04:34:29+00:00,13434862,67733038403,51255206328554690603228,0,55908813418284482,1.32148601585602
2025-05-16 04:34:46+00:00,13434879,67733028404,51255198761319025750472,0,55908805163997802,1.3214860158754542
2025-05-16 04:35:09+00:00,13434902,67733028405,51255198760564572061211,0,55908805163997802,1.3214860159144162
2025-05-16 04:35:10+00:00,13434903,67733015230,51255208760564572061211,0,55908805163997802,1.3214855010426443
2025-05-16 04:35:28+00:00,13434921,67733015229,51255208761564572061211,0,55908805163997802,1.3214855009973516
2025-05-16 04:35:33+00:00,13434926,67733015242,51255208771564572061211,0,55908805174728380,1.3214855009931596
2025-05-16 04:35:38+00:00,13434931,67733015241,51255208770770718163013,0,55908805173862450,1.3214855009941169
2025-05-16 04:35:54+00:00,13434947,67733015242,51255208770016264179799,0,55908805173862450,1.3214855010330788
2025-05-16 04:35:55+00:00,13434948,67733025242,51255216337257820884312,0,55908813428153946,1.3214855010330788
2025-05-16 04:36:04+00:00,13434957,67733012067,51255226337257820884312,0,55908813428153946,1.3214849861615838
2025-05-16 04:36:14+00:00,13434967,67732998892,51255236337257820884312,0,55908813428153946,1.3214844712902898
2025-05-16 04:36:28+00:00,13434981,67733008892,51255243904505274224462,0,55908821682448653,1.3214844712902898
2025-05-16 04:36:37+00:00,13434990,67733008893,51255243903750819653376,0,55908821682448653,1.3214844713292517
2025-05-16 04:36:38+00:00,13434991,67732995718,51255253903750819653376,0,55908821682448653,1.3214839564582344
2025-05-16 04:37:22+00:00,13435035,67732995719,51255253902996364788364,0,55908821682448653,1.3214839564971963
2025-05-16 04:37:23+00:00,13435036,67732995720,51255253902241909923375,0,55908821682448653,1.3214839565361582
2025-05-16 04:37:29+00:00,13435042,67732995721,51255253901487455058408,0,55908821682448653,1.32148395657512
2025-05-16 04:37:34+00:00,13435047,67732995785,51255253950325484558456,0,55908821735276149,1.3214839565646104
2025-05-16 04:37:40+00:00,13435053,67732995718,51255253899456847607046,0,55908821679789046,1.3214839565689434
2025-05-16 04:37:41+00:00,13435054,67733095718,51255178454081403894032,0,55908821679789046,1.3214878527577631
2025-05-16 04:38:00+00:00,13435073,67733105718,51255186021309493907403,0,55908829934073172,1.3214878527577631
2025-05-16 04:38:07+00:00,13435080,67733105719,51255186020555041266840,0,55908829934073172,1.321487852796725
2025-05-16 04:38:19+00:00,13435092,67733092544,51255196020555041266840,0,55908829934073172,1.3214873379244667
2025-05-16 04:38:28+00:00,13435101,67733079369,51255206020555041266840,0,55908829934073172,1.3214868230524093
2025-05-16 04:38:38+00:00,13435111,67733049369,51255183318845456755122,0,55908805171202843,1.3214868230526058
2025-05-16 04:38:45+00:00,13435118,67733049368,51255183319845456755122,0,55908805171202843,1.3214868230073131
2025-05-16 04:38:50+00:00,13435123,67733049367,51255183320845456755122,0,55908805171202843,1.3214868229620205
2025-05-16 04:38:52+00:00,13435125,67733059368,51255190887324990234778,0,55908813425490180,1.3214868230009822
2025-05-16 04:38:52+00:00,13435125,67733049368,51255183320091003526637,0,55908813425490180,1.3214868230009822
2025-05-16 04:38:54+00:00,13435127,67733059381,51255190897324990234778,0,55908813436220753,1.3214868229967902
2025-05-16 04:38:59+00:00,13435132,67733059380,51255190896531136730727,0,55908813435354823,1.3214868229977474
2025-05-16 04:39:36+00:00,13435169,67733059381,51255190895776683502262,0,55908813435354823,1.3214868230367094
2025-05-16 04:39:50+00:00,13435183,67733046206,51255200895776683502262,0,55908813435354823,1.3214863081647008
2025-05-16 04:40:13+00:00,13435206,67733033031,51255210895776683502262,0,55908813435354823,1.3214857932928934
2025-05-16 04:40:22+00:00,13435215,67733033032,51255210895022229685925,0,55908813435354823,1.3214857933318551
2025-05-16 04:40:27+00:00,13435220,67733023033,51255203327785290643536,0,55908805181067486,1.3214857933512896
2025-05-16 04:40:44+00:00,13435237,67733023034,51255203327030836827233,0,55908805181067486,1.3214857933902515
2025-05-16 04:40:49+00:00,13435242,67733023035,51255203326276383010952,0,55908805181067486,1.3214857934292132
2025-05-16 04:40:52+00:00,13435245,67733009860,51255213326276383010952,0,55908805181067486,1.3214852785575306
2025-05-16 04:40:55+00:00,13435248,67733009924,51255213375114412511000,0,55908805233894955,1.3214852785470197
2025-05-16 04:41:01+00:00,13435254,67732996749,51255223375114412511000,0,55908805233894955,1.3214847636755385
2025-05-16 04:41:04+00:00,13435257,67732996750,51255223375114412510999,0,55908805233894955,1.3214847636950486
2025-05-16 04:41:07+00:00,13435260,67732996751,51255223374359958106851,0,55908805233894955,1.3214847637340104
2025-05-16 04:41:15+00:00,13435268,67733096751,51255147929030596551545,0,55908805233894955,1.3214886599251505
2025-05-16 04:41:24+00:00,13435277,67733083576,51255157929030596551545,0,55908805233894955,1.3214881450523521
2025-05-16 04:41:45+00:00,13435298,67733070401,51255167929030596551545,0,55908805233894955,1.3214876301797545
2025-05-16 04:41:51+00:00,13435304,67733070402,51255167928276143783910,0,55908805233894955,1.3214876302187164
2025-05-16 04:42:04+00:00,13435317,67733057226,51255177929276143783910,0,55908805233894955,1.321487115301027
2025-05-16 04:42:04+00:00,13435317,67733070401,51255167929276143783910,0,55908805233894955,1.3214876301734237
2025-05-16 04:42:08+00:00,13435321,67733057225,51255177930276143783910,0,55908805233894955,1.3214871152557344
2025-05-16 04:42:13+00:00,13435326,67733057238,51255177940276143783910,0,55908805244625527,1.3214871152515422
2025-05-16 04:42:15+00:00,13435328,67733044063,51255187940276143783910,0,55908805244625527,1.3214866003793464
2025-05-16 04:42:18+00:00,13435331,67733044062,51255187939482290209345,0,55908805243759597,1.3214866003803039
2025-05-16 04:42:25+00:00,13435338,67733030887,51255197939482290209345,0,55908805243759597,1.321486085508309
2025-05-16 04:42:35+00:00,13435348,67733030888,51255197938727836559838,0,55908805243759597,1.321486085547271
2025-05-16 04:43:20+00:00,13435393,67733030889,51255197937973382910353,0,55908805243759597,1.321486085586233
2025-05-16 04:43:32+00:00,13435405,67733040889,51255205505211592281158,0,55908813498049196,1.321486085586233
2025-05-16 04:43:32+00:00,13435405,67733050889,51255197960676208060255,0,55908813498049196,1.3214864752052242
2025-05-16 04:43:42+00:00,13435415,67733040889,51255190393439113388986,0,55908805243759597,1.321486475205253
2025-05-16 04:43:53+00:00,13435426,67733027714,51255200393439113388986,0,55908805243759597,1.3214859603333073
2025-05-16 04:44:04+00:00,13435437,67733027715,51255200392684659668015,0,55908805243759597,1.3214859603722693
2025-05-16 04:44:05+00:00,13435438,67733027716,51255200391930205947066,0,55908805243759597,1.3214859604112312
2025-05-16 04:44:16+00:00,13435449,67733027780,51255200440768235447114,0,55908805296587052,1.3214859604007196
2025-05-16 04:44:16+00:00,13435449,67733014605,51255210440768235447114,0,55908805296587052,1.3214854455289753
2025-05-16 04:44:21+00:00,13435454,67733014538,51255210389899626720339,0,55908805241099949,1.3214854455333092
2025-05-16 04:44:26+00:00,13435459,67733014539,51255210389899626720338,0,55908805241099949,1.3214854455528193
2025-05-16 04:44:31+00:00,13435464,67733001364,51255220389899626720338,0,55908805241099949,1.3214849306812753
2025-05-16 04:44:40+00:00,13435473,67733011364,51255212845357648992193,0,55908805241099949,1.3214853203001535
2025-05-16 04:44:42+00:00,13435475,67732998189,51255222845357648992193,0,55908805241099949,1.3214848054286588
2025-05-16 04:44:48+00:00,13435481,67732998190,51255222844603194611871,0,55908805241099949,1.3214848054676207
2025-05-16 04:44:53+00:00,13435486,67732985015,51255232844603194611871,0,55908805241099949,1.3214842905963267
2025-05-16 04:45:03+00:00,13435496,67732995015,51255240411851682664231,0,55908813495395138,1.3214842905963267
2025-05-16 04:45:25+00:00,13435518,67732985016,51255232844603195492672,0,55908805241099949,1.3214842906158368
2025-05-16 04:45:27+00:00,13435520,67732985015,51255232845603195492672,0,55908805241099949,1.3214842905705444
2025-05-16 04:45:32+00:00,13435525,67732985014,51255232846603195492672,0,55908805241099949,1.3214842905252517
2025-05-16 04:45:32+00:00,13435525,67732985015,51255232845848740818384,0,55908805241099949,1.3214842905642135
2025-05-16 04:45:37+00:00,13435530,67732985028,51255232855848740818384,0,55908805251830532,1.321484290560022
2025-05-16 04:45:42+00:00,13435535,67732985027,51255232855054886548257,0,55908805250964602,1.3214842905609792
2025-05-16 04:45:53+00:00,13435546,67732995027,51255225310509254282464,0,55908805250964602,1.3214846801797626
2025-05-16 04:46:17+00:00,13435570,67732995028,51255225309754799830636,0,55908805250964602,1.3214846802187246
2025-05-16 04:46:45+00:00,13435598,67732981853,51255235309754799830636,0,55908805250964602,1.3214841653474798
2025-05-16 04:46:54+00:00,13435607,67732968678,51255245309754799830636,0,55908805250964602,1.321483650476436
2025-05-16 04:47:02+00:00,13435615,67732968679,51255245309000344790935,0,55908805250964602,1.321483650515398
2025-05-16 04:47:18+00:00,13435631,67732955504,51255255309000344790935,0,55908805250964602,1.3214831356445549
2025-05-16 04:47:28+00:00,13435641,67732955505,51255255308245889457308,0,55908805250964602,1.3214831356835168
2025-05-16 04:47:32+00:00,13435645,67732955506,51255255307491434123704,0,55908805250964602,1.3214831357224788
2025-05-16 04:47:34+00:00,13435647,67732942331,51255265307491434123704,0,55908805250964602,1.3214826208518367
2025-05-16 04:47:43+00:00,13435656,67732942264,51255265256622770902538,0,55908805195477499,1.321482620856169
2025-05-16 04:47:48+00:00,13435661,67732942265,51255265256622770902537,0,55908805195477499,1.3214826208756791
2025-05-16 04:47:57+00:00,13435670,67733042265,51255189811171070595307,0,55908805195477499,1.3214865170636356
2025-05-16 04:48:31+00:00,13435704,67733042266,51255189810416617192180,0,55908805195477499,1.3214865171025976
2025-05-16 04:48:50+00:00,13435723,67733042265,51255189811416617192180,0,55908805195477499,1.3214865170573047
2025-05-16 04:48:59+00:00,13435732,67733042278,51255189821416617192180,0,55908805206208073,1.3214865170531127
2025-05-16 04:49:04+00:00,13435737,67733042277,51255189820622763587934,0,55908805205342143,1.32148651705407
2025-05-16 04:49:16+00:00,13435749,67733042278,51255189819868310184802,0,55908805205342143,1.3214865170930319
2025-05-16 04:49:38+00:00,13435771,67733029103,51255199819868310184802,0,55908805205342143,1.3214860022210724
2025-05-16 04:49:53+00:00,13435786,67733015928,51255209819868310184802,0,55908805205342143,1.3214854873493136
2025-05-16 04:50:01+00:00,13435794,67733015929,51255209819113856193798,0,55908805205342143,1.3214854873882755
2025-05-16 04:50:20+00:00,13435813,67733002754,51255219819113856193798,0,55908805205342143,1.3214849725167177
2025-05-16 04:50:46+00:00,13435839,67733002755,51255219818359401908869,0,55908805205342143,1.3214849725556796
2025-05-16 04:50:47+00:00,13435840,67733002756,51255219817604947623962,0,55908805205342143,1.3214849725946416
2025-05-16 04:50:52+00:00,13435845,67733002757,51255219816850493339077,0,55908805205342143,1.3214849726336033
2025-05-16 04:50:57+00:00,13435850,67733002821,51255219865688522839125,0,55908805258169618,1.3214849726230928
2025-05-16 04:51:06+00:00,13435859,67733002822,51255219865688522839124,0,55908805258169618,1.321484972642603
2025-05-16 04:51:31+00:00,13435884,67733002823,51255219864934068554267,0,55908805258169618,1.321484972681565
2025-05-16 04:52:06+00:00,13435919,67733002822,51255219865934068554267,0,55908805258169618,1.3214849726362723
2025-05-16 04:52:11+00:00,13435924,67733002821,51255219866934068554267,0,55908805258169618,1.3214849725909796
2025-05-16 04:52:14+00:00,13435927,67732989646,51255229866934068554267,0,55908805258169618,1.3214844577196232
2025-05-16 04:52:16+00:00,13435929,67732989659,51255229876934068554267,0,55908805268900201,1.3214844577154314
2025-05-16 04:52:23+00:00,13435936,67732976484,51255239876934068554267,0,55908805268900201,1.3214839428442762
2025-05-16 04:52:33+00:00,13435946,67732963309,51255249876934068554267,0,55908805268900201,1.3214834279733216
2025-05-16 04:52:42+00:00,13435955,67732950134,51255259876934068554267,0,55908805268900201,1.3214829131025678
2025-05-16 04:52:59+00:00,13435972,67732950135,51255259876179613093588,0,55908805268900201,1.3214829131415298
2025-05-16 04:53:44+00:00,13436017,67732950136,51255259875425157632931,0,55908805268900201,1.3214829131804917
2025-05-16 04:53:51+00:00,13436024,67732960136,51255267442681533224200,0,55908813523199645,1.3214829131804917
2025-05-16 04:54:06+00:00,13436039,67732960137,51255267441927077763565,0,55908813523199645,1.3214829132194534
2025-05-16 04:54:12+00:00,13436045,67732970137,51255275009183453131726,0,55908821777499089,1.3214829132194534
2025-05-16 04:54:17+00:00,13436050,67732970201,51255275058021482631774,0,55908821830326605,1.321482913208945
2025-05-16 04:54:22+00:00,13436055,67732970134,51255275007152824818365,0,55908821774839502,1.3214829132132773
2025-05-16 04:54:27+00:00,13436060,67732970135,51255275007152824818364,0,55908821774839502,1.3214829132327874
2025-05-16 04:54:28+00:00,13436061,67732970136,51255275006398369357759,0,55908821774839502,1.3214829132717494
2025-05-16 04:54:32+00:00,13436065,67732980136,51255282573654744426456,0,55908830029138946,1.3214829132717494
2025-05-16 04:54:42+00:00,13436075,67732950137,51255259871885619802705,0,55908805266240614,1.3214829132912596
2025-05-16 04:54:51+00:00,13436084,67732936962,51255269871885619802705,0,55908805266240614,1.3214823984207067
2025-05-16 04:55:12+00:00,13436105,67732936963,51255269871131164048186,0,55908805266240614,1.3214823984596686
2025-05-16 04:55:28+00:00,13436121,67732946963,51255277438390487105448,0,55908813520541663,1.3214823984596686
2025-05-16 04:55:29+00:00,13436122,67732946962,51255277439390487105448,0,55908813520541663,1.321482398414376
2025-05-16 04:55:38+00:00,13436131,67732946975,51255277449390487105448,0,55908813531272254,1.3214823984101849
2025-05-16 04:55:43+00:00,13436136,67732946974,51255277448596632262206,0,55908813530406324,1.3214823984111421
2025-05-16 04:55:55+00:00,13436148,67732946975,51255277447842176507681,0,55908813530406324,1.3214823984501038
2025-05-16 04:56:02+00:00,13436155,67732956975,51255285015101499619714,0,55908821784707373,1.3214823984501038
2025-05-16 04:56:12+00:00,13436165,67732936976,51255269880582854382602,0,55908805276105275,1.321482398469614
2025-05-16 04:56:39+00:00,13436192,67732936977,51255269879828398628110,0,55908805276105275,1.321482398508576
2025-05-16 04:56:48+00:00,13436201,67732946977,51255277447087721405312,0,55908813530406324,1.321482398508576
2025-05-16 04:57:03+00:00,13436216,67732956977,51255285014347044182514,0,55908821784707373,1.321482398508576
2025-05-16 04:57:24+00:00,13436237,67732943803,51255295013592588428045,0,55908821784707373,1.3214818836773379
2025-05-16 04:57:24+00:00,13436237,67732956978,51255285013592588428045,0,55908821784707373,1.3214823985475377
2025-05-16 04:57:29+00:00,13436242,67732943804,51255295012838132379650,0,55908821784707373,1.3214818837162998
2025-05-16 04:57:33+00:00,13436246,67732943805,51255295012083676331277,0,55908821784707373,1.3214818837552615
2025-05-16 04:57:39+00:00,13436252,67732943869,51255295060921705831325,0,55908821837534909,1.321481883744754
2025-05-16 04:57:44+00:00,13436257,67732943802,51255295010053028172456,0,55908821782047806,1.321481883749086
2025-05-16 04:57:49+00:00,13436262,67732943803,51255295010053028172455,0,55908821782047806,1.3214818837685962
2025-05-16 04:58:09+00:00,13436282,67732943804,51255295009298572124112,0,55908821782047806,1.321481883807558
2025-05-16 04:58:22+00:00,13436295,67732930629,51255305009298572124112,0,55908821782047806,1.3214813689375589
2025-05-16 04:58:44+00:00,13436317,67732940629,51255312576563790581011,0,55908830036352065,1.3214813689375589
2025-05-16 04:58:51+00:00,13436324,67732940628,51255312577563790581011,0,55908830036352065,1.3214813688922664
2025-05-16 04:58:53+00:00,13436326,67732940629,51255312576809334238717,0,55908830036352065,1.3214813689312284
2025-05-16 04:59:00+00:00,13436333,67732927454,51255322576809334238717,0,55908830047082662,1.3214808540615062
2025-05-16 04:59:00+00:00,13436333,67732927467,51255322586809334238717,0,55908830047082662,1.3214808540573153
2025-05-16 04:59:05+00:00,13436338,67732927466,51255322586015478930885,0,55908830046216732,1.3214808540582725
2025-05-16 04:59:15+00:00,13436348,67732937466,51255330153283645768084,0,55908838300522597,1.3214808540582725
2025-05-16 04:59:37+00:00,13436370,67732937467,51255330152529189131862,0,55908838300522597,1.3214808540972343
2025-05-16 05:00:18+00:00,13436411,67732897468,51255299883466826251156,0,55908805283310375,1.3214808541164789
2025-05-16 05:00:23+00:00,13436416,67732897469,51255299882712369614967,0,55908805283310375,1.3214808541554406
2025-05-16 05:00:38+00:00,13436431,67732907469,51255307449980535895746,0,55908813537616240,1.3214808541554406
2025-05-16 05:00:52+00:00,13436445,67732907470,51255307449226079259579,0,55908813537616240,1.3214808541944025
2025-05-16 05:00:54+00:00,13436447,67732894295,51255317449226079259579,0,55908813537616240,1.3214803393247294
2025-05-16 05:01:03+00:00,13436456,67732881184,51255327498064108759627,0,55908813590443818,1.3214798244447514
2025-05-16 05:01:03+00:00,13436456,67732881120,51255327449226079259579,0,55908813590443818,1.321479824455257
2025-05-16 05:01:08+00:00,13436461,67732881185,51255327497309651535580,0,55908813590443818,1.3214798244837132
2025-05-16 05:01:09+00:00,13436462,67732881118,51255327446440934181362,0,55908813534956715,1.3214798244880441
2025-05-16 05:01:14+00:00,13436467,67732881119,51255327446440934181361,0,55908813534956715,1.3214798245075543
2025-05-16 05:01:34+00:00,13436487,67732871120,51255319879169815306232,0,55908805280650850,1.3214798245269885
2025-05-16 05:01:53+00:00,13436506,67732871121,51255319878415358082232,0,55908805280650850,1.3214798245659505
2025-05-16 05:01:55+00:00,13436508,67732881121,51255327445689420162273,0,55908813534959925,1.3214798245659505
2025-05-16 05:02:15+00:00,13436528,67732881120,51255327446689420162273,0,55908813534959925,1.321479824520658
2025-05-16 05:02:21+00:00,13436534,67732881119,51255327447689420162273,0,55908813534959925,1.3214798244753656
2025-05-16 05:02:22+00:00,13436535,67732891119,51255335014963482761036,0,55908821789269000,1.3214798244753656
2025-05-16 05:02:31+00:00,13436544,67732891118,51255335014169627143460,0,55908821788403070,1.3214798244763228
2025-05-16 05:02:38+00:00,13436551,67732891119,51255335013415169919431,0,55908821788403070,1.3214798245152846
2025-05-16 05:02:49+00:00,13436562,67732877944,51255345013415169919431,0,55908821788403070,1.3214793096460893
2025-05-16 05:03:04+00:00,13436577,67732864769,51255355013415169919431,0,55908821788403070,1.3214787947770947
2025-05-16 05:03:14+00:00,13436587,67732851594,51255365013415169919431,0,55908821788403070,1.3214782799083011
2025-05-16 05:03:23+00:00,13436596,67732851595,51255365012660711813579,0,55908821788403070,1.321478279947263
2025-05-16 05:03:33+00:00,13436606,67732951595,51255289566961180638692,0,55908821788403070,1.3214821761276365
2025-05-16 05:04:00+00:00,13436633,67732938420,51255299566961180638692,0,55908821788403070,1.3214816612575258
2025-05-16 05:04:08+00:00,13436641,67732938421,51255299566206724463314,0,55908821788403070,1.3214816612964875
2025-05-16 05:04:16+00:00,13436649,67732918421,51255284431669067690844,0,55908805279784920,1.32148166129676
2025-05-16 05:04:19+00:00,13436652,67732918422,51255284430914611515488,0,55908805279784920,1.3214816613357219
2025-05-16 05:04:24+00:00,13436657,67732918423,51255284430160155340155,0,55908805279784920,1.3214816613746836
2025-05-16 05:04:30+00:00,13436663,67732918487,51255284478998184840203,0,55908805332612461,1.3214816613641762
2025-05-16 05:04:35+00:00,13436668,67732918420,51255284428129502666422,0,55908805277125358,1.321481661368508
2025-05-16 05:04:37+00:00,13436670,67732905245,51255294428129502666422,0,55908805277125358,1.3214811464984462
2025-05-16 05:04:40+00:00,13436673,67732905246,51255294428129502666421,0,55908805277125358,1.3214811465179563
2025-05-16 05:04:52+00:00,13436685,67732905247,51255294427375046197169,0,55908805277125358,1.3214811465569183
2025-05-16 05:04:53+00:00,13436686,67732892072,51255304427375046197169,0,55908805277125358,1.3214806316870573
2025-05-16 05:05:20+00:00,13436713,67732878897,51255314427375046197169,0,55908805277125358,1.3214801168173973
2025-05-16 05:05:37+00:00,13436730,67732878898,51255314426620589140043,0,55908805277125358,1.321480116856359
2025-05-16 05:05:43+00:00,13436736,67732878897,51255314427620589140043,0,55908805277125358,1.3214801168110666
2025-05-16 05:05:47+00:00,13436740,67732865722,51255324427620589140043,0,55908805277125358,1.3214796019416073
2025-05-16 05:05:48+00:00,13436741,67732865721,51255324428620589140043,0,55908805277125358,1.3214796018963149
2025-05-16 05:05:53+00:00,13436746,67732865734,51255324438620589140043,0,55908805287855960,1.3214796018921242
2025-05-16 05:06:17+00:00,13436770,67732852559,51255334438620589140043,0,55908805287855960,1.321479087022866
2025-05-16 05:06:22+00:00,13436775,67732852560,51255334437866131494988,0,55908805287855960,1.3214790870618278
2025-05-16 05:06:37+00:00,13436790,67732839385,51255344437866131494988,0,55908805287855960,1.3214785721927707
2025-05-16 05:06:49+00:00,13436802,67732826210,51255354437866131494988,0,55908805287855960,1.3214780573239142
2025-05-16 05:07:03+00:00,13436816,67732926210,51255278992153890370673,0,55908805287855960,1.3214819535050915
2025-05-16 05:07:17+00:00,13436830,67732936210,51255286559415761390594,0,55908813542158323,1.3214819535050915
2025-05-16 05:07:45+00:00,13436858,67732936211,51255286558661305382065,0,55908813542158323,1.3214819535440534
2025-05-16 05:07:50+00:00,13436863,67732936212,51255286557906849373558,0,55908813542158323,1.3214819535830151
2025-05-16 05:07:51+00:00,13436864,67732936213,51255286557152393365073,0,55908813542158323,1.321481953621977
2025-05-16 05:08:00+00:00,13436873,67732936146,51255286506283716598276,0,55908813486671220,1.321481953626309
2025-05-16 05:08:06+00:00,13436879,67732946146,51255294073545586924064,0,55908821740973582,1.321481953626309
2025-05-16 05:08:24+00:00,13436897,67732932971,51255304073545586924064,0,55908821740973582,1.321481438756287
2025-05-16 05:08:34+00:00,13436907,67732912972,51255288939018893979458,0,55908805232368857,1.3214814387757212
2025-05-16 05:08:35+00:00,13436908,67732912973,51255288938264437677061,0,55908805232368857,1.3214814388146832
2025-05-16 05:08:43+00:00,13436916,67732899798,51255298938264437677061,0,55908805232368857,1.3214809239447098
2025-05-16 05:09:05+00:00,13436938,67732899797,51255298939264437677061,0,55908805232368857,1.3214809238994174
2025-05-16 05:09:10+00:00,13436943,67732899796,51255298940264437677061,0,55908805232368857,1.321480923854125
2025-05-16 05:09:14+00:00,13436947,67732899809,51255298950264437677061,0,55908805243099454,1.3214809238499339
2025-05-16 05:09:19+00:00,13436952,67732899808,51255298949470582383123,0,55908805242233524,1.3214809238508913
2025-05-16 05:09:20+00:00,13436953,67732899809,51255298948716125786747,0,55908805242233524,1.321480923889853
2025-05-16 05:09:35+00:00,13436968,67732886634,51255308948716125786747,0,55908805242233524,1.321480409020081
2025-05-16 05:10:04+00:00,13436997,67732886635,51255308947961668896445,0,55908805242233524,1.3214804090590428
2025-05-16 05:10:15+00:00,13437008,67732873460,51255318947961668896445,0,55908805242233524,1.3214798941894714
2025-05-16 05:10:46+00:00,13437039,67732883460,51255326515235332286905,0,55908813496542308,1.3214798941894714
2025-05-16 05:10:51+00:00,13437044,67732870285,51255336515235332286905,0,55908813496542308,1.3214793793201771
2025-05-16 05:11:01+00:00,13437054,67732870286,51255336514480874808728,0,55908813496542308,1.321479379359139
2025-05-16 05:11:06+00:00,13437059,67732870287,51255336513726417330573,0,55908813496542308,1.3214793793981008
2025-05-16 05:11:11+00:00,13437064,67732870351,51255336562564446830621,0,55908813549369894,1.3214793793875956
2025-05-16 05:11:16+00:00,13437069,67732870284,51255336511695720442155,0,55908813493882791,1.3214793793919262
2025-05-16 05:11:21+00:00,13437074,67732870285,51255336511695720442154,0,55908813493882791,1.3214793794114363
2025-05-16 05:11:23+00:00,13437076,67732880285,51255328967122049608432,0,55908813493882791,1.321479769029432
2025-05-16 05:11:33+00:00,13437086,67732870287,51255321399093567476719,0,55908805239574007,1.3214797690878948
2025-05-16 05:11:33+00:00,13437086,67732880286,51255328966367592352747,0,55908805239574007,1.3214797690683937
2025-05-16 05:11:43+00:00,13437096,67732857112,51255331399093567476719,0,55908805239574007,1.3214792542185734
2025-05-16 05:11:45+00:00,13437098,67732843937,51255341399093567476719,0,55908805239574007,1.3214787393494531
2025-05-16 05:12:09+00:00,13437122,67732853937,51255348966373843906191,0,55908813493886389,1.3214787393494531
2025-05-16 05:12:17+00:00,13437130,67732853938,51255348965619386062643,0,55908813493886389,1.3214787393884149
2025-05-16 05:12:19+00:00,13437132,67732840763,51255358965619386062643,0,55908813493886389,1.3214782245195713
2025-05-16 05:12:26+00:00,13437139,67732840762,51255358966619386062643,0,55908813493886389,1.3214782244742789
2025-05-16 05:12:35+00:00,13437148,67732840761,51255358965825529956310,0,55908813493020459,1.321478224475236
2025-05-16 05:12:38+00:00,13437151,67732850761,51255351421245265369890,0,55908813493020459,1.321478614093061
2025-05-16 05:12:47+00:00,13437160,67732837586,51255361421245265369890,0,55908813493020459,1.3214780992242667
2025-05-16 05:13:02+00:00,13437175,67732837587,51255361420490807160882,0,55908813493020459,1.3214780992632285
2025-05-16 05:13:07+00:00,13437180,67732827588,51255353853208692153049,0,55908805238708077,1.3214780992826916
2025-05-16 05:13:16+00:00,13437189,67732814413,51255363853208692153049,0,55908805238708077,1.321477584414022
2025-05-16 05:13:38+00:00,13437211,67732801238,51255373853208692153049,0,55908805238708077,1.3214770695455533
2025-05-16 05:13:46+00:00,13437219,67732801239,51255373852454233356176,0,55908805238708077,1.321477069584515
2025-05-16 05:13:58+00:00,13437231,67732788064,51255383852454233356176,0,55908805238708077,1.3214765547162475
2025-05-16 05:14:19+00:00,13437252,67732798064,51255391419747019831104,0,55908813493027268,1.3214765547162475
2025-05-16 05:14:19+00:00,13437252,67732798065,51255391418992560740304,0,55908813493027268,1.3214765547552092
2025-05-16 05:14:24+00:00,13437257,67732798066,51255391418238101649526,0,55908813493027268,1.321476554794171
2025-05-16 05:14:30+00:00,13437263,67732798131,51255391466321672058819,0,55908813545854910,1.3214765548226302
2025-05-16 05:14:30+00:00,13437263,67732798067,51255391417483642558771,0,55908813545854910,1.3214765548331326
2025-05-16 05:14:35+00:00,13437268,67732798064,51255391415452891177527,0,55908813490367807,1.3214765548269594
2025-05-16 05:14:39+00:00,13437272,67732798065,51255391415452891177526,0,55908813490367807,1.3214765548464695
2025-05-16 05:14:54+00:00,13437287,67732788065,51255383848160105118329,0,55908805236048616,1.3214765548464695
2025-05-16 05:15:03+00:00,13437296,67732774890,51255393848160105118329,0,55908805236048616,1.3214760399784027
2025-05-16 05:15:14+00:00,13437307,67732774891,51255393847405645733654,0,55908805236048616,1.3214760400173644
2025-05-16 05:15:32+00:00,13437325,67732784891,51255401414701379577301,0,55908813490369412,1.3214760400173644
2025-05-16 05:15:40+00:00,13437333,67732784890,51255401415701379577301,0,55908813490369412,1.3214760399720722
2025-05-16 05:15:42+00:00,13437335,67732771715,51255411415701379577301,0,55908813490369412,1.3214755251042822
2025-05-16 05:15:45+00:00,13437338,67732771714,51255411416701379577301,0,55908813490369412,1.3214755250589898
2025-05-16 05:15:50+00:00,13437343,67732771727,51255411426701379577301,0,55908813501100031,1.3214755250548
2025-05-16 05:15:55+00:00,13437348,67732771726,51255411425907522658556,0,55908813500234101,1.3214755250557573
2025-05-16 05:16:01+00:00,13437354,67732761727,51255403858610312199369,0,55908805245913305,1.3214755250752295
2025-05-16 05:16:35+00:00,13437388,67732748552,51255413858610312199369,0,55908805245913305,1.3214750102075643
2025-05-16 05:16:42+00:00,13437395,67732748553,51255413857855852226775,0,55908805245913305,1.321475010246526
2025-05-16 05:16:53+00:00,13437406,67732735378,51255423857855852226775,0,55908805245913305,1.321474495379062
2025-05-16 05:17:03+00:00,13437416,67732722203,51255433857855852226775,0,55908805245913305,1.3214739805117988
2025-05-16 05:17:26+00:00,13437439,67732722204,51255433857101391666304,0,55908805245913305,1.3214739805507605
2025-05-16 05:17:39+00:00,13437452,67732722205,51255433856346931105855,0,55908805245913305,1.3214739805897222
2025-05-16 05:17:44+00:00,13437457,67732722206,51255433855592470545429,0,55908805245913305,1.321473980628684
2025-05-16 05:17:47+00:00,13437460,67732732206,51255441422899997283529,0,55908813500240523,1.321473980628684
2025-05-16 05:17:49+00:00,13437462,67732732270,51255441471738026783577,0,55908813553068217,1.3214739806181839
2025-05-16 05:17:54+00:00,13437467,67732732203,51255441420869196280614,0,55908813497581114,1.321473980622512
2025-05-16 05:18:12+00:00,13437485,67732732204,51255441420114735720206,0,55908813497581114,1.3214739806614737
2025-05-16 05:18:14+00:00,13437487,67732719029,51255451420114735720206,0,55908813497581114,1.3214734657944873
2025-05-16 05:18:24+00:00,13437497,67732819029,51255375974140354655420,0,55908813497581114,1.3214773619682925
2025-05-16 05:18:56+00:00,13437529,67732819030,51255375973385896025497,0,55908813497581114,1.3214773620072544
2025-05-16 05:18:58+00:00,13437531,67732819029,51255375974385896025497,0,55908813497581114,1.321477361961962
2025-05-16 05:18:59+00:00,13437532,67732805854,51255385974385896025497,0,55908813497581114,1.3214768470936584
2025-05-16 05:19:07+00:00,13437540,67732805867,51255385984385896025497,0,55908813508311727,1.3214768470894684
2025-05-16 05:19:08+00:00,13437541,67732792692,51255395984385896025497,0,55908813508311727,1.3214763322213658
2025-05-16 05:19:17+00:00,13437550,67732779517,51255405984385896025497,0,55908813508311727,1.3214758173534644
2025-05-16 05:19:26+00:00,13437559,67732766342,51255415984385896025497,0,55908813508311727,1.3214753024857637
2025-05-16 05:19:41+00:00,13437574,67732766343,51255415983631436219771,0,55908813508311727,1.3214753025247254
2025-05-16 05:19:42+00:00,13437575,67732756343,51255408416327666471486,0,55908805253984509,1.3214753025248238
2025-05-16 05:19:51+00:00,13437584,67732743168,51255418416327666471486,0,55908805253984509,1.321474787657248
2025-05-16 05:20:17+00:00,13437610,67732729993,51255428416327666471486,0,55908805253984509,1.3214742727898732
2025-05-16 05:20:26+00:00,13437619,67732729994,51255428415573206077883,0,55908805253984509,1.321474272828835
2025-05-16 05:20:26+00:00,13437619,67732716819,51255438415573206077883,0,55908805253984509,1.3214737579616609
2025-05-16 05:20:40+00:00,13437633,67732726819,51255445982882007899829,0,55908813508312384,1.3214737579616609
2025-05-16 05:20:54+00:00,13437647,67732726820,51255445982127547212299,0,55908813508312384,1.3214737580006226
2025-05-16 05:21:01+00:00,13437654,67732713645,51255455982127547212299,0,55908813508312384,1.3214732431337255
2025-05-16 05:21:09+00:00,13437662,67732713578,51255455931258702267675,0,55908813452825281,1.3214732431380531
2025-05-16 05:21:12+00:00,13437665,67732713579,51255455930504241286220,0,55908813452825281,1.3214732431770149
2025-05-16 05:21:14+00:00,13437667,67732713580,51255455930504241286219,0,55908813452825281,1.321473243196525
2025-05-16 05:21:26+00:00,13437679,67732703581,51255448363193963990119,0,55908805198497406,1.3214732432159972
2025-05-16 05:21:57+00:00,13437710,67732703582,51255448362439503008708,0,55908805198497406,1.321473243254959
2025-05-16 05:21:58+00:00,13437711,67732690407,51255458362439503008708,0,55908805198497406,1.3214727283881862
2025-05-16 05:22:14+00:00,13437727,67732690406,51255458363439503008708,0,55908805198497406,1.321472728342894
2025-05-16 05:22:18+00:00,13437731,67732700406,51255465930754200860886,0,55908813452828492,1.321472728342894
2025-05-16 05:22:19+00:00,13437732,67732700405,51255465931754200860886,0,55908813452828492,1.3214727282976018
2025-05-16 05:22:28+00:00,13437741,67732700404,51255465930960343097267,0,55908813451962562,1.321472728298559
2025-05-16 05:22:42+00:00,13437755,67732700405,51255465930205881821877,0,55908813451962562,1.3214727283375205
2025-05-16 05:22:55+00:00,13437768,67732710405,51255473497520579704825,0,55908821706293648,1.3214727283375205
2025-05-16 05:23:11+00:00,13437784,67732690406,51255458362891184694440,0,55908805197631476,1.3214727283570307
2025-05-16 05:23:20+00:00,13437793,67732677231,51255468362891184694440,0,55908805197631476,1.3214722134904588
2025-05-16 05:23:27+00:00,13437800,67732677232,51255468362136723125134,0,55908805197631476,1.3214722135294206
2025-05-16 05:23:29+00:00,13437802,67732664057,51255478362136723125134,0,55908805197631476,1.3214716986630497
2025-05-16 05:23:45+00:00,13437818,67732650882,51255488362136723125134,0,55908805197631476,1.3214711837968796
2025-05-16 05:23:54+00:00,13437827,67732637707,51255498362136723125134,0,55908805197631476,1.3214706689309104
2025-05-16 05:24:03+00:00,13437836,67732737707,51255422916002662449944,0,55908805197631476,1.3214745651011472
2025-05-16 05:24:11+00:00,13437844,67732737708,51255422915248202223229,0,55908805197631476,1.321474565140109
2025-05-16 05:24:12+00:00,13437845,67732737709,51255422914493741996536,0,55908805197631476,1.321474565179071
2025-05-16 05:24:22+00:00,13437855,67732737773,51255422963331771496584,0,55908805250459158,1.3214745651685702
2025-05-16 05:24:27+00:00,13437860,67732737706,51255422912462951808265,0,55908805194972055,1.3214745651728985
2025-05-16 05:24:32+00:00,13437865,67732737707,51255422912462951808264,0,55908805194972055,1.3214745651924087
2025-05-16 05:24:51+00:00,13437884,67732747707,51255430479767131093761,0,55908813449297376,1.3214745651924087
2025-05-16 05:24:55+00:00,13437888,67732747708,51255430479012670867098,0,55908813449297376,1.3214745652313704
2025-05-16 05:25:10+00:00,13437903,67732734533,51255440479012670867098,0,55908813449297376,1.32147405036416
2025-05-16 05:25:31+00:00,13437924,67732744533,51255448046319798270991,0,55908821703624302,1.32147405036416
2025-05-16 05:25:32+00:00,13437925,67732744532,51255448047319798270991,0,55908821703624302,1.3214740503188678
2025-05-16 05:25:37+00:00,13437930,67732744531,51255448048319798270991,0,55908821703624302,1.3214740502735756
2025-05-16 05:25:42+00:00,13437935,67732744544,51255448058319798270991,0,55908821714354927,1.321474050269386
2025-05-16 05:25:57+00:00,13437950,67732731369,51255458058319798270991,0,55908821714354927,1.3214735354024527
2025-05-16 05:26:23+00:00,13437976,67732741369,51255465625629874559817,0,55908829968683459,1.3214735354024527
2025-05-16 05:26:26+00:00,13437979,67732741370,51255465624875413745223,0,55908829968683459,1.3214735354414144
2025-05-16 05:26:50+00:00,13438003,67732728195,51255475624875413745223,0,55908829968683459,1.321473020574758
2025-05-16 05:27:00+00:00,13438013,67732715020,51255485624875413745223,0,55908829968683459,1.3214725057083025
2025-05-16 05:27:11+00:00,13438024,67732715021,51255485624120952342751,0,55908829968683459,1.3214725057472643
2025-05-16 05:27:31+00:00,13438044,67732701846,51255495624120952342751,0,55908829968683459,1.3214719908810098
2025-05-16 05:27:36+00:00,13438049,67732701847,51255495623366490646351,0,55908829968683459,1.3214719909199715
2025-05-16 05:27:41+00:00,13438054,67732701911,51255495672204520146399,0,55908830021511192,1.3214719909094732
2025-05-16 05:27:46+00:00,13438059,67732701844,51255495621335650835677,0,55908829966024089,1.3214719909138004
2025-05-16 05:27:47+00:00,13438060,67732671845,51255472919396553548676,0,55908805203043310,1.321471990932855
2025-05-16 05:27:57+00:00,13438070,67732671846,51255472918642091852306,0,55908805203043310,1.3214719909718167
2025-05-16 05:28:21+00:00,13438094,67732658671,51255482918642091852306,0,55908805203043310,1.321471476105535
2025-05-16 05:28:43+00:00,13438116,67732658672,51255482917887629862008,0,55908805203043310,1.3214714761444968
2025-05-16 05:28:52+00:00,13438125,67732658671,51255482918887629862008,0,55908805203043310,1.3214714760992046
2025-05-16 05:28:53+00:00,13438126,67732645496,51255492918887629862008,0,55908805203043310,1.3214709612331237
2025-05-16 05:29:01+00:00,13438134,67732645509,51255492928887629862008,0,55908805213773947,1.3214709612289346
2025-05-16 05:29:06+00:00,13438139,67732645508,51255492928093771563263,0,55908805212908017,1.3214709612298918
2025-05-16 05:29:29+00:00,13438162,67732645509,51255492927339309279009,0,55908805212908017,1.3214709612688536
2025-05-16 05:29:35+00:00,13438168,67732632334,51255502927339309279009,0,55908805212908017,1.3214704464029736
2025-05-16 05:29:50+00:00,13438183,67732642334,51255510494667074511956,0,55908813467246182,1.3214704464029736
2025-05-16 05:30:04+00:00,13438197,67732742334,51255435048520309139039,0,55908813467246182,1.3214743425722884
2025-05-16 05:30:14+00:00,13438207,67732742335,51255435047765848785277,0,55908813467246182,1.32147434261125
2025-05-16 05:30:42+00:00,13438235,67732732335,51255427480449223002998,0,55908805212908017,1.321474342611538
2025-05-16 05:30:53+00:00,13438246,67732732336,51255427479694762649258,0,55908805212908017,1.3214743426504998
2025-05-16 05:30:57+00:00,13438250,67732732337,51255427478940302295541,0,55908805212908017,1.3214743426894615
2025-05-16 05:31:02+00:00,13438255,67732742337,51255435046245755724188,0,55908813467233995,1.3214743426894615
2025-05-16 05:31:03+00:00,13438256,67732742401,51255435095083785224236,0,55908813520061681,1.321474342678961
2025-05-16 05:31:07+00:00,13438260,67732742334,51255435044214961019798,0,55908813464574578,1.3214743426832893
2025-05-16 05:31:12+00:00,13438265,67732742335,51255435044214961019797,0,55908813464574578,1.3214743427027995
2025-05-16 05:31:23+00:00,13438276,67732732336,51255427476909508056999,0,55908805210248600,1.3214743427223097
2025-05-16 05:31:46+00:00,13438299,67732732337,51255427476155047703323,0,55908805210248600,1.3214743427612714
2025-05-16 05:31:51+00:00,13438304,67732719162,51255437476155047703323,0,55908805210248600,1.3214738278940743
2025-05-16 05:32:06+00:00,13438319,67732705987,51255447476155047703323,0,55908805210248600,1.3214733130270782
2025-05-16 05:32:13+00:00,13438326,67732705986,51255447477155047703323,0,55908805210248600,1.321473312981786
2025-05-16 05:32:15+00:00,13438328,67732692811,51255457477155047703323,0,55908805210248600,1.3214727981149907
2025-05-16 05:32:18+00:00,13438331,67732692810,51255457478155047703323,0,55908805210248600,1.3214727980696985
2025-05-16 05:32:23+00:00,13438336,67732692823,51255457488155047703323,0,55908805220979230,1.321472798065509
2025-05-16 05:32:24+00:00,13438337,67732679648,51255467488155047703323,0,55908805220979230,1.3214722831989147
2025-05-16 05:32:32+00:00,13438345,67732679649,51255467487400586173815,0,55908805220979230,1.3214722832378765
2025-05-16 05:32:54+00:00,13438367,67732689649,51255475054717832887428,0,55908813475311630,1.3214722832378765
2025-05-16 05:33:19+00:00,13438392,67732676475,51255485053963371357942,0,55908813475311630,1.3214717684105208
2025-05-16 05:33:19+00:00,13438392,67732689650,51255475053963371357942,0,55908813475311630,1.3214722832768382
2025-05-16 05:33:39+00:00,13438412,67732686475,51255492621283566195019,0,55908821729645636,1.3214717684105208
2025-05-16 05:34:04+00:00,13438437,67732686476,51255492620529104371605,0,55908821729645636,1.3214717684494826
2025-05-16 05:34:05+00:00,13438438,67732666477,51255477485890187471775,0,55908805220979230,1.3214717684689548
2025-05-16 05:34:13+00:00,13438446,67732666478,51255477485135725648395,0,55908805220979230,1.3214717685079165
2025-05-16 05:34:18+00:00,13438451,67732666479,51255477484381263825037,0,55908805220979230,1.3214717685468782
2025-05-16 05:34:24+00:00,13438457,67732666543,51255477533219293325085,0,55908805273806967,1.3214717685363802
2025-05-16 05:34:29+00:00,13438462,67732666476,51255477482350419499725,0,55908805218319864,1.3214717685407071
2025-05-16 05:34:35+00:00,13438468,67732666477,51255477482350419499724,0,55908805218319864,1.3214717685602173
2025-05-16 05:34:35+00:00,13438468,67732653302,51255487482350419499724,0,55908805218319864,1.3214712536940247
2025-05-16 05:34:44+00:00,13438477,67732640127,51255497482350419499724,0,55908805218319864,1.3214707388280331
2025-05-16 05:34:49+00:00,13438482,67732640128,51255497481595957088495,0,55908805218319864,1.3214707388669948
2025-05-16 05:35:21+00:00,13438514,67732650128,51255505048922047542695,0,55908813472657080,1.3214707388669948
2025-05-16 05:35:30+00:00,13438523,67732636953,51255515048922047542695,0,55908813472657080,1.3214702240012801
2025-05-16 05:35:35+00:00,13438528,67732636954,51255515048167584837538,0,55908813472657080,1.3214702240402418
2025-05-16 05:35:36+00:00,13438529,67732636953,51255515049167584837538,0,55908813472657080,1.3214702239949496
2025-05-16 05:35:41+00:00,13438534,67732636952,51255515050167584837538,0,55908813472657080,1.3214702239496576
2025-05-16 05:35:46+00:00,13438539,67732636965,51255515060167584837538,0,55908813483387720,1.3214702239454688
2025-05-16 05:36:22+00:00,13438575,67732636966,51255515059413122132349,0,55908813483387720,1.3214702239844303
2025-05-16 05:36:34+00:00,13438587,67732646966,51255522626742161033055,0,55908821737726542,1.3214702239844303
2025-05-16 05:36:45+00:00,13438598,67732626967,51255507492085555807428,0,55908805229050504,1.3214702240039025
2025-05-16 05:37:00+00:00,13438613,67732613792,51255517492085555807428,0,55908805229050504,1.3214697091383127
2025-05-16 05:37:06+00:00,13438619,67732613793,51255517491331092808322,0,55908805229050504,1.3214697091772745
2025-05-16 05:37:21+00:00,13438634,67732623793,51255525058663079726007,0,55908813483390931,1.3214697091772745
2025-05-16 05:37:30+00:00,13438643,67732610618,51255535058663079726007,0,55908813483390931,1.3214691943119616
2025-05-16 05:37:36+00:00,13438649,67732610619,51255535057908616432972,0,55908813483390931,1.3214691943509231
2025-05-16 05:37:45+00:00,13438658,67732610683,51255535106746645933020,0,55908813536218720,1.3214691943404278
2025-05-16 05:37:50+00:00,13438663,67732600617,51255527488544259666977,0,55908805226391190,1.3214691943642256
2025-05-16 05:37:50+00:00,13438663,67732600684,51255527539413183114006,0,55908805226391190,1.3214691943599
2025-05-16 05:37:53+00:00,13438666,67732600618,51255527487789796373972,0,55908805226391190,1.321469194403187
2025-05-16 05:37:55+00:00,13438668,67732600619,51255527487789796373971,0,55908805226391190,1.3214691944226973
2025-05-16 05:38:04+00:00,13438677,67732610619,51255535055124731009842,0,55908813480733222,1.3214691944226973
2025-05-16 05:38:13+00:00,13438686,67732597444,51255545055124731009842,0,55908813480733222,1.3214686795575854
2025-05-16 05:38:34+00:00,13438707,67732584269,51255555055124731009842,0,55908813480733222,1.3214681646926743
2025-05-16 05:38:43+00:00,13438716,67732571094,51255565055124731009842,0,55908813480733222,1.321467649827964
2025-05-16 05:38:55+00:00,13438728,67732571093,51255565056124731009842,0,55908813480733222,1.321467649782672
2025-05-16 05:39:00+00:00,13438733,67732571092,51255565057124731009842,0,55908813480733222,1.32146764973738
2025-05-16 05:39:01+00:00,13438734,67732557917,51255575057124731009842,0,55908813480733222,1.3214671348728708
2025-05-16 05:39:09+00:00,13438742,67732557916,51255575056330871556458,0,55908813479867292,1.321467134873828
2025-05-16 05:39:18+00:00,13438751,67732547917,51255567488990031562533,0,55908805225525260,1.3214671348931861
2025-05-16 05:39:23+00:00,13438756,67732547918,51255567488235567093717,0,55908805225525260,1.3214671349321478
2025-05-16 05:39:27+00:00,13438760,67732534743,51255577488235567093717,0,55908805225525260,1.3214666200677634
2025-05-16 05:39:36+00:00,13438769,67732521568,51255587488235567093717,0,55908805225525260,1.3214661052035799
2025-05-16 05:39:56+00:00,13438789,67732531568,51255595055588192047679,0,55908813479876926,1.3214661052035799
2025-05-16 05:40:07+00:00,13438800,67732521569,51255587488235567202687,0,55908805225525260,1.32146610522309
2025-05-16 05:40:08+00:00,13438801,67732521570,51255587487481102146002,0,55908805225525260,1.3214661052620515
2025-05-16 05:40:16+00:00,13438809,67732621570,51255512041086489255718,0,55908805225525260,1.3214700014255139
2025-05-16 05:40:37+00:00,13438830,67732608395,51255522041086489255718,0,55908805225525260,1.3214694865600132
2025-05-16 05:40:52+00:00,13438845,67732608396,51255522040332026129536,0,55908805225525260,1.321469486598975
2025-05-16 05:40:56+00:00,13438849,67732608397,51255522039577563003376,0,55908805225525260,1.3214694866379364
2025-05-16 05:40:57+00:00,13438850,67732608398,51255522038823099877238,0,55908805225525260,1.3214694866768981
2025-05-16 05:41:02+00:00,13438855,67732608462,51255522087661129377286,0,55908805278353042,1.3214694866664023
2025-05-16 05:41:07+00:00,13438860,67732608395,51255522036792211337681,0,55908805222865939,1.3214694866707282
2025-05-16 05:41:12+00:00,13438865,67732608396,51255522036792211337680,0,55908805222865939,1.3214694866902383
2025-05-16 05:41:21+00:00,13438874,67732595221,51255532036792211337680,0,55908805222865939,1.3214689718249386
2025-05-16 05:41:22+00:00,13438875,67732582046,51255542036792211337680,0,55908805222865939,1.3214684569598396
2025-05-16 05:41:40+00:00,13438893,67732582047,51255542036037747623670,0,55908805222865939,1.3214684569988013
2025-05-16 05:41:43+00:00,13438896,67732592047,51255549603376905087245,0,55908813477210234,1.3214684569988013
2025-05-16 05:41:52+00:00,13438905,67732578872,51255559603376905087245,0,55908813477210234,1.3214679421339792
2025-05-16 05:42:01+00:00,13438914,67732565697,51255569603376905087245,0,55908813477210234,1.3214674272693583
2025-05-16 05:42:12+00:00,13438925,67732565696,51255569604376905087245,0,55908813477210234,1.3214674272240663
2025-05-16 05:42:16+00:00,13438929,67732555697,51255562037034795004336,0,55908805222865939,1.3214674272435005
2025-05-16 05:42:17+00:00,13438930,67732555696,51255562038034795004336,0,55908805222865939,1.3214674271982083
2025-05-16 05:42:22+00:00,13438935,67732555709,51255562048034795004336,0,55908805233596590,1.32146742719402
2025-05-16 05:42:25+00:00,13438938,67732555710,51255562047280330702403,0,55908805233596590,1.3214674272329818
2025-05-16 05:42:46+00:00,13438959,67732565710,51255569614625385085606,0,55908813487944096,1.3214674272329818
2025-05-16 05:42:49+00:00,13438962,67732552535,51255579614625385085606,0,55908813487944096,1.3214669123685616
2025-05-16 05:43:00+00:00,13438973,67732539360,51255589614625385085606,0,55908813487944096,1.3214663975043426
2025-05-16 05:43:10+00:00,13438983,67732539361,51255589613870920195793,0,55908813487944096,1.321466397543304
2025-05-16 05:43:34+00:00,13439007,67732526186,51255599613870920195793,0,55908813487944096,1.3214658826792858
2025-05-16 05:43:45+00:00,13439018,67732513011,51255609613870920195793,0,55908813487944096,1.3214653678154684
2025-05-16 05:43:54+00:00,13439027,67732503012,51255602046519960834148,0,55908805233596590,1.3214653678348267
2025-05-16 05:43:55+00:00,13439028,67732503013,51255602045765495356465,0,55908805233596590,1.3214653678737884
2025-05-16 05:44:05+00:00,13439038,67732489838,51255612045765495356465,0,55908805233596590,1.3214648530100959
2025-05-16 05:44:11+00:00,13439044,67732489839,51255612045011029584853,0,55908805233596590,1.3214648530490574
2025-05-16 05:44:16+00:00,13439049,67732489840,51255612044256563813263,0,55908805233596590,1.321464853088019
2025-05-16 05:44:21+00:00,13439054,67732489904,51255612093094593313311,0,55908805286424465,1.3214648530775277
2025-05-16 05:44:26+00:00,13439059,67732489837,51255612042225585954498,0,55908805230937362,1.3214648530818514
2025-05-16 05:44:31+00:00,13439064,67732489838,51255612042225585954497,0,55908805230937362,1.3214648531013613
2025-05-16 05:44:37+00:00,13439070,67732476663,51255622042225585954497,0,55908805230937362,1.3214643382378697
2025-05-16 05:44:57+00:00,13439090,67732486663,51255629609588329420339,0,55908813485294501,1.3214643382378697
2025-05-16 05:45:06+00:00,13439099,67732496663,51255622064928784734047,0,55908813485294501,1.3214647278536373
2025-05-16 05:45:12+00:00,13439105,67732483488,51255632064928784734047,0,55908813485294501,1.3214642129902707
2025-05-16 05:45:26+00:00,13439119,67732483489,51255632064174318597027,0,55908813485294501,1.3214642130292322
2025-05-16 05:45:33+00:00,13439126,67732473490,51255624496811213061682,0,55908805230937362,1.321464213048733
2025-05-16 05:45:35+00:00,13439128,67732473489,51255624497811213061682,0,55908805230937362,1.3214642130034413
2025-05-16 05:45:40+00:00,13439133,67732473488,51255624498811213061682,0,55908805230937362,1.3214642129581493
2025-05-16 05:45:49+00:00,13439142,67732473487,51255624498017352725392,0,55908805230071432,1.3214642129591065
2025-05-16 05:46:04+00:00,13439157,67732483487,51255632065380813599875,0,55908813484428958,1.3214642129591065
2025-05-16 05:46:11+00:00,13439164,67732483488,51255632064626347462837,0,55908813484428958,1.321464212998068
2025-05-16 05:46:32+00:00,13439185,67732493488,51255639631989808114207,0,55908821738786484,1.321464212998068
2025-05-16 05:46:46+00:00,13439199,67732503488,51255647199353268765577,0,55908829993144010,1.321464212998068
2025-05-16 05:46:55+00:00,13439208,67732490315,51255657198598802334621,0,55908829993144010,1.3214636981935262
2025-05-16 05:46:55+00:00,13439208,67732490314,51255657199353268765577,0,55908829993144010,1.3214636981545644
2025-05-16 05:47:15+00:00,13439228,67732500315,51255649653935603430092,0,55908829993144010,1.321464087809084
2025-05-16 05:47:20+00:00,13439233,67732510315,51255657221299780976119,0,55908838247501922,1.321464087809084
2025-05-16 05:47:36+00:00,13439249,67732510316,51255657220545314767629,0,55908838247501922,1.3214640878480455
2025-05-16 05:47:45+00:00,13439258,67732520316,51255649675884340525659,0,55908838247501922,1.321464477463603
2025-05-16 05:47:46+00:00,13439259,67732520380,51255649724722370025707,0,55908838300329804,1.3214644774531121
2025-05-16 05:47:51+00:00,13439264,67732520313,51255649673853355357041,0,55908838244842701,1.3214644774574356
2025-05-16 05:47:56+00:00,13439269,67732530313,51255642129194605518825,0,55908838244842701,1.3214648670730507
2025-05-16 05:48:01+00:00,13439274,67732517138,51255652129194605518825,0,55908838244842701,1.3214643522098584
2025-05-16 05:48:25+00:00,13439298,67732517139,51255652128440139461290,0,55908838244842701,1.32146435224882
2025-05-16 05:48:57+00:00,13439330,67732517138,51255652129440139461290,0,55908838244842701,1.321464352203528
2025-05-16 05:49:01+00:00,13439334,67732517137,51255652130440139461290,0,55908838244842701,1.3214643521582363
2025-05-16 05:49:06+00:00,13439339,67732517150,51255652140440139461290,0,55908838255573365,1.3214643521540486
2025-05-16 05:49:11+00:00,13439344,67732517150,51255652138891813108236,0,55908838254707435,1.3214643521939673
2025-05-16 05:49:11+00:00,13439344,67732517149,51255652139646279165802,0,55908838254707435,1.3214643521550056
2025-05-16 05:49:18+00:00,13439351,67732503976,51255662138891813108236,0,55908838254707435,1.3214638373504861
2025-05-16 05:49:39+00:00,13439372,67732490802,51255672138891813108236,0,55908838254707435,1.3214633225072059
2025-05-16 05:49:54+00:00,13439387,67732477628,51255682138891813108236,0,55908838254707435,1.3214628076641266
2025-05-16 05:49:57+00:00,13439390,67732477629,51255682138137346168870,0,55908838254707435,1.321462807703088
2025-05-16 05:50:06+00:00,13439399,67732437630,51255651868666989735685,0,55908805237276945,1.321462807722194
2025-05-16 05:50:15+00:00,13439408,67732447630,51255644323998706840061,0,55908805237276945,1.3214631973377924
2025-05-16 05:50:21+00:00,13439414,67732434456,51255654323998706840061,0,55908805237276945,1.321462682494458
2025-05-16 05:50:43+00:00,13439436,67732434457,51255654323244239829231,0,55908805237276945,1.3214626825334197
2025-05-16 05:50:52+00:00,13439445,67732444457,51255661890616464694991,0,55908813491639228,1.3214626825334197
2025-05-16 05:51:00+00:00,13439453,67732444458,51255661889861997684183,0,55908813491639228,1.3214626825723812
2025-05-16 05:51:01+00:00,13439454,67732544458,51255586443271972973463,0,55908813491639228,1.3214665787301876
2025-05-16 05:51:06+00:00,13439459,67732544522,51255586492110002473511,0,55908813544467068,1.3214665787196946
2025-05-16 05:51:11+00:00,13439464,67732544455,51255586441241028036214,0,55908813488979965,1.321466578724019
2025-05-16 05:51:15+00:00,13439468,67732534455,51255578873879942882463,0,55908805234617682,1.3214665787243072
2025-05-16 05:51:16+00:00,13439469,67732534456,51255578873879942882462,0,55908805234617682,1.3214665787438171
2025-05-16 05:51:29+00:00,13439482,67732534457,51255578873125478096124,0,55908805234617682,1.3214665787827788
2025-05-16 05:51:43+00:00,13439496,67732544457,51255586440475391108028,0,55908813488967778,1.3214665787827788
2025-05-16 05:52:10+00:00,13439523,67732534458,51255578873125478755497,0,55908805234617682,1.3214665788022888
2025-05-16 05:52:17+00:00,13439530,67732534457,51255578874125478755497,0,55908805234617682,1.3214665787569968
2025-05-16 05:52:22+00:00,13439535,67732534456,51255578875125478755497,0,55908805234617682,1.3214665787117048
2025-05-16 05:52:27+00:00,13439540,67732534469,51255578885125478755497,0,55908805245348337,1.3214665787075166
2025-05-16 05:52:29+00:00,13439542,67732521294,51255588885125478755497,0,55908805245348337,1.3214660638433553
2025-05-16 05:52:32+00:00,13439545,67732521293,51255588884331618971005,0,55908805244482407,1.3214660638443125
2025-05-16 05:52:44+00:00,13439557,67732508118,51255598884331618971005,0,55908805244482407,1.321465548980352
2025-05-16 05:52:58+00:00,13439571,67732494943,51255608884331618971005,0,55908805244482407,1.3214650341165923
2025-05-16 05:52:59+00:00,13439572,67732494944,51255608883577153302792,0,55908805244482407,1.321465034155554
2025-05-16 05:53:44+00:00,13439617,67732494945,51255608882822687634601,0,55908805244482407,1.3214650341945156
2025-05-16 05:54:17+00:00,13439650,67732494946,51255608882068221966433,0,55908805244482407,1.3214650342334773
2025-05-16 05:54:22+00:00,13439655,67732494947,51255608881313756298287,0,55908805244482407,1.3214650342724388
2025-05-16 05:54:28+00:00,13439661,67732495011,51255608930151785798335,0,55908805297310278,1.3214650342619472
2025-05-16 05:54:29+00:00,13439662,67732495012,51255608929397320130205,0,55908805297310278,1.321465034300909
2025-05-16 05:54:38+00:00,13439671,67732495013,51255608929397320130204,0,55908805297310278,1.3214650343204188
2025-05-16 05:54:38+00:00,13439671,67732481838,51255618929397320130204,0,55908805297310278,1.3214645194568606
2025-05-16 05:55:14+00:00,13439707,67732481839,51255618928642854168156,0,55908805297310278,1.3214645194958223
2025-05-16 05:55:39+00:00,13439732,67732481838,51255618929642854168156,0,55908805297310278,1.3214645194505303
2025-05-16 05:55:44+00:00,13439737,67732481837,51255618930642854168156,0,55908805297310278,1.3214645194052383
2025-05-16 05:55:49+00:00,13439742,67732481850,51255618940642854168156,0,55908805308040941,1.3214645194010506
2025-05-16 05:55:54+00:00,13439747,67732481849,51255618939848993919047,0,55908805307175011,1.3214645194020078
2025-05-16 05:56:04+00:00,13439757,67732491849,51255626507210699948977,0,55908813561531529,1.3214645194020078
2025-05-16 05:56:18+00:00,13439771,67732501849,51255634074572405978907,0,55908821815888047,1.3214645194020078
2025-05-16 05:56:32+00:00,13439785,67732511849,51255641641934112008837,0,55908830070244565,1.3214645194020078
2025-05-16 05:56:43+00:00,13439796,67732511850,51255641641179646046757,0,55908830070244565,1.3214645194409693
2025-05-16 05:57:11+00:00,13439824,67732498676,51255651641179646046757,0,55908830070244565,1.3214640045973503
2025-05-16 05:57:28+00:00,13439841,67732498677,51255651640425179790759,0,55908830070244565,1.3214640046363118
2025-05-16 05:57:42+00:00,13439855,67732498678,51255651639670713534783,0,55908830070244565,1.3214640046752733
2025-05-16 05:57:52+00:00,13439865,67732498742,51255651688508743034831,0,55908830123072456,1.3214640046647828
2025-05-16 05:58:02+00:00,13439875,67732498743,51255651688508743034830,0,55908830123072456,1.321464004684293
2025-05-16 05:58:13+00:00,13439886,67732485569,51255661688508743034830,0,55908830123072456,1.321463489840875
2025-05-16 05:58:15+00:00,13439888,67732485570,51255661687754276484941,0,55908830123072456,1.3214634898798365
2025-05-16 05:58:32+00:00,13439905,67732495570,51255669255121878074388,0,55908838377432184,1.3214634898798365
2025-05-16 05:58:42+00:00,13439915,67732455571,51255638985660303718305,0,55908805360002902,1.3214634898991189
2025-05-16 05:58:59+00:00,13439932,67732455572,51255638984905837168449,0,55908805360002902,1.3214634899380804
2025-05-16 05:59:02+00:00,13439935,67732455571,51255638985905837168449,0,55908805360002902,1.3214634898927886
2025-05-16 05:59:11+00:00,13439944,67732455584,51255638995905837168449,0,55908805370733569,1.321463489888601
2025-05-16 05:59:13+00:00,13439946,67732442410,51255648995905837168449,0,55908805370733569,1.321462975045156
2025-05-16 05:59:16+00:00,13439949,67732442409,51255648995111976454726,0,55908805369867639,1.3214629750461133
2025-05-16 05:59:22+00:00,13439955,67732429235,51255658995111976454726,0,55908805369867639,1.3214624602028693
2025-05-16 05:59:43+00:00,13439976,67732416061,51255668995111976454726,0,55908805369867639,1.3214619453598262
2025-05-16 05:59:44+00:00,13439977,67732416062,51255668994357509023041,0,55908805369867639,1.3214619453987877
2025-05-16 05:59:57+00:00,13439990,67732426062,51255676561733955101647,0,55908813624232184,1.3214619453987877
2025-05-16 06:00:18+00:00,13440011,67732436062,51255684129110401180253,0,55908821878596729,1.3214619453987877
2025-05-16 06:00:31+00:00,13440024,67732436063,51255684128355933748591,0,55908821878596729,1.3214619454377492
2025-05-16 06:00:40+00:00,13440033,67732422889,51255694128355933748591,0,55908821878596729,1.321461430595059
2025-05-16 06:00:59+00:00,13440052,67732402890,51255678993600089271298,0,55908805369867639,1.3214614306144932
2025-05-16 06:01:04+00:00,13440057,67732402891,51255678992845621545728,0,55908805369867639,1.3214614306534547
2025-05-16 06:01:09+00:00,13440062,67732402892,51255678992091153820180,0,55908805369867639,1.3214614306924162
2025-05-16 06:01:09+00:00,13440062,67732389718,51255688992091153820180,0,55908805369867639,1.3214609158497748
2025-05-16 06:01:15+00:00,13440068,67732389782,51255689040929183320228,0,55908805422695592,1.3214609158392874
2025-05-16 06:01:18+00:00,13440071,67732389783,51255689040174715300755,0,55908805422695592,1.3214609158782489
2025-05-16 06:01:20+00:00,13440073,67732389716,51255688989305631699237,0,55908805367208489,1.3214609158825703
2025-05-16 06:01:25+00:00,13440078,67732389717,51255688989305631699236,0,55908805367208489,1.3214609159020805
2025-05-16 06:01:30+00:00,13440083,67732399717,51255696556687973214506,0,55908813621576244,1.3214609159020805
2025-05-16 06:01:40+00:00,13440093,67732389718,51255688989305632010363,0,55908805367208489,1.3214609159215904
2025-05-16 06:01:49+00:00,13440102,67732376544,51255698989305632010363,0,55908805367208489,1.32146040107915
2025-05-16 06:02:03+00:00,13440116,67732376545,51255698988551163696995,0,55908805367208489,1.3214604011181115
2025-05-16 06:02:12+00:00,13440125,67732476545,51255623541830883249776,0,55908805367208489,1.3214642972730979
2025-05-16 06:02:22+00:00,13440135,67732463371,51255633541830883249776,0,55908805367208489,1.3214637824293403
2025-05-16 06:02:27+00:00,13440140,67732463370,51255633542830883249776,0,55908805367208489,1.3214637823840483
2025-05-16 06:02:31+00:00,13440144,67732450196,51255643542830883249776,0,55908805367208489,1.3214632675404916
2025-05-16 06:02:32+00:00,13440145,67732450195,51255643543830883249776,0,55908805367208489,1.3214632674951998
2025-05-16 06:02:37+00:00,13440150,67732450208,51255643553830883249776,0,55908805377939157,1.3214632674910123
2025-05-16 06:02:42+00:00,13440155,67732450207,51255643553037022620444,0,55908805377073227,1.3214632674919693
2025-05-16 06:02:50+00:00,13440163,67732450208,51255643552282555943609,0,55908805377073227,1.321463267530931
2025-05-16 06:02:51+00:00,13440164,67732460208,51255651119651430815444,0,55908813631433611,1.321463267530931
2025-05-16 06:03:00+00:00,13440173,67732447034,51255661119651430815444,0,55908813631433611,1.3214627526876512
2025-05-16 06:03:15+00:00,13440188,67732433860,51255671119651430815444,0,55908813631433611,1.3214622378445724
2025-05-16 06:03:36+00:00,13440209,67732433861,51255671118896963550749,0,55908813631433611,1.321462237883534
2025-05-16 06:03:38+00:00,13440211,67732423862,51255663551525136843158,0,55908805377073227,1.3214622379029681
2025-05-16 06:03:56+00:00,13440229,67732410688,51255673551525136843158,0,55908805377073227,1.321461723060014
2025-05-16 06:04:22+00:00,13440255,67732397514,51255683551525136843158,0,55908805377073227,1.321461208217261
2025-05-16 06:04:23+00:00,13440256,67732397515,51255683550770668990613,0,55908805377073227,1.3214612082562225
2025-05-16 06:04:31+00:00,13440264,67732397516,51255683550016201138091,0,55908805377073227,1.321461208295184
2025-05-16 06:04:41+00:00,13440274,67732384406,51255693598854230638139,0,55908805429901184,1.3214606934421445
2025-05-16 06:04:41+00:00,13440274,67732384342,51255693550016201138091,0,55908805429901184,1.3214606934526318
2025-05-16 06:04:45+00:00,13440278,67732384339,51255693547985142518882,0,55908805374414081,1.321460693446466
2025-05-16 06:04:50+00:00,13440283,67732384340,51255693547985142518881,0,55908805374414081,1.321460693465976
2025-05-16 06:05:06+00:00,13440299,67732371166,51255703547985142518881,0,55908805374414081,1.3214601786236246
2025-05-16 06:05:09+00:00,13440302,67732371167,51255703547230674078505,0,55908805374414081,1.3214601786625861
2025-05-16 06:05:21+00:00,13440314,67732381167,51255711114617237418406,0,55908813628784098,1.3214601786625861
2025-05-16 06:05:36+00:00,13440329,67732391167,51255718682003800758307,0,55908821883154115,1.3214601786625861
2025-05-16 06:05:46+00:00,13440339,67732377993,51255728682003800758307,0,55908821883154115,1.3214596638205878
2025-05-16 06:05:55+00:00,13440348,67732377992,51255728683003800758307,0,55908821883154115,1.321459663775296
2025-05-16 06:05:56+00:00,13440349,67732377993,51255728682249332023986,0,55908821883154115,1.3214596638142575
2025-05-16 06:06:05+00:00,13440358,67732378006,51255728692249332023986,0,55908821893884798,1.3214596638100709
2025-05-16 06:06:12+00:00,13440365,67732364832,51255738692249332023986,0,55908821893884798,1.3214591489682732
2025-05-16 06:06:21+00:00,13440374,67732351658,51255748692249332023986,0,55908821893884798,1.3214586341266767
2025-05-16 06:06:41+00:00,13440394,67732351659,51255748691494862701801,0,55908821893884798,1.3214586341656382
2025-05-16 06:06:42+00:00,13440395,67732361659,51255756258890270666232,0,55908830148259631,1.3214586341656382
2025-05-16 06:07:01+00:00,13440414,67732371659,51255763826285678630663,0,55908838402634464,1.3214586341656382
2025-05-16 06:07:20+00:00,13440433,67732358485,51255773826285678630663,0,55908838402634464,1.3214581193243946
2025-05-16 06:07:27+00:00,13440440,67732358486,51255773825531209014559,0,55908838402634464,1.321458119363356
2025-05-16 06:07:38+00:00,13440451,67732345312,51255783825531209014559,0,55908838402634464,1.3214576045223132
2025-05-16 06:07:48+00:00,13440461,67732305313,51255753555946598128436,0,55908805385144764,1.321457604541292
2025-05-16 06:07:56+00:00,13440469,67732305314,51255753555192128218423,0,55908805385144764,1.3214576045802535
2025-05-16 06:07:58+00:00,13440471,67732405314,51255678108312183583372,0,55908805385144764,1.3214615007310921
2025-05-16 06:08:01+00:00,13440474,67732405315,51255678107557715897834,0,55908805385144764,1.3214615007700536
2025-05-16 06:08:07+00:00,13440480,67732405379,51255678156395745397882,0,55908805437972705,1.3214615007595656
2025-05-16 06:08:12+00:00,13440485,67732405312,51255678105526672611950,0,55908805382485602,1.3214615007638875
2025-05-16 06:08:13+00:00,13440486,67732405313,51255678104772204926430,0,55908805382485602,1.321461500802849
2025-05-16 06:08:24+00:00,13440497,67732392139,51255688104772204926430,0,55908805382485602,1.321460985960185
2025-05-16 06:08:34+00:00,13440507,67732378965,51255698104772204926430,0,55908805382485602,1.3214604711177218
2025-05-16 06:08:58+00:00,13440531,67732378966,51255698104017736653050,0,55908805382485602,1.3214604711566833
2025-05-16 06:09:20+00:00,13440553,67732378965,51255698105017736653050,0,55908805382485602,1.3214604711113915
2025-05-16 06:09:29+00:00,13440562,67732378978,51255698115017736653050,0,55908805393216281,1.3214604711072047
2025-05-16 06:09:34+00:00,13440567,67732378977,51255698114223875178877,0,55908805392350351,1.3214604711081617
2025-05-16 06:09:40+00:00,13440573,67732365803,51255708114223875178877,0,55908805392350351,1.3214599562658997
2025-05-16 06:09:43+00:00,13440576,67732365804,51255708113469406611549,0,55908805392350351,1.3214599563048612
2025-05-16 06:10:28+00:00,13440621,67732365805,51255708112714938044244,0,55908805392350351,1.3214599563438227
2025-05-16 06:10:39+00:00,13440632,67732375805,51255715680102774500304,0,55908813646721024,1.3214599563438227
2025-05-16 06:10:45+00:00,13440638,67732362631,51255725680102774500304,0,55908813646721024,1.3214594415018375
2025-05-16 06:10:56+00:00,13440649,67732349457,51255735680102774500304,0,55908813646721024,1.3214589266600532
2025-05-16 06:11:05+00:00,13440658,67732336283,51255745680102774500304,0,55908813646721024,1.3214584118184696
2025-05-16 06:11:15+00:00,13440668,67732336284,51255745679348305051195,0,55908813646721024,1.321458411857431
2025-05-16 06:11:15+00:00,13440668,67732336285,51255745678593835602109,0,55908813646721024,1.3214584118963926
2025-05-16 06:11:15+00:00,13440668,67732323111,51255755678593835602109,0,55908813646721024,1.3214578970550102
2025-05-16 06:11:17+00:00,13440670,67732309937,51255765678593835602109,0,55908813646721024,1.3214573822138285
2025-05-16 06:11:20+00:00,13440673,67732309938,51255765677839365565161,0,55908813646721024,1.3214573822527897
2025-05-16 06:11:25+00:00,13440678,67732310002,51255765726677395065209,0,55908813699549047,1.3214573822423057
2025-05-16 06:11:30+00:00,13440683,67732309935,51255765675808242886383,0,55908813644061944,1.3214573822466256
2025-05-16 06:11:34+00:00,13440687,67732309936,51255765675808242886382,0,55908813644061944,1.3214573822661355
2025-05-16 06:11:49+00:00,13440702,67732296762,51255775675808242886382,0,55908813644061944,1.3214568674251546
2025-05-16 06:11:59+00:00,13440712,67732296763,51255775675053772555521,0,55908813644061944,1.321456867464116
2025-05-16 06:12:09+00:00,13440722,67732306763,51255783242459297633355,0,55908821898442249,1.321456867464116
2025-05-16 06:12:24+00:00,13440737,67732293589,51255793242459297633355,0,55908821898442249,1.3214563526234122
2025-05-16 06:12:34+00:00,13440747,67732293588,51255793243459297633355,0,55908821898442249,1.3214563525781207
2025-05-16 06:12:38+00:00,13440751,67732293587,51255793244459297633355,0,55908821898442249,1.321456352532829
2025-05-16 06:12:43+00:00,13440756,67732293600,51255793254459297633355,0,55908821909172945,1.321456352528643
2025-05-16 06:12:45+00:00,13440758,67732293601,51255793253704827008520,0,55908821909172945,1.3214563525676044
2025-05-16 06:12:48+00:00,13440761,67732293600,51255793252910964295329,0,55908821908307015,1.3214563525685614
2025-05-16 06:12:48+00:00,13440761,67732280426,51255803252910964295329,0,55908821908307015,1.3214558377280585
2025-05-16 06:13:05+00:00,13440778,67732380426,51255727805930143469256,0,55908821908307015,1.3214597338751193
2025-05-16 06:13:30+00:00,13440803,67732380427,51255727805175674774958,0,55908821908307015,1.3214597339140808
2025-05-16 06:13:36+00:00,13440809,67732390427,51255735372564784983127,0,55908830162678344,1.3214597339140808
2025-05-16 06:14:20+00:00,13440853,67732377253,51255745372564784983127,0,55908830162678344,1.3214592190723369
2025-05-16 06:14:34+00:00,13440867,67732377254,51255745371810315994909,0,55908830162678344,1.3214592191112982
2025-05-16 06:14:39+00:00,13440872,67732377255,51255745371055847006713,0,55908830162678344,1.3214592191502597
2025-05-16 06:14:44+00:00,13440877,67732377319,51255745419893876506761,0,55908830215506330,1.3214592191397738
2025-05-16 06:14:49+00:00,13440882,67732377252,51255745369024759508734,0,55908830160019227,1.3214592191440946
2025-05-16 06:14:54+00:00,13440887,67732377253,51255745369024759508733,0,55908830160019227,1.3214592191636045
2025-05-16 06:15:01+00:00,13440894,67732377254,51255745368270290520567,0,55908830160019227,1.321459219202566
2025-05-16 06:15:44+00:00,13440937,67732347254,51255722666090905651652,0,55908805396896920,1.3214592192026489
2025-05-16 06:15:46+00:00,13440939,67732347255,51255722665336436663509,0,55908805396896920,1.3214592192416104
2025-05-16 06:15:51+00:00,13440944,67732334081,51255732665336436663509,0,55908805396896920,1.3214587043998391
2025-05-16 06:15:58+00:00,13440951,67732334080,51255732666336436663509,0,55908813651271460,1.3214587043545474
2025-05-16 06:15:58+00:00,13440951,67732344080,51255740233731442687851,0,55908813651271460,1.3214587043545474
2025-05-16 06:16:07+00:00,13440960,67732344093,51255740243731442687851,0,55908813662002146,1.3214587043503607
2025-05-16 06:16:12+00:00,13440965,67732344092,51255740242937580678588,0,55908813661136216,1.321458704351318
2025-05-16 06:16:16+00:00,13440969,67732354092,51255747810332586721424,0,55908821915510756,1.321458704351318
2025-05-16 06:16:30+00:00,13440983,67732354093,51255747809578117439333,0,55908821915510756,1.3214587043902795
2025-05-16 06:16:48+00:00,13441001,67732364093,51255755376973123259054,0,55908830169885295,1.3214587043902795
2025-05-16 06:17:12+00:00,13441025,67732344094,51255740242183112416830,0,55908813661136216,1.3214587044097894
2025-05-16 06:17:21+00:00,13441034,67732330920,51255750242183112416830,0,55908813661136216,1.321458189568295
2025-05-16 06:17:36+00:00,13441049,67732320921,51255742674786630137816,0,55908805406761676,1.3214581895877673
2025-05-16 06:17:36+00:00,13441049,67732307747,51255752674786630137816,0,55908805406761676,1.3214576747463977
2025-05-16 06:17:50+00:00,13441063,67732317747,51255760242187532265921,0,55908813661139426,1.3214576747463977
2025-05-16 06:17:58+00:00,13441071,67732317748,51255760241433062395990,0,55908813661139426,1.3214576747853592
2025-05-16 06:18:00+00:00,13441073,67732317749,51255760240678592526082,0,55908813661139426,1.3214576748243207
2025-05-16 06:18:03+00:00,13441076,67732317750,51255760239924122656196,0,55908813661139426,1.3214576748632823
2025-05-16 06:18:05+00:00,13441078,67732304576,51255770239924122656196,0,55908813661139426,1.3214571600221896
2025-05-16 06:18:10+00:00,13441083,67732304640,51255770288762152156244,0,55908813713967453,1.3214571600117058
2025-05-16 06:18:15+00:00,13441088,67732304573,51255770237892995462863,0,55908813658480350,1.3214571600160254
2025-05-16 06:18:19+00:00,13441092,67732314573,51255777805296845224234,0,55908821912859705,1.3214571600160254
2025-05-16 06:18:20+00:00,13441093,67732314574,51255777805296845224233,0,55908821912859705,1.3214571600355354
2025-05-16 06:18:39+00:00,13441112,67732324574,51255785372700694873879,0,55908830167239060,1.3214571600355354
2025-05-16 06:18:44+00:00,13441117,67732324575,51255785371946224710081,0,55908830167239060,1.3214571600744969
2025-05-16 06:18:48+00:00,13441121,67732311401,51255795371946224710081,0,55908830167239060,1.3214566452337573
2025-05-16 06:19:07+00:00,13441140,67732321401,51255802939353022404199,0,55908838421620020,1.3214566452337573
2025-05-16 06:19:10+00:00,13441143,67732331401,51255795394649555661491,0,55908838421620020,1.3214570348482073
2025-05-16 06:19:21+00:00,13441154,67732331400,51255795395649555661491,0,55908846675999762,1.3214570348029158
2025-05-16 06:19:21+00:00,13441154,67732341400,51255802963054122463329,0,55908846675999762,1.3214570348029158
2025-05-16 06:19:25+00:00,13441158,67732341399,51255802964054122463329,0,55908846675999762,1.321457034757624
2025-05-16 06:19:29+00:00,13441162,67732341400,51255802963299652228005,0,55908846675999762,1.3214570347965855
2025-05-16 06:19:30+00:00,13441163,67732341413,51255802973299652228005,0,55908846686730455,1.3214570347923993
2025-05-16 06:19:35+00:00,13441168,67732341412,51255802972505789716096,0,55908846685864525,1.3214570347933563
2025-05-16 06:19:50+00:00,13441183,67732328238,51255812972505789716096,0,55908846685864525,1.3214565199528179
2025-05-16 06:20:09+00:00,13441202,67732315064,51255822972505789716096,0,55908846685864525,1.3214560051124804
2025-05-16 06:20:15+00:00,13441208,67732315065,51255822971751318892907,0,55908846685864525,1.321456005151442
2025-05-16 06:20:19+00:00,13441212,67732265066,51255785134715142315111,0,55908805413967363,1.3214560051705357
2025-05-16 06:20:29+00:00,13441222,67732365066,51255709687743881446087,0,55908805413967363,1.3214599013189738
2025-05-16 06:21:00+00:00,13441253,67732365067,51255709686989412847388,0,55908805413967363,1.3214599013579353
2025-05-16 06:21:19+00:00,13441272,67732365068,51255709686234944248712,0,55908805413967363,1.3214599013968968
2025-05-16 06:21:19+00:00,13441272,67732351894,51255719686234944248712,0,55908805413967363,1.321459386554862
2025-05-16 06:21:24+00:00,13441277,67732351895,51255719685480475356116,0,55908805413967363,1.3214593865938236
2025-05-16 06:21:30+00:00,13441283,67732351959,51255719734318504856164,0,55908805466795346,1.3214593865833375
2025-05-16 06:21:35+00:00,13441288,67732351892,51255719683449390832143,0,55908805411308243,1.3214593865876585
2025-05-16 06:21:39+00:00,13441292,67732351893,51255719683449390832142,0,55908805411308243,1.3214593866071684
2025-05-16 06:21:46+00:00,13441299,67732351894,51255719682694921939576,0,55908805411308243,1.32145938664613
2025-05-16 06:21:53+00:00,13441306,67732361894,51255727250086020791313,0,55908813665680614,1.32145938664613
2025-05-16 06:22:13+00:00,13441326,67732348720,51255737250086020791313,0,55908813665680614,1.321458871804372
2025-05-16 06:22:23+00:00,13441336,67732335546,51255747250086020791313,0,55908813665680614,1.321458356962815
2025-05-16 06:22:31+00:00,13441344,67732335547,51255747249331551310885,0,55908813665680614,1.3214583570017766
2025-05-16 06:22:37+00:00,13441350,67732345547,51255754816728546467620,0,55908821920056196,1.3214583570017766
2025-05-16 06:22:40+00:00,13441353,67732345546,51255754817728546467620,0,55908821920056196,1.3214583569564848
2025-05-16 06:22:45+00:00,13441358,67732345545,51255754818728546467620,0,55908821920056196,1.3214583569111933
2025-05-16 06:22:50+00:00,13441363,67732345558,51255754828728546467620,0,55908821930786884,1.3214583569070066
2025-05-16 06:22:55+00:00,13441368,67732345557,51255754827934684349871,0,55908821929920954,1.3214583569079639
2025-05-16 06:23:08+00:00,13441381,67732332383,51255764827934684349871,0,55908821929920954,1.3214578420666838
2025-05-16 06:23:15+00:00,13441388,67732332384,51255764827180214575470,0,55908821929920954,1.3214578421056453
2025-05-16 06:23:22+00:00,13441395,67732342384,51255772394580158311654,0,55908830184298141,1.3214578421056453
2025-05-16 06:23:36+00:00,13441409,67732352384,51255779961980102047838,0,55908838438675328,1.3214578421056453
2025-05-16 06:23:56+00:00,13441429,67732362384,51255787529380045784022,0,55908846693052515,1.3214578421056453
2025-05-16 06:24:42+00:00,13441475,67732362385,51255787528625576009643,0,55908846693052515,1.3214578421446068
2025-05-16 06:24:47+00:00,13441480,67732362386,51255787527871106235286,0,55908846693052515,1.321457842183568
2025-05-16 06:24:53+00:00,13441486,67732362450,51255787576709135735334,0,55908846745880528,1.3214578421730836
2025-05-16 06:25:02+00:00,13441495,67732362451,51255787576709135735333,0,55908846745880528,1.3214578421925935
2025-05-16 06:25:09+00:00,13441502,67732349277,51255797576709135735333,0,55908846745880528,1.321457327351743
2025-05-16 06:25:18+00:00,13441511,67732336103,51255807576709135735333,0,55908846745880528,1.3214568125110933
2025-05-16 06:25:30+00:00,13441523,67732336104,51255807575954665373120,0,55908846745880528,1.3214568125500548
2025-05-16 06:25:34+00:00,13441527,67732322930,51255817575954665373120,0,55908846745880528,1.3214562977096058
2025-05-16 06:25:43+00:00,13441536,67732309756,51255827575954665373120,0,55908846745880528,1.321455782869358
2025-05-16 06:25:52+00:00,13441545,67732259757,51255789738931309833629,0,55908805474001014,1.3214557828879572
2025-05-16 06:26:01+00:00,13441554,67732359757,51255714291947358009658,0,55908805474001014,1.3214596790360453
2025-05-16 06:26:06+00:00,13441559,67732359756,51255714292947358009658,0,55908805474001014,1.3214596789907536
2025-05-16 06:26:11+00:00,13441564,67732359755,51255714293947358009658,0,55908805474001014,1.321459678945462
2025-05-16 06:26:16+00:00,13441569,67732359756,51255714293192889283998,0,55908805484731696,1.3214596789844235
2025-05-16 06:26:16+00:00,13441569,67732359769,51255714303192889283998,0,55908805484731696,1.3214596789802366
2025-05-16 06:26:21+00:00,13441574,67732359768,51255714302399027560398,0,55908805483865766,1.3214596789811937
2025-05-16 06:26:22+00:00,13441575,67732369768,51255721869788452343834,0,55908813738237188,1.3214596789811937
2025-05-16 06:26:31+00:00,13441584,67732356594,51255731869788452343834,0,55908813738237188,1.3214591641393247
2025-05-16 06:26:40+00:00,13441593,67732346595,51255724302397551500580,0,55908805483865766,1.321459164158797
2025-05-16 06:27:01+00:00,13441614,67732333421,51255734302397551500580,0,55908805483865766,1.3214586493170528
2025-05-16 06:27:03+00:00,13441616,67732333422,51255734301643082187068,0,55908805483865766,1.3214586493560143
2025-05-16 06:27:15+00:00,13441628,67732343422,51255741869038403163092,0,55908813738240399,1.3214586493560143
2025-05-16 06:27:35+00:00,13441648,67732353422,51255749436433724139116,0,55908821992615032,1.3214586493560143
2025-05-16 06:27:44+00:00,13441657,67732340248,51255759436433724139116,0,55908821992615032,1.3214581345146232
2025-05-16 06:28:07+00:00,13441680,67732340249,51255759435679254531684,0,55908830246991270,1.3214581345535845
2025-05-16 06:28:07+00:00,13441680,67732350249,51255767003077523549266,0,55908830246991270,1.3214581345535845
2025-05-16 06:28:12+00:00,13441685,67732350250,51255767002323053941857,0,55908830246991270,1.321458134592546
2025-05-16 06:28:18+00:00,13441691,67732350314,51255767051161083441905,0,55908830299819277,1.321458134582061
2025-05-16 06:28:24+00:00,13441697,67732350247,51255767000291945052491,0,55908830244332174,1.3214581345863814
2025-05-16 06:28:28+00:00,13441701,67732350248,51255767000291945052490,0,55908830244332174,1.3214581346058913
2025-05-16 06:28:35+00:00,13441708,67732350249,51255766999537475445110,0,55908830244332174,1.3214581346448528
2025-05-16 06:28:36+00:00,13441709,67732337075,51255776999537475445110,0,55908830244332174,1.3214576198037384
2025-05-16 06:28:55+00:00,13441728,67732307076,51255754297341183773364,0,55908805481206670,1.3214576198230588
2025-05-16 06:29:21+00:00,13441754,67732307077,51255754296586713872076,0,55908805481206670,1.3214576198620203
2025-05-16 06:29:27+00:00,13441760,67732317077,51255761863987930298636,0,55908813735584513,1.3214576198620203
2025-05-16 06:29:32+00:00,13441765,67732317076,51255761864987930298636,0,55908813735584513,1.3214576198167287
2025-05-16 06:29:36+00:00,13441769,67732317075,51255761865987930298636,0,55908813735584513,1.321457619771437
2025-05-16 06:29:37+00:00,13441770,67732307076,51255754298586713852994,0,55908805481206670,1.3214576197909471
2025-05-16 06:29:45+00:00,13441778,67732307075,51255754297792851509885,0,55908805480340740,1.3214576197919041
2025-05-16 06:30:07+00:00,13441800,67732307076,51255754297038381608579,0,55908805480340740,1.3214576198308656
2025-05-16 06:30:09+00:00,13441802,67732317076,51255761864439598213548,0,55908813734718583,1.3214576198308656
2025-05-16 06:30:18+00:00,13441811,67732303902,51255771864439598213548,0,55908813734718583,1.3214571049898
2025-05-16 06:30:38+00:00,13441831,67732313902,51255779431843763085919,0,55908821989098031,1.3214571049898
2025-05-16 06:30:53+00:00,13441846,67732323902,51255786999247927958290,0,55908830243477479,1.3214571049898
2025-05-16 06:30:53+00:00,13441846,67732323903,51255786998493457763064,0,55908830243477479,1.3214571050287616
2025-05-16 06:31:02+00:00,13441855,67732310729,51255796998493457763064,0,55908830243477479,1.321456590188049
2025-05-16 06:31:17+00:00,13441870,67732320729,51255804565900570679998,0,55908838497858533,1.321456590188049
2025-05-16 06:31:34+00:00,13441887,67732320730,51255804565146100190852,0,55908838497858533,1.3214565902270103
2025-05-16 06:31:39+00:00,13441892,67732320731,51255804564391629701728,0,55908838497858533,1.3214565902659718
2025-05-16 06:31:40+00:00,13441893,67732320732,51255804563637159212626,0,55908838497858533,1.3214565903049333
2025-05-16 06:31:45+00:00,13441898,67732320796,51255804612475188712674,0,55908838550686571,1.32145659029445
2025-05-16 06:31:50+00:00,13441903,67732320729,51255804561606020552404,0,55908838495199468,1.3214565902987694
2025-05-16 06:31:55+00:00,13441908,67732330730,51255812129013132723564,0,55908846749580521,1.3214565903182793
2025-05-16 06:31:55+00:00,13441908,67732320730,51255804561606020552403,0,55908846749580521,1.3214565903182793
2025-05-16 06:32:12+00:00,13441925,67732280731,51255774291983459524631,0,55908805477681675,1.3214565903376376
2025-05-16 06:32:25+00:00,13441938,67732280732,51255774291228989035570,0,55908805477681675,1.321456590376599
2025-05-16 06:32:29+00:00,13441942,67732267558,51255784291228989035570,0,55908805477681675,1.321456075535859
2025-05-16 06:32:58+00:00,13441971,67732267557,51255784292228989035570,0,55908805477681675,1.3214560754905675
2025-05-16 06:33:03+00:00,13441976,67732267556,51255784293228989035570,0,55908805477681675,1.321456075445276
2025-05-16 06:33:07+00:00,13441980,67732267569,51255784303228989035570,0,55908805488412372,1.32145607544109
2025-05-16 06:33:13+00:00,13441986,67732267568,51255784302435126227843,0,55908805487546442,1.321456075442047
2025-05-16 06:33:32+00:00,13442005,67732277568,51255791869845186872385,0,55908813741929101,1.321456075442047
2025-05-16 06:33:48+00:00,13442021,67732264394,51255801869845186872385,0,55908813741929101,1.3214555606015843
2025-05-16 06:33:57+00:00,13442030,67732264395,51255801869090715795408,0,55908813741929101,1.3214555606405456
2025-05-16 06:34:03+00:00,13442036,67732251221,51255811869090715795408,0,55908813741929101,1.3214550458002838
2025-05-16 06:34:14+00:00,13442047,67732241222,51255804301677702560718,0,55908805487546442,1.3214550458197178
2025-05-16 06:34:25+00:00,13442058,67732228048,51255814301677702560718,0,55908805487546442,1.3214545309795809
2025-05-16 06:34:35+00:00,13442068,67732328048,51255738854622274465512,0,55908805487546442,1.3214584271258019
2025-05-16 06:34:43+00:00,13442076,67732328049,51255738853867805025143,0,55908805487546442,1.3214584271647634
2025-05-16 06:34:55+00:00,13442088,67732314875,51255748853867805025143,0,55908805487546442,1.3214579123233092
2025-05-16 06:35:04+00:00,13442097,67732314876,51255748853113335290854,0,55908805487546442,1.3214579123622707
2025-05-16 06:35:09+00:00,13442102,67732314940,51255748901951364790902,0,55908805540374454,1.321457912351786
2025-05-16 06:35:15+00:00,13442108,67732314873,51255748851082221886197,0,55908805484887351,1.321457912356106
2025-05-16 06:35:20+00:00,13442113,67732314874,51255748851082221886196,0,55908805484887351,1.3214579123756163
2025-05-16 06:35:29+00:00,13442122,67732314875,51255748850327752151937,0,55908805484887351,1.3214579124145776
2025-05-16 06:35:32+00:00,13442125,67732301701,51255758850327752151937,0,55908805484887351,1.3214573975733244
2025-05-16 06:35:47+00:00,13442140,67732311701,51255766417730241527403,0,55908813739265850,1.3214573975733244
2025-05-16 06:36:09+00:00,13442162,67732298527,51255776417730241527403,0,55908813739265850,1.321456882732348
2025-05-16 06:36:16+00:00,13442169,67732298528,51255776416975771205282,0,55908813739265850,1.3214568827713096
2025-05-16 06:36:23+00:00,13442176,67732298527,51255776417975771205282,0,55908813739265850,1.3214568827260178
2025-05-16 06:36:28+00:00,13442181,67732298526,51255776418975771205282,0,55908813739265850,1.3214568826807263
2025-05-16 06:36:35+00:00,13442188,67732308526,51255783986381209144246,0,55908821993645954,1.3214568826807263
2025-05-16 06:36:37+00:00,13442190,67732308525,51255783985587346575789,0,55908821992780024,1.3214568826816833
2025-05-16 06:36:45+00:00,13442198,67732295351,51255793985587346575789,0,55908821992780024,1.3214563678409839
2025-05-16 06:36:55+00:00,13442208,67732282177,51255803985587346575789,0,55908821992780024,1.3214558530004852
2025-05-16 06:37:02+00:00,13442215,67732282178,51255803984832875665754,0,55908821992780024,1.3214558530394467
2025-05-16 06:37:20+00:00,13442233,67732269004,51255813984832875665754,0,55908821992780024,1.321455338199149
2025-05-16 06:37:41+00:00,13442254,67732279004,51255821552247158185347,0,55908830247164944,1.321455338199149
2025-05-16 06:37:48+00:00,13442261,67732279005,51255821551492686981391,0,55908830247164944,1.3214553382381105
2025-05-16 06:38:06+00:00,13442279,67732265831,51255831551492686981391,0,55908830247164944,1.3214548233980896
2025-05-16 06:38:22+00:00,13442295,67732275831,51255839118909917549468,0,55908838501551470,1.3214548233980896
2025-05-16 06:38:23+00:00,13442296,67732275832,51255839118155446051592,0,55908838501551470,1.3214548234370511
2025-05-16 06:38:28+00:00,13442301,67732275833,51255839117400974553738,0,55908838501551470,1.3214548234760124
2025-05-16 06:38:32+00:00,13442305,67732235834,51255808847746773124856,0,55908805484021421,1.3214548234951429
2025-05-16 06:38:33+00:00,13442306,67732235898,51255808896584802624904,0,55908805536849494,1.3214548234846613
2025-05-16 06:38:35+00:00,13442308,67732235899,51255808895830331127077,0,55908805536849494,1.3214548235236228
2025-05-16 06:38:38+00:00,13442311,67732235832,51255808844961128677801,0,55908805481362391,1.3214548235279413
2025-05-16 06:38:43+00:00,13442316,67732235833,51255808844961128677800,0,55908805481362391,1.3214548235474513
2025-05-16 06:38:54+00:00,13442327,67732222659,51255818844961128677800,0,55908805481362391,1.3214543087074033
2025-05-16 06:39:22+00:00,13442355,67732222660,51255818844206656886066,0,55908805481362391,1.3214543087463646
2025-05-16 06:39:45+00:00,13442378,67732222659,51255818845206656886066,0,55908805481362391,1.321454308701073
2025-05-16 06:39:54+00:00,13442387,67732222672,51255818855206656886066,0,55908805492093095,1.3214543086968875
2025-05-16 06:39:58+00:00,13442391,67732222671,51255818854412793543242,0,55908805491227165,1.3214543086978445
2025-05-16 06:40:08+00:00,13442401,67732222672,51255818853658321751503,0,55908805491227165,1.3214543087368058
2025-05-16 06:40:17+00:00,13442410,67732209498,51255828853658321751503,0,55908805491227165,1.3214537938969588
2025-05-16 06:40:37+00:00,13442430,67732219498,51255821308938575598722,0,55908805491227165,1.321454183511212
2025-05-16 06:40:49+00:00,13442442,67732229498,51255828876359470532197,0,55908813745615682,1.321454183511212
2025-05-16 06:40:54+00:00,13442447,67732229499,51255828875604998668984,0,55908813745615682,1.3214541835501732
2025-05-16 06:41:03+00:00,13442456,67732239499,51255836443025893379343,0,55908822000004199,1.3214541835501732
2025-05-16 06:41:21+00:00,13442474,67732249499,51255844010446788089702,0,55908830254392716,1.3214541835501732
2025-05-16 06:41:22+00:00,13442475,67732236325,51255854010446788089702,0,55908830254392716,1.3214536687106033
2025-05-16 06:41:33+00:00,13442486,67732226326,51255846443024417638322,0,55908822000004199,1.3214536687300753
2025-05-16 06:41:41+00:00,13442494,67732226327,51255846442269945481199,0,55908822000004199,1.3214536687690368
2025-05-16 06:41:49+00:00,13442502,67732226328,51255846441515473324098,0,55908822000004199,1.321453668807998
2025-05-16 06:41:54+00:00,13442507,67732226392,51255846490353502824146,0,55908822052832295,1.3214536687975176
2025-05-16 06:41:58+00:00,13442511,67732226325,51255846439484278091154,0,55908821997345192,1.3214536688018355
2025-05-16 06:42:03+00:00,13442516,67732226326,51255846439484278091153,0,55908821997345192,1.3214536688213456
2025-05-16 06:42:04+00:00,13442517,67732213152,51255856439484278091153,0,55908821997345192,1.3214531539819003
2025-05-16 06:42:08+00:00,13442521,67732223152,51255864006911068717260,0,55908830251736920,1.3214531539819003
2025-05-16 06:42:19+00:00,13442532,67732193153,51255841304636584878846,0,55908805488568158,1.3214531540012586
2025-05-16 06:42:25+00:00,13442538,67732203153,51255833759913185298505,0,55908805488568158,1.321453543615417
2025-05-16 06:42:27+00:00,13442540,67732203154,51255833759158713069949,0,55908805488568158,1.3214535436543784
2025-05-16 06:42:45+00:00,13442558,67732213154,51255826214437538179843,0,55908805488568158,1.3214539332685942
2025-05-16 06:43:00+00:00,13442573,67732223154,51255833781859866149436,0,55908813742957448,1.3214539332685942
2025-05-16 06:43:06+00:00,13442579,67732223153,51255833782859866149436,0,55908813742957448,1.3214539332233026
2025-05-16 06:43:10+00:00,13442583,67732213154,51255826215437538564233,0,55908805488568158,1.3214539332428126
2025-05-16 06:43:11+00:00,13442584,67732213153,51255826216437538564233,0,55908805488568158,1.321453933197521
2025-05-16 06:43:15+00:00,13442588,67732213166,51255826226437538564233,0,55908805499298864,1.3214539331933355
2025-05-16 06:43:20+00:00,13442593,67732213165,51255826225643675107344,0,55908805498432934,1.3214539331942925
2025-05-16 06:43:25+00:00,13442598,67732199991,51255836225643675107344,0,55908805498432934,1.3214534183545927
2025-05-16 06:43:39+00:00,13442612,67732209991,51255843793068951778463,0,55908813752823830,1.3214534183545927
2025-05-16 06:43:47+00:00,13442620,67732196817,51255853793068951778463,0,55908813752823830,1.3214529035151699
2025-05-16 06:43:48+00:00,13442621,67732183643,51255863793068951778463,0,55908813752823830,1.321452388675948
2025-05-16 06:43:59+00:00,13442632,67732183644,51255863792314478890504,0,55908813752823830,1.3214523887149094
2025-05-16 06:44:11+00:00,13442644,67732173645,51255856224886249696006,0,55908805498432934,1.3214523887343435
2025-05-16 06:44:24+00:00,13442657,67732183645,51255863792317422587349,0,55908813752827040,1.3214523887343435
2025-05-16 06:44:44+00:00,13442677,67732183646,51255863791562949699423,0,55908813752827040,1.3214523887733047
2025-05-16 06:44:54+00:00,13442687,67732170472,51255873791562949699423,0,55908813752827040,1.3214518739342838
2025-05-16 06:45:03+00:00,13442696,67732157298,51255883791562949699423,0,55908813752827040,1.3214513590954635
2025-05-16 06:45:04+00:00,13442697,67732157299,51255883790808476223633,0,55908813752827040,1.3214513591344248
2025-05-16 06:45:09+00:00,13442702,67732157300,51255883790054002747865,0,55908813752827040,1.3214513591733863
2025-05-16 06:45:15+00:00,13442708,67732157364,51255883838892032247913,0,55908813805655182,1.3214513591629078
2025-05-16 06:45:17+00:00,13442710,67732147365,51255876271457907670299,0,55908805551261076,1.321451359182342
2025-05-16 06:45:20+00:00,13442713,67732147298,51255876220588638366701,0,55908805495773973,1.3214513591866588
2025-05-16 06:45:25+00:00,13442718,67732147299,51255876220588638366700,0,55908805495773973,1.3214513592061687
2025-05-16 06:45:30+00:00,13442723,67732147300,51255876219834164890973,0,55908805495773973,1.3214513592451302
2025-05-16 06:45:32+00:00,13442725,67732157300,51255883787271233261336,0,55908813750171290,1.3214513592451302
2025-05-16 06:45:34+00:00,13442727,67732167300,51255891354708301631699,0,55908822004568607,1.3214513592451302
2025-05-16 06:45:54+00:00,13442747,67732157301,51255883787271233396296,0,55908813750171290,1.3214513592646402
2025-05-16 06:46:05+00:00,13442758,67732147302,51255876219834165160893,0,55908805495773973,1.3214513592841501
2025-05-16 06:46:16+00:00,13442769,67732147303,51255876219079691685210,0,55908805495773973,1.3214513593231114
2025-05-16 06:46:20+00:00,13442773,67732134129,51255886219079691685210,0,55908805495773973,1.321450844484416
2025-05-16 06:46:27+00:00,13442780,67732134128,51255886220079691685210,0,55908805495773973,1.3214508444391246
2025-05-16 06:46:29+00:00,13442782,67732120954,51255896220079691685210,0,55908805495773973,1.3214503296006301
2025-05-16 06:46:36+00:00,13442789,67732120967,51255896230079691685210,0,55908805506504693,1.3214503295964453
2025-05-16 06:46:41+00:00,13442794,67732120966,51255896229285827144188,0,55908805505638763,1.3214503295974023
2025-05-16 06:46:53+00:00,13442806,67732220966,51255820781990524968971,0,55908805505638763,1.3214542257373956
2025-05-16 06:47:00+00:00,13442813,67732220967,51255820781236053129866,0,55908805505638763,1.321454225776357
2025-05-16 06:47:28+00:00,13442841,67732207793,51255830781236053129866,0,55908805505638763,1.3214537109365456
2025-05-16 06:47:45+00:00,13442858,67732194620,51255840780481580702897,0,55908805505638763,1.3214531961358964
2025-05-16 06:47:45+00:00,13442858,67732194619,51255840781236053129866,0,55908805505638763,1.321453196096935
2025-05-16 06:47:56+00:00,13442869,67732181446,51255850780481580702897,0,55908805505638763,1.3214526812964866
2025-05-16 06:48:07+00:00,13442880,67732168272,51255860780481580702897,0,55908805505638763,1.3214521664572778
2025-05-16 06:48:18+00:00,13442891,67732155098,51255870780481580702897,0,55908805505638763,1.3214516516182697
2025-05-16 06:48:27+00:00,13442900,67732155099,51255870779727107394120,0,55908805505638763,1.3214516516572312
2025-05-16 06:48:31+00:00,13442904,67732155100,51255870778972634085366,0,55908805505638763,1.3214516516961925
2025-05-16 06:48:31+00:00,13442904,67732155101,51255870778218160776634,0,55908805505638763,1.321451651735154
2025-05-16 06:48:37+00:00,13442910,67732155165,51255870827056190276682,0,55908805558466899,1.3214516517246753
2025-05-16 06:48:42+00:00,13442915,67732155098,51255870776186926382976,0,55908805502979796,1.3214516517289923
2025-05-16 06:48:47+00:00,13442920,67732155099,51255870776186926382975,0,55908805502979796,1.3214516517485022
2025-05-16 06:49:16+00:00,13442949,67732155100,51255870775432453074273,0,55908805502979796,1.3214516517874637
2025-05-16 06:49:35+00:00,13442968,67732141926,51255880775432453074273,0,55908805502979796,1.3214511369486566
2025-05-16 06:49:50+00:00,13442983,67732141925,51255880776432453074273,0,55908805502979796,1.321451136903365
2025-05-16 06:49:55+00:00,13442988,67732141924,51255880777432453074273,0,55908805502979796,1.3214511368580737
2025-05-16 06:50:00+00:00,13442993,67732141937,51255880787432453074273,0,55908805513710513,1.3214511368538886
2025-05-16 06:50:01+00:00,13442994,67732141938,51255880786677979471595,0,55908805513710513,1.3214511368928499
2025-05-16 06:50:05+00:00,13442998,67732128764,51255890786677979471595,0,55908805513710513,1.321450622054244
2025-05-16 06:50:46+00:00,13443039,67732128765,51255890785923505574996,0,55908805513710513,1.3214506220932052
2025-05-16 06:51:06+00:00,13443059,67732115591,51255900785923505574996,0,55908805513710513,1.3214501072548
2025-05-16 06:51:23+00:00,13443076,67732125591,51255893241182710818332,0,55908805513710513,1.3214504968685061
2025-05-16 06:51:31+00:00,13443084,67732125592,51255893240428236850259,0,55908805513710513,1.3214504969074676
2025-05-16 06:51:38+00:00,13443091,67732135592,51255900807870243495653,0,55908813768110478,1.3214504969074676
2025-05-16 06:51:49+00:00,13443102,67732135593,51255900807115769527602,0,55908813768110478,1.321450496946429
2025-05-16 06:51:59+00:00,13443112,67732135657,51255900855953799027650,0,55908813820938637,1.3214504969359513
2025-05-16 06:52:04+00:00,13443117,67732135590,51255900805084512849253,0,55908813765451534,1.3214504969402678
2025-05-16 06:52:16+00:00,13443129,67732135591,51255900804330038881221,0,55908813765451534,1.3214504969792291
2025-05-16 06:53:01+00:00,13443174,67732135592,51255900803575564913211,0,55908813765451534,1.3214504970181904
2025-05-16 06:53:11+00:00,13443184,67732135591,51255900804575564913211,0,55908813765451534,1.321450496972899
2025-05-16 06:53:16+00:00,13443189,67732135590,51255900805575564913211,0,55908813765451534,1.3214504969276077
2025-05-16 06:53:22+00:00,13443195,67732135603,51255900815575564913211,0,55908813776182253,1.3214504969234226
2025-05-16 06:53:29+00:00,13443202,67732122429,51255910815575564913211,0,55908813776182253,1.3214499820851426
2025-05-16 06:53:41+00:00,13443214,67732109255,51255920815575564913211,0,55908813776182253,1.3214494672470634
2025-05-16 06:53:46+00:00,13443219,67732109256,51255920814821090357281,0,55908813776182253,1.3214494672860249
2025-05-16 06:53:46+00:00,13443219,67732119256,51255913270076641735291,0,55908813776182253,1.3214498568995787
2025-05-16 06:53:55+00:00,13443228,67732129256,51255920837522313463062,0,55908822030584210,1.3214498568995787
2025-05-16 06:54:31+00:00,13443264,67732129257,51255920836767839129602,0,55908822030584210,1.3214498569385402
2025-05-16 06:54:57+00:00,13443290,67732109258,51255905701878322748375,0,55908805521782288,1.321449856958003
2025-05-16 06:55:06+00:00,13443299,67732096084,51255915701878322748375,0,55908805521782288,1.3214493421198967
2025-05-16 06:55:12+00:00,13443305,67732096085,51255915701123848121005,0,55908805521782288,1.3214493421588582
2025-05-16 06:55:16+00:00,13443309,67732096086,51255915700369373493657,0,55908805521782288,1.3214493421978195
2025-05-16 06:55:17+00:00,13443310,67732096087,51255915699614898866331,0,55908805521782288,1.321449342236781
2025-05-16 06:55:23+00:00,13443316,67732096151,51255915748452928366379,0,55908805574610470,1.3214493422263045
2025-05-16 06:55:27+00:00,13443320,67732082977,51255925748452928366379,0,55908805574610470,1.3214488273883995
2025-05-16 06:55:28+00:00,13443321,67732082910,51255925697583609980220,0,55908805519123367,1.3214488273927152
2025-05-16 06:55:33+00:00,13443326,67732082911,51255925697583609980219,0,55908805519123367,1.3214488274122251
2025-05-16 06:55:41+00:00,13443334,67732069737,51255935697583609980219,0,55908805519123367,1.3214483125745207
2025-05-16 06:56:01+00:00,13443354,67732069738,51255935696829134765035,0,55908805519123367,1.321448312613482
2025-05-16 06:56:02+00:00,13443355,67732079738,51255943264283650048038,0,55908813773530139,1.321448312613482
2025-05-16 06:56:12+00:00,13443365,67732069739,51255935696829135635497,0,55908805519123367,1.321448312632992
2025-05-16 06:56:30+00:00,13443383,67732056565,51255945696829135635497,0,55908805519123367,1.3214477977954884
2025-05-16 06:56:37+00:00,13443390,67732056564,51255945697829135635497,0,55908805519123367,1.321447797750197
2025-05-16 06:56:40+00:00,13443393,67732043390,51255955697829135635497,0,55908805519123367,1.3214472829128945
2025-05-16 06:56:42+00:00,13443395,67732043389,51255955698829135635497,0,55908805519123367,1.3214472828676032
2025-05-16 06:56:46+00:00,13443399,67732043390,51255955698074659832405,0,55908805519123367,1.3214472829065644
2025-05-16 06:56:47+00:00,13443400,67732043403,51255955708074659832405,0,55908805529854099,1.3214472829023802
2025-05-16 06:56:52+00:00,13443405,67732043402,51255955707280794370504,0,55908805528988169,1.321447282903337
2025-05-16 06:57:00+00:00,13443413,67732030228,51255965707280794370504,0,55908805528988169,1.3214467680662354
2025-05-16 06:57:15+00:00,13443428,67732040228,51255973274744154724922,0,55908813783399758,1.3214467680662354
2025-05-16 06:57:31+00:00,13443444,67732040229,51255973273989678627906,0,55908813783399758,1.3214467681051967
2025-05-16 06:57:39+00:00,13443452,67732027055,51255983273989678627906,0,55908813783399758,1.321446253268372
2025-05-16 06:58:16+00:00,13443489,67732027056,51255983273235202236968,0,55908813783399758,1.3214462533073332
2025-05-16 06:58:24+00:00,13443497,67732013882,51255993273235202236968,0,55908813783399758,1.3214457384707092
2025-05-16 06:58:38+00:00,13443511,67732023882,51256000840704458729376,0,55908822037814558,1.3214457384707092
2025-05-16 06:58:43+00:00,13443516,67732023883,51256000839949982044515,0,55908822037814558,1.3214457385096705
2025-05-16 06:58:47+00:00,13443520,67732010709,51256010839949982044515,0,55908822037814558,1.3214452236733236
2025-05-16 06:58:48+00:00,13443521,67732010710,51256010839195505065732,0,55908822037814558,1.321445223712285
2025-05-16 06:58:54+00:00,13443527,67732010774,51256010888033534565780,0,55908822090642822,1.3214452237018124
2025-05-16 06:59:00+00:00,13443533,67732010707,51256010837164146709558,0,55908822035155719,1.321445223706126
2025-05-16 06:59:01+00:00,13443534,67732010708,51256010836409669730793,0,55908830289572124,1.3214452237450873
2025-05-16 06:59:01+00:00,13443534,67732020708,51256018403881873882513,0,55908830289572124,1.3214452237450873
2025-05-16 06:59:16+00:00,13443549,67732030708,51256025971354078034233,0,55908838543988529,1.3214452237450873
2025-05-16 06:59:47+00:00,13443580,67732030709,51256025970599601055491,0,55908838543988529,1.3214452237840486
2025-05-16 06:59:53+00:00,13443586,67732017535,51256035970599601055491,0,55908838543988529,1.3214447089480545
2025-05-16 07:00:10+00:00,13443603,67732017534,51256035971599601055491,0,55908838543988529,1.3214447089027632
2025-05-16 07:00:11+00:00,13443604,67732004360,51256045971599601055491,0,55908838543988529,1.3214441940669701
2025-05-16 07:00:20+00:00,13443613,67731991186,51256055971599601055491,0,55908838543988529,1.3214436792313775
2025-05-16 07:00:21+00:00,13443614,67731991199,51256055981599601055491,0,55908838554719276,1.321443679227194
2025-05-16 07:00:27+00:00,13443620,67731991198,51256055980805734509459,0,55908838553853346,1.321443679228151
2025-05-16 07:00:34+00:00,13443627,67731991199,51256055980051256648876,0,55908838553853346,1.3214436792671123
2025-05-16 07:00:35+00:00,13443628,67731978025,51256065980051256648876,0,55908838553853346,1.3214431644317208
2025-05-16 07:00:53+00:00,13443646,67731964851,51256075980051256648876,0,55908838553853346,1.3214426495965301
2025-05-16 07:01:02+00:00,13443655,67731951677,51256085980051256648876,0,55908838553853346,1.3214421347615406
2025-05-16 07:01:20+00:00,13443673,67731951678,51256085979296777906479,0,55908838553853346,1.3214421348005017
2025-05-16 07:01:32+00:00,13443685,67731911679,51256055709378415912127,0,55908805536194147,1.3214421348189491
2025-05-16 07:01:53+00:00,13443706,67731921679,51256063276868309345940,0,55908813790620184,1.3214421348189491
2025-05-16 07:02:05+00:00,13443718,67731921680,51256063276113830603576,0,55908813790620184,1.3214421348579104
2025-05-16 07:02:10+00:00,13443723,67732021680,51255987828350652853441,0,55908813790620184,1.321446030985206
2025-05-16 07:02:19+00:00,13443732,67732021681,51255987827596176335591,0,55908813790620184,1.3214460310241674
2025-05-16 07:02:24+00:00,13443737,67732021682,51255987826841699817763,0,55908813790620184,1.3214460310631286
2025-05-16 07:02:30+00:00,13443743,67732021746,51255987875679729317811,0,55908813843448432,1.3214460310526552
2025-05-16 07:02:35+00:00,13443748,67732021679,51255987824810356796544,0,55908813787961329,1.3214460310569696
2025-05-16 07:02:40+00:00,13443753,67732021680,51255987824810356796543,0,55908813787961329,1.3214460310764795
2025-05-16 07:02:50+00:00,13443763,67732021681,51255987824055880278745,0,55908813787961329,1.3214460311154408
2025-05-16 07:02:57+00:00,13443770,67732008507,51255997824055880278745,0,55908813787961329,1.3214455162789058
2025-05-16 07:03:22+00:00,13443795,67731998507,51255990256575650848362,0,55908805533535292,1.321445516279156
2025-05-16 07:03:45+00:00,13443818,67731998506,51255990257575650848362,0,55908805533535292,1.3214455162338647
2025-05-16 07:03:46+00:00,13443819,67731985332,51256000257575650848362,0,55908805533535292,1.3214450013974548
2025-05-16 07:03:55+00:00,13443828,67731985345,51256000267575650848362,0,55908805544266034,1.3214450013932708
2025-05-16 07:04:00+00:00,13443833,67731985344,51256000266781784696517,0,55908805543400104,1.3214450013942278
2025-05-16 07:04:02+00:00,13443835,67731972170,51256010266781784696517,0,55908805543400104,1.3214444865580188
2025-05-16 07:04:18+00:00,13443851,67731972171,51256010266027307296879,0,55908805543400104,1.32144448659698
2025-05-16 07:04:52+00:00,13443885,67731982171,51256017833503732850155,0,55908813797818770,1.32144448659698
2025-05-16 07:05:03+00:00,13443896,67731982172,51256017832749255450539,0,55908813797818770,1.3214444866359414
2025-05-16 07:05:15+00:00,13443908,67731968998,51256027832749255450539,0,55908813797818770,1.3214439718000093
2025-05-16 07:05:24+00:00,13443917,67731955824,51256037832749255450539,0,55908813797818770,1.3214434569642781
2025-05-16 07:05:48+00:00,13443941,67731955825,51256037831994777463055,0,55908813797818770,1.3214434570032394
2025-05-16 07:05:55+00:00,13443948,67731945827,51256030263760922263364,0,55908805543400104,1.3214434570616347
2025-05-16 07:05:55+00:00,13443948,67731955826,51256037831240299475593,0,55908805543400104,1.3214434570422007
2025-05-16 07:06:01+00:00,13443954,67731945828,51256030263006444275935,0,55908805543400104,1.321443457100596
2025-05-16 07:06:07+00:00,13443960,67731945892,51256030311844473775983,0,55908805596228404,1.321443457090125
2025-05-16 07:06:09+00:00,13443962,67731955892,51256037879326794979818,0,55908813850650281,1.321443457090125
2025-05-16 07:06:12+00:00,13443965,67731955825,51256037828457372838625,0,55908813795163178,1.321443457094438
2025-05-16 07:06:17+00:00,13443970,67731955826,51256037828457372838624,0,55908813795163178,1.321443457113948
2025-05-16 07:06:25+00:00,13443978,67731942652,51256047828457372838624,0,55908813795163178,1.3214429422784175
2025-05-16 07:06:32+00:00,13443985,67731942653,51256047827702894557280,0,55908813795163178,1.3214429423173788
2025-05-16 07:06:59+00:00,13444012,67731952653,51256055395188163700471,0,55908822049586660,1.3214429423173788
2025-05-16 07:07:18+00:00,13444031,67731952654,51256055394433685419149,0,55908822049586660,1.3214429423563399
2025-05-16 07:07:23+00:00,13444036,67731952653,51256055395433685419149,0,55908822049586660,1.3214429423110488
2025-05-16 07:07:25+00:00,13444038,67731932654,51256040260464619444915,0,55908805540741301,1.3214429423305207
2025-05-16 07:07:29+00:00,13444042,67731932653,51256040261464619444915,0,55908805540741301,1.3214429422852296
2025-05-16 07:07:34+00:00,13444047,67731932666,51256040271464619444915,0,55908805551472051,1.321442942281046
2025-05-16 07:07:39+00:00,13444052,67731932665,51256040270670752673582,0,55908805550606121,1.321442942282003
2025-05-16 07:07:58+00:00,13444071,67731942665,51256047838156022019358,0,55908813805029603,1.321442942282003
2025-05-16 07:08:02+00:00,13444075,67731942666,51256047837401543738016,0,55908813805029603,1.3214429423209644
2025-05-16 07:08:33+00:00,13444106,67731929492,51256057837401543738016,0,55908813805029603,1.321442427485635
2025-05-16 07:08:47+00:00,13444120,67731929493,51256057836647065162751,0,55908813805029603,1.3214424275245962
2025-05-16 07:09:10+00:00,13444143,67731939493,51256065404135282362337,0,55908822059454690,1.3214424275245962
2025-05-16 07:09:29+00:00,13444162,67731939494,51256065403380803787094,0,55908822059454690,1.3214424275635575
2025-05-16 07:09:33+00:00,13444166,67731939495,51256065402626325211873,0,55908822059454690,1.3214424276025187
2025-05-16 07:09:34+00:00,13444167,67731939496,51256065401871846636674,0,55908822059454690,1.32144242764148
2025-05-16 07:09:39+00:00,13444172,67731939560,51256065450709876136722,0,55908822112283010,1.32144242763101
2025-05-16 07:09:41+00:00,13444174,67731919561,51256050315734915134655,0,55908805603434441,1.321442427650482
2025-05-16 07:09:49+00:00,13444182,67731919562,51256050315734915134654,0,55908805603434441,1.3214424276699919
2025-05-16 07:10:18+00:00,13444211,67731929562,51256057883223131501604,0,55908813857859528,1.3214424276699919
2025-05-16 07:10:20+00:00,13444213,67731929563,51256057882468652926444,0,55908813857859528,1.3214424277089531
2025-05-16 07:10:43+00:00,13444236,67731939563,51256065449956869070275,0,55908822112284615,1.3214424277089531
2025-05-16 07:10:53+00:00,13444246,67731939562,51256065450956869070275,0,55908822112284615,1.321442427663662
2025-05-16 07:10:58+00:00,13444251,67731926388,51256075450956869070275,0,55908822112284615,1.32144191282861
2025-05-16 07:11:07+00:00,13444260,67731926389,51256075450202390201166,0,55908822111418685,1.3214419128675712
2025-05-16 07:11:07+00:00,13444260,67731926388,51256075449408523120128,0,55908822111418685,1.3214419128685282
2025-05-16 07:11:08+00:00,13444261,67731913214,51256085449408523120128,0,55908822111418685,1.3214413980336768
2025-05-16 07:11:34+00:00,13444287,67731923214,51256093016902635897386,0,55908830365846983,1.3214413980336768
2025-05-16 07:11:45+00:00,13444298,67731893215,51256070314426185242596,0,55908805602568511,1.3214413980530348
2025-05-16 07:11:53+00:00,13444306,67731880042,51256080313671706079575,0,55908805602568511,1.3214408832571938
2025-05-16 07:11:53+00:00,13444306,67731893216,51256070313671706079575,0,55908805602568511,1.3214413980919961
2025-05-16 07:12:03+00:00,13444316,67731890042,51256072768878247093426,0,55908805602568511,1.3214412728695353
2025-05-16 07:12:05+00:00,13444318,67731900042,51256080336373076647830,0,55908813856997195,1.3214412728695353
2025-05-16 07:12:37+00:00,13444350,67731900043,51256080335618597413335,0,55908813856997195,1.3214412729084966
2025-05-16 07:12:43+00:00,13444356,67731910043,51256087903113426744620,0,55908822111425879,1.3214412729084966
2025-05-16 07:12:56+00:00,13444369,67731910044,51256087902358947510147,0,55908822111425879,1.3214412729474578
2025-05-16 07:13:01+00:00,13444374,67731910045,51256087901604468275697,0,55908822111425879,1.3214412729864191
2025-05-16 07:13:07+00:00,13444380,67731910109,51256087950442497775745,0,55908822164254222,1.3214412729759504
2025-05-16 07:13:12+00:00,13444385,67731910042,51256087899573033505371,0,55908822108767119,1.321441272980262
2025-05-16 07:13:17+00:00,13444390,67731910043,51256087899573033505370,0,55908822108767119,1.321441272999772
2025-05-16 07:13:22+00:00,13444395,67731910044,51256087898818554270949,0,55908822108767119,1.3214412730387333
2025-05-16 07:13:30+00:00,13444403,67731890044,51256072763828897055902,0,55908805599909751,1.3214412730387333
2025-05-16 07:13:44+00:00,13444417,67731900044,51256080331323725641361,0,55908813854338434,1.3214412730387333
2025-05-16 07:13:53+00:00,13444426,67731886870,51256090331323725641361,0,55908813854338434,1.321440758204056
2025-05-16 07:14:08+00:00,13444441,67731873697,51256100330569246113017,0,55908813854338434,1.3214402434085406
2025-05-16 07:14:08+00:00,13444441,67731886871,51256090330569246113017,0,55908813854338434,1.321440758243017
2025-05-16 07:14:21+00:00,13444454,67731873696,51256100331569246113017,0,55908813854338434,1.3214402433632495
2025-05-16 07:14:23+00:00,13444456,67731860522,51256110331569246113017,0,55908813854338434,1.3214397285289738
2025-05-16 07:14:32+00:00,13444465,67731860535,51256110341569246113017,0,55908813865069197,1.321439728524791
2025-05-16 07:14:36+00:00,13444469,67731860534,51256110340775378374468,0,55908813864203267,1.321439728525748
2025-05-16 07:14:37+00:00,13444470,67731870534,51256117908279051929377,0,55908822118636767,1.321439728525748
2025-05-16 07:14:44+00:00,13444477,67731857360,51256127908279051929377,0,55908822118636767,1.3214392136917494
2025-05-16 07:14:52+00:00,13444485,67731857361,51256127907524571519189,0,55908822118636767,1.3214392137307105
2025-05-16 07:14:54+00:00,13444487,67731844187,51256137907524571519189,0,55908822118636767,1.321438698896913
2025-05-16 07:14:56+00:00,13444489,67731824188,51256122772515736015615,0,55908805609774584,1.321438698916157
2025-05-16 07:15:11+00:00,13444504,67731924188,51256047324556382757168,0,55908805609774584,1.3214425950389301
2025-05-16 07:15:33+00:00,13444526,67731911014,51256057324556382757168,0,55908805609774584,1.3214420802036633
2025-05-16 07:15:34+00:00,13444527,67731921014,51256049779769757754406,0,55908805609774584,1.3214424698161797
2025-05-16 07:15:42+00:00,13444535,67731907840,51256059779769757754406,0,55908805609774584,1.321441954980962
2025-05-16 07:15:59+00:00,13444552,67731917840,51256067347260681064821,0,55908813864201100,1.321441954980962
2025-05-16 07:16:03+00:00,13444556,67731904666,51256077347260681064821,0,55908813864201100,1.321441440146021
2025-05-16 07:16:18+00:00,13444571,67731881493,51256079779768281940908,0,55908805609774584,1.321440925330677
2025-05-16 07:16:18+00:00,13444571,67731894667,51256069779768281940908,0,55908805609774584,1.321441440165493
2025-05-16 07:16:30+00:00,13444583,67731881494,51256079779013802507985,0,55908805609774584,1.3214409253696382
2025-05-16 07:16:35+00:00,13444588,67731881495,51256079778259323075084,0,55908805609774584,1.3214409254085995
2025-05-16 07:16:38+00:00,13444591,67731868321,51256089778259323075084,0,55908805609774584,1.3214404105739843
2025-05-16 07:16:41+00:00,13444594,67731868385,51256089827097352575132,0,55908813917034276,1.3214404105635165
2025-05-16 07:16:41+00:00,13444594,67731878385,51256097394597120298740,0,55908813917034276,1.3214404105635165
2025-05-16 07:16:46+00:00,13444599,67731878318,51256097343727639151591,0,55908813861547173,1.321440410567828
2025-05-16 07:16:51+00:00,13444604,67731878319,51256097343727639151590,0,55908813861547173,1.3214404105873376
2025-05-16 07:16:59+00:00,13444612,67731865145,51256107343727639151590,0,55908813861547173,1.3214398957529994
2025-05-16 07:17:06+00:00,13444619,67731865146,51256107342973159130827,0,55908813861547173,1.3214398957919606
2025-05-16 07:17:13+00:00,13444626,67731875146,51256114910475874800566,0,55908822115980111,1.3214398957919606
2025-05-16 07:17:22+00:00,13444635,67731855147,51256099775471915868826,0,55908805607115841,1.3214398958114326
2025-05-16 07:17:52+00:00,13444665,67731855148,51256099774717435848096,0,55908805607115841,1.3214398958503937
2025-05-16 07:17:54+00:00,13444667,67731841974,51256109774717435848096,0,55908805607115841,1.3214393810161804
2025-05-16 07:18:01+00:00,13444674,67731841973,51256109775717435848096,0,55908805607115841,1.3214393809708893
2025-05-16 07:18:02+00:00,13444675,67731828799,51256119775717435848096,0,55908805607115841,1.3214388661368768
2025-05-16 07:18:11+00:00,13444684,67731828798,51256119774923567846171,0,55908805606249911,1.3214388661378338
2025-05-16 07:18:11+00:00,13444684,67731815624,51256129774923567846171,0,55908805606249911,1.3214383513040222
2025-05-16 07:18:21+00:00,13444694,67731802450,51256139774923567846171,0,55908805606249911,1.3214378364704114
2025-05-16 07:18:37+00:00,13444710,67731802451,51256139774169086649653,0,55908805606249911,1.3214378365093726
2025-05-16 07:18:41+00:00,13444714,67731902451,51256064326160494007317,0,55908805606249911,1.3214417326308534
2025-05-16 07:18:50+00:00,13444723,67731889277,51256074326160494007317,0,55908805606249911,1.3214412177959256
2025-05-16 07:19:14+00:00,13444747,67731899277,51256081893655638951654,0,55908813860678689,1.3214412177959256
2025-05-16 07:19:21+00:00,13444754,67731899278,51256081892901159685715,0,55908813860678689,1.3214412178348869
2025-05-16 07:19:28+00:00,13444761,67731909278,51256089460396304406933,0,55908822115107467,1.3214412178348869
2025-05-16 07:20:00+00:00,13444793,67731909279,51256089459641825141016,0,55908822115107467,1.3214412178738482
2025-05-16 07:20:05+00:00,13444798,67731909280,51256089458887345875121,0,55908822115107467,1.3214412179128092
2025-05-16 07:20:06+00:00,13444799,67731909281,51256089458132866609248,0,55908822115107467,1.3214412179517705
2025-05-16 07:20:11+00:00,13444804,67731896107,51256099458132866609248,0,55908822115107467,1.3214407031171955
2025-05-16 07:20:12+00:00,13444805,67731896171,51256099506970896109296,0,55908822167935821,1.3214407031067272
2025-05-16 07:20:17+00:00,13444810,67731896104,51256099456101420372914,0,55908822112448718,1.321440703111039
2025-05-16 07:20:22+00:00,13444815,67731896105,51256099456101420372913,0,55908822112448718,1.3214407031305488
2025-05-16 07:20:40+00:00,13444833,67731882931,51256109456101420372913,0,55908822112448718,1.3214401882961746
2025-05-16 07:20:52+00:00,13444845,67731882932,51256109455346940519178,0,55908822112448718,1.3214401883351359
2025-05-16 07:21:04+00:00,13444857,67731862933,51256094320350746695662,0,55908805603591162,1.321440188354494
2025-05-16 07:21:25+00:00,13444878,67731862932,51256094321350746695662,0,55908805603591162,1.321440188309203
2025-05-16 07:21:30+00:00,13444883,67731849758,51256104321350746695662,0,55908805603591162,1.3214396734748777
2025-05-16 07:21:30+00:00,13444883,67731849757,51256104322350746695662,0,55908805603591162,1.3214396734295868
2025-05-16 07:21:35+00:00,13444888,67731849770,51256104332350746695662,0,55908805614321925,1.321439673425404
2025-05-16 07:21:36+00:00,13444889,67731849771,51256104331596266547960,0,55908805614321925,1.3214396734643652
2025-05-16 07:22:06+00:00,13444919,67731836597,51256114331596266547960,0,55908805614321925,1.3214391586302408
2025-05-16 07:22:22+00:00,13444935,67731836598,51256114330841786106334,0,55908805614321925,1.321439158669202
2025-05-16 07:22:37+00:00,13444950,67731823424,51256124330841786106334,0,55908805614321925,1.3214386438352788
2025-05-16 07:22:52+00:00,13444965,67731810250,51256134330841786106334,0,55908805614321925,1.3214381290015562
2025-05-16 07:23:01+00:00,13444974,67731797076,51256144330841786106334,0,55908805614321925,1.3214376141680346
2025-05-16 07:23:06+00:00,13444979,67731797077,51256144330087304782891,0,55908805614321925,1.3214376142069957
2025-05-16 07:23:10+00:00,13444983,67731783903,51256154330087304782891,0,55908805614321925,1.321437099373675
2025-05-16 07:23:24+00:00,13444997,67731793903,51256161897606034762340,0,55908813868763546,1.321437099373675
2025-05-16 07:23:29+00:00,13445002,67731793904,51256161896851553144973,0,55908813868763546,1.321437099412636
2025-05-16 07:23:33+00:00,13445006,67731893904,51256086448800875667567,0,55908813868763546,1.3214409955324353
2025-05-16 07:23:34+00:00,13445007,67731893905,51256086448046396274726,0,55908813868763546,1.3214409955713966
2025-05-16 07:23:40+00:00,13445013,67731893969,51256086496884425774774,0,55908813921591894,1.321440995560928
2025-05-16 07:23:45+00:00,13445018,67731893902,51256086446014955447285,0,55908813866104791,1.32144099556524
2025-05-16 07:23:50+00:00,13445023,67731893903,51256086446014955447284,0,55908813866104791,1.3214409955847497
2025-05-16 07:23:51+00:00,13445024,67731893904,51256086445260476054473,0,55908813866104791,1.321440995623711
2025-05-16 07:24:29+00:00,13445062,67731903904,51256094012756893312263,0,55908822120534224,1.321440995623711
2025-05-16 07:24:36+00:00,13445069,67731903905,51256094012002413919474,0,55908822120534224,1.3214409956626723
2025-05-16 07:24:50+00:00,13445083,67731883905,51256078876998407725901,0,55908805611663170,1.3214409956629602
2025-05-16 07:24:53+00:00,13445086,67731883904,51256078877998407725901,0,55908805611663170,1.3214409956176691
2025-05-16 07:24:58+00:00,13445091,67731883903,51256078878998407725901,0,55908805611663170,1.321440995572378
2025-05-16 07:25:03+00:00,13445096,67731883916,51256078888998407725901,0,55908805622393928,1.321440995568195
2025-05-16 07:25:09+00:00,13445102,67731883915,51256078888204540357457,0,55908805621527998,1.321440995569152
2025-05-16 07:25:10+00:00,13445103,67731893915,51256086455700957927690,0,55908813875957432,1.321440995569152
2025-05-16 07:25:19+00:00,13445112,67731880741,51256096455700957927690,0,55908813875957432,1.3214404807345903
2025-05-16 07:25:20+00:00,13445113,67731880742,51256096454946478240924,0,55908813875957432,1.3214404807735514
2025-05-16 07:25:47+00:00,13445140,67731867568,51256106454946478240924,0,55908813875957432,1.3214399659391907
2025-05-16 07:26:04+00:00,13445157,67731867569,51256106454191998260234,0,55908813875957432,1.3214399659781517
2025-05-16 07:26:14+00:00,13445167,67731854395,51256116454191998260234,0,55908813875957432,1.3214394511439918
2025-05-16 07:26:28+00:00,13445181,67731864395,51256124021697260300682,0,55908822130391682,1.3214394511439918
2025-05-16 07:26:44+00:00,13445197,67731851221,51256134021697260300682,0,55908822130391682,1.3214389363101087
2025-05-16 07:26:49+00:00,13445202,67731851222,51256134020942779732122,0,55908822130391682,1.32143893634907
2025-05-16 07:26:58+00:00,13445211,67731851223,51256134020188299163584,0,55908822130391682,1.321438936388031
2025-05-16 07:27:03+00:00,13445216,67731851224,51256134019433818595068,0,55908822130391682,1.3214389364269923
2025-05-16 07:27:09+00:00,13445222,67731851288,51256134068271848095116,0,55908822183220071,1.3214389364165258
2025-05-16 07:27:14+00:00,13445227,67731851221,51256134017402338072035,0,55908822127732968,1.3214389364208365
2025-05-16 07:27:19+00:00,13445232,67731851222,51256134017402338072034,0,55908822127732968,1.3214389364403463
2025-05-16 07:27:34+00:00,13445247,67731851223,51256134016647857503548,0,55908822127732968,1.3214389364793075
2025-05-16 07:27:53+00:00,13445266,67731838049,51256144016647857503548,0,55908822127732968,1.3214384216456252
2025-05-16 07:28:20+00:00,13445293,67731838050,51256144015893376641138,0,55908822127732968,1.3214384216845865
2025-05-16 07:28:22+00:00,13445295,67731838049,51256144016893376641138,0,55908822127732968,1.3214384216392954
2025-05-16 07:28:26+00:00,13445299,67731824875,51256154016893376641138,0,55908822127732968,1.321437906805814
2025-05-16 07:28:27+00:00,13445300,67731824874,51256154017893376641138,0,55908822127732968,1.321437906760523
2025-05-16 07:28:36+00:00,13445309,67731824873,51256154017099508343443,0,55908822126867038,1.32143790676148
2025-05-16 07:29:05+00:00,13445338,67731824874,51256154016345027187058,0,55908822126867038,1.3214379068004412
2025-05-16 07:29:21+00:00,13445354,67731811700,51256164016345027187058,0,55908822126867038,1.3214373919671607
2025-05-16 07:29:41+00:00,13445374,67731821700,51256171583862081561823,0,55908830381307709,1.3214373919671607
2025-05-16 07:29:50+00:00,13445383,67731821701,51256171583107600111513,0,55908830381307709,1.3214373920061218
2025-05-16 07:29:55+00:00,13445388,67731831701,51256179150624654263158,0,55908838635748380,1.3214373920061218
2025-05-16 07:30:23+00:00,13445416,67731831702,51256179149870172812871,0,55908838635748380,1.321437392045083
2025-05-16 07:30:25+00:00,13445418,67731791703,51256148879818147527455,0,55908805618003354,1.3214373920641755
2025-05-16 07:30:28+00:00,13445421,67731791704,51256148879063666077201,0,55908805618003354,1.3214373921031366
2025-05-16 07:30:34+00:00,13445427,67731791768,51256148927901695577249,0,55908805670831774,1.3214373920926716
2025-05-16 07:30:36+00:00,13445429,67731791769,51256148927147214127011,0,55908805670831774,1.3214373921316327
2025-05-16 07:30:39+00:00,13445432,67731791702,51256148876277674333073,0,55908805615344671,1.3214373921359428
2025-05-16 07:30:44+00:00,13445437,67731791703,51256148876277674333072,0,55908805615344671,1.3214373921554525
2025-05-16 07:30:52+00:00,13445445,67731778529,51256158876277674333072,0,55908805615344671,1.3214368773222207
2025-05-16 07:31:22+00:00,13445475,67731778530,51256158875523192588923,0,55908805615344671,1.321436877361182
2025-05-16 07:31:43+00:00,13445496,67731765356,51256168875523192588923,0,55908805615344671,1.321436362528151
2025-05-16 07:31:52+00:00,13445505,67731765355,51256168876523192588923,0,55908805615344671,1.3214363624828602
2025-05-16 07:31:57+00:00,13445510,67731775368,51256176454046142572338,0,55908813880519330,1.321436362478678
2025-05-16 07:31:57+00:00,13445510,67731765368,51256168886523192588923,0,55908813880519330,1.321436362478678
2025-05-16 07:32:02+00:00,13445515,67731775367,51256176453252273810041,0,55908813879653400,1.321436362479635
2025-05-16 07:32:06+00:00,13445519,67731762193,51256186453252273810041,0,55908813879653400,1.321435847646881
2025-05-16 07:32:08+00:00,13445521,67731762194,51256186452497791477993,0,55908813879653400,1.321435847685842
2025-05-16 07:32:20+00:00,13445533,67731772194,51256194020023689547467,0,55908822134098887,1.321435847685842
2025-05-16 07:32:38+00:00,13445551,67731759020,51256204020023689547467,0,55908822134098887,1.3214353328533652
2025-05-16 07:32:54+00:00,13445567,67731759021,51256204019269206921494,0,55908822134098887,1.3214353328923263
2025-05-16 07:33:26+00:00,13445599,67731745847,51256214019269206921494,0,55908822134098887,1.3214348180600501
2025-05-16 07:33:39+00:00,13445612,67731745848,51256214018514724001596,0,55908822134098887,1.3214348180990114
2025-05-16 07:33:52+00:00,13445625,67731745849,51256214017760241081720,0,55908822134098887,1.3214348181379725
2025-05-16 07:33:54+00:00,13445627,67731725850,51256198882704012148894,0,55908805625209518,1.3214348181572926
2025-05-16 07:33:57+00:00,13445630,67731725851,51256198881949529229052,0,55908805625209518,1.3214348181962536
2025-05-16 07:34:03+00:00,13445636,67731725915,51256198930787558729100,0,55908805678037989,1.3214348181857911
2025-05-16 07:34:09+00:00,13445642,67731735915,51256206498319352487253,0,55908813932486686,1.3214348181857911
2025-05-16 07:34:24+00:00,13445657,67731735916,51256206497564869567427,0,55908813932486686,1.3214348182247522
2025-05-16 07:34:25+00:00,13445658,67731725917,51256198930033076675229,0,55908805678037989,1.3214348182442621
2025-05-16 07:34:55+00:00,13445688,67731735917,51256206497564870098534,0,55908813932486686,1.3214348182442621
2025-05-16 07:35:10+00:00,13445703,67731735918,51256206496810387178741,0,55908813932486686,1.3214348182832232
2025-05-16 07:35:17+00:00,13445710,67731735917,51256206497810387178741,0,55908813932486686,1.3214348182379325
2025-05-16 07:35:23+00:00,13445716,67731735916,51256206498810387178741,0,55908813932486686,1.3214348181926416
2025-05-16 07:35:28+00:00,13445721,67731735929,51256206508810387178741,0,55908813943217469,1.3214348181884596
2025-05-16 07:35:35+00:00,13445728,67731725930,51256198941278594078705,0,55908805688768772,1.3214348182079696
2025-05-16 07:35:53+00:00,13445746,67731725931,51256198940524111158892,0,55908805688768772,1.3214348182469307
2025-05-16 07:35:55+00:00,13445748,67731712757,51256208940524111158892,0,55908805688768772,1.321434303414704
2025-05-16 07:36:10+00:00,13445763,67731722757,51256216508058852885445,0,55908813943219074,1.321434303414704
2025-05-16 07:36:33+00:00,13445786,67731712758,51256208940524112048063,0,55908805688768772,1.3214343034342138
2025-05-16 07:36:37+00:00,13445790,67731712759,51256208939769628834336,0,55908805688768772,1.3214343034731748
2025-05-16 07:36:49+00:00,13445802,67731812759,51256133491559315720264,0,55908805688768772,1.3214381995893982
2025-05-16 07:37:18+00:00,13445831,67731812760,51256133490804834731070,0,55908805688768772,1.3214381996283595
2025-05-16 07:37:22+00:00,13445835,67731812761,51256133490050353741898,0,55908805688768772,1.3214381996673206
2025-05-16 07:37:23+00:00,13445836,67731812762,51256133489295872752749,0,55908805688768772,1.3214381997062818
2025-05-16 07:37:29+00:00,13445842,67731812826,51256133538133902252797,0,55908805741597175,1.321438199695816
2025-05-16 07:37:38+00:00,13445851,67731812827,51256133538133902252796,0,55908805741597175,1.321438199715326
2025-05-16 07:37:54+00:00,13445867,67731799653,51256143538133902252796,0,55908805741597175,1.3214376848817826
2025-05-16 07:38:04+00:00,13445877,67731786479,51256153538133902252796,0,55908805741597175,1.32143717004844
2025-05-16 07:38:21+00:00,13445894,67731773305,51256163538133902252796,0,55908805741597175,1.3214366552152985
2025-05-16 07:38:41+00:00,13445914,67731773304,51256163539133902252796,0,55908805741597175,1.3214366551700076
2025-05-16 07:38:46+00:00,13445919,67731773303,51256163540133902252796,0,55908805741597175,1.3214366551247168
2025-05-16 07:38:51+00:00,13445924,67731773304,51256163539379420381782,0,55908805741597175,1.3214366551636778
2025-05-16 07:38:58+00:00,13445931,67731760130,51256173539379420381782,0,55908805741597175,1.321436140330737
2025-05-16 07:39:36+00:00,13445969,67731760131,51256173538624938216844,0,55908805741597175,1.3214361403696984
2025-05-16 07:40:03+00:00,13445996,67731746957,51256183538624938216844,0,55908805741597175,1.3214356255369586
2025-05-16 07:40:21+00:00,13446014,67731746958,51256183537870455757981,0,55908805741597175,1.3214356255759196
2025-05-16 07:40:33+00:00,13446026,67731733784,51256193537870455757981,0,55908805741597175,1.3214351107433806
2025-05-16 07:40:41+00:00,13446034,67731733785,51256193537115973005193,0,55908805741597175,1.3214351107823419
2025-05-16 07:40:46+00:00,13446039,67731733786,51256193536361490252427,0,55908805741597175,1.321435110821303
2025-05-16 07:40:51+00:00,13446044,67731733850,51256193585199519752475,0,55908805794425640,1.3214351108108402
2025-05-16 07:40:56+00:00,13446049,67731733783,51256193534329935749780,0,55908805738938537,1.321435110815149
2025-05-16 07:41:01+00:00,13446054,67731733784,51256193534329935749779,0,55908805738938537,1.3214351108346587
2025-05-16 07:41:06+00:00,13446059,67731733785,51256193533575452997043,0,55908805738938537,1.32143511087362
2025-05-16 07:41:18+00:00,13446071,67731720611,51256203533575452997043,0,55908805738938537,1.3214345960412819
2025-05-16 07:41:27+00:00,13446080,67731707437,51256213533575452997043,0,55908805738938537,1.3214340812091445
2025-05-16 07:41:42+00:00,13446095,67731717437,51256221101111467241321,0,55908813993389495,1.3214340812091445
2025-05-16 07:41:52+00:00,13446105,67731717438,51256221100356983900712,0,55908813993389495,1.3214340812481058
2025-05-16 07:42:03+00:00,13446116,67731717437,51256221101356983900712,0,55908813993389495,1.321434081202815
2025-05-16 07:42:11+00:00,13446124,67731717450,51256221111356983900712,0,55908814004120281,1.3214340811986331
2025-05-16 07:42:15+00:00,13446128,67731727450,51256228678892998205186,0,55908822258571239,1.3214340811986331
2025-05-16 07:42:16+00:00,13446129,67731727449,51256228678099128752980,0,55908822257705309,1.32143408119959
2025-05-16 07:42:25+00:00,13446138,67731714275,51256238678099128752980,0,55908822257705309,1.3214335663678058
2025-05-16 07:42:36+00:00,13446149,67731714276,51256238677344645118419,0,55908822257705309,1.321433566406767
2025-05-16 07:43:07+00:00,13446180,67731724276,51256246244883607513578,0,55908830512157873,1.321433566406767
2025-05-16 07:43:21+00:00,13446194,67731724277,51256246244129123879039,0,55908830512157873,1.321433566445728
2025-05-16 07:44:02+00:00,13446235,67731724278,51256246243374640244522,0,55908830512157873,1.3214335664846892
2025-05-16 07:44:07+00:00,13446240,67731724279,51256246242620156610027,0,55908830512157873,1.3214335665236503
2025-05-16 07:44:13+00:00,13446246,67731724343,51256246291458186110075,0,55908830564986369,1.3214335665131889
2025-05-16 07:44:18+00:00,13446251,67731724276,51256246240588572336601,0,55908830509499266,1.321433566517497
2025-05-16 07:44:24+00:00,13446257,67731724277,51256246240588572336600,0,55908830509499266,1.3214335665370067
2025-05-16 07:44:49+00:00,13446282,67731724278,51256246239834088702135,0,55908830509499266,1.3214335665759678
2025-05-16 07:44:51+00:00,13446284,67731711104,51256256239834088702135,0,55908830509499266,1.3214330517444604
2025-05-16 07:45:05+00:00,13446298,67731697930,51256266239834088702135,0,55908830509499266,1.3214325369131539
2025-05-16 07:45:20+00:00,13446313,67731684756,51256276239834088702135,0,55908830509499266,1.3214320220820481
2025-05-16 07:45:29+00:00,13446322,67731684755,51256276240834088702135,0,55908830509499266,1.3214320220367575
2025-05-16 07:45:34+00:00,13446327,67731684754,51256276241834088702135,0,55908830509499266,1.3214320219914668
2025-05-16 07:45:34+00:00,13446327,67731684755,51256276241079604185798,0,55908830509499266,1.3214320220304279
2025-05-16 07:45:39+00:00,13446332,67731684768,51256276251079604185798,0,55908830520230060,1.3214320220262465
2025-05-16 07:45:43+00:00,13446336,67731684767,51256276250285734114092,0,55908830519364130,1.3214320220272033
2025-05-16 07:46:01+00:00,13446354,67731694767,51256283817833540817793,0,55908838773821510,1.3214320220272033
2025-05-16 07:46:19+00:00,13446372,67731694768,51256283817079056301476,0,55908838773821510,1.3214320220661644
2025-05-16 07:46:27+00:00,13446380,67731704768,51256291384626862782055,0,55908847028278890,1.3214320220661644
2025-05-16 07:46:42+00:00,13446395,67731691594,51256301384626862782055,0,55908847028278890,1.3214315072354117
2025-05-16 07:46:51+00:00,13446404,67731678420,51256311384626862782055,0,55908847028278890,1.32143099240486
2025-05-16 07:47:04+00:00,13446417,67731678421,51256311383872377677865,0,55908847028278890,1.321430992443821
2025-05-16 07:47:24+00:00,13446437,67731665247,51256321383872377677865,0,55908847028278890,1.3214304776134702
2025-05-16 07:47:33+00:00,13446446,67731765248,51256245934689140715810,0,55908847028278890,1.3214343737601075
2025-05-16 07:47:33+00:00,13446446,67731665248,51256321383117892279749,0,55908847028278890,1.3214304776524313
2025-05-16 07:47:38+00:00,13446451,67731765249,51256245933934657542236,0,55908847028278890,1.3214343737990686
2025-05-16 07:47:42+00:00,13446455,67731752075,51256255933934657542236,0,55908847028278890,1.3214338589674006
2025-05-16 07:47:44+00:00,13446457,67731752139,51256255982772687042284,0,55908847081107380,1.321433858956939
2025-05-16 07:47:50+00:00,13446463,67731752140,51256255982018203574779,0,55908847081107380,1.3214338589959
2025-05-16 07:47:53+00:00,13446466,67731752141,51256255982018203574778,0,55908847081107380,1.3214338590154098
2025-05-16 07:48:06+00:00,13446479,67731762141,51256263549555490269492,0,55908855335558994,1.3214338590154098
2025-05-16 07:48:27+00:00,13446500,67731748967,51256273549555490269492,0,55908855335558994,1.3214333441840191
2025-05-16 07:48:36+00:00,13446509,67731748968,51256273548801006508073,0,55908855335558994,1.3214333442229802
2025-05-16 07:48:56+00:00,13446529,67731748967,51256273549801006508073,0,55908855335558994,1.3214333441776895
2025-05-16 07:49:05+00:00,13446538,67731748980,51256273559801006508073,0,55908855346289783,1.321433344173508
2025-05-16 07:49:10+00:00,13446543,67731748979,51256273559007136830565,0,55908855345423853,1.3214333441744648
2025-05-16 07:49:11+00:00,13446544,67731758979,51256281126547371898017,0,55908863599877072,1.3214333441744648
2025-05-16 07:49:20+00:00,13446553,67731758980,51256281125792888136592,0,55908863599877072,1.3214333442134258
2025-05-16 07:49:30+00:00,13446563,67731768980,51256288693333122980923,0,55908871854330291,1.3214333442134258
2025-05-16 07:49:58+00:00,13446591,67731688980,51256228153009838637232,0,55908805818702999,1.3214333442134623
2025-05-16 07:50:04+00:00,13446597,67731688981,51256228152255354875830,0,55908805818702999,1.3214333442524233
2025-05-16 07:50:22+00:00,13446615,67731698981,51256235719795589496833,0,55908814073156218,1.3214333442524233
2025-05-16 07:50:43+00:00,13446636,67731685807,51256245719795589496833,0,55908814073156218,1.3214328294208535
2025-05-16 07:50:51+00:00,13446644,67731685808,51256245719041105441505,0,55908814073156218,1.3214328294598146
2025-05-16 07:50:56+00:00,13446649,67731685809,51256245718286621386199,0,55908814073156218,1.3214328294987758
2025-05-16 07:51:00+00:00,13446653,67731685810,51256245717532137330916,0,55908814073156218,1.3214328295377369
2025-05-16 07:51:04+00:00,13446657,67731672636,51256255717532137330916,0,55908814073156218,1.321432314706368
2025-05-16 07:51:07+00:00,13446660,67731672700,51256255766370166830964,0,55908814125984739,1.3214323146959077
2025-05-16 07:51:16+00:00,13446669,67731672701,51256255766370166830963,0,55908814125984739,1.3214323147154177
2025-05-16 07:51:31+00:00,13446684,67731662702,51256248198826980327194,0,55908805871531520,1.3214323147348515
2025-05-16 07:51:36+00:00,13446689,67731662703,51256248198072495978001,0,55908805871531520,1.3214323147738125
2025-05-16 07:51:46+00:00,13446699,67731649529,51256258198072495978001,0,55908805871531520,1.321431799942569
2025-05-16 07:52:18+00:00,13446731,67731649528,51256258199072495978001,0,55908805871531520,1.3214317998972784
2025-05-16 07:52:24+00:00,13446737,67731649527,51256258200072495978001,0,55908805871531520,1.3214317998519876
2025-05-16 07:52:29+00:00,13446742,67731649540,51256258210072495978001,0,55908805882262315,1.3214317998478065
2025-05-16 07:52:34+00:00,13446747,67731649539,51256258209278625835875,0,55908805881396385,1.3214317998487632
2025-05-16 07:52:36+00:00,13446749,67731636365,51256268209278625835875,0,55908805881396385,1.3214312850177208
2025-05-16 07:53:01+00:00,13446774,67731736365,51256192760895971640594,0,55908805881396385,1.321435181129439
2025-05-16 07:53:06+00:00,13446779,67731736366,51256192760141488927993,0,55908805881396385,1.3214351811684
2025-05-16 07:53:47+00:00,13446820,67731746366,51256200327671203974703,0,55908814135843839,1.3214351811684
2025-05-16 07:53:56+00:00,13446829,67731733192,51256210327671203974703,0,55908814135843839,1.3214346663361163
2025-05-16 07:54:10+00:00,13446843,67731743192,51256217895203867338650,0,55908822390292898,1.3214346663361163
2025-05-16 07:54:20+00:00,13446853,67731743193,51256217894449384332124,0,55908822390292898,1.3214346663750776
2025-05-16 07:54:26+00:00,13446859,67731743194,51256217893694901325620,0,55908822390292898,1.3214346664140386
2025-05-16 07:54:31+00:00,13446864,67731743258,51256217942532930825668,0,55908822443121371,1.321434666403576
2025-05-16 07:54:35+00:00,13446868,67731743259,51256217941778447819181,0,55908822443121371,1.3214346664425374
2025-05-16 07:54:36+00:00,13446869,67731743192,51256217890908854791725,0,55908822387634268,1.321434666446846
2025-05-16 07:54:41+00:00,13446874,67731743193,51256217890908854791724,0,55908822387634268,1.3214346664663559
2025-05-16 07:54:51+00:00,13446884,67731730019,51256227890908854791724,0,55908822387634268,1.321434151634349
2025-05-16 07:55:05+00:00,13446898,67731740019,51256235458444465727770,0,55908830642084932,1.321434151634349
2025-05-16 07:55:20+00:00,13446913,67731740020,51256235457689982427371,0,55908830642084932,1.3214341516733101
2025-05-16 07:55:44+00:00,13446937,67731740019,51256235458689982427371,0,55908830642084932,1.3214341516280192
2025-05-16 07:55:49+00:00,13446942,67731740018,51256235459689982427371,0,55908830642084932,1.3214341515827286
2025-05-16 07:55:54+00:00,13446947,67731726857,51256245469689982427371,0,55908830652815717,1.3214336367468171
2025-05-16 07:55:54+00:00,13446947,67731740031,51256235469689982427371,0,55908830652815717,1.3214341515785468
2025-05-16 07:56:04+00:00,13446957,67731726858,51256245468935498832993,0,55908830652815717,1.3214336367857782
2025-05-16 07:56:16+00:00,13446969,67731713684,51256255468935498832993,0,55908830652815717,1.3214331219542492
2025-05-16 07:56:26+00:00,13446979,67731683685,51256232766324223482870,0,55908805889468540,1.3214331219734177
2025-05-16 07:56:41+00:00,13446994,67731670511,51256242766324223482870,0,55908805889468540,1.3214326071418616
2025-05-16 07:56:49+00:00,13447002,67731670512,51256242765569739300630,0,55908805889468540,1.3214326071808227
2025-05-16 07:56:57+00:00,13447010,67731657338,51256252765569739300630,0,55908805889468540,1.3214320923494676
2025-05-16 07:57:34+00:00,13447047,67731657339,51256252764815254824464,0,55908805889468540,1.3214320923884286
2025-05-16 07:57:46+00:00,13447059,67731657340,51256252764060770348321,0,55908805889468540,1.3214320924273897
2025-05-16 07:57:50+00:00,13447063,67731657341,51256252763306285872200,0,55908805889468540,1.3214320924663507
2025-05-16 07:57:56+00:00,13447069,67731657405,51256252812144315372248,0,55908805942297065,1.3214320924558909
2025-05-16 07:58:01+00:00,13447074,67731657338,51256252761274672723883,0,55908805886809962,1.321432092460198
2025-05-16 07:58:06+00:00,13447079,67731657339,51256252761274672723882,0,55908805886809962,1.321432092479708
2025-05-16 07:58:19+00:00,13447092,67731657340,51256252760520188247791,0,55908805886809962,1.321432092518669
2025-05-16 07:58:29+00:00,13447102,67731644166,51256262760520188247791,0,55908805886809962,1.3214315776875147
2025-05-16 07:58:38+00:00,13447111,67731630992,51256272760520188247791,0,55908805886809962,1.3214310628565613
2025-05-16 07:58:54+00:00,13447127,67731617818,51256282760520188247791,0,55908805886809962,1.3214305480258086
2025-05-16 07:59:04+00:00,13447137,67731617819,51256282759765702889878,0,55908805886809962,1.3214305480647697
2025-05-16 07:59:08+00:00,13447141,67731627819,51256290327321950658604,0,55908814141271864,1.3214305480647697
2025-05-16 07:59:13+00:00,13447146,67731627818,51256290328321950658604,0,55908814141271864,1.321430548019479
2025-05-16 07:59:18+00:00,13447151,67731627831,51256290338321950658604,0,55908814152002664,1.321430548015298
2025-05-16 07:59:23+00:00,13447156,67731627830,51256290337528080136293,0,55908814151136734,1.321430548016255
2025-05-16 07:59:34+00:00,13447167,67731727830,51256214889103346128190,0,55908814151136734,1.321434444126291
2025-05-16 07:59:49+00:00,13447182,67731727831,51256214888348862994792,0,55908814151136734,1.3214344441652521
2025-05-16 07:59:56+00:00,13447189,67731714657,51256224888348862994792,0,55908814151136734,1.3214339293332587
2025-05-16 08:00:05+00:00,13447198,67731701483,51256234888348862994792,0,55908814151136734,1.321433414501466
2025-05-16 08:00:19+00:00,13447212,67731711483,51256242455888695315951,0,55908822405589660,1.321433414501466
2025-05-16 08:00:35+00:00,13447228,67731711484,51256242455134211594680,0,55908822405589660,1.321433414540427
2025-05-16 08:00:46+00:00,13447239,67731698310,51256252455134211594680,0,55908822405589660,1.321432899708911
2025-05-16 08:01:12+00:00,13447265,67731698311,51256252454379727579484,0,55908822405589660,1.3214328997478724
2025-05-16 08:01:18+00:00,13447271,67731698312,51256252453625243564310,0,55908822405589660,1.3214328997868334
2025-05-16 08:01:25+00:00,13447278,67731698376,51256252502463273064358,0,55908822458418169,1.3214328997763727
2025-05-16 08:01:30+00:00,13447283,67731698309,51256252451593645750826,0,55908822402931066,1.3214328997806803
2025-05-16 08:01:36+00:00,13447289,67731698310,51256252451593645750825,0,55908822402931066,1.3214328998001903
2025-05-16 08:01:40+00:00,13447293,67731678310,51256237316502800384286,0,55908805894016238,1.3214328998003264
2025-05-16 08:01:49+00:00,13447302,67731665136,51256247316502800384286,0,55908805894016238,1.3214323849688594
2025-05-16 08:02:07+00:00,13447320,67731665137,51256247315748316075194,0,55908805894016238,1.3214323850078207
2025-05-16 08:02:22+00:00,13447335,67731675137,51256254883294044070060,0,55908814148472374,1.3214323850078207
2025-05-16 08:02:39+00:00,13447352,67731675136,51256254884294044070060,0,55908814148472374,1.3214323849625298
2025-05-16 08:02:44+00:00,13447357,67731675135,51256254885294044070060,0,55908814148472374,1.3214323849172391
2025-05-16 08:02:45+00:00,13447358,67731685135,51256262452839772583665,0,55908822402928510,1.3214323849172391
2025-05-16 08:02:52+00:00,13447365,67731685136,51256262452085288274544,0,55908822402928510,1.3214323849562002
2025-05-16 08:02:54+00:00,13447367,67731685135,51256262451291418301300,0,55908822402062580,1.3214323849571572
2025-05-16 08:03:17+00:00,13447390,67731695135,51256270018837146586304,0,55908830656518716,1.3214323849571572
2025-05-16 08:03:34+00:00,13447407,67731665136,51256247316199964021705,0,55908805893150308,1.321432384976667
2025-05-16 08:03:49+00:00,13447422,67731651962,51256257316199964021705,0,55908805893150308,1.3214318701454009
2025-05-16 08:04:10+00:00,13447443,67731638788,51256267316199964021705,0,55908805893150308,1.3214313553143355
2025-05-16 08:04:22+00:00,13447455,67731638789,51256267315445479124722,0,55908805893150308,1.3214313553532966
2025-05-16 08:04:30+00:00,13447463,67731648789,51256274882997103723798,0,55908814147609655,1.3214313553532966
2025-05-16 08:04:41+00:00,13447474,67731648790,51256274882242618826837,0,55908814147609655,1.3214313553922576
2025-05-16 08:04:46+00:00,13447479,67731648791,51256274881488133929898,0,55908814147609655,1.321431355431219
2025-05-16 08:04:52+00:00,13447485,67731648855,51256274930326163429946,0,55908814200438194,1.3214313554207595
2025-05-16 08:04:56+00:00,13447489,67731658855,51256282497877787642677,0,55908822454897541,1.3214313554207595
2025-05-16 08:04:57+00:00,13447490,67731658788,51256282447008130556782,0,55908822399410438,1.3214313554250665
2025-05-16 08:05:07+00:00,13447500,67731658789,51256282446253645659862,0,55908822399410438,1.3214313554640276
2025-05-16 08:05:21+00:00,13447514,67731645615,51256292446253645659862,0,55908822399410438,1.3214308406333153
2025-05-16 08:05:30+00:00,13447523,67731632441,51256302446253645659862,0,55908822399410438,1.3214303258028037
2025-05-16 08:05:40+00:00,13447533,67731619267,51256312446253645659862,0,55908822399410438,1.3214298109724931
2025-05-16 08:05:53+00:00,13447546,67731619268,51256312445499159881120,0,55908822399410438,1.3214298110114542
2025-05-16 08:05:55+00:00,13447548,67731629268,51256320013059628602314,0,55908830653874601,1.3214298110114542
2025-05-16 08:06:05+00:00,13447558,67731616094,51256330013059628602314,0,55908830653874601,1.3214292961814205
2025-05-16 08:06:06+00:00,13447559,67731616093,51256330014059628602314,0,55908830653874601,1.3214292961361298
2025-05-16 08:06:11+00:00,13447564,67731616092,51256330015059628602314,0,55908830653874601,1.3214292960908391
2025-05-16 08:06:17+00:00,13447570,67731616105,51256330025059628602314,0,55908830664605406,1.3214292960866585
2025-05-16 08:06:22+00:00,13447575,67731616104,51256330024265757699794,0,55908830663739476,1.3214292960876153
2025-05-16 08:06:24+00:00,13447577,67731602930,51256340024265757699794,0,55908830663739476,1.3214287812577825
2025-05-16 08:06:37+00:00,13447590,67731602931,51256340023511271333124,0,55908830663739476,1.3214287812967436
2025-05-16 08:06:53+00:00,13447606,67731589757,51256350023511271333124,0,55908830663739476,1.3214282664671118
2025-05-16 08:07:02+00:00,13447615,67731576583,51256360023511271333124,0,55908830663739476,1.3214277516376807
2025-05-16 08:07:17+00:00,13447630,67731563409,51256370023511271333124,0,55908830663739476,1.3214272368084508
2025-05-16 08:07:23+00:00,13447636,67731563410,51256370022756784084630,0,55908830663739476,1.3214272368474116
2025-05-16 08:07:32+00:00,13447645,67731550236,51256380022756784084630,0,55908830663739476,1.3214267220183824
2025-05-16 08:08:08+00:00,13447681,67731550238,51256380021247808999811,0,55908830663739476,1.3214267220963045
2025-05-16 08:08:08+00:00,13447681,67731550237,51256380022002296542209,0,55908830663739476,1.3214267220573435
2025-05-16 08:08:13+00:00,13447686,67731550239,51256380020493321457435,0,55908830663739476,1.3214267221352654
2025-05-16 08:08:13+00:00,13447686,67731537065,51256390020493321457435,0,55908830663739476,1.3214262073064371
2025-05-16 08:08:19+00:00,13447692,67731537129,51256390069331350957483,0,55908830716568118,1.3214262072959828
2025-05-16 08:08:24+00:00,13447697,67731537062,51256390018461594628590,0,55908805897698158,1.3214262073002871
2025-05-16 08:08:24+00:00,13447697,67731507063,51256367315758016561379,0,55908805897698158,1.3214262073187724
2025-05-16 08:08:54+00:00,13447727,67731507064,51256367315003528725083,0,55908805897698158,1.3214262073577334
2025-05-16 08:08:58+00:00,13447731,67731607064,51256291866330959776018,0,55908805897698158,1.3214301034619182
2025-05-16 08:09:10+00:00,13447743,67731593890,51256301866330959776018,0,55908805897698158,1.3214295886315448
2025-05-16 08:09:31+00:00,13447764,67731593889,51256301867330959776018,0,55908805897698158,1.3214295885862541
2025-05-16 08:09:33+00:00,13447766,67731603889,51256309434892702281427,0,55908814152162978,1.3214295885862541
2025-05-16 08:09:35+00:00,13447768,67731603888,51256309435892702281427,0,55908814152162978,1.3214295885409635
2025-05-16 08:09:40+00:00,13447773,67731603901,51256309445892702281427,0,55908814162893782,1.3214295885367826
2025-05-16 08:09:45+00:00,13447778,67731603900,51256309445098831463328,0,55908814162027852,1.3214295885377394
2025-05-16 08:10:22+00:00,13447815,67731590726,51256319445098831463328,0,55908814162027852,1.321429073707643
2025-05-16 08:10:44+00:00,13447837,67731577552,51256329445098831463328,0,55908814162027852,1.3214285588777475
2025-05-16 08:11:04+00:00,13447857,67731677552,51256253996560525475100,0,55908814162027852,1.3214324549848109
2025-05-16 08:11:11+00:00,13447864,67731677553,51256253995806041205985,0,55908814162027852,1.321432455023772
2025-05-16 08:11:15+00:00,13447868,67731687553,51256246450964460746989,0,55908814162027852,1.3214328446347934
2025-05-16 08:11:31+00:00,13447884,67731687554,51256246450209976700348,0,55908814162027852,1.3214328446737544
2025-05-16 08:11:35+00:00,13447888,67731687555,51256246449455492653729,0,55908814162027852,1.3214328447127155
2025-05-16 08:11:41+00:00,13447894,67731687619,51256246498293522153777,0,55908814214856361,1.321432844702255
2025-05-16 08:11:46+00:00,13447899,67731687552,51256246447423893298575,0,55908814159369258,1.3214328447065626
2025-05-16 08:11:47+00:00,13447900,67731697552,51256238902584537768917,0,55908814159369258,1.3214332343176414
2025-05-16 08:11:57+00:00,13447910,67731697553,51256238901830053944769,0,55908814159369258,1.3214332343566024
2025-05-16 08:11:58+00:00,13447911,67731684379,51256248901830053944769,0,55908814159369258,1.3214327195250861
2025-05-16 08:12:07+00:00,13447920,67731671205,51256258901830053944769,0,55908814159369258,1.3214322046937708
2025-05-16 08:12:17+00:00,13447930,67731658031,51256268901830053944769,0,55908814159369258,1.3214316898626561
2025-05-16 08:12:37+00:00,13447950,67731644857,51256278901830053944769,0,55908814159369258,1.3214311750317425
2025-05-16 08:12:43+00:00,13447956,67731644858,51256278901075568944852,0,55908814159369258,1.3214311750707035
2025-05-16 08:12:54+00:00,13447967,67731644857,51256278902075568944852,0,55908814159369258,1.3214311750254129
2025-05-16 08:12:59+00:00,13447972,67731644856,51256278903075568944852,0,55908814159369258,1.3214311749801222
2025-05-16 08:13:08+00:00,13447981,67731644855,51256278902281698599758,0,55908814158503328,1.3214311749810792
2025-05-16 08:13:29+00:00,13448002,67731644856,51256278901527213599812,0,55908814158503328,1.3214311750200403
2025-05-16 08:13:38+00:00,13448011,67731631682,51256288901527213599812,0,55908814158503328,1.3214306601893273
2025-05-16 08:14:05+00:00,13448038,67731618508,51256298901527213599812,0,55908814158503328,1.3214301453588155
2025-05-16 08:14:14+00:00,13448047,67731605334,51256308901527213599812,0,55908814158503328,1.3214296305285045
2025-05-16 08:14:15+00:00,13448048,67731605335,51256308900772727718043,0,55908814158503328,1.3214296305674655
2025-05-16 08:14:32+00:00,13448065,67731592161,51256318900772727718043,0,55908814158503328,1.3214291157373554
2025-05-16 08:14:42+00:00,13448075,67731582162,51256311333209588753128,0,55908805904038508,1.3214291157568314
2025-05-16 08:14:57+00:00,13448090,67731582163,51256311332455102577444,0,55908805904038508,1.3214291157957925
2025-05-16 08:15:02+00:00,13448095,67731582164,51256311331700616401782,0,55908805904038508,1.3214291158347535
2025-05-16 08:15:08+00:00,13448101,67731568990,51256321331700616401782,0,55908805956867102,1.3214286010047682
2025-05-16 08:15:08+00:00,13448101,67731569054,51256321380538645901830,0,55908805956867102,1.3214286009943115
2025-05-16 08:15:14+00:00,13448107,67731568987,51256321329668935215517,0,55908805901379999,1.3214286009986171
2025-05-16 08:15:19+00:00,13448112,67731568988,51256321329668935215516,0,55908805901379999,1.3214286010181269
2025-05-16 08:15:26+00:00,13448119,67731668988,51256245881133035296440,0,55908805901379999,1.3214324971258073
2025-05-16 08:15:48+00:00,13448141,67731668989,51256245880378551051385,0,55908805901379999,1.3214324971647684
2025-05-16 08:15:49+00:00,13448142,67731655815,51256255880378551051385,0,55908805901379999,1.321431982333466
2025-05-16 08:16:15+00:00,13448168,67731642641,51256265880378551051385,0,55908805901379999,1.3214314675023644
2025-05-16 08:16:22+00:00,13448175,67731642640,51256265881378551051385,0,55908805901379999,1.3214314674570737
2025-05-16 08:16:25+00:00,13448178,67731629466,51256275881378551051385,0,55908805901379999,1.3214309526261732
2025-05-16 08:16:26+00:00,13448179,67731629465,51256275882378551051385,0,55908805901379999,1.3214309525808825
2025-05-16 08:16:31+00:00,13448184,67731629478,51256275892378551051385,0,55908805912110797,1.3214309525767014
2025-05-16 08:16:36+00:00,13448189,67731629478,51256275890830195508897,0,55908805911244867,1.3214309526166192
2025-05-16 08:16:36+00:00,13448189,67731629479,51256275891624065924455,0,55908805911244867,1.3214309526156625
2025-05-16 08:17:16+00:00,13448229,67731616304,51256285890830195508897,0,55908805911244867,1.3214304377859196
2025-05-16 08:17:22+00:00,13448235,67731616305,51256285890075710088041,0,55908805911244867,1.3214304378248807
2025-05-16 08:17:54+00:00,13448267,67731626305,51256293457632589177597,0,55908814165706957,1.3214304378248807
2025-05-16 08:18:09+00:00,13448282,67731626306,51256293456878103756763,0,55908814165706957,1.3214304378638417
2025-05-16 08:18:10+00:00,13448283,67731613132,51256303456878103756763,0,55908814165706957,1.321429923033419
2025-05-16 08:18:21+00:00,13448294,67731603133,51256295889319748747852,0,55908805911244867,1.3214299230528908
2025-05-16 08:18:31+00:00,13448304,67731603134,51256295888565263033103,0,55908805911244867,1.3214299230918518
2025-05-16 08:18:36+00:00,13448309,67731603198,51256295937403292533151,0,55908805964073434,1.321429923081394
2025-05-16 08:18:41+00:00,13448314,67731603131,51256295886533607104621,0,55908805908586331,1.3214299230857003
2025-05-16 08:18:47+00:00,13448320,67731603132,51256295886533607104620,0,55908805908586331,1.32142992310521
2025-05-16 08:18:55+00:00,13448328,67731603133,51256295885779121389901,0,55908805908586331,1.321429923144171
2025-05-16 08:19:23+00:00,13448356,67731589959,51256305885779121389901,0,55908805908586331,1.3214294083138731
2025-05-16 08:19:40+00:00,13448373,67731589960,51256305885024635381256,0,55908805908586331,1.3214294083528342
2025-05-16 08:19:50+00:00,13448383,67731589959,51256305886024635381256,0,55908805908586331,1.3214294083075437
2025-05-16 08:19:59+00:00,13448392,67731589972,51256305896024635381256,0,55908805919317135,1.3214294083033629
2025-05-16 08:20:04+00:00,13448397,67731589971,51256305895230764501084,0,55908805918451205,1.3214294083043197
2025-05-16 08:20:10+00:00,13448403,67731599971,51256313462793539445049,0,55908814172916505,1.3214294083043197
2025-05-16 08:20:20+00:00,13448413,67731586797,51256323462793539445049,0,55908814172916505,1.3214288934742986
2025-05-16 08:20:26+00:00,13448419,67731586798,51256323462039053142450,0,55908814172916505,1.3214288935132597
2025-05-16 08:20:30+00:00,13448423,67731576799,51256315894474802639471,0,55908805918451205,1.3214288935327316
2025-05-16 08:20:51+00:00,13448444,67731563625,51256325894474802639471,0,55908805918451205,1.3214283787028354
2025-05-16 08:21:07+00:00,13448460,67731573625,51256333462043473910464,0,55908814172919716,1.3214283787028354
2025-05-16 08:21:14+00:00,13448467,67731573626,51256333461288987313950,0,55908814172919716,1.3214283787417964
2025-05-16 08:21:24+00:00,13448477,67731563627,51256325893720316711427,0,55908805918451205,1.3214283787613061
2025-05-16 08:21:49+00:00,13448502,67731550453,51256335893720316711427,0,55908805918451205,1.321427863931611
2025-05-16 08:21:58+00:00,13448511,67731550454,51256335892965829820997,0,55908805918451205,1.321427863970572
2025-05-16 08:22:03+00:00,13448516,67731537280,51256345892965829820997,0,55908805918451205,1.3214273491410777
2025-05-16 08:22:04+00:00,13448517,67731537344,51256345941803859321045,0,55908805971279824,1.3214273491306223
2025-05-16 08:22:08+00:00,13448521,67731537277,51256345890934124271839,0,55908805915792721,1.3214273491349273
2025-05-16 08:22:13+00:00,13448526,67731524103,51256355890934124271839,0,55908805915792721,1.3214268343056337
2025-05-16 08:22:13+00:00,13448526,67731524104,51256355890934124271838,0,55908805915792721,1.3214268343251434
2025-05-16 08:22:23+00:00,13448536,67731510930,51256365890934124271838,0,55908805915792721,1.321426319496051
2025-05-16 08:22:48+00:00,13448561,67731510931,51256365890179636499591,0,55908805915792721,1.3214263195350118
2025-05-16 08:22:49+00:00,13448562,67731520931,51256373457760100250937,0,55908814170267654,1.3214263195350118
2025-05-16 08:23:17+00:00,13448590,67731520930,51256373458760100250937,0,55908814170267654,1.3214263194897213
2025-05-16 08:23:23+00:00,13448596,67731520929,51256373459760100250937,0,55908814170267654,1.321426319444431
2025-05-16 08:23:25+00:00,13448598,67731510930,51256365892179636255367,0,55908805915792721,1.3214263194639406
2025-05-16 08:23:32+00:00,13448605,67731510929,51256365891385764445909,0,55908805914926791,1.3214263194648974
2025-05-16 08:23:33+00:00,13448606,67731510930,51256365890631276673645,0,55908805914926791,1.3214263195038585
2025-05-16 08:23:41+00:00,13448614,67731610930,51256290441965110857144,0,55908805914926791,1.3214302156081517
2025-05-16 08:23:52+00:00,13448625,67731597756,51256300441965110857144,0,55908805914926791,1.321429700777742
2025-05-16 08:24:02+00:00,13448635,67731584582,51256310441965110857144,0,55908805914926791,1.3214291859475331
2025-05-16 08:24:18+00:00,13448651,67731584583,51256310441210624721536,0,55908805914926791,1.3214291859864942
2025-05-16 08:24:37+00:00,13448670,67731594583,51256318008774672835579,0,55908814169392747,1.3214291859864942
2025-05-16 08:24:52+00:00,13448685,67731581409,51256328008774672835579,0,55908814169392747,1.3214286711565624
2025-05-16 08:25:03+00:00,13448696,67731581410,51256328008020186406045,0,55908814169392747,1.3214286711955234
2025-05-16 08:25:13+00:00,13448706,67731591410,51256335575587182627488,0,55908822423860309,1.3214286711955234
2025-05-16 08:25:22+00:00,13448715,67731591411,51256335574832696197976,0,55908822423860309,1.3214286712344843
2025-05-16 08:25:27+00:00,13448720,67731591412,51256335574078209768487,0,55908822423860309,1.3214286712734453
2025-05-16 08:25:28+00:00,13448721,67731578238,51256345574078209768487,0,55908822423860309,1.3214281564437904
2025-05-16 08:25:33+00:00,13448726,67731578302,51256345622916239268535,0,55908822476688911,1.3214281564333341
2025-05-16 08:25:38+00:00,13448731,67731578235,51256345572046519553580,0,55908822421201808,1.3214281564376396
2025-05-16 08:25:43+00:00,13448736,67731578236,51256345572046519553579,0,55908822421201808,1.3214281564571493
2025-05-16 08:25:45+00:00,13448738,67731558237,51256330436911047559495,0,55908805912268290,1.3214281564765453
2025-05-16 08:25:59+00:00,13448752,67731568237,51256338004480991478345,0,55908814166737457,1.3214281564765453
2025-05-16 08:26:27+00:00,13448780,67731558238,51256330436911047864065,0,55908805912268290,1.321428156496055
2025-05-16 08:26:34+00:00,13448787,67731558239,51256330436156561140679,0,55908805912268290,1.321428156535016
2025-05-16 08:26:42+00:00,13448795,67731568239,51256338003726504724678,0,55908814166737457,1.321428156535016
2025-05-16 08:26:48+00:00,13448801,67731568238,51256338004726504724678,0,55908814166737457,1.3214281564897254
2025-05-16 08:26:53+00:00,13448806,67731568237,51256338005726504724678,0,55908814166737457,1.321428156444435
2025-05-16 08:26:57+00:00,13448810,67731568250,51256338015726504724678,0,55908814177468266,1.3214281564402544
2025-05-16 08:27:02+00:00,13448815,67731568249,51256338014932633464289,0,55908814176602336,1.3214281564412111
2025-05-16 08:27:16+00:00,13448829,67731555075,51256348014932633464289,0,55908814176602336,1.321427641611681
2025-05-16 08:27:21+00:00,13448834,67731555076,51256348014178146446923,0,55908814176602336,1.321427641650642
2025-05-16 08:27:32+00:00,13448845,67731541902,51256358014178146446923,0,55908814176602336,1.321427126821313
2025-05-16 08:27:42+00:00,13448855,67731531903,51256350446605249903352,0,55908805922133169,1.3214271268407467
2025-05-16 08:27:56+00:00,13448869,67731541903,51256358014181090356914,0,55908814176605547,1.3214271268407467
2025-05-16 08:28:07+00:00,13448880,67731541904,51256358013426603045632,0,55908814176605547,1.3214271268797078
2025-05-16 08:28:52+00:00,13448925,67731541905,51256358012672115734373,0,55908814176605547,1.3214271269186688
2025-05-16 08:28:54+00:00,13448927,67731541906,51256358011917628423136,0,55908814176605547,1.3214271269576299
2025-05-16 08:28:57+00:00,13448930,67731541907,51256358011163141111921,0,55908814176605547,1.3214271269965907
2025-05-16 08:29:02+00:00,13448935,67731541971,51256358060001170611969,0,55908814229434170,1.3214271269861355
2025-05-16 08:29:07+00:00,13448940,67731541904,51256358009131431049816,0,55908814173947067,1.3214271269904405
2025-05-16 08:29:13+00:00,13448946,67731541905,51256358009131431049815,0,55908814173947067,1.3214271270099502
2025-05-16 08:29:32+00:00,13448965,67731531905,51256350441555591095549,0,55908805919474689,1.3214271270099502
2025-05-16 08:29:41+00:00,13448974,67731531906,51256350440801103784364,0,55908805919474689,1.3214271270489113
2025-05-16 08:29:42+00:00,13448975,67731518732,51256360440801103784364,0,55908805919474689,1.3214266122197067
2025-05-16 08:30:03+00:00,13448996,67731505558,51256370440801103784364,0,55908805919474689,1.3214260973907033
2025-05-16 08:30:17+00:00,13449010,67731505557,51256370441801103784364,0,55908805919474689,1.3214260973454126
2025-05-16 08:30:19+00:00,13449012,67731515557,51256378009382839977410,0,55908814173950277,1.3214260973454126
2025-05-16 08:30:23+00:00,13449016,67731515556,51256378010382839977410,0,55908814173950277,1.3214260973001222
2025-05-16 08:30:28+00:00,13449021,67731515570,51256378019628352078295,0,55908814184681095,1.321426097334903
2025-05-16 08:30:28+00:00,13449021,67731515569,51256378020382839977410,0,55908814184681095,1.321426097295942
2025-05-16 08:30:33+00:00,13449026,67731515569,51256378018834480198418,0,55908814183815165,1.3214260973358598
2025-05-16 08:31:03+00:00,13449056,67731505570,51256370451252744432521,0,55908805929339577,1.3214260973553695
2025-05-16 08:31:12+00:00,13449065,67731492396,51256380451252744432521,0,55908805929339577,1.321425582526567
2025-05-16 08:32:01+00:00,13449114,67731492397,51256380450498256239491,0,55908805929339577,1.3214255825655281
2025-05-16 08:32:02+00:00,13449115,67731502397,51256388018082940490229,0,55908814183816770,1.3214255825655281
2025-05-16 08:32:18+00:00,13449131,67731489223,51256398018082940490229,0,55908814183816770,1.3214250677370023
2025-05-16 08:32:27+00:00,13449140,67731489224,51256398017328452003271,0,55908814183816770,1.3214250677759634
2025-05-16 08:32:33+00:00,13449146,67731489288,51256398066166481503319,0,55908814236645434,1.32142506776551
2025-05-16 08:32:33+00:00,13449146,67731476114,51256408066166481503319,0,55908814236645434,1.3214245529371857
2025-05-16 08:32:42+00:00,13449155,67731476115,51256408066166481503318,0,55908814236645434,1.3214245529566955
2025-05-16 08:32:43+00:00,13449156,67731462941,51256418066166481503318,0,55908814236645434,1.321424038128572
2025-05-16 08:32:48+00:00,13449161,67731462942,51256418065411992428489,0,55908814236645434,1.3214240381675328
2025-05-16 08:32:58+00:00,13449171,67731472942,51256425633005521200196,0,55908822491127444,1.3214240381675328
2025-05-16 08:33:34+00:00,13449207,67731459769,51256435632251031831439,0,55908822491127444,1.3214235233786473
2025-05-16 08:33:34+00:00,13449207,67731459768,51256435633005521200196,0,55908822491127444,1.3214235233396863
2025-05-16 08:33:44+00:00,13449217,67731459768,51256435633251031831439,0,55908822491127444,1.3214235233333569
2025-05-16 08:33:53+00:00,13449226,67731459781,51256435643251031831439,0,55908822501858272,1.3214235233291771
2025-05-16 08:33:58+00:00,13449231,67731459780,51256435642457159177171,0,55908822500992342,1.321423523330134
2025-05-16 08:33:59+00:00,13449232,67731446606,51256445642457159177171,0,55908822500992342,1.3214230085024883
2025-05-16 08:34:15+00:00,13449248,67731433432,51256455642457159177171,0,55908822500992342,1.3214224936750436
2025-05-16 08:34:20+00:00,13449253,67731433433,51256455641702669220509,0,55908822500992342,1.3214224937140047
2025-05-16 08:34:29+00:00,13449262,67731443433,51256463209305042851890,0,55908830755479168,1.3214224937140047
2025-05-16 08:34:40+00:00,13449273,67731413434,51256440506511169870436,0,55908805992033139,1.3214224937331729
2025-05-16 08:35:06+00:00,13449299,67731413435,51256440505756679913808,0,55908805992033139,1.3214224937721337
2025-05-16 08:35:29+00:00,13449322,67731423435,51256448073359053212291,0,55908814246519965,1.3214224937721337
2025-05-16 08:35:48+00:00,13449341,67731423436,51256448072604563255685,0,55908814246519965,1.3214224938110948
2025-05-16 08:35:53+00:00,13449346,67731423437,51256448071850073299101,0,55908814246519965,1.3214224938500556
2025-05-16 08:35:56+00:00,13449349,67731410263,51256458071850073299101,0,55908814246519965,1.3214219790227357
2025-05-16 08:35:59+00:00,13449352,67731410327,51256458120688102799149,0,55908814299348690,1.3214219790122854
2025-05-16 08:36:06+00:00,13449359,67731397153,51256468120688102799149,0,55908814299348690,1.321421464185167
2025-05-16 08:36:08+00:00,13449361,67731397154,51256468120688102799148,0,55908814299348690,1.3214214642046767
2025-05-16 08:36:31+00:00,13449384,67731407154,51256475688296372291498,0,55908822553838726,1.3214214642046767
2025-05-16 08:36:39+00:00,13449392,67731407155,51256475687541881747041,0,55908822553838726,1.3214214642436375
2025-05-16 08:36:47+00:00,13449400,67731393981,51256485687541881747041,0,55908822553838726,1.3214209494167959
2025-05-16 08:36:58+00:00,13449411,67731373982,51256470552325334694878,0,55908806044861864,1.3214209494361537
2025-05-16 08:37:08+00:00,13449421,67731360808,51256480552325334694878,0,55908806044861864,1.321420434609361
2025-05-16 08:37:18+00:00,13449431,67731347633,51256490553325334694878,0,55908806044861864,1.3214199197374787
2025-05-16 08:37:18+00:00,13449431,67731360807,51256480553325334694878,0,55908806044861864,1.3214204345640705
2025-05-16 08:37:23+00:00,13449436,67731347646,51256490563325334694878,0,55908806055592707,1.3214199197332999
2025-05-16 08:37:26+00:00,13449439,67731347647,51256490562570843268575,0,55908806055592707,1.3214199197722607
2025-05-16 08:37:28+00:00,13449441,67731347646,51256490561776969530175,0,55908806054726777,1.3214199197732175
2025-05-16 08:37:55+00:00,13449468,67731357646,51256498129394083790268,0,55908814309221630,1.3214199197732175
2025-05-16 08:38:04+00:00,13449477,67731344472,51256508129394083790268,0,55908814309221630,1.3214194049469026
2025-05-16 08:38:13+00:00,13449486,67731344473,51256508128639592070037,0,55908814309221630,1.3214194049858634
2025-05-16 08:38:13+00:00,13449486,67731444473,51256432679578630477667,0,55908814309221630,1.3214233010793448
2025-05-16 08:38:39+00:00,13449512,67731434473,51256425111971179590677,0,55908806054726777,1.3214233010795948
2025-05-16 08:39:00+00:00,13449533,67731434474,51256425111216690095017,0,55908806054726777,1.3214233011185559
2025-05-16 08:39:18+00:00,13449551,67731434475,51256425110462200599379,0,55908806054726777,1.3214233011575167
2025-05-16 08:39:23+00:00,13449556,67731444476,51256432677305460398435,0,55908814309211048,1.3214233011964778
2025-05-16 08:39:23+00:00,13449556,67731434476,51256425109707711103764,0,55908814309211048,1.3214233011964778
2025-05-16 08:39:30+00:00,13449563,67731444540,51256432726143489898483,0,55908814362039747,1.3214233011860261
2025-05-16 08:39:39+00:00,13449572,67731431367,51256442726143489898482,0,55908814362039747,1.3214227863779044
2025-05-16 08:39:39+00:00,13449572,67731431366,51256442726143489898483,0,55908814362039747,1.3214227863583947
2025-05-16 08:39:47+00:00,13449580,67731431368,51256442725389000108944,0,55908814362039747,1.3214227864168653
2025-05-16 08:40:09+00:00,13449602,67731421369,51256435157789774620739,0,55908806107555476,1.321422786436337
2025-05-16 08:40:32+00:00,13449625,67731408195,51256445157789774620739,0,55908806107555476,1.3214222716088304
2025-05-16 08:40:34+00:00,13449627,67731408196,51256445157035284537285,0,55908806107555476,1.3214222716477915
2025-05-16 08:40:42+00:00,13449635,67731395022,51256455157035284537285,0,55908806107555476,1.3214217568204856
2025-05-16 08:40:43+00:00,13449636,67731395021,51256455158035284537285,0,55908806107555476,1.3214217567751951
2025-05-16 08:40:47+00:00,13449640,67731395020,51256455159035284537285,0,55908806107555476,1.321421756729905
2025-05-16 08:40:52+00:00,13449645,67731395033,51256455169035284537285,0,55908806118286311,1.3214217567257256
2025-05-16 08:40:54+00:00,13449647,67731381859,51256465169035284537285,0,55908806118286311,1.3214212418986206
2025-05-16 08:40:57+00:00,13449650,67731381858,51256465168241411193077,0,55908806117420381,1.3214212418995774
2025-05-16 08:40:57+00:00,13449650,67731368684,51256475168241411193077,0,55908806117420381,1.3214207270726734
2025-05-16 08:41:11+00:00,13449664,67731378684,51256482735853902146562,0,55908814371912679,1.3214207270726734
2025-05-16 08:41:21+00:00,13449674,67731378685,51256482735099411181226,0,55908814371912679,1.3214207271116345
2025-05-16 08:41:36+00:00,13449689,67731365511,51256492735099411181226,0,55908814371912679,1.3214202122850074
2025-05-16 08:41:38+00:00,13449691,67731352337,51256502735099411181226,0,55908814371912679,1.3214196974585812
2025-05-16 08:42:03+00:00,13449716,67731362337,51256510302717798611418,0,55908822626408188,1.3214196974585812
2025-05-16 08:42:08+00:00,13449721,67731362338,51256510301963307058203,0,55908822626408188,1.321419697497542
2025-05-16 08:42:24+00:00,13449737,67731349164,51256520301963307058203,0,55908822626408188,1.3214191826713928
2025-05-16 08:42:46+00:00,13449759,67731349165,51256520301208815211059,0,55908822626408188,1.3214191827103536
2025-05-16 08:42:51+00:00,13449764,67731349166,51256520300454323363938,0,55908822626408188,1.3214191827493145
2025-05-16 08:42:57+00:00,13449770,67731349230,51256520349292352863986,0,55908822679236969,1.3214191827388668
2025-05-16 08:43:02+00:00,13449775,67731349163,51256520298422459924907,0,55908822623749866,1.3214191827431678
2025-05-16 08:43:07+00:00,13449780,67731349164,51256520298422459924906,0,55908822623749866,1.3214191827626776
2025-05-16 08:43:09+00:00,13449782,67731359164,51256527866043794960395,0,55908830878246980,1.3214191827626776
2025-05-16 08:43:23+00:00,13449796,67731369164,51256535433665129995884,0,55908839132744094,1.3214191827626776
2025-05-16 08:43:25+00:00,13449798,67731379164,51256527888747769570927,0,55908839132744094,1.3214195723715596
2025-05-16 08:43:36+00:00,13449809,67731365990,51256537888747769570927,0,55908839132744094,1.3214190575456115
2025-05-16 08:43:42+00:00,13449815,67731365991,51256537887993277652340,0,55908839132744094,1.3214190575845723
2025-05-16 08:44:10+00:00,13449843,67731365990,51256537888993277652340,0,55908839132744094,1.3214190575392821
2025-05-16 08:44:12+00:00,13449845,67731375990,51256545456615329828417,0,55908847387241595,1.3214190575392821
2025-05-16 08:44:15+00:00,13449848,67731375989,51256545457615329828417,0,55908847387241595,1.321419057493992
2025-05-16 08:44:20+00:00,13449853,67731376002,51256545467615329828417,0,55908847397972441,1.321419057489813
2025-05-16 08:44:25+00:00,13449858,67731376001,51256545466821455826673,0,55908847397106511,1.3214190574907698
2025-05-16 08:44:27+00:00,13449860,67731386001,51256553034443508280574,0,55908855651604012,1.3214190574907698
2025-05-16 08:44:41+00:00,13449874,67731396001,51256560602065560734475,0,55908863906101513,1.3214190574907698
2025-05-16 08:44:50+00:00,13449883,67731382827,51256570602065560734475,0,55908863906101513,1.3214185426652505
2025-05-16 08:44:59+00:00,13449892,67731369653,51256580602065560734475,0,55908863906101513,1.3214180278399323
2025-05-16 08:45:09+00:00,13449902,67731309654,51256535196321011171102,0,55908814379122484,1.3214180278588452
2025-05-16 08:45:16+00:00,13449909,67731309655,51256535195566518664594,0,55908814379122484,1.321418027897806
2025-05-16 08:45:23+00:00,13449916,67731319655,51256542763194467489101,0,55908822633623196,1.321418027897806
2025-05-16 08:45:53+00:00,13449946,67731306481,51256552763194467489101,0,55908822633623196,1.3214175130723085
2025-05-16 08:46:02+00:00,13449955,67731306482,51256552762439974688664,0,55908822633623196,1.3214175131112695
2025-05-16 08:46:03+00:00,13449956,67731296483,51256545194815319864784,0,55908814379127687,1.3214175131306183
2025-05-16 08:46:14+00:00,13449967,67731296484,51256545194060827064380,0,55908814379127687,1.3214175131695791
2025-05-16 08:46:18+00:00,13449971,67731286485,51256537626431402302527,0,55908806124626975,1.3214175131890509
2025-05-16 08:46:18+00:00,13449971,67731286486,51256537625676909502156,0,55908806124626975,1.3214175132280117
2025-05-16 08:46:24+00:00,13449977,67731286550,51256537674514939002204,0,55908806177455789,1.3214175132175656
2025-05-16 08:46:29+00:00,13449982,67731286483,51256537623645013854062,0,55908806121968686,1.321417513221866
2025-05-16 08:46:31+00:00,13449984,67731296483,51256545191275910176987,0,55908814376471003,1.321417513221866
2025-05-16 08:46:34+00:00,13449987,67731296484,51256545191275910176986,0,55908814376471003,1.3214175132413755
2025-05-16 08:46:41+00:00,13449994,67731306484,51256552758906806388181,0,55908822630973320,1.3214175132413755
2025-05-16 08:46:49+00:00,13450002,67731306485,51256552758152313587840,0,55908822630973320,1.3214175132803365
2025-05-16 08:47:03+00:00,13450016,67731296485,51256545190521417543781,0,55908814376471003,1.3214175132803365
2025-05-16 08:47:12+00:00,13450025,67731286485,51256537622890521499722,0,55908806121968686,1.3214175132803365
2025-05-16 08:47:23+00:00,13450036,67731296485,51256530077963628807801,0,55908806121968686,1.321417902889202
2025-05-16 08:47:30+00:00,13450043,67731306485,51256537645592293544060,0,55908814376469784,1.321417902889202
2025-05-16 08:47:35+00:00,13450048,67731306486,51256537644837800966197,0,55908814376469784,1.3214179029281627
2025-05-16 08:47:37+00:00,13450050,67731306485,51256537645837800966197,0,55908814376469784,1.3214179028828725
2025-05-16 08:47:42+00:00,13450055,67731306484,51256537646837800966197,0,55908814376469784,1.3214179028375825
2025-05-16 08:47:47+00:00,13450060,67731306497,51256537656837800966197,0,55908814387200635,1.3214179028334039
2025-05-16 08:48:00+00:00,13450073,67731296498,51256530089209136229089,0,55908806132699537,1.3214179028529136
2025-05-16 08:48:09+00:00,13450082,67731283324,51256540089209136229089,0,55908806132699537,1.3214173880273132
2025-05-16 08:48:23+00:00,13450096,67731283325,51256540088454643357255,0,55908806132699537,1.321417388066274
2025-05-16 08:48:29+00:00,13450102,67731270151,51256550088454643357255,0,55908806132699537,1.3214168732408744
2025-05-16 08:48:43+00:00,13450116,67731256977,51256560088454643357255,0,55908806132699537,1.3214163584156757
2025-05-16 08:48:59+00:00,13450132,67731243803,51256570088454643357255,0,55908806132699537,1.321415843590678
2025-05-16 08:49:11+00:00,13450144,67731243804,51256570087700149603589,0,55908806132699537,1.3214158436296388
2025-05-16 08:49:13+00:00,13450146,67731253804,51256577655340607532562,0,55908814387207057,1.3214158436296388
2025-05-16 08:49:38+00:00,13450171,67731253805,51256577654586113778918,0,55908814387207057,1.3214158436685997
2025-05-16 08:49:43+00:00,13450176,67731253806,51256577653831620025296,0,55908814387207057,1.3214158437075605
2025-05-16 08:49:48+00:00,13450181,67731253870,51256577702669649525344,0,55908814440035905,1.321415843697116
2025-05-16 08:49:53+00:00,13450186,67731253803,51256577651799692168872,0,55908814384548802,1.3214158437014154
2025-05-16 08:49:58+00:00,13450191,67731253805,51256577651045198415279,0,55908814384548802,1.321415843759886
2025-05-16 08:49:58+00:00,13450191,67731253804,51256577651799692168871,0,55908814384548802,1.321415843720925
2025-05-16 08:50:05+00:00,13450198,67731263805,51256585218685655598337,0,55908822639056321,1.321415843759886
2025-05-16 08:50:24+00:00,13450217,67731273805,51256592786326112781395,0,55908830893563840,1.321415843759886
2025-05-16 08:50:33+00:00,13450226,67731260631,51256602786326112781395,0,55908830893563840,1.3214153289353168
2025-05-16 08:50:46+00:00,13450239,67731260632,51256602785571618733874,0,55908830893563840,1.3214153289742776
2025-05-16 08:50:47+00:00,13450240,67731247458,51256612785571618733874,0,55908830893563840,1.3214148141499096
2025-05-16 08:50:56+00:00,13450249,67731234284,51256622785571618733874,0,55908830893563840,1.3214142993257423
2025-05-16 08:50:59+00:00,13450252,67731234283,51256622786571618733874,0,55908830893563840,1.3214142992804523
2025-05-16 08:51:04+00:00,13450257,67731234282,51256622787571618733874,0,55908830893563840,1.3214142992351623
2025-05-16 08:51:05+00:00,13450258,67731334282,51256547338219133236118,0,55908830893563840,1.3214181953199282
2025-05-16 08:51:14+00:00,13450267,67731334281,51256547337425258971048,0,55908830892697910,1.321418195320885
2025-05-16 08:51:32+00:00,13450285,67731334282,51256547336670766560156,0,55908830892697910,1.3214181953598458
2025-05-16 08:51:43+00:00,13450296,67731344282,51256554904297756346550,0,55908839147198059,1.3214181953598458
2025-05-16 08:52:18+00:00,13450331,67731344283,51256554903543263935680,0,55908839147198059,1.3214181953988067
2025-05-16 08:52:27+00:00,13450340,67731354283,51256562471170253498949,0,55908847401698207,1.3214181953988067
2025-05-16 08:52:42+00:00,13450355,67731341109,51256572471170253498949,0,55908847401698207,1.3214176805734745
2025-05-16 08:52:58+00:00,13450371,67731327935,51256582471170253498949,0,55908847401698207,1.3214171657483431
2025-05-16 08:53:06+00:00,13450379,67731327936,51256582470415760500199,0,55908847401698207,1.321417165787304
2025-05-16 08:53:07+00:00,13450380,67731327937,51256582469661267501472,0,55908847401698207,1.3214171658262648
2025-05-16 08:53:12+00:00,13450385,67731328001,51256582518499297001520,0,55908847454527028,1.3214171658158191
2025-05-16 08:53:17+00:00,13450390,67731327934,51256582467629364904545,0,55908847399039925,1.321417165820119
2025-05-16 08:53:22+00:00,13450395,67731327935,51256582467629364904544,0,55908847399039925,1.3214171658396288
2025-05-16 08:53:41+00:00,13450414,67731277935,51256544629459383229109,0,55908806126517070,1.321417165839772
2025-05-16 08:53:53+00:00,13450426,67731277936,51256544628704890230412,0,55908806126517070,1.3214171658787328
2025-05-16 08:53:56+00:00,13450429,67731287936,51256552196337775754547,0,55908814381020429,1.3214171658787328
2025-05-16 08:54:13+00:00,13450446,67731274762,51256562196337775754547,0,55908814381020429,1.3214166510534981
2025-05-16 08:54:23+00:00,13450456,67731261588,51256572196337775754547,0,55908814381020429,1.3214161362284644
2025-05-16 08:54:24+00:00,13450457,67731261587,51256572197337775754547,0,55908814381020429,1.3214161361831742
2025-05-16 08:54:29+00:00,13450462,67731261586,51256572198337775754547,0,55908814381020429,1.3214161361378842
2025-05-16 08:54:34+00:00,13450467,67731261599,51256572208337775754547,0,55908814391751287,1.321416136133706
2025-05-16 08:54:39+00:00,13450472,67731261598,51256572207543900869966,0,55908814390885357,1.3214161361346628
2025-05-16 08:54:40+00:00,13450473,67731261599,51256572206789407283335,0,55908814390885357,1.3214161361736236
2025-05-16 08:54:53+00:00,13450486,67731251600,51256564639153569154285,0,55908806136381998,1.3214161361930574
2025-05-16 08:55:02+00:00,13450495,67731351600,51256489189905969046079,0,55908806136381998,1.3214200322822434
2025-05-16 08:55:27+00:00,13450520,67731351601,51256489189151477684038,0,55908806136381998,1.3214200323212042
2025-05-16 08:56:13+00:00,13450566,67731351602,51256489188396986322019,0,55908806136381998,1.321420032360165
2025-05-16 08:56:26+00:00,13450579,67731351603,51256489187642494960023,0,55908806136381998,1.321420032399126
2025-05-16 08:56:31+00:00,13450584,67731351604,51256489186888003598049,0,55908806136381998,1.321420032438087
2025-05-16 08:56:36+00:00,13450589,67731351668,51256489235726033098097,0,55908806189210762,1.3214200324276386
2025-05-16 08:56:39+00:00,13450592,67731338494,51256499235726033098097,0,55908806189210762,1.3214195176012122
2025-05-16 08:56:42+00:00,13450595,67731338427,51256499184856146109507,0,55908806133723659,1.3214195176055135
2025-05-16 08:56:55+00:00,13450608,67731325253,51256509184856146109507,0,55908806133723659,1.3214190027792876
2025-05-16 08:57:24+00:00,13450637,67731312079,51256519184856146109507,0,55908806133723659,1.3214184879532624
2025-05-16 08:57:46+00:00,13450659,67731312080,51256519184101653865699,0,55908806133723659,1.3214184879922235
2025-05-16 08:57:49+00:00,13450662,67731312079,51256519185101653865699,0,55908806133723659,1.3214184879469333
2025-05-16 08:57:51+00:00,13450664,67731298905,51256529185101653865699,0,55908806133723659,1.321417973121109
2025-05-16 08:57:53+00:00,13450666,67731298904,51256529186101653865699,0,55908806133723659,1.3214179730758189
2025-05-16 08:57:58+00:00,13450671,67731298917,51256529196101653865699,0,55908806144454510,1.3214179730716402
2025-05-16 08:58:02+00:00,13450675,67731298916,51256529195307779530195,0,55908806143588580,1.321417973072597
2025-05-16 08:58:25+00:00,13450698,67731308916,51256536762936042333165,0,55908814398089385,1.321417973072597
2025-05-16 08:58:33+00:00,13450706,67731308917,51256536762181549795375,0,55908814398089385,1.3214179731115578
2025-05-16 08:59:00+00:00,13450733,67731295743,51256546762181549795375,0,55908814398089385,1.3214174582860108
2025-05-16 08:59:20+00:00,13450753,67731295744,51256546761427056963656,0,55908814398089385,1.3214174583249716
2025-05-16 08:59:48+00:00,13450781,67731295745,51256546760672564131960,0,55908814398089385,1.3214174583639327
2025-05-16 08:59:53+00:00,13450786,67731295746,51256546759918071300286,0,55908814398089385,1.3214174584028935
2025-05-16 08:59:58+00:00,13450791,67731295810,51256546808756100800334,0,55908814450918200,1.3214174583924474
2025-05-16 09:00:03+00:00,13450796,67731295743,51256546757886174114650,0,55908814395431097,1.3214174583967475
2025-05-16 09:00:05+00:00,13450798,67731282569,51256556757886174114650,0,55908814395431097,1.3214169435714012
2025-05-16 09:00:09+00:00,13450802,67731282570,51256556757886174114649,0,55908814395431097,1.3214169435909109
2025-05-16 09:00:34+00:00,13450827,67731292570,51256564325520332660625,0,55908822649935112,1.3214169435909109
2025-05-16 09:00:43+00:00,13450836,67731279396,51256574325520332660625,0,55908822649935112,1.3214164287658414
2025-05-16 09:00:54+00:00,13450847,67731279397,51256574324765839241078,0,55908822649935112,1.3214164288048025
2025-05-16 09:01:03+00:00,13450856,67731289397,51256581892402945921234,0,55908830904440732,1.3214164288048025
2025-05-16 09:01:15+00:00,13450868,67731289396,51256581893402945921234,0,55908830904440732,1.3214164287595123
2025-05-16 09:01:20+00:00,13450873,67731289395,51256581894402945921234,0,55908830904440732,1.321416428714222
2025-05-16 09:01:25+00:00,13450878,67731289408,51256581904402945921234,0,55908830915171589,1.3214164287100438
2025-05-16 09:01:30+00:00,13450883,67731289407,51256581903609071121101,0,55908830914305659,1.3214164287110006
2025-05-16 09:01:31+00:00,13450884,67731259408,51256559200703638627819,0,55908806150795219,1.3214164287303585
2025-05-16 09:01:40+00:00,13450893,67731246234,51256569200703638627819,0,55908806150795219,1.321415913905338
2025-05-16 09:01:40+00:00,13450893,67731246235,51256569199949144914301,0,55908806150795219,1.321415913944299
2025-05-16 09:01:49+00:00,13450902,67731233061,51256579199949144914301,0,55908806150795219,1.3214153991194793
2025-05-16 09:02:15+00:00,13450928,67731243061,51256586767592148517457,0,55908814405304051,1.3214153991194793
2025-05-16 09:02:28+00:00,13450941,67731243062,51256586766837654510009,0,55908814405304051,1.32141539915844
2025-05-16 09:02:51+00:00,13450964,67731253062,51256594334480657890039,0,55908822659812882,1.32141539915844
2025-05-16 09:03:13+00:00,13450986,67731233063,51256579199194651922855,0,55908806150795219,1.3214153991779498
2025-05-16 09:03:14+00:00,13450987,67731233064,51256579198440157915441,0,55908806150795219,1.3214153992169106
2025-05-16 09:03:19+00:00,13450992,67731233065,51256579197685663908049,0,55908806150795219,1.3214153992558715
2025-05-16 09:03:25+00:00,13450998,67731233066,51256579196931169900679,0,55908806150795219,1.3214153992948323
2025-05-16 09:03:31+00:00,13451004,67731233130,51256579245769199400727,0,55908806203624075,1.3214153992843884
2025-05-16 09:03:40+00:00,13451013,67731233131,51256579245769199400726,0,55908806203624075,1.321415399303898
2025-05-16 09:03:46+00:00,13451019,67731219957,51256589245769199400726,0,55908806203624075,1.3214148844792797
2025-05-16 09:04:01+00:00,13451034,67731219958,51256589245014705099432,0,55908806203624075,1.3214148845182405
2025-05-16 09:04:01+00:00,13451034,67731206784,51256599245014705099432,0,55908806203624075,1.3214143696938232
2025-05-16 09:04:15+00:00,13451048,67731216784,51256606812663604147683,0,55908814458136117,1.3214143696938232
2025-05-16 09:04:24+00:00,13451057,67731203610,51256616812663604147683,0,55908814458136117,1.3214138548696828
2025-05-16 09:04:44+00:00,13451077,67731203609,51256616813663604147683,0,55908814458136117,1.3214138548243926
2025-05-16 09:04:46+00:00,13451079,67731203610,51256616812909109258482,0,55908814458136117,1.3214138548633534
2025-05-16 09:04:48+00:00,13451081,67731203609,51256616813909109258482,0,55908814458136117,1.3214138548180634
2025-05-16 09:04:53+00:00,13451086,67731203622,51256616823909109258482,0,55908814468866984,1.3214138548138856
2025-05-16 09:04:58+00:00,13451091,67731203621,51256616823115233683978,0,55908814468001054,1.3214138548148424
2025-05-16 09:05:23+00:00,13451116,67731193622,51256609255464858254514,0,55908806213489012,1.3214138548343142
2025-05-16 09:05:32+00:00,13451125,67731193623,51256609254710363365318,0,55908806213489012,1.321413854873275
2025-05-16 09:05:37+00:00,13451130,67731203623,51256616822362210756468,0,55908814468002659,1.321413854873275
2025-05-16 09:05:51+00:00,13451144,67731213623,51256624390014058147618,0,55908822722516306,1.321413854873275
2025-05-16 09:06:17+00:00,13451170,67731200449,51256634390014058147618,0,55908822722516306,1.3214133400494115
2025-05-16 09:06:17+00:00,13451170,67731200450,51256634389259562964493,0,55908822722516306,1.321413340088372
2025-05-16 09:06:31+00:00,13451184,67731210450,51256641956914358496699,0,55908830977031559,1.321413340088372
2025-05-16 09:06:40+00:00,13451193,67731197276,51256651956914358496699,0,55908830977031559,1.3214128252647854
2025-05-16 09:06:46+00:00,13451199,67731197277,51256651956159863019644,0,55908830977031559,1.3214128253037463
2025-05-16 09:06:50+00:00,13451203,67731197278,51256651955405367542611,0,55908830977031559,1.321412825342707
2025-05-16 09:06:56+00:00,13451209,67731197342,51256652004243397042659,0,55908831029860466,1.3214128253322657
2025-05-16 09:07:01+00:00,13451214,67731197275,51256651953373381039721,0,55908830974373363,1.3214128253365633
2025-05-16 09:07:03+00:00,13451216,67731197276,51256651952618885562707,0,55908830974373363,1.3214128253755242
2025-05-16 09:07:06+00:00,13451219,67731197277,51256651952618885562706,0,55908830974373363,1.321412825395034
2025-05-16 09:07:15+00:00,13451228,67731207277,51256659520276628713881,0,55908839228890221,1.321412825395034
2025-05-16 09:07:29+00:00,13451242,67731217277,51256667087934371865056,0,55908847483407079,1.321412825395034
2025-05-16 09:07:38+00:00,13451251,67731204103,51256677087934371865056,0,55908847483407079,1.3214123105718
2025-05-16 09:07:47+00:00,13451260,67731190929,51256687087934371865056,0,55908847483407079,1.321411795748767
2025-05-16 09:07:49+00:00,13451262,67731190930,51256687087179875800171,0,55908847483407079,1.3214117957877278
2025-05-16 09:07:56+00:00,13451269,67731177756,51256697087179875800171,0,55908847483407079,1.3214112809648957
2025-05-16 09:08:10+00:00,13451283,67731187756,51256704654846463827170,0,55908855737928753,1.3214112809648957
2025-05-16 09:08:11+00:00,13451284,67731187755,51256704655846463827170,0,55908855737928753,1.321411280919606
2025-05-16 09:08:16+00:00,13451289,67731187754,51256704656846463827170,0,55908855737928753,1.321411280874316
2025-05-16 09:08:21+00:00,13451294,67731187767,51256704666846463827170,0,55908855748659631,1.3214112808701386
2025-05-16 09:08:25+00:00,13451298,67731197767,51256712234513052396839,0,55908864003181305,1.3214112808701386
2025-05-16 09:08:26+00:00,13451299,67731197766,51256712233719176047953,0,55908864002315375,1.3214112808710954
2025-05-16 09:08:35+00:00,13451308,67731197767,51256712232964679689085,0,55908864002315375,1.3214112809100562
2025-05-16 09:08:40+00:00,13451313,67731184593,51256722232964679689085,0,55908864002315375,1.3214107660875771
2025-05-16 09:09:06+00:00,13451339,67731194593,51256729800634216397889,0,55908872256838655,1.3214107660875771
2025-05-16 09:09:19+00:00,13451352,67731194594,51256729799879719745091,0,55908872256838655,1.3214107661265377
2025-05-16 09:09:45+00:00,13451378,67731181420,51256739799879719745091,0,55908872256838655,1.3214102513043355
2025-05-16 09:10:06+00:00,13451399,67731181421,51256739799125222798363,0,55908872256838655,1.3214102513432964
2025-05-16 09:10:07+00:00,13451400,67731101422,51256679257796863455208,0,55908806220695764,1.3214102513614778
2025-05-16 09:10:14+00:00,13451407,67731101423,51256679257042366508512,0,55908806220695764,1.3214102514004387
2025-05-16 09:10:24+00:00,13451417,67731101487,51256679305880396008560,0,55908806273524723,1.3214102513899995
2025-05-16 09:10:29+00:00,13451422,67731101420,51256679255010330384746,0,55908806218037620,1.321410251394296
2025-05-16 09:10:33+00:00,13451426,67731088246,51256689255010330384746,0,55908806218037620,1.3214097365716866
2025-05-16 09:10:34+00:00,13451427,67731088247,51256689255010330384745,0,55908806218037620,1.3214097365911963
2025-05-16 09:10:45+00:00,13451438,67731075073,51256699255010330384745,0,55908806218037620,1.3214092217687876
2025-05-16 09:10:52+00:00,13451445,67731075074,51256699254255832850173,0,55908806218037620,1.3214092218077484
2025-05-16 09:10:53+00:00,13451446,67731175074,51256623804613438473792,0,55908806218037620,1.3214131178867021
2025-05-16 09:11:03+00:00,13451456,67731161900,51256633804613438473792,0,55908806218037620,1.3214126030629765
2025-05-16 09:11:03+00:00,13451456,67731148726,51256643804613438473792,0,55908806218037620,1.3214120882394518
2025-05-16 09:11:17+00:00,13451470,67731135552,51256653804613438473792,0,55908806218037620,1.3214115734161278
2025-05-16 09:11:31+00:00,13451484,67731145552,51256661372278351645309,0,55908814472558345,1.3214115734161278
2025-05-16 09:11:36+00:00,13451489,67731145551,51256661373278351645309,0,55908814472558345,1.3214115733708378
2025-05-16 09:11:38+00:00,13451491,67731145552,51256661372523855453452,0,55908814472558345,1.3214115734097986
2025-05-16 09:11:45+00:00,13451498,67731145565,51256661382523855453452,0,55908814483289221,1.3214115734056213
2025-05-16 09:11:50+00:00,13451503,67731135566,51256653814858942744350,0,55908806227902566,1.321411573425131
2025-05-16 09:11:50+00:00,13451503,67731135565,51256653814065066479916,0,55908806227902566,1.3214115734260876
2025-05-16 09:12:13+00:00,13451526,67731235565,51256578364556944146587,0,55908806227902566,1.3214154695084954
2025-05-16 09:12:23+00:00,13451536,67731235566,51256578363802450179330,0,55908806227902566,1.3214154695474563
2025-05-16 09:12:34+00:00,13451547,67731222392,51256588363802450179330,0,55908806227902566,1.3214149547228153
2025-05-16 09:12:47+00:00,13451560,67731232392,51256580818860948807532,0,55908806227902566,1.3214153443312953
2025-05-16 09:12:49+00:00,13451562,67731242392,51256588386504266178361,0,55908814482411490,1.3214153443312953
2025-05-16 09:13:08+00:00,13451581,67731242393,51256588385749772139631,0,55908814482411490,1.321415344370256
2025-05-16 09:13:38+00:00,13451611,67731252393,51256595953393089287335,0,55908822736920414,1.321415344370256
2025-05-16 09:13:39+00:00,13451612,67731252394,51256595952638595248627,0,55908822736920414,1.321415344409217
2025-05-16 09:13:40+00:00,13451613,67731239220,51256605952638595248627,0,55908822736920414,1.3214148295847772
2025-05-16 09:13:50+00:00,13451623,67731239284,51256606001476624748675,0,55908822789749281,1.3214148295743335
2025-05-16 09:13:54+00:00,13451627,67731249284,51256613569122890093897,0,55908830988772708,1.3214148295743335
2025-05-16 09:13:54+00:00,13451627,67731249217,51256613518252912249259,0,55908830988772708,1.3214148295786325
2025-05-16 09:14:00+00:00,13451633,67731249218,51256613518252912249258,0,55908830988772708,1.321414829598142
2025-05-16 09:14:21+00:00,13451654,67731236044,51256623518252912249258,0,55908830988772708,1.3214143147739792
2025-05-16 09:14:31+00:00,13451664,67731222870,51256633518252912249258,0,55908830988772708,1.3214137999500173
2025-05-16 09:14:39+00:00,13451672,67731222871,51256633517498417328725,0,55908830988772708,1.321413799988978
2025-05-16 09:14:53+00:00,13451686,67731209697,51256643517498417328725,0,55908830988772708,1.321413285165217
2025-05-16 09:15:03+00:00,13451696,67731209696,51256643518498417328725,0,55908830988772708,1.321413285119927
2025-05-16 09:15:08+00:00,13451701,67731209695,51256643519498417328725,0,55908830988772708,1.321413285074637
2025-05-16 09:15:10+00:00,13451703,67731196521,51256653519498417328725,0,55908830988772708,1.3214127702510767
2025-05-16 09:15:13+00:00,13451706,67731196534,51256653529498417328725,0,55908830999503580,1.321412770246899
2025-05-16 09:15:18+00:00,13451711,67731196533,51256653528704541420442,0,55908830998637650,1.3214127702478558
2025-05-16 09:15:20+00:00,13451713,67731183359,51256663528704541420442,0,55908830998637650,1.3214122554244965
2025-05-16 09:15:25+00:00,13451718,67731183360,51256663527950045618022,0,55908830998637650,1.3214122554634573
2025-05-16 09:15:42+00:00,13451735,67731170186,51256673527950045618022,0,55908830998637650,1.321411740640299
2025-05-16 09:15:52+00:00,13451745,67731150187,51256658392641270500301,0,55908814489618196,1.3214117406593153
2025-05-16 09:16:10+00:00,13451763,67731150188,51256658391886774403961,0,55908814489618196,1.321411740698276
2025-05-16 09:16:17+00:00,13451770,67731140189,51256650824233123139101,0,55908806235109272,1.32141174071752
2025-05-16 09:16:28+00:00,13451781,67731150189,51256643279273270575612,0,55908806235109272,1.321412130325525
2025-05-16 09:16:35+00:00,13451788,67731160189,51256650846934994353292,0,55908814489628216,1.321412130325525
2025-05-16 09:16:55+00:00,13451808,67731160190,51256650846180498479443,0,55908814489628216,1.321412130364486
2025-05-16 09:17:08+00:00,13451821,67731160191,51256650845426002605616,0,55908814489628216,1.3214121304034467
2025-05-16 09:17:13+00:00,13451826,67731160192,51256650844671506731811,0,55908814489628216,1.3214121304424076
2025-05-16 09:17:19+00:00,13451832,67731160256,51256650893509536231859,0,55908814542457137,1.3214121304319666
2025-05-16 09:17:25+00:00,13451838,67731160189,51256650842639506329805,0,55908822741488977,1.321412130436264
2025-05-16 09:17:25+00:00,13451838,67731170189,51256658410301229473288,0,55908822741488977,1.321412130436264
2025-05-16 09:17:29+00:00,13451842,67731170190,51256658410301229473287,0,55908822741488977,1.3214121304557738
2025-05-16 09:17:34+00:00,13451847,67731157016,51256668410301229473287,0,55908822741488977,1.3214116156325884
2025-05-16 09:17:40+00:00,13451853,67731157017,51256668409546733305560,0,55908822741488977,1.3214116156715492
2025-05-16 09:17:48+00:00,13451861,67731167017,51256675977211404482180,0,55908830996009526,1.3214116156715492
2025-05-16 09:17:59+00:00,13451872,67731137018,51256653274220335193185,0,55908806232451090,1.3214116156909828
2025-05-16 09:18:26+00:00,13451899,67731137019,51256653273465839025491,0,55908806232451090,1.3214116157299436
2025-05-16 09:18:32+00:00,13451905,67731137018,51256653274465839025491,0,55908806232451090,1.3214116156846536
2025-05-16 09:18:37+00:00,13451910,67731137017,51256653275465839025491,0,55908806232451090,1.3214116156393638
2025-05-16 09:18:42+00:00,13451915,67731137030,51256653285465839025491,0,55908806243181966,1.3214116156351865
2025-05-16 09:18:47+00:00,13451920,67731137029,51256653284671962769461,0,55908806242316036,1.321411615636143
2025-05-16 09:19:02+00:00,13451935,67731123855,51256663284671962769461,0,55908806242316036,1.3214111008130067
2025-05-16 09:19:12+00:00,13451945,67731123856,51256663283917466307784,0,55908806242316036,1.3214111008519676
2025-05-16 09:19:16+00:00,13451949,67731133856,51256670851585085834056,0,55908814496838190,1.3214111008519676
2025-05-16 09:19:56+00:00,13451989,67731143856,51256678419252705360328,0,55908822751360344,1.3214111008519676
2025-05-16 09:19:57+00:00,13451990,67731143857,51256678418498208898673,0,55908822751360344,1.3214111008909282
2025-05-16 09:20:07+00:00,13452000,67731123858,51256663283162971110912,0,55908806242316036,1.321411100910438
2025-05-16 09:20:34+00:00,13452027,67731123859,51256663282408474649290,0,55908806242316036,1.3214111009493987
2025-05-16 09:20:38+00:00,13452031,67731123860,51256663281653978187690,0,55908806242316036,1.3214111009883593
2025-05-16 09:20:40+00:00,13452033,67731110686,51256673281653978187690,0,55908806242316036,1.3214105861654237
2025-05-16 09:20:49+00:00,13452042,67731110619,51256673230783918514267,0,55908806186828933,1.3214105861697205
2025-05-16 09:20:53+00:00,13452046,67731110620,51256673230783918514266,0,55908806186828933,1.3214105861892302
2025-05-16 09:21:04+00:00,13452057,67731097446,51256683230783918514266,0,55908806186828933,1.321410071366495
2025-05-16 09:21:19+00:00,13452072,67731084272,51256693230783918514266,0,55908806186828933,1.3214095565439605
2025-05-16 09:21:29+00:00,13452082,67731084273,51256693230029421170844,0,55908806186828933,1.3214095565829214
2025-05-16 09:21:38+00:00,13452091,67731094273,51256700797705884673458,0,55908814441355903,1.3214095565829214
2025-05-16 09:21:56+00:00,13452109,67731094272,51256700798705884673458,0,55908814441355903,1.3214095565376314
2025-05-16 09:22:01+00:00,13452114,67731081097,51256710799705884673458,0,55908814441355903,1.321409041670084
2025-05-16 09:22:01+00:00,13452114,67731094271,51256700799705884673458,0,55908814441355903,1.3214095564923416
2025-05-16 09:22:05+00:00,13452118,67731081110,51256710809705884673458,0,55908814452086790,1.3214090416659072
2025-05-16 09:22:10+00:00,13452123,67731081109,51256710808912007643040,0,55908814451220860,1.3214090416668638
2025-05-16 09:22:16+00:00,13452129,67731071110,51256703241234067793332,0,55908806196693890,1.3214090416863356
2025-05-16 09:22:25+00:00,13452138,67731171110,51256627791581388874337,0,55908806196693890,1.3214129377649861
2025-05-16 09:22:39+00:00,13452152,67731181110,51256635359238488489100,0,55908814451210278,1.3214129377649861
2025-05-16 09:23:00+00:00,13452173,67731181111,51256635358483993076280,0,55908814451210278,1.321412937803947
2025-05-16 09:23:12+00:00,13452185,67731167937,51256645358483993076280,0,55908814451210278,1.3214124229803725
2025-05-16 09:23:22+00:00,13452195,67731157938,51256637790825417973884,0,55908806196693890,1.3214124229998443
2025-05-16 09:23:46+00:00,13452219,67731157939,51256637790070922267145,0,55908806196693890,1.3214124230388051
2025-05-16 09:23:58+00:00,13452231,67731144765,51256647790070922267145,0,55908806196693890,1.3214119082153555
2025-05-16 09:23:59+00:00,13452232,67731144766,51256647789316426266476,0,55908806196693890,1.3214119082543163
2025-05-16 09:24:04+00:00,13452237,67731144767,51256647788561930265829,0,55908806196693890,1.3214119082932771
2025-05-16 09:24:09+00:00,13452242,67731144831,51256647837399959765877,0,55908806249522815,1.3214119082828364
2025-05-16 09:24:14+00:00,13452247,67731144764,51256647786529925351347,0,55908806194035712,1.3214119082871338
2025-05-16 09:24:19+00:00,13452252,67731144765,51256647786529925351346,0,55908806194035712,1.3214119083066433
2025-05-16 09:24:31+00:00,13452264,67731144766,51256647785775429350729,0,55908806194035712,1.3214119083456042
2025-05-16 09:24:43+00:00,13452276,67731131592,51256657785775429350729,0,55908806194035712,1.3214113935223555
2025-05-16 09:25:13+00:00,13452306,67731118418,51256667785775429350729,0,55908806194035712,1.3214108786993075
2025-05-16 09:25:22+00:00,13452315,67731118417,51256667786775429350729,0,55908806194035712,1.3214108786540175
2025-05-16 09:25:23+00:00,13452316,67731105243,51256677786775429350729,0,55908806194035712,1.3214103638311705
2025-05-16 09:25:32+00:00,13452325,67731105256,51256677796775429350729,0,55908806204766593,1.3214103638269934
2025-05-16 09:25:39+00:00,13452332,67731092082,51256687796775429350729,0,55908806204766593,1.3214098490043475
2025-05-16 09:26:02+00:00,13452355,67731092083,51256687796020932174296,0,55908806204766593,1.3214098490433082
2025-05-16 09:26:15+00:00,13452368,67731102083,51256695363695720764627,0,55908814459292614,1.3214098490433082
2025-05-16 09:26:25+00:00,13452378,67731088909,51256705363695720764627,0,55908814459292614,1.321409334220939
2025-05-16 09:26:40+00:00,13452393,67731098909,51256712931373457728458,0,55908822713820240,1.321409334220939
2025-05-16 09:26:48+00:00,13452401,67731098910,51256712930618960258094,0,55908822713820240,1.3214093342598998
2025-05-16 09:27:00+00:00,13452413,67731108910,51256720498296696998798,0,55908830968347866,1.3214093342598998
2025-05-16 09:27:15+00:00,13452428,67731118910,51256728065974433739502,0,55908839222875492,1.3214093342598998
2025-05-16 09:27:22+00:00,13452435,67731118911,51256728065219936269161,0,55908839222875492,1.3214093342988606
2025-05-16 09:27:27+00:00,13452440,67731118912,51256728064465438798842,0,55908839222875492,1.3214093343378213
2025-05-16 09:27:33+00:00,13452446,67731118976,51256728113303468298890,0,55908839275704468,1.3214093343273832
2025-05-16 09:27:33+00:00,13452446,67731118977,51256728112548970828587,0,55908839275704468,1.3214093343663438
2025-05-16 09:27:42+00:00,13452455,67731118978,51256728112548970828586,0,55908839275704468,1.3214093343858535
2025-05-16 09:28:01+00:00,13452474,67731105804,51256738112548970828586,0,55908839275704468,1.3214088195639138
2025-05-16 09:28:11+00:00,13452484,67731092630,51256748112548970828586,0,55908839275704468,1.3214083047421747
2025-05-16 09:28:19+00:00,13452492,67731092631,51256748111794472770411,0,55908839275704468,1.3214083047811354
2025-05-16 09:28:26+00:00,13452499,67731079457,51256758111794472770411,0,55908839275704468,1.3214077899595973
2025-05-16 09:28:46+00:00,13452519,67731079456,51256758112794472770411,0,55908839275704468,1.3214077899143075
2025-05-16 09:28:49+00:00,13452522,67731066282,51256768112794472770411,0,55908839275704468,1.3214072750929704
2025-05-16 09:28:51+00:00,13452524,67731066281,51256768113794472770411,0,55908839275704468,1.3214072750476806
2025-05-16 09:29:00+00:00,13452533,67731066280,51256768113000595204936,0,55908839274838538,1.3214072750486374
2025-05-16 09:29:04+00:00,13452537,67731076280,51256775680690125014682,0,55908847529372586,1.3214072750486374
2025-05-16 09:29:24+00:00,13452557,67731086280,51256783248379654824428,0,55908855783906634,1.3214072750486374
2025-05-16 09:29:44+00:00,13452577,67731096280,51256790816069184634174,0,55908864038440682,1.3214072750486374
2025-05-16 09:29:50+00:00,13452583,67731096281,51256790815314685988064,0,55908864038440682,1.321407275087598
2025-05-16 09:30:07+00:00,13452600,67731083107,51256800815314685988064,0,55908864038440682,1.3214067602666897
2025-05-16 09:30:34+00:00,13452627,67731069933,51256810815314685988064,0,55908864038440682,1.3214062454459823
2025-05-16 09:30:43+00:00,13452636,67731169933,51256735365502347341688,0,55908864038440682,1.321410141516456
2025-05-16 09:30:49+00:00,13452642,67731169934,51256735364747850332273,0,55908864038440682,1.321410141555417
2025-05-16 09:30:55+00:00,13452648,67731169935,51256735363993353322880,0,55908864038440682,1.3214101415943775
2025-05-16 09:31:00+00:00,13452653,67731169999,51256735412831382822928,0,55908864091269642,1.3214101415839385
2025-05-16 09:31:05+00:00,13452658,67731169932,51256735361961314122326,0,55908864035782539,1.321410141588235
2025-05-16 09:31:10+00:00,13452663,67731169933,51256735361961314122325,0,55908864035782539,1.3214101416077448
2025-05-16 09:31:23+00:00,13452676,67731169934,51256735361206817112962,0,55908864035782539,1.3214101416467054
2025-05-16 09:31:24+00:00,13452677,67731099934,51256682387462443533176,0,55908806254071496,1.3214101416475454
2025-05-16 09:31:33+00:00,13452686,67731086760,51256692387462443533176,0,55908806254071496,1.3214096268249889
2025-05-16 09:31:43+00:00,13452696,67731073586,51256702387462443533176,0,55908806254071496,1.3214091120026332
2025-05-16 09:32:10+00:00,13452723,67731073587,51256702386707945935930,0,55908806254071496,1.321409112041594
2025-05-16 09:32:13+00:00,13452726,67731073586,51256702387707945935930,0,55908806254071496,1.321409111996304
2025-05-16 09:32:15+00:00,13452728,67731083586,51256709955386955574822,0,55908814508599778,1.321409111996304
2025-05-16 09:32:18+00:00,13452731,67731083585,51256709956386955574822,0,55908814508599778,1.3214091119510143
2025-05-16 09:32:23+00:00,13452736,67731083598,51256709966386955574822,0,55908814519330664,1.3214091119468374
2025-05-16 09:32:28+00:00,13452741,67731083597,51256709965593078558420,0,55908814518464734,1.3214091119477942
2025-05-16 09:32:36+00:00,13452749,67731070423,51256719965593078558420,0,55908814518464734,1.3214085971257155
2025-05-16 09:32:46+00:00,13452759,67731060424,51256712397912593063474,0,55908806263936452,1.3214085971451872
2025-05-16 09:32:56+00:00,13452769,67731060425,51256712397158095172255,0,55908806263936452,1.3214085971841478
2025-05-16 09:33:00+00:00,13452773,67731047251,51256722397158095172255,0,55908806263936452,1.321408082362194
2025-05-16 09:33:15+00:00,13452788,67731034077,51256732397158095172255,0,55908806263936452,1.321407567540441
2025-05-16 09:33:29+00:00,13452802,67731044077,51256739964845949884010,0,55908814518469551,1.321407567540441
2025-05-16 09:33:38+00:00,13452811,67731030903,51256749964845949884010,0,55908814518469551,1.321407052718965
2025-05-16 09:33:48+00:00,13452821,67731020904,51256742397156619032322,0,55908806263936452,1.3214070527384367
2025-05-16 09:34:08+00:00,13452841,67731030904,51256749964847422011130,0,55908814518471156,1.3214070527384367
2025-05-16 09:34:20+00:00,13452853,67731030905,51256749964092923238085,0,55908814518471156,1.3214070527773973
2025-05-16 09:34:25+00:00,13452858,67731030906,51256749963338424465062,0,55908814518471156,1.3214070528163582
2025-05-16 09:34:28+00:00,13452861,67731030907,51256749962583925692061,0,55908814518471156,1.3214070528553188
2025-05-16 09:34:32+00:00,13452865,67731030971,51256750011421955192109,0,55908814571300178,1.321407052844883
2025-05-16 09:34:41+00:00,13452874,67731030972,51256750011421955192108,0,55908814571300178,1.3214070528643924
2025-05-16 09:34:48+00:00,13452881,67731130972,51256674561655718654699,0,55908814571300178,1.321410948939488
2025-05-16 09:35:08+00:00,13452901,67731117798,51256684561655718654699,0,55908814571300178,1.3214104341166955
2025-05-16 09:35:18+00:00,13452911,67731107798,51256676993974579814041,0,55908806316765474,1.3214104341169455
2025-05-16 09:35:48+00:00,13452941,67731107797,51256676994974579814041,0,55908806316765474,1.3214104340716555
2025-05-16 09:35:53+00:00,13452946,67731107796,51256676995974579814041,0,55908806316765474,1.3214104340263657
2025-05-16 09:35:58+00:00,13452951,67731107797,51256676995220082971643,0,55908806316765474,1.3214104340653263
2025-05-16 09:36:04+00:00,13452957,67731117797,51256684562891521159811,0,55908814571289596,1.3214104340653263
2025-05-16 09:36:20+00:00,13452973,67731107798,51256676995220083615078,0,55908806316765474,1.321410434084836
2025-05-16 09:36:43+00:00,13452996,67731107799,51256676994465586772713,0,55908806316765474,1.3214104341237969
2025-05-16 09:36:51+00:00,13453004,67731094625,51256686994465586772713,0,55908806316765474,1.321409919301129
2025-05-16 09:37:24+00:00,13453037,67731104625,51256694562139972998622,0,55908814571291201,1.321409919301129
2025-05-16 09:37:38+00:00,13453051,67731114625,51256702129814359224531,0,55908822825816928,1.321409919301129
2025-05-16 09:37:54+00:00,13453067,67731114626,51256702129059862088236,0,55908822825816928,1.3214099193400897
2025-05-16 09:37:59+00:00,13453072,67731114627,51256702128305364951963,0,55908822825816928,1.3214099193790505
2025-05-16 09:38:05+00:00,13453078,67731114691,51256702177143394452011,0,55908822878645892,1.3214099193686117
2025-05-16 09:38:10+00:00,13453083,67731114624,51256702126273321238044,0,55908822823158789,1.321409919372908
2025-05-16 09:38:15+00:00,13453088,67731114625,51256702126273321238043,0,55908822823158789,1.3214099193924178
2025-05-16 09:38:40+00:00,13453113,67731101451,51256712126273321238043,0,55908822823158789,1.3214094045701028
2025-05-16 09:38:58+00:00,13453131,67731101452,51256712125518823807847,0,55908822823158789,1.3214094046090636
2025-05-16 09:39:00+00:00,13453133,67731081453,51256696990167100885512,0,55908806314107335,1.3214094046284974
2025-05-16 09:39:09+00:00,13453142,67731068279,51256706990167100885512,0,55908806314107335,1.3214088898062313
2025-05-16 09:39:21+00:00,13453154,67731068278,51256706991167100885512,0,55908806314107335,1.3214088897609413
2025-05-16 09:39:26+00:00,13453159,67731068277,51256706992167100885512,0,55908806314107335,1.3214088897156515
2025-05-16 09:39:31+00:00,13453164,67731068290,51256707002167100885512,0,55908806324838222,1.3214088897114746
2025-05-16 09:39:36+00:00,13453169,67731068289,51256707001373223798663,0,55908806323972292,1.3214088897124314
2025-05-16 09:39:37+00:00,13453170,67731078289,51256714569053506452298,0,55908814578501230,1.3214088897124314
2025-05-16 09:39:43+00:00,13453176,67731078290,51256714568299008728129,0,55908814578501230,1.321408889751392
2025-05-16 09:40:11+00:00,13453204,67731065116,51256724568299008728129,0,55908814578501230,1.321408374929403
2025-05-16 09:40:24+00:00,13453217,67731051942,51256734568299008728129,0,55908814578501230,1.321407860107615
2025-05-16 09:40:30+00:00,13453223,67731051943,51256734567544510416076,0,55908814578501230,1.3214078601465755
2025-05-16 09:40:41+00:00,13453234,67731041944,51256726999861275760678,0,55908806323972292,1.3214078601660093
2025-05-16 09:40:56+00:00,13453249,67731051944,51256734567547454609117,0,55908814578504441,1.3214078601660093
2025-05-16 09:41:06+00:00,13453259,67731038770,51256744567547454609117,0,55908814578504441,1.321407345344422
2025-05-16 09:41:16+00:00,13453269,67731038771,51256744566792956003144,0,55908814578504441,1.3214073453833826
2025-05-16 09:41:21+00:00,13453274,67731048771,51256752134482083006354,0,55908822833038195,1.3214073453833826
2025-05-16 09:41:22+00:00,13453275,67731048772,51256752133727584400403,0,55908822833038195,1.3214073454223434
2025-05-16 09:41:27+00:00,13453280,67731048773,51256752132973085794475,0,55908822833038195,1.321407345461304
2025-05-16 09:41:33+00:00,13453286,67731048837,51256752181811115294523,0,55908822885867211,1.3214073454508677
2025-05-16 09:41:38+00:00,13453291,67731048770,51256752130940992459643,0,55908822830380108,1.321407345455163
2025-05-16 09:41:43+00:00,13453296,67731048771,51256752130940992459642,0,55908822830380108,1.3214073454746724
2025-05-16 09:42:01+00:00,13453314,67731048772,51256752130186493853744,0,55908822830380108,1.3214073455136333
2025-05-16 09:42:02+00:00,13453315,67731028773,51256736994809713372327,0,55908806321314205,1.3214073455331048
2025-05-16 09:42:11+00:00,13453324,67731038773,51256729449824765225969,0,55908806321314205,1.321407735140455
2025-05-16 09:42:29+00:00,13453342,67731048773,51256737017511660094252,0,55908814575846740,1.321407735140455
2025-05-16 09:42:45+00:00,13453358,67731048772,51256737018511660094252,0,55908814575846740,1.3214077350951652
2025-05-16 09:42:48+00:00,13453361,67731048773,51256737017757161710819,0,55908814575846740,1.3214077351341258
2025-05-16 09:42:50+00:00,13453363,67731048772,51256737018757161710819,0,55908814575846740,1.321407735088836
2025-05-16 09:42:55+00:00,13453368,67731048785,51256737028757161710819,0,55908814586577632,1.3214077350846596
2025-05-16 09:43:23+00:00,13453396,67731038786,51256729461070267068780,0,55908806332045097,1.321407735104169
2025-05-16 09:43:32+00:00,13453405,67731038787,51256729460315768685353,0,55908806332045097,1.32140773514313
2025-05-16 09:44:17+00:00,13453450,67731038788,51256729459561270301948,0,55908806332045097,1.3214077351820905
2025-05-16 09:44:42+00:00,13453475,67731025614,51256739459561270301948,0,55908806332045097,1.3214072203604763
2025-05-16 09:44:47+00:00,13453480,67731025615,51256739458806771624612,0,55908806332045097,1.321407220399437
2025-05-16 09:44:52+00:00,13453485,67731025616,51256739458052272947298,0,55908806332045097,1.3214072204383978
2025-05-16 09:44:58+00:00,13453491,67731025680,51256739506890302447346,0,55908806384874115,1.3214072204279617
2025-05-16 09:45:02+00:00,13453495,67731025681,51256739506135803770048,0,55908806329387012,1.3214072204669223
2025-05-16 09:45:02+00:00,13453495,67731025614,51256739455265678501365,0,55908806329387012,1.3214072204712173
2025-05-16 09:45:08+00:00,13453501,67731025615,51256739455265678501364,0,55908806329387012,1.321407220490727
2025-05-16 09:45:22+00:00,13453515,67731035615,51256747022955520763865,0,55908814583921152,1.321407220490727
2025-05-16 09:45:37+00:00,13453530,67731022441,51256757022955520763865,0,55908814583921152,1.3214067056693894
2025-05-16 09:45:48+00:00,13453541,67731022442,51256757022201021792650,0,55908814583921152,1.3214067057083503
2025-05-16 09:46:13+00:00,13453566,67731022441,51256757023201021792650,0,55908814583921152,1.3214067056630605
2025-05-16 09:46:20+00:00,13453573,67731022440,51256757024201021792650,0,55908814583921152,1.3214067056177707
2025-05-16 09:46:24+00:00,13453577,67731032440,51256764591893812730093,0,55908822838456897,1.3214067056177707
2025-05-16 09:46:27+00:00,13453580,67731032439,51256764591099934985765,0,55908822837590967,1.3214067056187273
2025-05-16 09:46:33+00:00,13453586,67731032440,51256764590345436014521,0,55908822837590967,1.3214067056576881
2025-05-16 09:46:38+00:00,13453591,67731042440,51256772158038226723357,0,55908831092126712,1.3214067056576881
2025-05-16 09:46:47+00:00,13453600,67731029266,51256782158038226723357,0,55908831092126712,1.3214061908367034
2025-05-16 09:46:57+00:00,13453610,67730999267,51256759454956898964622,0,55908806328521082,1.3214061908560613
2025-05-16 09:47:19+00:00,13453632,67730999268,51256759454202399699458,0,55908806328521082,1.321406190895022
2025-05-16 09:47:23+00:00,13453636,67731009268,51256767021898138453902,0,55908814583058433,1.321406190895022
2025-05-16 09:47:53+00:00,13453666,67731019268,51256774589593877208346,0,55908822837595784,1.321406190895022
2025-05-16 09:48:03+00:00,13453676,67731019269,51256774588839377943204,0,55908822837595784,1.3214061909339827
2025-05-16 09:48:12+00:00,13453685,67731019270,51256774588084878678084,0,55908822837595784,1.3214061909729433
2025-05-16 09:48:17+00:00,13453690,67731019271,51256774587330379412986,0,55908822837595784,1.3214061910119042
2025-05-16 09:48:23+00:00,13453696,67731019335,51256774636168408913034,0,55908822890424823,1.321406191001469
2025-05-16 09:48:28+00:00,13453701,67731019268,51256774585298263797317,0,55908822834937720,1.3214061910057635
2025-05-16 09:48:33+00:00,13453706,67731029269,51256782152994001805812,0,55908831089475070,1.321406191025273
2025-05-16 09:48:33+00:00,13453706,67731019269,51256774585298263797316,0,55908831089475070,1.321406191025273
2025-05-16 09:48:48+00:00,13453721,67731029270,51256782152239502540744,0,55908831089475070,1.3214061910642338
2025-05-16 09:49:15+00:00,13453748,67731016096,51256792152239502540744,0,55908831089475070,1.32140567624345
2025-05-16 09:49:34+00:00,13453767,67731016096,51256792152485002981745,0,55908831089475070,1.321405676237121
2025-05-16 09:49:34+00:00,13453767,67731016097,51256792151485002981745,0,55908831089475070,1.3214056762824107
2025-05-16 09:49:35+00:00,13453768,67731026096,51256799720183689184103,0,55908839344014026,1.321405676237121
2025-05-16 09:49:44+00:00,13453777,67731026109,51256799730183689184103,0,55908839354744926,1.3214056762329447
2025-05-16 09:49:45+00:00,13453778,67731012935,51256809730183689184103,0,55908839354744926,1.321405161412438
2025-05-16 09:49:54+00:00,13453787,67730999761,51256819730183689184103,0,55908839354744926,1.321404646592132
2025-05-16 09:50:09+00:00,13453802,67730986587,51256829730183689184103,0,55908839354744926,1.321404131772027
2025-05-16 09:50:19+00:00,13453812,67730946588,51256799459375642461234,0,55908806336593918,1.3214041317909675
2025-05-16 09:50:20+00:00,13453813,67730946589,51256799458621142020378,0,55908806336593918,1.321404131829928
2025-05-16 09:50:53+00:00,13453846,67730933415,51256809458621142020378,0,55908806336593918,1.3214036170097199
2025-05-16 09:51:06+00:00,13453859,67730933416,51256809457866641285591,0,55908806336593918,1.3214036170486805
2025-05-16 09:51:11+00:00,13453864,67730920242,51256819457866641285591,0,55908806336593918,1.3214031022286732
2025-05-16 09:51:20+00:00,13453873,67730907068,51256829457866641285591,0,55908806336593918,1.3214025874088668
2025-05-16 09:51:36+00:00,13453889,67730907069,51256829457112139962917,0,55908806336593918,1.3214025874478275
2025-05-16 09:51:41+00:00,13453894,67730907070,51256829456357638640265,0,55908806336593918,1.321402587486788
2025-05-16 09:51:47+00:00,13453900,67730917134,51256837072912043736504,0,55908814643971616,1.3214025874763564
2025-05-16 09:51:47+00:00,13453900,67730907134,51256829505195668140313,0,55908814643971616,1.3214025874763564
2025-05-16 09:51:56+00:00,13453909,67730903961,51256847072912043736503,0,55908814643971616,1.3214020726763367
2025-05-16 09:51:56+00:00,13453909,67730917135,51256837072912043736503,0,55908814643971616,1.321402587495866
2025-05-16 09:52:07+00:00,13453920,67730893962,51256839505194192350092,0,55908806389423028,1.3214020726958084
2025-05-16 09:52:17+00:00,13453930,67730880788,51256849505194192350092,0,55908806389423028,1.3214015578764042
2025-05-16 09:52:31+00:00,13453944,67730890788,51256857072916464503897,0,55908814643974827,1.3214015578764042
2025-05-16 09:52:36+00:00,13453949,67730890789,51256857072161962593375,0,55908814643974827,1.3214015579153648
2025-05-16 09:52:40+00:00,13453953,67730877615,51256867072161962593375,0,55908814643974827,1.3214010430962373
2025-05-16 09:52:55+00:00,13453968,67730864441,51256877072161962593375,0,55908814643974827,1.321400528277311
2025-05-16 09:52:58+00:00,13453971,67730864440,51256877073161962593375,0,55908814643974827,1.3214005282320214
2025-05-16 09:53:03+00:00,13453976,67730864439,51256877074161962593375,0,55908814643974827,1.3214005281867318
2025-05-16 09:53:04+00:00,13453977,67730964439,51256801624023178116923,0,55908814643974827,1.3214044242521692
2025-05-16 09:53:13+00:00,13453986,67730964438,51256801623229299682674,0,55908814643108897,1.3214044242531258
2025-05-16 09:53:21+00:00,13453994,67730964439,51256801622474799408810,0,55908814643108897,1.3214044242920866
2025-05-16 09:53:28+00:00,13454001,67730974439,51256809190180655515112,0,55908822897651720,1.3214044242920866
2025-05-16 09:53:37+00:00,13454010,67730961265,51256819190180655515112,0,55908822897651720,1.321403909471919
2025-05-16 09:53:56+00:00,13454029,67730948091,51256829190180655515112,0,55908822897651720,1.3214033946519523
2025-05-16 09:54:08+00:00,13454041,67730948092,51256829189426154653362,0,55908822897651720,1.321403394690913
2025-05-16 09:54:17+00:00,13454050,67730958092,51256836757137907307880,0,55908831152197754,1.321403394690913
2025-05-16 09:54:26+00:00,13454059,67730944918,51256846757137907307880,0,55908831152197754,1.3214028798712232
2025-05-16 09:54:36+00:00,13454069,67730914919,51256824053995879565343,0,55908806388557098,1.3214028798906794
2025-05-16 09:54:53+00:00,13454086,67730914920,51256824053241378409672,0,55908806388557098,1.32140287992964
2025-05-16 09:54:59+00:00,13454092,67730914921,51256824052486877254023,0,55908806388557098,1.3214028799686006
2025-05-16 09:55:00+00:00,13454093,67730924921,51256831620201577737815,0,55908814643104737,1.3214028799686006
2025-05-16 09:55:11+00:00,13454104,67730924985,51256831669039607237863,0,55908814695933841,1.3214028799581685
2025-05-16 09:55:16+00:00,13454109,67730924918,51256831618169398063486,0,55908814640446738,1.3214028799624615
2025-05-16 09:55:21+00:00,13454114,67730924919,51256831618169398063485,0,55908814640446738,1.321402879981971
2025-05-16 09:55:27+00:00,13454120,67730911745,51256841618169398063485,0,55908814640446738,1.3214023651623301
2025-05-16 09:55:36+00:00,13454129,67730898571,51256851618169398063485,0,55908814640446738,1.32140185034289
2025-05-16 09:55:38+00:00,13454131,67730898572,51256851617414896319957,0,55908814640446738,1.3214018503818508
2025-05-16 09:56:06+00:00,13454159,67730888573,51256844049697243529373,0,55908806385899099,1.3214018504012843
2025-05-16 09:56:23+00:00,13454176,67730888574,51256844048942741785878,0,55908806385899099,1.321401850440245
2025-05-16 09:56:24+00:00,13454177,67730888573,51256844049942741785878,0,55908806385899099,1.3214018503949554
2025-05-16 09:56:29+00:00,13454182,67730888572,51256844050942741785878,0,55908806385899099,1.3214018503496658
2025-05-16 09:56:38+00:00,13454191,67730888571,51256844050148862577249,0,55908806385033169,1.3214018503506224
2025-05-16 09:56:56+00:00,13454209,67730898571,51256851617869459719282,0,55908814639584019,1.3214018503506224
2025-05-16 09:57:09+00:00,13454222,67730898572,51256851617114957975759,0,55908814639584019,1.321401850389583
2025-05-16 09:57:12+00:00,13454225,67730885398,51256861617114957975759,0,55908814639584019,1.3214013355703438
2025-05-16 09:57:32+00:00,13454245,67730872224,51256871617114957975759,0,55908814639584019,1.3214008207513055
2025-05-16 09:57:57+00:00,13454270,67730872225,51256871616360455644348,0,55908814639584019,1.321400820790266
2025-05-16 09:58:10+00:00,13454283,67730882225,51256879184086949123807,0,55908822894138080,1.321400820790266
2025-05-16 09:58:19+00:00,13454292,67730869051,51256889184086949123807,0,55908822894138080,1.3214003059715047
2025-05-16 09:58:28+00:00,13454301,67730869052,51256889183332446498464,0,55908822894138080,1.3214003060104653
2025-05-16 09:58:34+00:00,13454307,67730869116,51256889232170475998512,0,55908822946967236,1.3214003060000357
2025-05-16 09:58:39+00:00,13454312,67730869049,51256889181300217202636,0,55908822891480133,1.3214003060043273
2025-05-16 09:58:43+00:00,13454316,67730869050,51256889180545714577312,0,55908822891480133,1.321400306043288
2025-05-16 09:58:43+00:00,13454316,67730855876,51256899180545714577312,0,55908822891480133,1.3213997912247273
2025-05-16 09:58:44+00:00,13454317,67730855877,51256899180545714577311,0,55908822891480133,1.3213997912442368
2025-05-16 09:58:52+00:00,13454325,67730842703,51256909180545714577311,0,55908822891480133,1.321399276425877
2025-05-16 09:59:01+00:00,13454334,67730829529,51256919180545714577311,0,55908822891480133,1.321398761607718
2025-05-16 09:59:22+00:00,13454355,67730839529,51256926748284001113322,0,55908831146040616,1.321398761607718
2025-05-16 09:59:29+00:00,13454362,67730839530,51256926747529497606166,0,55908831146040616,1.3213987616466787
2025-05-16 09:59:31+00:00,13454364,67730826356,51256936747529497606166,0,55908831146040616,1.3213982468287966
2025-05-16 09:59:47+00:00,13454380,67730826355,51256936748529497606166,0,55908831146040616,1.3213982467835073
2025-05-16 09:59:52+00:00,13454385,67730826354,51256936749529497606166,0,55908831146040616,1.3213982467382177
2025-05-16 09:59:57+00:00,13454390,67730826367,51256936759529497606166,0,55908831156771546,1.321398246734043
2025-05-16 10:00:03+00:00,13454396,67730796368,51256914056324927380210,0,55908806393106152,1.3213982467530594
2025-05-16 10:00:17+00:00,13454410,67730796369,51256914055570423579078,0,55908806393106152,1.32139824679202
2025-05-16 10:00:21+00:00,13454414,67730896369,51256838605301374513159,0,55908806393106152,1.3214021428546463
2025-05-16 10:00:41+00:00,13454434,67730906369,51256846173020296473462,0,55908814647656053,1.3214021428546463
2025-05-16 10:00:51+00:00,13454444,67730896370,51256838605301374698482,0,55908806393106152,1.321402142874156
2025-05-16 10:01:05+00:00,13454458,67730896371,51256838604546873121985,0,55908806393106152,1.3214021429131166
2025-05-16 10:01:20+00:00,13454473,67730906371,51256846172265794747427,0,55908814647656052,1.3214021429131166
2025-05-16 10:01:30+00:00,13454483,67730896372,51256838604546874000637,0,55908806393106152,1.3214021429326261
2025-05-16 10:01:44+00:00,13454497,67730906372,51256846172265795514347,0,55908814647656052,1.3214021429326261
2025-05-16 10:01:52+00:00,13454505,67730906373,51256846171511293937884,0,55908814647656052,1.3214021429715868
2025-05-16 10:01:53+00:00,13454506,67730893199,51256856171511293937884,0,55908814647656052,1.3214016281522358
2025-05-16 10:01:55+00:00,13454508,67730893200,51256856170756792067488,0,55908814647656052,1.3214016281911964
2025-05-16 10:02:00+00:00,13454513,67730893201,51256856170002290197115,0,55908814647656052,1.321401628230157
2025-05-16 10:02:06+00:00,13454519,67730893265,51256856218840319697163,0,55908814700485181,1.3214016282197263
2025-05-16 10:02:11+00:00,13454524,67730893198,51256856167970086162302,0,55908814644998078,1.3214016282240186
2025-05-16 10:02:16+00:00,13454529,67730893199,51256856167970086162301,0,55908814644998078,1.3214016282435281
2025-05-16 10:02:25+00:00,13454538,67730903199,51256863735691955320651,0,55908822899549583,1.3214016282435281
2025-05-16 10:02:38+00:00,13454551,67730903200,51256863734937453450308,0,55908822899549583,1.3214016282824887
2025-05-16 10:03:18+00:00,13454591,67730903199,51256863735937453450308,0,55908822899549583,1.3214016282371992
2025-05-16 10:03:23+00:00,13454596,67730903198,51256863736937453450308,0,55908822899549583,1.3214016281919096
2025-05-16 10:03:28+00:00,13454601,67730903211,51256863746937453450308,0,55908822910280499,1.3214016281877343
2025-05-16 10:03:30+00:00,13454603,67730890037,51256873746937453450308,0,55908822910280499,1.3214011133686603
2025-05-16 10:03:33+00:00,13454606,67730890036,51256873746143574016379,0,55908822909414569,1.3214011133696169
2025-05-16 10:03:40+00:00,13454613,67730876862,51256883746143574016379,0,55908822909414569,1.3214005985507435
2025-05-16 10:03:54+00:00,13454627,67730886862,51256891313871340272560,0,55908831163969286,1.3214005985507435
2025-05-16 10:04:13+00:00,13454646,67730873688,51256901313871340272560,0,55908831163969286,1.3214000837321473
2025-05-16 10:04:15+00:00,13454648,67730873689,51256901313116837520321,0,55908831163969286,1.321400083771108
2025-05-16 10:04:41+00:00,13454674,67730860515,51256911313116837520321,0,55908831163969286,1.3213995689527125
2025-05-16 10:05:01+00:00,13454694,67730860516,51256911312362334474149,0,55908831163969286,1.321399568991673
2025-05-16 10:05:10+00:00,13454703,67730870516,51256918880095997071564,0,55908839418527213,1.321399568991673
2025-05-16 10:05:20+00:00,13454713,67730870517,51256918879341494025415,0,55908839418527213,1.3213995690306337
2025-05-16 10:05:25+00:00,13454718,67730870518,51256918878586990979288,0,55908839418527213,1.3213995690695943
2025-05-16 10:05:31+00:00,13454724,67730870582,51256918927425020479336,0,55908839471356383,1.3213995690591653
2025-05-16 10:05:36+00:00,13454729,67730880515,51256926444288409433701,0,55908847670427207,1.3213995690634566
2025-05-16 10:05:36+00:00,13454729,67730870515,51256918876554747247395,0,55908847670427207,1.3213995690634566
2025-05-16 10:05:41+00:00,13454734,67730880516,51256926444288409433700,0,55908847670427207,1.3213995690829663
2025-05-16 10:05:49+00:00,13454742,67730880517,51256926443533906387603,0,55908847670427207,1.321399569121927
2025-05-16 10:06:03+00:00,13454756,67730890517,51256934011267568239047,0,55908855924985134,1.321399569121927
2025-05-16 10:06:13+00:00,13454766,67730877343,51256944011267568239047,0,55908855924985134,1.3213990543039602
2025-05-16 10:06:29+00:00,13454782,67730817344,51256898604872930655985,0,55908806397655231,1.3213990543228247
2025-05-16 10:06:35+00:00,13454788,67730817345,51256898604118427315966,0,55908806397655231,1.3213990543617853
2025-05-16 10:06:42+00:00,13454795,67730817344,51256898605118427315966,0,55908806397655231,1.3213990543164957
2025-05-16 10:06:47+00:00,13454800,67730817343,51256898606118427315966,0,55908806397655231,1.3213990542712062
2025-05-16 10:06:51+00:00,13454804,67730817356,51256898616118427315966,0,55908806408386158,1.3213990542670313
2025-05-16 10:06:56+00:00,13454809,67730817355,51256898615324547262537,0,55908806407520228,1.321399054267988
2025-05-16 10:07:06+00:00,13454819,67730804181,51256908615324547262537,0,55908806407520228,1.3213985394497663
2025-05-16 10:07:20+00:00,13454833,67730804182,51256908614570043628531,0,55908806407520228,1.3213985394887269
2025-05-16 10:07:39+00:00,13454852,67730814182,51256916182309602254940,0,55908814662081366,1.3213985394887269
2025-05-16 10:07:59+00:00,13454872,67730824182,51256923750049160881349,0,55908822916642504,1.3213985394887269
2025-05-16 10:08:06+00:00,13454879,67730824183,51256923749294657247366,0,55908822916642504,1.3213985395276875
2025-05-16 10:08:08+00:00,13454881,67730811009,51256933749294657247366,0,55908822916642504,1.3213980247098187
2025-05-16 10:08:22+00:00,13454895,67730821009,51256941317037164048840,0,55908831171205247,1.3213980247098187
2025-05-16 10:08:41+00:00,13454914,67730821010,51256941316282660120923,0,55908831171205247,1.3213980247487793
2025-05-16 10:08:43+00:00,13454916,67730807836,51256951316282660120923,0,55908831171205247,1.3213975099311872
2025-05-16 10:08:46+00:00,13454919,67730807837,51256951315528155899073,0,55908831171205247,1.3213975099701478
2025-05-16 10:08:51+00:00,13454924,67730807901,51256951364366185399121,0,55908831224034458,1.321397509959721
2025-05-16 10:08:52+00:00,13454925,67730807902,51256951363611681177288,0,55908831224034458,1.3213975099986814
2025-05-16 10:08:57+00:00,13454930,67730817902,51256958931357135767994,0,55908839478598807,1.3213975099986814
2025-05-16 10:09:00+00:00,13454933,67730817903,51256958931357135767993,0,55908839478598807,1.3213975100181912
2025-05-16 10:09:06+00:00,13454939,67730804729,51256968931357135767993,0,55908839478598807,1.3213969952008764
2025-05-16 10:09:15+00:00,13454948,67730791555,51256978931357135767993,0,55908839478598807,1.3213964803837628
2025-05-16 10:09:24+00:00,13454957,67730778381,51256988931357135767993,0,55908839478598807,1.32139596556685
2025-05-16 10:09:39+00:00,13454972,67730778382,51256988930602630664326,0,55908839478598807,1.3213959656058105
2025-05-16 10:09:54+00:00,13454987,67730765208,51256998930602630664326,0,55908839478598807,1.3213954507890984
2025-05-16 10:10:01+00:00,13454994,67730765207,51256998931602630664326,0,55908839478598807,1.321395450743809
2025-05-16 10:10:07+00:00,13455000,67730765206,51256998932602630664326,0,55908839478598807,1.3213954506985197
2025-05-16 10:10:08+00:00,13455001,67730775206,51257006500359879044265,0,55908847733169578,1.3213954506985197
2025-05-16 10:10:17+00:00,13455010,67730775205,51257006499565997906692,0,55908847732303648,1.3213954506994763
2025-05-16 10:10:22+00:00,13455015,67730785205,51257014067323246281153,0,55908855986874419,1.3213954506994763
2025-05-16 10:10:24+00:00,13455017,67730785206,51257014066568740883502,0,55908855986874419,1.321395450738437
2025-05-16 10:10:38+00:00,13455031,67730772032,51257024066568740883502,0,55908855986874419,1.3213949359220778
2025-05-16 10:10:47+00:00,13455040,67730758858,51257034066568740883502,0,55908855986874419,1.3213944211059196
2025-05-16 10:10:57+00:00,13455050,67730698859,51256988660038446324728,0,55908806459483509,1.3213944211241768
2025-05-16 10:11:11+00:00,13455064,67730698860,51256988659283940339198,0,55908806459483509,1.3213944211631374
2025-05-16 10:11:13+00:00,13455066,67730798860,51256913208796451939374,0,55908806459483509,1.3213983172200932
2025-05-16 10:11:39+00:00,13455092,67730808860,51256920776537283513621,0,55908814714045303,1.3213983172200932
2025-05-16 10:11:49+00:00,13455102,67730798861,51256913208796452588829,0,55908806459483509,1.3213983172396027
2025-05-16 10:11:56+00:00,13455109,67730798862,51256913208041948827944,0,55908806459483509,1.3213983172785633
2025-05-16 10:12:02+00:00,13455115,67730798863,51256913207287445067081,0,55908806459483509,1.3213983173175239
2025-05-16 10:12:11+00:00,13455124,67730798927,51256913256125474567129,0,55908806512312704,1.3213983173070962
2025-05-16 10:12:16+00:00,13455129,67730798860,51256913205255176974954,0,55908806456825601,1.321398317311387
2025-05-16 10:12:21+00:00,13455134,67730798861,51256913205255176974953,0,55908806456825601,1.3213983173308965
2025-05-16 10:12:28+00:00,13455141,67730785687,51256923205255176974953,0,55908806456825601,1.3213978025129651
2025-05-16 10:12:42+00:00,13455155,67730772514,51256933204500672920164,0,55908806456825601,1.3213972877341953
2025-05-16 10:12:42+00:00,13455155,67730785688,51256923204500672920164,0,55908806456825601,1.3213978025519257
2025-05-16 10:12:58+00:00,13455171,67730759340,51256943204500672920164,0,55908806456825601,1.3213967729166656
2025-05-16 10:13:25+00:00,13455198,67730759339,51256943205500672920164,0,55908806456825601,1.3213967728713762
2025-05-16 10:13:27+00:00,13455200,67730759340,51256943204746168277461,0,55908806456825601,1.3213967729103366
2025-05-16 10:13:30+00:00,13455203,67730759339,51256943205746168277461,0,55908806456825601,1.3213967728650473
2025-05-16 10:13:35+00:00,13455208,67730759352,51256943215746168277461,0,55908806467556537,1.3213967728608729
2025-05-16 10:13:37+00:00,13455210,67730769352,51256935670700851702292,0,55908814722121929,1.3213971624666554
2025-05-16 10:13:37+00:00,13455210,67730779352,51256943238448296636239,0,55908814722121929,1.3213971624666554
2025-05-16 10:13:40+00:00,13455213,67730779351,51256943237654416009740,0,55908814721255999,1.321397162467612
2025-05-16 10:13:47+00:00,13455220,67730789351,51256935692611324049662,0,55908814721255999,1.3213975520733945
2025-05-16 10:13:52+00:00,13455225,67730776177,51256945692611324049662,0,55908814721255999,1.3213970372558381
2025-05-16 10:14:01+00:00,13455234,67730876177,51256870242273211875525,0,55908814721255999,1.32140093331606
2025-05-16 10:14:12+00:00,13455245,67730876178,51256870241518709608387,0,55908814721255999,1.3214009333550205
2025-05-16 10:14:22+00:00,13455255,67730863004,51256880241518709608387,0,55908814721255999,1.3214004185361472
2025-05-16 10:14:47+00:00,13455280,67730853004,51256872673780565757717,0,55908806466690607,1.3214004185363881
2025-05-16 10:14:57+00:00,13455290,67730853005,51256872673026063196647,0,55908806466690607,1.321400418575349
2025-05-16 10:15:10+00:00,13455303,67730839831,51256882673026063196647,0,55908806466690607,1.3213999037566004
2025-05-16 10:15:29+00:00,13455322,67730839832,51256882672271560341644,0,55908806466690607,1.321399903795561
2025-05-16 10:15:30+00:00,13455323,67730849832,51256890240003305497831,0,55908814721247409,1.321399903795561
2025-05-16 10:15:40+00:00,13455333,67730849896,51256890288841334997879,0,55908814774076572,1.3213999037851318
2025-05-16 10:15:42+00:00,13455335,67730849897,51256890288086832142893,0,55908814774076572,1.3213999038240924
2025-05-16 10:15:49+00:00,13455342,67730849898,51256890288086832142892,0,55908814774076572,1.321399903843602
2025-05-16 10:16:00+00:00,13455353,67730839899,51256882720355087397045,0,55908806519519770,1.3213999038631117
2025-05-16 10:16:15+00:00,13455368,67730826725,51256892720355087397045,0,55908806519519770,1.3213993890445646
2025-05-16 10:16:24+00:00,13455377,67730813551,51256902720355087397045,0,55908806519519770,1.3213988742262184
2025-05-16 10:16:29+00:00,13455382,67730813552,51256902719600583954193,0,55908806519519770,1.321398874265179
2025-05-16 10:16:33+00:00,13455386,67730800378,51256912719600583954193,0,55908806519519770,1.3213983594470335
2025-05-16 10:16:53+00:00,13455406,67730800377,51256912720600583954193,0,55908806519519770,1.3213983594017442
2025-05-16 10:16:57+00:00,13455410,67730800376,51256912721600583954193,0,55908806519519770,1.3213983593564547
2025-05-16 10:17:02+00:00,13455415,67730800389,51256912731600583954193,0,55908806530250700,1.32139835935228
2025-05-16 10:17:07+00:00,13455420,67730800388,51256912730806703683870,0,55908806529384770,1.3213983593532366
2025-05-16 10:17:08+00:00,13455421,67730810388,51256920298547293958659,0,55908814783946388,1.3213983593532366
2025-05-16 10:17:15+00:00,13455428,67730810389,51256920297792790221820,0,55908814783946388,1.3213983593921972
2025-05-16 10:17:17+00:00,13455430,67730797215,51256930297792790221820,0,55908814783946388,1.3213978445743289
2025-05-16 10:17:28+00:00,13455441,67730787216,51256922730050724365127,0,55908806529384770,1.3213978445938004
2025-05-16 10:17:48+00:00,13455461,67730797216,51256930297794262704267,0,55908814783947994,1.3213978445938004
2025-05-16 10:18:00+00:00,13455473,67730797217,51256930297039758673506,0,55908814783947994,1.321397844632761
2025-05-16 10:18:30+00:00,13455503,67730787217,51256922729296220555198,0,55908806529384770,1.321397844632761
2025-05-16 10:18:45+00:00,13455518,67730787218,51256922728541716524459,0,55908806529384770,1.3213978446717216
2025-05-16 10:18:51+00:00,13455524,67730797219,51256930295530750163492,0,55908814783947993,1.3213978447106822
2025-05-16 10:18:51+00:00,13455524,67730787219,51256922727787212493743,0,55908814783947993,1.3213978447106822
2025-05-16 10:18:55+00:00,13455528,67730797220,51256930294776246132798,0,55908814783947993,1.3213978447496426
2025-05-16 10:19:01+00:00,13455534,67730797284,51256930343614275632846,0,55908814836777197,1.3213978447392154
2025-05-16 10:19:06+00:00,13455539,67730797217,51256930292743968656332,0,55908814781290094,1.321397844743506
2025-05-16 10:19:07+00:00,13455540,67730787218,51256922725000431729294,0,55908806526726871,1.3213978447630155
2025-05-16 10:19:28+00:00,13455561,67730774044,51256932725000431729294,0,55908806526726871,1.321397329945272
2025-05-16 10:19:37+00:00,13455570,67730760870,51256942725000431729294,0,55908806526726871,1.321396815127729
2025-05-16 10:19:58+00:00,13455591,67730770870,51256950292749865901630,0,55908814781293305,1.321396815127729
2025-05-16 10:20:07+00:00,13455600,67730757696,51256960292749865901630,0,55908814781293305,1.3213963003104634
2025-05-16 10:20:14+00:00,13455607,67730757695,51256960293749865901630,0,55908814781293305,1.321396300265174
2025-05-16 10:20:15+00:00,13455608,67730757696,51256960292995360989073,0,55908814781293305,1.3213963003041347
2025-05-16 10:20:24+00:00,13455617,67730857696,51256884842615169678532,0,55908814792024227,1.3214001963632465
2025-05-16 10:20:24+00:00,13455617,67730857709,51256884852615169678532,0,55908814792024227,1.3214001963590714
2025-05-16 10:20:29+00:00,13455622,67730857708,51256884851821289957320,0,55908814791158297,1.3214001963600281
2025-05-16 10:20:45+00:00,13455638,67730847708,51256877284081519588252,0,55908806536591863,1.3214001963602782
2025-05-16 10:21:01+00:00,13455654,67730834535,51256887283327016606367,0,55908806536591863,1.32139968158058
2025-05-16 10:21:01+00:00,13455654,67730834534,51256887284081519588252,0,55908806536591863,1.3213996815416194
2025-05-16 10:21:16+00:00,13455669,67730821361,51256897283327016606367,0,55908806536591863,1.321399166762122
2025-05-16 10:21:26+00:00,13455679,67730808187,51256907283327016606367,0,55908806536591863,1.3213986519438652
2025-05-16 10:21:36+00:00,13455689,67730795013,51256917283327016606367,0,55908806536591863,1.321398137125809
2025-05-16 10:21:48+00:00,13455701,67730795014,51256917282572512742639,0,55908806536591863,1.3213981371647696
2025-05-16 10:22:12+00:00,13455725,67730781840,51256927282572512742639,0,55908806536591863,1.3213976223469144
2025-05-16 10:22:14+00:00,13455727,67730781841,51256927281818008584978,0,55908806536591863,1.3213976223858748
2025-05-16 10:22:19+00:00,13455732,67730781842,51256927281063504427339,0,55908806536591863,1.3213976224248354
2025-05-16 10:22:26+00:00,13455739,67730781906,51256927329901533927387,0,55908806589421071,1.3213976224144084
2025-05-16 10:22:28+00:00,13455741,67730768732,51256937329901533927387,0,55908806589421071,1.3213971075967545
2025-05-16 10:22:31+00:00,13455744,67730768665,51256937279031212513177,0,55908806533933968,1.3213971076010447
2025-05-16 10:22:35+00:00,13455748,67730768666,51256937278276708061601,0,55908806533933968,1.321397107640005
2025-05-16 10:22:36+00:00,13455749,67730768667,51256937278276708061600,0,55908806533933968,1.3213971076595148
2025-05-16 10:22:42+00:00,13455755,67730778667,51256944846024466880447,0,55908814788499453,1.3213971076595148
2025-05-16 10:22:51+00:00,13455764,67730765493,51256954846024466880447,0,55908814788499453,1.3213965928421372
2025-05-16 10:23:15+00:00,13455788,67730755494,51256947278275232009700,0,55908806533933968,1.3213965928616087
2025-05-16 10:23:24+00:00,13455797,67730755495,51256947277520727264213,0,55908806533933968,1.3213965929005693
2025-05-16 10:23:36+00:00,13455809,67730742321,51256957277520727264213,0,55908806533933968,1.3213960780833165
2025-05-16 10:23:42+00:00,13455815,67730742320,51256957278520727264213,0,55908806533933968,1.3213960780380272
2025-05-16 10:23:48+00:00,13455821,67730742319,51256957279520727264213,0,55908806533933968,1.3213960779927378
2025-05-16 10:23:53+00:00,13455826,67730752319,51256964847274383072292,0,55908814799233603,1.3213960779927378
2025-05-16 10:23:53+00:00,13455826,67730752332,51256964857274383072292,0,55908814799233603,1.3213960779885636
2025-05-16 10:23:58+00:00,13455831,67730752331,51256964856480502112050,0,55908814798367673,1.3213960779895202
2025-05-16 10:24:09+00:00,13455842,67730852331,51256889406087616870567,0,55908814798367673,1.3213999740482851
2025-05-16 10:24:11+00:00,13455844,67730852332,51256889405333114055700,0,55908814798367673,1.3213999740872457
2025-05-16 10:24:31+00:00,13455864,67730839158,51256899405333114055700,0,55908814798367673,1.3213994592687521
2025-05-16 10:24:42+00:00,13455875,67730829158,51256891837589122143413,0,55908806543798977,1.3213994592690022
2025-05-16 10:24:56+00:00,13455889,67730839158,51256899405323413129120,0,55908814798357091,1.3213994592690022
2025-05-16 10:24:57+00:00,13455890,67730839159,51256899404568910020320,0,55908814798357091,1.3213994593079628
2025-05-16 10:25:10+00:00,13455903,67730849159,51256906972303200782897,0,55908823052915205,1.3213994593079628
2025-05-16 10:25:42+00:00,13455935,67730849160,51256906971548697674120,0,55908823052915205,1.3213994593469234
2025-05-16 10:25:47+00:00,13455940,67730849161,51256906970794194565365,0,55908823052915205,1.321399459385884
2025-05-16 10:25:52+00:00,13455945,67730849162,51256906970039691456632,0,55908823052915205,1.3213994594248446
2025-05-16 10:25:57+00:00,13455950,67730849226,51256907018877720956680,0,55908823105744376,1.3213994594144158
2025-05-16 10:26:02+00:00,13455955,67730849159,51256906968007444652730,0,55908823050257273,1.321399459418707
2025-05-16 10:26:04+00:00,13455957,67730859159,51256914535741734781068,0,55908831304815387,1.321399459418707
2025-05-16 10:26:07+00:00,13455960,67730859160,51256914535741734781067,0,55908831304815387,1.3213994594382168
2025-05-16 10:26:13+00:00,13455966,67730845986,51256924535741734781067,0,55908831304815387,1.3213989446200758
2025-05-16 10:26:22+00:00,13455975,67730832812,51256934535741734781067,0,55908831304815387,1.321398429802136
2025-05-16 10:26:28+00:00,13455981,67730832813,51256934534987231084454,0,55908831304815387,1.3213984298410966
2025-05-16 10:26:52+00:00,13456005,67730842813,51256942102727417670373,0,55908839559376711,1.3213984298410966
2025-05-16 10:27:05+00:00,13456018,67730802814,51256911831775503725140,0,55908806541141045,1.3213984298603783
2025-05-16 10:27:14+00:00,13456027,67730802814,51256911832021000028534,0,55908806541141045,1.3213984298540495
2025-05-16 10:27:14+00:00,13456027,67730802813,51256911832775503725140,0,55908806541141045,1.321398429815089
2025-05-16 10:27:20+00:00,13456033,67730789640,51256921832021000028534,0,55908806541141045,1.3213979150360824
2025-05-16 10:27:23+00:00,13456036,67730789639,51256921831227119617416,0,55908806540275115,1.321397915037039
2025-05-16 10:27:50+00:00,13456063,67730776465,51256931831227119617416,0,55908806540275115,1.3213974002192728
2025-05-16 10:27:59+00:00,13456072,67730776466,51256931830472615332922,0,55908806540275115,1.3213974002582334
2025-05-16 10:28:20+00:00,13456093,67730786466,51256939398218698415691,0,55908814794839650,1.3213974002582334
2025-05-16 10:28:29+00:00,13456102,67730773292,51256949398218698415691,0,55908814794839650,1.3213968854407439
2025-05-16 10:28:45+00:00,13456118,67730773293,51256949397464193837264,0,55908814794839650,1.3213968854797045
2025-05-16 10:28:49+00:00,13456122,67730763294,51256941829716635224203,0,55908806540275115,1.321396885499176
2025-05-16 10:29:10+00:00,13456143,67730763295,51256941828962130645809,0,55908806540275115,1.3213968855381366
2025-05-16 10:29:15+00:00,13456148,67730763296,51256941828207626067437,0,55908806540275115,1.3213968855770972
2025-05-16 10:29:21+00:00,13456154,67730763360,51256941877045655567485,0,55908806593104338,1.321396885566671
2025-05-16 10:29:25+00:00,13456158,67730750186,51256951877045655567485,0,55908806593104338,1.3213963707493068
2025-05-16 10:29:26+00:00,13456159,67730750119,51256951826175319719207,0,55908806537617235,1.3213963707535965
2025-05-16 10:29:40+00:00,13456173,67730736945,51256961826175319719207,0,55908806537617235,1.321395855936433
2025-05-16 10:30:02+00:00,13456195,67730723771,51256971826175319719207,0,55908806537617235,1.32139534111947
2025-05-16 10:30:11+00:00,13456204,67730710597,51256981826175319719207,0,55908806537617235,1.321394826302708
2025-05-16 10:30:16+00:00,13456209,67730710598,51256981825420813965030,0,55908806537617235,1.3213948263416686
2025-05-16 10:30:25+00:00,13456218,67730720598,51256989393181638097645,0,55908814792189798,1.3213948263416686
2025-05-16 10:30:34+00:00,13456227,67730720597,51256989394181638097645,0,55908814792189798,1.3213948262963793
2025-05-16 10:30:34+00:00,13456227,67730707423,51256999394181638097645,0,55908814792189798,1.3213943114798943
2025-05-16 10:30:39+00:00,13456232,67730707422,51256999395181638097645,0,55908814792189798,1.321394311434605
2025-05-16 10:30:43+00:00,13456236,67730707435,51256999405181638097645,0,55908814802920744,1.321394311430431
2025-05-16 10:30:48+00:00,13456241,67730707434,51256999404387756602368,0,55908814802054814,1.3213943114313875
2025-05-16 10:30:50+00:00,13456243,67730717434,51257006972151529679003,0,55908823056628982,1.3213943114313875
2025-05-16 10:31:00+00:00,13456253,67730704260,51257016972151529679003,0,55908823056628982,1.3213937966151794
2025-05-16 10:31:02+00:00,13456255,67730704261,51257016971397023336883,0,55908823056628982,1.32139379665414
2025-05-16 10:31:15+00:00,13456268,67730714261,51257024539163744597939,0,55908831311204756,1.32139379665414
2025-05-16 10:31:30+00:00,13456283,67730724261,51257032106930465858995,0,55908839565780530,1.32139379665414
2025-05-16 10:31:48+00:00,13456301,67730724262,51257032106175959516897,0,55908839565780530,1.3213937966931004
2025-05-16 10:32:19+00:00,13456332,67730824262,51256956655652814355353,0,55908839565780530,1.321397692746754
2025-05-16 10:32:34+00:00,13456347,67730824264,51256956654143806120447,0,55908839565780530,1.3213976928246751
2025-05-16 10:32:34+00:00,13456347,67730824263,51256956654898310237889,0,55908839565780530,1.3213976927857145
2025-05-16 10:32:39+00:00,13456352,67730824265,51256956653389302003028,0,55908839565780530,1.3213976928636355
2025-05-16 10:32:45+00:00,13456358,67730824329,51256956702227331503076,0,55908839618609736,1.3213976928532085
2025-05-16 10:32:50+00:00,13456363,67730824262,51256956651357020915261,0,55908839563122633,1.3213976928574989
2025-05-16 10:33:10+00:00,13456383,67730811088,51256966651357020915261,0,55908839563122633,1.3213971780401257
2025-05-16 10:33:21+00:00,13456394,67730811089,51256966650602516503905,0,55908839563122633,1.3213971780790863
2025-05-16 10:33:26+00:00,13456399,67730797915,51256976650602516503905,0,55908839563122633,1.3213966632619139
2025-05-16 10:33:58+00:00,13456431,67730797914,51256976651602516503905,0,55908839563122633,1.3213966632166245
2025-05-16 10:34:03+00:00,13456436,67730797913,51256976652602516503905,0,55908839563122633,1.3213966631713352
2025-05-16 10:34:08+00:00,13456441,67730797926,51256976662602516503905,0,55908839573853569,1.3213966631671608
2025-05-16 10:34:13+00:00,13456446,67730797925,51256976661808635712607,0,55908839572987639,1.3213966631681173
2025-05-16 10:34:40+00:00,13456473,67730807925,51256984229558940170375,0,55908847827554436,1.3213966631681173
2025-05-16 10:34:53+00:00,13456486,67730807926,51256984228804435465032,0,55908847827554436,1.321396663207078
2025-05-16 10:35:02+00:00,13456495,67730794752,51256994228804435465032,0,55908847827554436,1.3213961483901826
2025-05-16 10:35:23+00:00,13456516,67730804752,51257001796557688100663,0,55908856082122839,1.3213961483901826
2025-05-16 10:35:38+00:00,13456531,67730814752,51257009364310940736294,0,55908864336691242,1.3213961483901826
2025-05-16 10:35:39+00:00,13456532,67730814753,51257009363556435737018,0,55908864336691242,1.3213961484291432
2025-05-16 10:36:00+00:00,13456553,67730744753,51256956389262526371792,0,55908806554689360,1.3213961484296881
2025-05-16 10:36:03+00:00,13456556,67730744754,51256956388508021372538,0,55908806554689360,1.3213961484686487
2025-05-16 10:36:08+00:00,13456561,67730744755,51256956387753516373307,0,55908806554689360,1.3213961485076093
2025-05-16 10:36:14+00:00,13456567,67730744819,51256956436591545873355,0,55908806607518597,1.3213961484971837
2025-05-16 10:36:19+00:00,13456572,67730744752,51256956385721205513037,0,55908806552031494,1.3213961485014734
2025-05-16 10:36:21+00:00,13456574,67730731578,51256966385721205513037,0,55908806552031494,1.3213956336843988
2025-05-16 10:36:24+00:00,13456577,67730731579,51256966384966700219868,0,55908806552031494,1.3213956337233594
2025-05-16 10:36:24+00:00,13456577,67730731580,51256966384966700219867,0,55908806552031494,1.321395633742869
2025-05-16 10:36:50+00:00,13456603,67730741580,51256973952722900287579,0,55908814806601502,1.321395633742869
2025-05-16 10:37:10+00:00,13456623,67730741581,51256973951968394994444,0,55908814806601502,1.3213956337818293
2025-05-16 10:37:21+00:00,13456634,67730731581,51256966384212195040140,0,55908806552031494,1.3213956337818293
2025-05-16 10:37:28+00:00,13456641,67730731580,51256966385212195040140,0,55908806552031494,1.32139563373654
2025-05-16 10:37:33+00:00,13456646,67730731579,51256966386212195040140,0,55908806552031494,1.3213956336912507
2025-05-16 10:37:38+00:00,13456651,67730731592,51256966396212195040140,0,55908806562762435,1.3213956336870765
2025-05-16 10:37:54+00:00,13456667,67730718418,51256976396212195040140,0,55908806562762435,1.321395118870203
2025-05-16 10:38:03+00:00,13456676,67730705244,51256986396212195040140,0,55908806562762435,1.3213946040535303
2025-05-16 10:38:17+00:00,13456690,67730715244,51256993963974292239453,0,55908814817335654,1.3213946040535303
2025-05-16 10:38:39+00:00,13456712,67730715245,51256993963219786358374,0,55908814817335654,1.3213946040924909
2025-05-16 10:38:57+00:00,13456730,67730725245,51257001530981883334556,0,55908823071908873,1.3213946040924909
2025-05-16 10:39:25+00:00,13456758,67730725246,51257001530227377453499,0,55908823071908873,1.3213946041314513
2025-05-16 10:39:29+00:00,13456762,67730735246,51257009097989474206550,0,55908831326482092,1.3213946041314513
2025-05-16 10:39:31+00:00,13456764,67730735247,51257009097234968325515,0,55908831326482092,1.3213946041704119
2025-05-16 10:39:36+00:00,13456769,67730735248,51257009096480462444503,0,55908831326482092,1.3213946042093723
2025-05-16 10:39:42+00:00,13456775,67730735312,51257009145318491944551,0,55908831379311360,1.3213946041989482
2025-05-16 10:39:46+00:00,13456779,67730735245,51257009094448121812461,0,55908831323824257,1.3213946042032372
2025-05-16 10:39:51+00:00,13456784,67730735246,51257009094448121812460,0,55908831323824257,1.3213946042227467
2025-05-16 10:39:53+00:00,13456786,67730722072,51257019094448121812460,0,55908831323824257,1.3213940894065028
2025-05-16 10:40:03+00:00,13456796,67730708898,51257029094448121812460,0,55908831323824257,1.3213935745904597
2025-05-16 10:40:11+00:00,13456804,67730708899,51257029093693615343565,0,55908831323824257,1.3213935746294203
2025-05-16 10:40:17+00:00,13456810,67730695725,51257039093693615343565,0,55908831323824257,1.3213930598135781
2025-05-16 10:40:42+00:00,13456835,67730682551,51257049093693615343565,0,55908831323824257,1.321392544997937
2025-05-16 10:40:43+00:00,13456836,67730669377,51257059093693615343565,0,55908831323824257,1.3213920301824964
2025-05-16 10:40:57+00:00,13456850,67730669376,51257059094693615343565,0,55908831323824257,1.3213920301372073
2025-05-16 10:40:57+00:00,13456850,67730669377,51257059093939107992797,0,55908831323824257,1.3213920301761677
2025-05-16 10:41:07+00:00,13456860,67730669390,51257059103939107992797,0,55908831334555212,1.3213920301719944
2025-05-16 10:41:16+00:00,13456869,67730679390,51257066671715946103728,0,55908839589136458,1.3213920301719944
2025-05-16 10:41:36+00:00,13456889,67730649391,51257043968407509969238,0,55908814825416801,1.3213920301909345
2025-05-16 10:41:43+00:00,13456896,67730649392,51257043967653002618501,0,55908814825416801,1.3213920302298952
2025-05-16 10:41:56+00:00,13456909,67730659392,51257051535429840397827,0,55908823079998047,1.3213920302298952
2025-05-16 10:42:12+00:00,13456925,67730646218,51257061535429840397827,0,55908823079998047,1.3213915154145797
2025-05-16 10:42:14+00:00,13456927,67730633044,51257071535429840397827,0,55908823079998047,1.3213910005994651
2025-05-16 10:42:22+00:00,13456935,67730733044,51256996084747040350028,0,55908823079998047,1.3213948966501214
2025-05-16 10:42:28+00:00,13456941,67730733045,51256996083992534636019,0,55908823079998047,1.321394896689082
2025-05-16 10:42:30+00:00,13456943,67730743045,51257003651752955881956,0,55908831334570316,1.321394896689082
2025-05-16 10:42:37+00:00,13456950,67730753045,51257011219513377127893,0,55908839589142585,1.321394896689082
2025-05-16 10:42:55+00:00,13456968,67730739871,51257021219513377127893,0,55908839589142585,1.3213943818728024
2025-05-16 10:43:01+00:00,13456974,67730739872,51257021218758871119950,0,55908839589142585,1.321394381911763
2025-05-16 10:43:06+00:00,13456979,67730739873,51257021218004365112030,0,55908839589142585,1.3213943819507235
2025-05-16 10:43:11+00:00,13456984,67730739937,51257021266842394612078,0,55908839641971857,1.3213943819402996
2025-05-16 10:43:17+00:00,13456990,67730739870,51257021215972019967935,0,55908839586484754,1.3213943819445884
2025-05-16 10:43:23+00:00,13456996,67730739871,51257021215972019967934,0,55908839586484754,1.3213943819640979
2025-05-16 10:43:46+00:00,13457019,67730726697,51257031215972019967934,0,55908839586484754,1.3213938671480192
2025-05-16 10:43:48+00:00,13457021,67730713523,51257041215972019967934,0,55908839586484754,1.3213933523321413
2025-05-16 10:43:59+00:00,13457032,67730713524,51257041215217513372131,0,55908839586484754,1.3213933523711017
2025-05-16 10:44:03+00:00,13457036,67730723524,51257033670152666087738,0,55908823077331239,1.3213937419761395
2025-05-16 10:44:03+00:00,13457036,67730703524,51257018534616964705828,0,55908823077331239,1.3213937419761814
2025-05-16 10:44:27+00:00,13457060,67730703523,51257018535616964705828,0,55908823077331239,1.321393741930892
2025-05-16 10:44:28+00:00,13457061,67730690349,51257028535616964705828,0,55908823077331239,1.3213932271149114
2025-05-16 10:44:37+00:00,13457070,67730690362,51257028545616964705828,0,55908823088062189,1.3213932271107376
2025-05-16 10:44:42+00:00,13457075,67730690361,51257028544823082876862,0,55908823087196259,1.3213932271116942
2025-05-16 10:44:43+00:00,13457076,67730690362,51257028544068576209559,0,55908823087196259,1.3213932271506548
2025-05-16 10:45:02+00:00,13457095,67730700362,51257036111838559080736,0,55908831341773731,1.3213932271506548
2025-05-16 10:45:20+00:00,13457113,67730710362,51257028566772996796380,0,55908831341773731,1.3213936167557312
2025-05-16 10:45:21+00:00,13457114,67730700362,51257020999004128538695,0,55908823087196259,1.3213936167557598
2025-05-16 10:45:29+00:00,13457122,67730700363,51257020998249622093876,0,55908823087196259,1.3213936167947204
2025-05-16 10:45:37+00:00,13457130,67730687189,51257030998249622093876,0,55908823087196259,1.3213931019787888
2025-05-16 10:45:52+00:00,13457145,67730697189,51257038566020321838698,0,55908831341774118,1.3213931019787888
2025-05-16 10:46:10+00:00,13457163,67730684015,51257048566020321838698,0,55908831341774118,1.321392587163134
2025-05-16 10:46:14+00:00,13457167,67730684016,51257048565265814805989,0,55908831341774118,1.3213925872020944
2025-05-16 10:46:34+00:00,13457187,67730684017,51257048564511307773302,0,55908831341774118,1.321392587241055
2025-05-16 10:46:39+00:00,13457192,67730684018,51257048563756800740637,0,55908831341774118,1.3213925872800154
2025-05-16 10:46:45+00:00,13457198,67730684082,51257048612594830240685,0,55908831394603426,1.3213925872695933
2025-05-16 10:46:48+00:00,13457201,67730660909,51257051044821178262143,0,55908823140025567,1.3213920724735735
2025-05-16 10:46:48+00:00,13457201,67730670908,51257058612594830240685,0,55908823140025567,1.32139207245414
2025-05-16 10:46:54+00:00,13457207,67730660910,51257051044821178262142,0,55908823140025567,1.321392072493083
2025-05-16 10:47:00+00:00,13457213,67730660911,51257051044066670935559,0,55908823140025567,1.3213920725320434
2025-05-16 10:47:12+00:00,13457225,67730647737,51257061044066670935559,0,55908823140025567,1.3213915577167148
2025-05-16 10:47:26+00:00,13457239,67730657737,51257068611846214857724,0,55908831394608242,1.3213915577167148
2025-05-16 10:47:27+00:00,13457240,67730667737,51257061066771120207635,0,55908831394608242,1.3213919473215443
2025-05-16 10:47:36+00:00,13457249,67730657737,51257053498992690591066,0,55908823140025567,1.321391947321573
2025-05-16 10:47:46+00:00,13457259,67730657738,51257053498238183193011,0,55908823140025567,1.3213919473605336
2025-05-16 10:47:50+00:00,13457263,67730644564,51257063498238183193011,0,55908823140025567,1.321391432545254
2025-05-16 10:47:58+00:00,13457271,67730644563,51257063499238183193011,0,55908823140025567,1.3213914324999647
2025-05-16 10:48:03+00:00,13457276,67730644562,51257063500238183193011,0,55908823140025567,1.3213914324546756
2025-05-16 10:48:08+00:00,13457281,67730644575,51257063510238183193011,0,55908823150756524,1.3213914324505023
2025-05-16 10:48:13+00:00,13457286,67730644574,51257063509444300823394,0,55908823149890594,1.3213914324514588
2025-05-16 10:48:28+00:00,13457301,67730654574,51257071077224562155873,0,55908831404473656,1.3213914324514588
2025-05-16 10:48:42+00:00,13457315,67730641400,51257081077224562155873,0,55908831404473656,1.3213909176364562
2025-05-16 10:49:07+00:00,13457340,67730628226,51257091077224562155873,0,55908831404473656,1.3213904028216545
2025-05-16 10:49:16+00:00,13457349,67730615052,51257101077224562155873,0,55908831404473656,1.3213898880070538
2025-05-16 10:49:18+00:00,13457351,67730615053,51257101076470053581959,0,55908831404473656,1.3213898880460142
2025-05-16 10:49:52+00:00,13457385,67730595054,51257085940912232968943,0,55908814895320141,1.3213898880649981
2025-05-16 10:49:53+00:00,13457386,67730581880,51257095940912232968943,0,55908814895320141,1.321389373250446
2025-05-16 10:50:02+00:00,13457395,67730581881,51257095940157724101105,0,55908814895320141,1.3213893732894066
2025-05-16 10:50:03+00:00,13457396,67730571882,51257088372371557516646,0,55908806640737079,1.3213893733087643
2025-05-16 10:50:04+00:00,13457397,67730571883,51257088371617048648841,0,55908806640737079,1.3213893733477247
2025-05-16 10:50:13+00:00,13457406,67730571816,51257088320746577378870,0,55908806585249976,1.321389373352011
2025-05-16 10:50:18+00:00,13457411,67730571817,51257088320746577378869,0,55908806585249976,1.3213893733715205
2025-05-16 10:50:18+00:00,13457411,67730671817,51257012869970863516789,0,55908806585249976,1.321393269420901
2025-05-16 10:50:34+00:00,13457427,67730658643,51257022869970863516789,0,55908806585249976,1.3213927546049555
2025-05-16 10:50:44+00:00,13457437,67730668643,51257015324902603028311,0,55908806585249976,1.3213931442101325
2025-05-16 10:50:50+00:00,13457443,67730668644,51257015324148096313672,0,55908806585249976,1.3213931442490932
2025-05-16 10:50:57+00:00,13457450,67730655470,51257025324148096313672,0,55908806585249976,1.3213926294331966
2025-05-16 10:51:12+00:00,13457465,67730642296,51257035324148096313672,0,55908806585249976,1.321392114617501
2025-05-16 10:51:20+00:00,13457473,67730642295,51257035325148096313672,0,55908806585249976,1.3213921145722118
2025-05-16 10:51:23+00:00,13457476,67730629121,51257045325148096313672,0,55908806585249976,1.3213915997567172
2025-05-16 10:51:25+00:00,13457478,67730629120,51257045326148096313672,0,55908806585249976,1.3213915997114278
2025-05-16 10:51:30+00:00,13457483,67730629133,51257045336148096313672,0,55908806595980933,1.3213915997072545
2025-05-16 10:51:36+00:00,13457489,67730629134,51257045335393588717131,0,55908806595980933,1.321391599746215
2025-05-16 10:52:02+00:00,13457515,67730639134,51257052903172891930946,0,55908814850563432,1.321391599746215
2025-05-16 10:52:21+00:00,13457534,67730639135,51257052902418384334427,0,55908814850563432,1.3213915997851755
2025-05-16 10:52:49+00:00,13457562,67730625961,51257062902418384334427,0,55908814850563432,1.3213910849699577
2025-05-16 10:53:07+00:00,13457580,67730625962,51257062901663876443974,0,55908814850563432,1.3213910850089183
2025-05-16 10:53:10+00:00,13457583,67730635962,51257070469446127625507,0,55908823105147537,1.3213910850089183
2025-05-16 10:53:19+00:00,13457592,67730622788,51257080469446127625507,0,55908823105147537,1.3213905701939774
2025-05-16 10:53:21+00:00,13457594,67730622789,51257080468691619441119,0,55908823105147537,1.3213905702329378
2025-05-16 10:53:26+00:00,13457599,67730622790,51257080467937111256753,0,55908823105147537,1.3213905702718982
2025-05-16 10:53:32+00:00,13457605,67730622854,51257080516775140756801,0,55908823157976885,1.321390570261478
2025-05-16 10:53:37+00:00,13457610,67730622787,51257080465904692311174,0,55908823102489782,1.321390570265765
2025-05-16 10:53:42+00:00,13457615,67730622788,51257080465904692311173,0,55908823102489782,1.3213905702852744
2025-05-16 10:53:49+00:00,13457622,67730609614,51257090465904692311173,0,55908823102489782,1.3213900554705345
2025-05-16 10:54:03+00:00,13457636,67730619614,51257098033692839800368,0,55908831357077098,1.3213900554705345
2025-05-16 10:54:18+00:00,13457651,67730606440,51257108033692839800368,0,55908831357077098,1.3213895406560712
2025-05-16 10:54:38+00:00,13457671,67730576442,51257085329576819313207,0,55908806593323178,1.3213895407142375
2025-05-16 10:54:38+00:00,13457671,67730576441,51257085330331328085446,0,55908806593323178,1.3213895406752771
2025-05-16 10:54:45+00:00,13457678,67730576441,51257085330576819313207,0,55908806593323178,1.3213895406689484
2025-05-16 10:54:50+00:00,13457683,67730576440,51257085331576819313207,0,55908806593323178,1.3213895406236593
2025-05-16 10:54:54+00:00,13457687,67730576453,51257085341576819313207,0,55908806604054143,1.3213895406194864
2025-05-16 10:54:58+00:00,13457691,67730586453,51257092909367915428480,0,55908814858643064,1.3213895406194864
2025-05-16 10:54:59+00:00,13457692,67730586452,51257092908574032485778,0,55908814857777134,1.3213895406204428
2025-05-16 10:55:12+00:00,13457705,67730596452,51257100476365128595573,0,55908823112366055,1.3213895406204428
2025-05-16 10:55:24+00:00,13457717,67730596453,51257100475610619823302,0,55908823112366055,1.3213895406594034
2025-05-16 10:55:38+00:00,13457731,67730576454,51257085340028428862265,0,55908806603188213,1.321389540678913
2025-05-16 10:55:58+00:00,13457751,67730563280,51257095340028428862265,0,55908806603188213,1.3213890258644225
2025-05-16 10:56:09+00:00,13457762,67730563281,51257095339273919796070,0,55908806603188213,1.3213890259033831
2025-05-16 10:56:29+00:00,13457782,67730550107,51257105339273919796070,0,55908806603188213,1.3213885110890937
2025-05-16 10:56:47+00:00,13457800,67730550108,51257105338519410435940,0,55908806603188213,1.321388511128054
2025-05-16 10:56:54+00:00,13457807,67730550109,51257105337764901075832,0,55908806603188213,1.3213885111670145
2025-05-16 10:56:56+00:00,13457809,67730560109,51257112905561893020517,0,55908814857780345,1.3213885111670145
2025-05-16 10:56:57+00:00,13457810,67730560173,51257112954399922520565,0,55908814910609734,1.3213885111565964
2025-05-16 10:57:02+00:00,13457815,67730560106,51257112903529434377850,0,55908814855122631,1.321388511160882
2025-05-16 10:57:07+00:00,13457820,67730560107,51257112903529434377849,0,55908806600530499,1.3213885111803916
2025-05-16 10:57:07+00:00,13457820,67730550107,51257105335732442456052,0,55908806600530499,1.3213885111803916
2025-05-16 10:57:38+00:00,13457851,67730550108,51257105334977933095974,0,55908806600530499,1.3213885112193522
2025-05-16 10:57:38+00:00,13457851,67730536934,51257115334977933095974,0,55908806600530499,1.3213879964052635
2025-05-16 10:57:53+00:00,13457866,67730523760,51257125334977933095974,0,55908806600530499,1.321387481591376
2025-05-16 10:58:03+00:00,13457876,67730510586,51257135334977933095974,0,55908806600530499,1.3213869667776892
2025-05-16 10:58:09+00:00,13457882,67730510585,51257135335977933095974,0,55908806600530499,1.3213869667324
2025-05-16 10:58:14+00:00,13457887,67730510584,51257135336977933095974,0,55908806600530499,1.321386966687111
2025-05-16 10:58:19+00:00,13457892,67730510597,51257135346977933095974,0,55908806611261475,1.3213869666829385
2025-05-16 10:58:23+00:00,13457896,67730510598,51257135346223422853991,0,55908806611261475,1.321386966721899
2025-05-16 10:58:24+00:00,13457897,67730510597,51257135345429539136906,0,55908806610395545,1.3213869667228555
2025-05-16 10:58:36+00:00,13457909,67730610597,51257059894516406501546,0,55908806610395545,1.3213908627686617
2025-05-16 10:58:46+00:00,13457919,67730597423,51257069894516406501546,0,55908806610395545,1.321390347953658
2025-05-16 10:59:01+00:00,13457934,67730607423,51257077462302878898805,0,55908814864981911,1.321390347953658
2025-05-16 10:59:08+00:00,13457941,67730607424,51257077461548370587519,0,55908814864981911,1.3213903479926183
2025-05-16 10:59:11+00:00,13457944,67730594250,51257087461548370587519,0,55908814864981911,1.3213898331778915
2025-05-16 10:59:53+00:00,13457986,67730594251,51257087460793861982298,0,55908814864981911,1.321389833216852
2025-05-16 10:59:55+00:00,13457988,67730581077,51257097460793861982298,0,55908814864981911,1.321389318402326
2025-05-16 11:00:09+00:00,13458002,67730581078,51257097460039353083142,0,55908814864981911,1.3213893184412866
2025-05-16 11:00:10+00:00,13458003,67730591078,51257105027831721645663,0,55908823119571488,1.3213893184412866
2025-05-16 11:00:20+00:00,13458013,67730591142,51257105076669751145711,0,55908823172400861,1.3213893184308674
2025-05-16 11:00:26+00:00,13458019,67730591075,51257105025799278338568,0,55908823116913758,1.3213893184351537
2025-05-16 11:00:31+00:00,13458024,67730601076,51257112593591646824478,0,55908831371503335,1.3213893184546632
2025-05-16 11:00:31+00:00,13458024,67730591076,51257105025799278338567,0,55908831371503335,1.3213893184546632
2025-05-16 11:00:40+00:00,13458033,67730601077,51257112592837137925352,0,55908831371503335,1.3213893184936236
2025-05-16 11:00:42+00:00,13458035,67730571078,51257089889462977823903,0,55908806607737815,1.3213893185130572
2025-05-16 11:01:25+00:00,13458078,67730571079,51257089888708468924810,0,55908806607737815,1.3213893185520178
2025-05-16 11:01:33+00:00,13458086,67730571078,51257089889708468924810,0,55908806607737815,1.3213893185067285
2025-05-16 11:01:38+00:00,13458091,67730571077,51257089890708468924810,0,55908806607737815,1.3213893184614394
2025-05-16 11:01:41+00:00,13458094,67730581077,51257097458500837371913,0,55908814862327392,1.3213893184614394
2025-05-16 11:01:43+00:00,13458096,67730581090,51257097468500837371913,0,55908814873058358,1.3213893184572665
2025-05-16 11:01:57+00:00,13458110,67730567916,51257107468500837371913,0,55908814873058358,1.3213888036429415
2025-05-16 11:02:10+00:00,13458123,67730567917,51257107467746328178831,0,55908814873058358,1.321388803681902
2025-05-16 11:02:11+00:00,13458124,67730577917,51257115035541644845750,0,55908823127649540,1.321388803681902
2025-05-16 11:02:35+00:00,13458148,67730564743,51257125035541644845750,0,55908823127649540,1.3213882888678536
2025-05-16 11:02:55+00:00,13458168,67730564744,51257125034787135358732,0,55908823127649540,1.3213882889068143
2025-05-16 11:02:57+00:00,13458170,67730544745,51257109899195022215631,0,55908806618468781,1.3213882889262099
2025-05-16 11:03:24+00:00,13458197,67730531571,51257119899195022215631,0,55908806618468781,1.3213877741122104
2025-05-16 11:03:35+00:00,13458208,67730531572,51257119898440512434689,0,55908806618468781,1.3213877741511708
2025-05-16 11:03:40+00:00,13458213,67730531573,51257119897686002653769,0,55908806618468781,1.3213877741901314
2025-05-16 11:03:41+00:00,13458214,67730531574,51257119896931492872872,0,55908806618468781,1.3213877742290918
2025-05-16 11:03:50+00:00,13458223,67730531507,51257119846060990295111,0,55908806562981678,1.3213877742333773
2025-05-16 11:03:54+00:00,13458227,67730531508,51257119846060990295110,0,55908806562981678,1.3213877742528868
2025-05-16 11:04:26+00:00,13458259,67730531509,51257119845306480514248,0,55908806562981678,1.3213877742918472
2025-05-16 11:04:43+00:00,13458276,67730541509,51257127413107692659683,0,55908814817576071,1.3213877742918472
2025-05-16 11:04:57+00:00,13458290,67730541508,51257127414107692659683,0,55908814817576071,1.321387774246558
2025-05-16 11:05:05+00:00,13458298,67730541521,51257127424107692659683,0,55908814828307043,1.3213877742423854
2025-05-16 11:05:10+00:00,13458303,67730541520,51257127423313809181977,0,55908814827441113,1.321387774243342
2025-05-16 11:05:11+00:00,13458304,67730541521,51257127422559299401110,0,55908814827441113,1.3213877742823024
2025-05-16 11:05:15+00:00,13458308,67730551521,51257134990360511601209,0,55908823082035506,1.3213877742823024
2025-05-16 11:05:29+00:00,13458322,67730531522,51257119854758087209425,0,55908806572846720,1.3213877743018119
2025-05-16 11:05:50+00:00,13458343,67730518348,51257129854758087209425,0,55908806572846720,1.321387259488013
2025-05-16 11:05:57+00:00,13458350,67730518349,51257129854003577134634,0,55908806572846720,1.3213872595269733
2025-05-16 11:06:11+00:00,13458364,67730528349,51257137421807737422794,0,55908814827442718,1.3213872595269733
2025-05-16 11:06:25+00:00,13458378,67730538349,51257144989611897710954,0,55908823082038716,1.3213872595269733
2025-05-16 11:06:34+00:00,13458387,67730525175,51257154989611897710954,0,55908823082038716,1.3213867447135272
2025-05-16 11:06:43+00:00,13458396,67730512002,51257164988857387342227,0,55908823082038716,1.3213862299392425
2025-05-16 11:06:43+00:00,13458396,67730525176,51257154988857387342227,0,55908823082038716,1.3213867447524876
2025-05-16 11:06:53+00:00,13458406,67730498828,51257174988857387342227,0,55908823082038716,1.3213857151261983
2025-05-16 11:06:58+00:00,13458411,67730498829,51257174988102876385606,0,55908823082038716,1.3213857151651587
2025-05-16 11:07:08+00:00,13458421,67730498893,51257175036940905885654,0,55908823134868161,1.321385715154743
2025-05-16 11:07:13+00:00,13458426,67730498826,51257174986070363611800,0,55908823079381058,1.3213857151590274
2025-05-16 11:07:18+00:00,13458431,67730498827,51257174986070363611799,0,55908823079381058,1.3213857151785369
2025-05-16 11:07:29+00:00,13458442,67730498828,51257174985315852655208,0,55908823079381058,1.3213857152174973
2025-05-16 11:07:38+00:00,13458451,67730508828,51257182553128857470400,0,55908831333981872,1.3213857152174973
2025-05-16 11:07:48+00:00,13458461,67730478829,51257159849698675081222,0,55908806570189062,1.3213857152367792
2025-05-16 11:08:00+00:00,13458473,67730578829,51257084398714082843031,0,55908806570189062,1.3213896112807226
2025-05-16 11:08:15+00:00,13458488,67730578830,51257084397959574111107,0,55908806570189062,1.3213896113196832
2025-05-16 11:08:22+00:00,13458495,67730578829,51257084398959574111107,0,55908806570189062,1.3213896112743941
2025-05-16 11:08:31+00:00,13458504,67730578842,51257084408959574111107,0,55908806580920027,1.321389611270221
2025-05-16 11:08:35+00:00,13458508,67730578841,51257084408165691182521,0,55908806580054097,1.3213896112711776
2025-05-16 11:08:53+00:00,13458526,67730565667,51257094408165691182521,0,55908806580054097,1.3213890964566641
2025-05-16 11:09:00+00:00,13458533,67730565668,51257094407411182156634,0,55908806580054097,1.3213890964956247
2025-05-16 11:09:07+00:00,13458540,67730552494,51257104407411182156634,0,55908806580054097,1.3213885816813122
2025-05-16 11:09:16+00:00,13458549,67730539320,51257114407411182156634,0,55908806580054097,1.3213880668672007
2025-05-16 11:09:31+00:00,13458564,67730526146,51257124407411182156634,0,55908806580054097,1.3213875520532898
2025-05-16 11:09:40+00:00,13458573,67730512972,51257134407411182156634,0,55908806580054097,1.32138703723958
2025-05-16 11:09:45+00:00,13458578,67730512973,51257134406656671954939,0,55908806580054097,1.3213870372785406
2025-05-16 11:10:20+00:00,13458613,67730499799,51257144406656671954939,0,55908806580054097,1.3213865224650314
2025-05-16 11:10:23+00:00,13458616,67730499800,51257144405902161459308,0,55908806580054097,1.321386522503992
2025-05-16 11:10:25+00:00,13458618,67730486626,51257154405902161459308,0,55908806580054097,1.3213860076906838
2025-05-16 11:10:31+00:00,13458624,67730486627,51257154405147650669742,0,55908806580054097,1.3213860077296442
2025-05-16 11:10:33+00:00,13458626,67730486691,51257154453985680169790,0,55908806632883536,1.3213860077192283
2025-05-16 11:10:38+00:00,13458631,67730486624,51257154403115143308744,0,55908806577396433,1.321386007723513
2025-05-16 11:10:57+00:00,13458650,67730473450,51257164403115143308744,0,55908806577396433,1.3213854929104056
2025-05-16 11:11:17+00:00,13458670,67730473451,51257164402360632225238,0,55908806577396433,1.321385492949366
2025-05-16 11:11:19+00:00,13458672,67730483451,51257171970174910010099,0,55908814831997903,1.321385492949366
2025-05-16 11:11:29+00:00,13458682,67730473452,51257164402360633058294,0,55908806577396433,1.3213854929688755
2025-05-16 11:11:43+00:00,13458696,67730473451,51257164403360633058294,0,55908806577396433,1.3213854929235864
2025-05-16 11:11:48+00:00,13458701,67730473450,51257164404360633058294,0,55908806577396433,1.3213854928782975
2025-05-16 11:11:51+00:00,13458704,67730460276,51257174404360633058294,0,55908806577396433,1.321384978065391
2025-05-16 11:11:53+00:00,13458706,67730460289,51257174414360633058294,0,55908806588127416,1.321384978061219
2025-05-16 11:12:05+00:00,13458718,67730460290,51257174413606121680809,0,55908806588127416,1.3213849781001794
2025-05-16 11:12:32+00:00,13458745,67730447116,51257184413606121680809,0,55908806588127416,1.321384463287474
2025-05-16 11:12:51+00:00,13458764,67730447117,51257184412851610009388,0,55908806588127416,1.3213844633264344
2025-05-16 11:12:53+00:00,13458766,67730457117,51257191980671784636039,0,55908814842732097,1.3213844633264344
2025-05-16 11:13:14+00:00,13458787,67730443943,51257201980671784636039,0,55908814842732097,1.3213839485140058
2025-05-16 11:13:33+00:00,13458806,67730430769,51257211980671784636039,0,55908814842732097,1.321383433701778
2025-05-16 11:13:42+00:00,13458815,67730417595,51257221980671784636039,0,55908814842732097,1.3213829188897512
2025-05-16 11:13:47+00:00,13458820,67730417596,51257221979917272082765,0,55908814842732097,1.3213829189287116
2025-05-16 11:13:49+00:00,13458822,67730427596,51257229547746291779286,0,55908823097341595,1.3213829189287116
2025-05-16 11:13:52+00:00,13458825,67730427597,51257229546991779226034,0,55908823097341595,1.321382918967672
2025-05-16 11:13:58+00:00,13458831,67730427661,51257229595829808726082,0,55908823150171095,1.321382918957259
2025-05-16 11:13:59+00:00,13458832,67730414487,51257239595829808726082,0,55908823150171095,1.3213824041455096
2025-05-16 11:14:08+00:00,13458841,67730514488,51257164144656154272326,0,55908823150171095,1.3213863002029012
2025-05-16 11:14:08+00:00,13458841,67730414488,51257239595829808726081,0,55908823150171095,1.321382404165019
2025-05-16 11:14:22+00:00,13458855,67730514489,51257164143901643649784,0,55908823150171095,1.3213863002418615
2025-05-16 11:14:48+00:00,13458881,67730504489,51257156576086704305259,0,55908814895566414,1.3213863002419979
2025-05-16 11:14:51+00:00,13458884,67730491315,51257166576086704305259,0,55908814895566414,1.3213857854288553
2025-05-16 11:15:03+00:00,13458896,67730481315,51257159008265872297496,0,55908806640956916,1.3213857854290674
2025-05-16 11:15:09+00:00,13458902,67730481316,51257159007511361381018,0,55908806640956916,1.3213857854680278
2025-05-16 11:15:12+00:00,13458905,67730481315,51257159008511361381018,0,55908806640956916,1.3213857854227389
2025-05-16 11:15:17+00:00,13458910,67730481314,51257159009511361381018,0,55908806640956916,1.3213857853774498
2025-05-16 11:15:22+00:00,13458915,67730481327,51257159019511361381018,0,55908806651687896,1.3213857853732776
2025-05-16 11:15:27+00:00,13458920,67730481326,51257159018717477297849,0,55908806650821966,1.3213857853742341
2025-05-16 11:15:38+00:00,13458931,67730468152,51257169018717477297849,0,55908806650821966,1.3213852705612166
2025-05-16 11:15:43+00:00,13458936,67730454978,51257179018717477297849,0,55908806650821966,1.3213847557484
2025-05-16 11:15:54+00:00,13458947,67730454979,51257179017962965793423,0,55908806650821966,1.3213847557873604
2025-05-16 11:16:10+00:00,13458963,67730464979,51257171472849032294051,0,55908806650821966,1.3213851453913505
2025-05-16 11:16:21+00:00,13458974,67730451805,51257181472849032294051,0,55908806650821966,1.3213846305785828
2025-05-16 11:16:36+00:00,13458989,67730461805,51257189040668249035954,0,55908814905426085,1.3213846305785828
2025-05-16 11:17:00+00:00,13459013,67730451806,51257181472849033064733,0,55908806650821966,1.3213846305980923
2025-05-16 11:17:10+00:00,13459023,67730438632,51257191472849033064733,0,55908806650821966,1.3213841157855255
2025-05-16 11:17:16+00:00,13459029,67730438633,51257191472094521194888,0,55908806650821966,1.321384115824486
2025-05-16 11:17:21+00:00,13459034,67730438634,51257191471340009325065,0,55908806650821966,1.3213841158634463
2025-05-16 11:17:25+00:00,13459038,67730438635,51257191470585497455265,0,55908806650821966,1.3213841159024067
2025-05-16 11:17:27+00:00,13459040,67730425461,51257201470585497455265,0,55908806703651452,1.3213836010900408
2025-05-16 11:17:27+00:00,13459040,67730425525,51257201519423526955313,0,55908806703651452,1.3213836010796272
2025-05-16 11:17:32+00:00,13459045,67730425458,51257201468552943448221,0,55908806648164349,1.3213836010839106
2025-05-16 11:17:41+00:00,13459054,67730435458,51257209036378056305043,0,55908814902771679,1.3213836010839106
2025-05-16 11:18:03+00:00,13459076,67730425459,51257201468552943881619,0,55908806648164349,1.3213836011034201
2025-05-16 11:18:09+00:00,13459082,67730435459,51257193923432417125573,0,55908806648164349,1.3213839907072396
2025-05-16 11:18:11+00:00,13459084,67730435460,51257193922677905184308,0,55908806648164349,1.3213839907462
2025-05-16 11:18:20+00:00,13459093,67730422286,51257203922677905184308,0,55908806648164349,1.3213834759338832
2025-05-16 11:18:31+00:00,13459104,67730409112,51257213922677905184308,0,55908806648164349,1.3213829611217671
2025-05-16 11:18:42+00:00,13459115,67730409111,51257213923677905184308,0,55908806648164349,1.3213829610764782
2025-05-16 11:18:47+00:00,13459120,67730409110,51257213924677905184308,0,55908806648164349,1.3213829610311894
2025-05-16 11:18:52+00:00,13459125,67730409123,51257213934677905184308,0,55908806658895341,1.3213829610270176
2025-05-16 11:18:57+00:00,13459130,67730409122,51257213933884020250701,0,55908806658029411,1.3213829610279741
2025-05-16 11:19:09+00:00,13459142,67730419122,51257221501712798836182,0,55908814912638733,1.3213829610279741
2025-05-16 11:19:19+00:00,13459152,67730409123,51257213933884021048772,0,55908806658029411,1.3213829610474837
2025-05-16 11:19:39+00:00,13459172,67730419123,51257221501712799522518,0,55908814912638733,1.3213829610474837
2025-05-16 11:20:00+00:00,13459193,67730429123,51257229069541577996264,0,55908823167248055,1.3213829610474837
2025-05-16 11:20:17+00:00,13459210,67730409124,51257213933884022421444,0,55908806658029411,1.321382961066993
2025-05-16 11:20:28+00:00,13459221,67730409125,51257213933129509892253,0,55908806658029411,1.3213829611059533
2025-05-16 11:20:37+00:00,13459230,67730419125,51257221500958288031131,0,55908814912638733,1.3213829611059533
2025-05-16 11:20:48+00:00,13459241,67730409126,51257213933129510355121,0,55908806658029411,1.3213829611254628
2025-05-16 11:20:51+00:00,13459244,67730409127,51257213932374997825963,0,55908806658029411,1.3213829611644232
2025-05-16 11:20:56+00:00,13459249,67730409128,51257213931620485296828,0,55908806658029411,1.3213829612033836
2025-05-16 11:21:02+00:00,13459255,67730409192,51257213980458514796876,0,55908806710858910,1.3213829611929706
2025-05-16 11:21:03+00:00,13459256,67730396018,51257223980458514796876,0,55908806710858910,1.321382446381056
2025-05-16 11:21:12+00:00,13459265,67730396019,51257223980458514796875,0,55908806710858910,1.3213824464005655
2025-05-16 11:21:13+00:00,13459266,67730396020,51257223979704001973808,0,55908806710858910,1.3213824464395258
2025-05-16 11:21:18+00:00,13459271,67730382846,51257233979704001973808,0,55908806710858910,1.3213819316278121
2025-05-16 11:21:41+00:00,13459294,67730392846,51257241547538676147827,0,55908814965471443,1.3213819316278121
2025-05-16 11:21:58+00:00,13459311,67730392847,51257241546784163030823,0,55908814965471443,1.3213819316667725
2025-05-16 11:22:14+00:00,13459327,67730392846,51257241547784163030823,0,55908814965471443,1.3213819316214837
2025-05-16 11:22:19+00:00,13459332,67730392845,51257241548784163030823,0,55908814965471443,1.3213819315761948
2025-05-16 11:22:24+00:00,13459337,67730392858,51257241558784163030823,0,55908814976202439,1.3213819315720232
2025-05-16 11:22:25+00:00,13459338,67730382859,51257233990949488691111,0,55908806721589906,1.3213819315915327
2025-05-16 11:22:35+00:00,13459348,67730369685,51257243990949488691111,0,55908806721589906,1.32138141678002
2025-05-16 11:22:43+00:00,13459356,67730369686,51257243990194975280128,0,55908806721589906,1.3213814168189804
2025-05-16 11:23:29+00:00,13459402,67730369687,51257243989440461869167,0,55908806721589906,1.3213814168579407
2025-05-16 11:23:40+00:00,13459413,67730379687,51257251557278084240605,0,55908814976204044,1.3213814168579407
2025-05-16 11:24:12+00:00,13459445,67730369688,51257243989440462215991,0,55908806721589906,1.32138141687745
2025-05-16 11:24:14+00:00,13459447,67730369689,51257243988685948805063,0,55908806721589906,1.3213814169164104
2025-05-16 11:24:16+00:00,13459449,67730369690,51257243987931435394158,0,55908806721589906,1.3213814169553708
2025-05-16 11:24:21+00:00,13459454,67730369691,51257243987176921983275,0,55908806721589906,1.3213814169943312
2025-05-16 11:24:26+00:00,13459459,67730379691,51257251555014543573575,0,55908814976204043,1.3213814169943312
2025-05-16 11:24:28+00:00,13459461,67730379755,51257251603852573073623,0,55908815029033573,1.3213814169839195
2025-05-16 11:24:33+00:00,13459466,67730379688,51257251552981947435020,0,55908814973546470,1.3213814169882019
2025-05-16 11:24:36+00:00,13459469,67730366514,51257261552981947435020,0,55908814973546470,1.321380902176966
2025-05-16 11:24:38+00:00,13459471,67730366515,51257261552981947435019,0,55908814973546470,1.3213809021964755
2025-05-16 11:24:59+00:00,13459492,67730366516,51257261552227433730207,0,55908814973546470,1.3213809022354357
2025-05-16 11:25:10+00:00,13459503,67730376516,51257269120068003457360,0,55908823228162213,1.3213809022354357
2025-05-16 11:25:21+00:00,13459514,67730356517,51257253984388336746476,0,55908806718932333,1.3213809022549072
2025-05-16 11:25:43+00:00,13459536,67730356516,51257253985388336746476,0,55908806718932333,1.3213809022096183
2025-05-16 11:25:45+00:00,13459538,67730356517,51257253984633823041671,0,55908806718932333,1.3213809022485787
2025-05-16 11:25:52+00:00,13459545,67730356530,51257253994633823041671,0,55908806729663333,1.3213809022444074
2025-05-16 11:25:57+00:00,13459550,67730356529,51257253993839937488610,0,55908806728797403,1.321380902245364
2025-05-16 11:26:19+00:00,13459572,67730343355,51257263993839937488610,0,55908806728797403,1.321380387434253
2025-05-16 11:26:30+00:00,13459583,67730343356,51257263993085423489866,0,55908806728797403,1.3213803874732133
2025-05-16 11:27:15+00:00,13459628,67730343357,51257263992330909491144,0,55908806728797403,1.3213803875121737
2025-05-16 11:27:44+00:00,13459657,67730343358,51257263991576395492445,0,55908806728797403,1.3213803875511339
2025-05-16 11:27:45+00:00,13459658,67730353358,51257271559419912931533,0,55908814983414751,1.3213803875511339
2025-05-16 11:27:54+00:00,13459667,67730353422,51257271608257942431581,0,55908815036244302,1.3213803875407235
2025-05-16 11:27:59+00:00,13459672,67730353355,51257271557387296946024,0,55908814980757199,1.3213803875450052
2025-05-16 11:28:00+00:00,13459673,67730353356,51257271556632782947343,0,55908814980757199,1.3213803875839656
2025-05-16 11:28:06+00:00,13459679,67730363356,51257279124476300198397,0,55908823235374547,1.3213803875839656
2025-05-16 11:28:32+00:00,13459705,67730343357,51257263988789265938972,0,55908806726139851,1.3213803876034749
2025-05-16 11:28:46+00:00,13459719,67730343358,51257263988034751940325,0,55908806726139851,1.3213803876424353
2025-05-16 11:29:06+00:00,13459739,67730343357,51257263989034751940325,0,55908806726139851,1.3213803875971466
2025-05-16 11:29:15+00:00,13459748,67730343370,51257263999034751940325,0,55908806736870853,1.3213803875929753
2025-05-16 11:29:20+00:00,13459753,67730343369,51257263998240866232416,0,55908806736004923,1.3213803875939318
2025-05-16 11:29:30+00:00,13459763,67730343370,51257263997486352233763,0,55908806736004923,1.321380387632892
2025-05-16 11:29:41+00:00,13459774,67730330196,51257273997486352233763,0,55908806736004923,1.3213798728219819
2025-05-16 11:29:59+00:00,13459792,67730317022,51257283997486352233763,0,55908806736004923,1.3213793580112727
2025-05-16 11:30:16+00:00,13459809,67730317023,51257283996731837647214,0,55908806736004923,1.321379358050233
2025-05-16 11:31:00+00:00,13459853,67730303849,51257293996731837647214,0,55908806736004923,1.3213788432397247
2025-05-16 11:31:03+00:00,13459856,67730303850,51257293995977322766727,0,55908806736004923,1.321378843278685
2025-05-16 11:31:09+00:00,13459862,67730303851,51257293995222807886263,0,55908806736004923,1.3213788433176452
2025-05-16 11:31:14+00:00,13459867,67730303852,51257293994468293005821,0,55908806736004923,1.3213788433566056
2025-05-16 11:31:20+00:00,13459873,67730303916,51257294043306322505869,0,55908806788834504,1.3213788433461966
2025-05-16 11:31:25+00:00,13459878,67730303849,51257293992435647250281,0,55908806733347401,1.3213788433504776
2025-05-16 11:31:30+00:00,13459883,67730303850,51257293992435647250280,0,55908806733347401,1.3213788433699871
2025-05-16 11:31:34+00:00,13459887,67730290676,51257303992435647250280,0,55908806733347401,1.3213783285596794
2025-05-16 11:31:48+00:00,13459901,67730277502,51257313992435647250280,0,55908806733347401,1.3213778137495729
2025-05-16 11:31:49+00:00,13459902,67730277503,51257313991681131781948,0,55908806733347401,1.321377813788533
2025-05-16 11:32:02+00:00,13459915,67730287503,51257321559539389768676,0,55908814987972776,1.321377813788533
2025-05-16 11:32:16+00:00,13459929,67730297503,51257329127397647755404,0,55908823242598151,1.321377813788533
2025-05-16 11:32:34+00:00,13459947,67730297502,51257329128397647755404,0,55908823242598151,1.3213778137432444
2025-05-16 11:32:38+00:00,13459951,67730297501,51257329129397647755404,0,55908823242598151,1.3213778136979557
2025-05-16 11:32:40+00:00,13459953,67730284327,51257339129397647755404,0,55908823242598151,1.3213772988882018
2025-05-16 11:32:44+00:00,13459957,67730284340,51257339139397647755404,0,55908823253329166,1.3213772988840313
2025-05-16 11:32:49+00:00,13459962,67730384340,51257263687932479923389,0,55908823253329166,1.3213811949143472
2025-05-16 11:32:59+00:00,13459972,67730364340,51257248552235290436258,0,55908806744078416,1.3213811949148473
2025-05-16 11:33:13+00:00,13459986,67730374340,51257256120074183924083,0,55908814998693209,1.3213811949148473
2025-05-16 11:33:21+00:00,13459994,67730374341,51257256119319670386414,0,55908814998693209,1.3213811949538077
2025-05-16 11:34:04+00:00,13460037,67730364342,51257248551480777342169,0,55908806744078416,1.3213811949733172
2025-05-16 11:34:06+00:00,13460039,67730364343,51257248550726263804533,0,55908806744078416,1.3213811950122776
2025-05-16 11:34:27+00:00,13460060,67730351169,51257258550726263804533,0,55908806744078416,1.3213806802010548
2025-05-16 11:34:36+00:00,13460069,67730351170,51257258549971749972960,0,55908806744078416,1.321380680240015
2025-05-16 11:34:41+00:00,13460074,67730351171,51257258549217236141410,0,55908806744078416,1.3213806802789754
2025-05-16 11:34:47+00:00,13460080,67730351235,51257258598055265641458,0,55908806796907960,1.3213806802685646
2025-05-16 11:34:52+00:00,13460085,67730351168,51257258547184625571114,0,55908806741420857,1.3213806802728465
2025-05-16 11:34:52+00:00,13460085,67730351169,51257258546430111739582,0,55908806741420857,1.3213806803118069
2025-05-16 11:34:56+00:00,13460089,67730351170,51257258546430111739581,0,55908806741420857,1.3213806803313164
2025-05-16 11:34:57+00:00,13460090,67730337996,51257268546430111739581,0,55908806741420857,1.3213801655202944
2025-05-16 11:35:06+00:00,13460099,67730324822,51257278546430111739581,0,55908806741420857,1.3213796507094733
2025-05-16 11:35:38+00:00,13460131,67730324823,51257278545675597320164,0,55908806741420857,1.3213796507484337
2025-05-16 11:35:45+00:00,13460138,67730334823,51257286113523334596856,0,55908814996040466,1.3213796507484337
2025-05-16 11:35:54+00:00,13460147,67730321649,51257296113523334596856,0,55908814996040466,1.3213791359378895
2025-05-16 11:36:01+00:00,13460154,67730321648,51257296114523334596856,0,55908814996040466,1.3213791358926006
2025-05-16 11:36:06+00:00,13460159,67730321647,51257296115523334596856,0,55908814996040466,1.321379135847312
2025-05-16 11:36:11+00:00,13460164,67730321660,51257296125523334596856,0,55908815006771473,1.321379135843141
2025-05-16 11:36:16+00:00,13460169,67730321659,51257296124729448508793,0,55908815005905543,1.3213791358440974
2025-05-16 11:36:23+00:00,13460176,67730308486,51257306123974933795385,0,55908815005905543,1.3213786210727145
2025-05-16 11:36:23+00:00,13460176,67730321660,51257296123974933795385,0,55908815005905543,1.3213791358830578
2025-05-16 11:37:09+00:00,13460222,67730308487,51257306123220418788040,0,55908815005905543,1.3213786211116747
2025-05-16 11:37:10+00:00,13460223,67730318487,51257313691074053037857,0,55908823260528363,1.3213786211116747
2025-05-16 11:37:19+00:00,13460232,67730305313,51257323691074053037857,0,55908823260528363,1.3213781063016083
2025-05-16 11:37:28+00:00,13460241,67730292139,51257333691074053037857,0,55908823260528363,1.321377591491743
2025-05-16 11:37:37+00:00,13460250,67730278965,51257343691074053037857,0,55908823260528363,1.3213770766820783
2025-05-16 11:37:52+00:00,13460265,67730288965,51257351258936532618307,0,55908831515155999,1.3213770766820783
2025-05-16 11:38:03+00:00,13460276,67730288966,51257351258182016729104,0,55908831515155999,1.3213770767210384
2025-05-16 11:38:08+00:00,13460281,67730288967,51257351257427500839924,0,55908831515155999,1.3213770767599988
2025-05-16 11:38:14+00:00,13460287,67730289031,51257351306265530339972,0,55908831567985615,1.3213770767495914
2025-05-16 11:38:16+00:00,13460289,67730259032,51257328602689869294346,0,55908806804115550,1.3213770767687973
2025-05-16 11:38:19+00:00,13460292,67730258965,51257328551819159753950,0,55908806748628447,1.3213770767730775
2025-05-16 11:38:23+00:00,13460296,67730258966,51257328551819159753949,0,55908806748628447,1.3213770767925868
2025-05-16 11:38:30+00:00,13460303,67730268966,51257336119681638701488,0,55908815003256083,1.3213770767925868
2025-05-16 11:38:39+00:00,13460312,67730255792,51257346119681638701488,0,55908815003256083,1.321376561983047
2025-05-16 11:38:42+00:00,13460315,67730255793,51257346118927122518388,0,55908815003256083,1.3213765620220073
2025-05-16 11:39:02+00:00,13460335,67730242619,51257356118927122518388,0,55908815003256083,1.3213760472126683
2025-05-16 11:39:17+00:00,13460350,67730229445,51257366118927122518388,0,55908815003256083,1.3213755324035303
2025-05-16 11:39:27+00:00,13460360,67730229444,51257366119927122518388,0,55908815003256083,1.3213755323582417
2025-05-16 11:39:30+00:00,13460363,67730229445,51257366119172605747364,0,55908815003256083,1.3213755323972018
2025-05-16 11:39:31+00:00,13460364,67730216270,51257376120172605747364,0,55908815003256083,1.3213750175429761
2025-05-16 11:39:31+00:00,13460364,67730216271,51257376119172605747364,0,55908815003256083,1.3213750175882646
2025-05-16 11:39:37+00:00,13460370,67730216283,51257376130172605747364,0,55908815013987107,1.321375017538806
2025-05-16 11:39:42+00:00,13460375,67730216282,51257376129378718420271,0,55908815013121177,1.3213750175397623
2025-05-16 11:39:49+00:00,13460382,67730203108,51257386129378718420271,0,55908815013121177,1.3213745027310262
2025-05-16 11:40:02+00:00,13460395,67730193109,51257378561508857587176,0,55908806758493541,1.3213745027503458
2025-05-16 11:40:15+00:00,13460408,67730193110,51257378560754340228237,0,55908806758493541,1.321374502789306
2025-05-16 11:40:22+00:00,13460415,67730293110,51257303109129513461041,0,55908806758493541,1.3213783988166257
2025-05-16 11:40:31+00:00,13460424,67730279936,51257313109129513461041,0,55908806758493541,1.3213778840064963
2025-05-16 11:40:50+00:00,13460443,67730289936,51257320676987369292111,0,55908815013118623,1.3213778840064963
2025-05-16 11:41:02+00:00,13460455,67730289937,51257320676232853863896,0,55908815013118623,1.3213778840454566
2025-05-16 11:41:16+00:00,13460469,67730276763,51257330676232853863896,0,55908815013118623,1.3213773692356041
2025-05-16 11:41:25+00:00,13460478,67730276764,51257330675478338141744,0,55908815013118623,1.3213773692745645
2025-05-16 11:41:30+00:00,13460483,67730276765,51257330674723822419614,0,55908815013118623,1.3213773693135247
2025-05-16 11:41:36+00:00,13460489,67730276829,51257330723561851919662,0,55908815065948233,1.321377369303117
2025-05-16 11:41:45+00:00,13460498,67730276830,51257330723561851919661,0,55908815065948233,1.3213773693226265
2025-05-16 11:41:49+00:00,13460502,67730276831,51257330722807336197558,0,55908815065948233,1.321377369361587
2025-05-16 11:41:51+00:00,13460504,67730263657,51257340722807336197558,0,55908815065948233,1.3213768545519358
2025-05-16 11:42:02+00:00,13460515,67730273657,51257333177648286335550,0,55908815065948233,1.3213772441546967
2025-05-16 11:42:12+00:00,13460525,67730283657,51257325632491461133150,0,55908815065948233,1.3213776337575152
2025-05-16 11:42:21+00:00,13460534,67730273658,51257318064632880994784,0,55908806811323151,1.3213776337770065
2025-05-16 11:42:36+00:00,13460549,67730273659,51257318063878365423687,0,55908806811323151,1.3213776338159666
2025-05-16 11:42:45+00:00,13460558,67730260485,51257328063878365423687,0,55908806811323151,1.3213771190061367
2025-05-16 11:42:47+00:00,13460560,67730260484,51257328064878365423687,0,55908806811323151,1.321377118960848
2025-05-16 11:42:52+00:00,13460565,67730260483,51257328065878365423687,0,55908806811323151,1.3213771189155594
2025-05-16 11:42:53+00:00,13460566,67730247309,51257338065878365423687,0,55908806811323151,1.3213766041059305
2025-05-16 11:43:01+00:00,13460574,67730247308,51257338065084478569669,0,55908806810457221,1.321376604106887
2025-05-16 11:43:22+00:00,13460595,67730247309,51257338064329962410622,0,55908806810457221,1.3213766041458472
2025-05-16 11:43:29+00:00,13460602,67730234135,51257348064329962410622,0,55908806810457221,1.3213760893364193
2025-05-16 11:43:43+00:00,13460616,67730220961,51257358064329962410622,0,55908806810457221,1.321375574527192
2025-05-16 11:43:57+00:00,13460630,67730230961,51257365632201045223811,0,55908815065089498,1.321375574527192
2025-05-16 11:44:07+00:00,13460640,67730230962,51257365631446528476866,0,55908815065089498,1.3213755745661522
2025-05-16 11:44:28+00:00,13460661,67730240962,51257373199317611066919,0,55908823319721775,1.3213755745661522
2025-05-16 11:44:51+00:00,13460684,67730240963,51257373198563094319996,0,55908823319721775,1.3213755746051126
2025-05-16 11:44:53+00:00,13460686,67730240964,51257373197808577573096,0,55908823319721775,1.3213755746440727
2025-05-16 11:44:56+00:00,13460689,67730240965,51257373197054060826218,0,55908823319721775,1.321375574683033
2025-05-16 11:45:01+00:00,13460694,67730241029,51257373245892090326266,0,55908823372551421,1.321375574672627
2025-05-16 11:45:07+00:00,13460700,67730240962,51257373195021351554815,0,55908823317064318,1.3213755746769065
2025-05-16 11:45:12+00:00,13460705,67730240963,51257373195021351554814,0,55908823317064318,1.3213755746964158
2025-05-16 11:45:30+00:00,13460723,67730250963,51257380762892433398812,0,55908831571696594,1.3213755746964158
2025-05-16 11:45:39+00:00,13460732,67730250964,51257380762137916651964,0,55908831571696594,1.3213755747353761
2025-05-16 11:45:53+00:00,13460746,67730237790,51257390762137916651964,0,55908831571696594,1.3213750599265777
2025-05-16 11:46:07+00:00,13460760,67730247790,51257398330011946721557,0,55908839826330476,1.3213750599265777
2025-05-16 11:46:13+00:00,13460766,67730247789,51257398331011946721557,0,55908839826330476,1.3213750598812892
2025-05-16 11:46:18+00:00,13460771,67730247788,51257398332011946721557,0,55908839826330476,1.3213750598360006
2025-05-16 11:46:23+00:00,13460776,67730247801,51257398342011946721557,0,55908839837061500,1.3213750598318303
2025-05-16 11:46:25+00:00,13460778,67730207802,51257368070520241557745,0,55908806818530788,1.321375059851226
2025-05-16 11:46:26+00:00,13460779,67730207803,51257368069765724516916,0,55908806818530788,1.321375059890186
2025-05-16 11:46:28+00:00,13460781,67730207802,51257368068971837198292,0,55908806817664858,1.3213750598911425
2025-05-16 11:46:35+00:00,13460788,67730194628,51257378068971837198292,0,55908806817664858,1.321374545082317
2025-05-16 11:46:50+00:00,13460803,67730204628,51257385636848815922014,0,55908815072300345,1.321374545082317
2025-05-16 11:47:11+00:00,13460824,67730204629,51257385636094298587247,0,55908815072300345,1.3213745451212773
2025-05-16 11:47:23+00:00,13460836,67730191455,51257395636094298587247,0,55908815072300345,1.3213740303127288
2025-05-16 11:47:52+00:00,13460865,67730178281,51257405636094298587247,0,55908815072300345,1.321373515504381
2025-05-16 11:47:57+00:00,13460870,67730178282,51257405635339780664581,0,55908815072300345,1.3213735155433413
2025-05-16 11:48:07+00:00,13460880,67730165108,51257415635339780664581,0,55908815072300345,1.3213730007351945
2025-05-16 11:48:14+00:00,13460887,67730165109,51257415634585262447976,0,55908815072300345,1.3213730007741546
2025-05-16 11:48:16+00:00,13460889,67730151935,51257425634585262447976,0,55908815072300345,1.3213724859662086
2025-05-16 11:48:19+00:00,13460892,67730151936,51257425633830743937432,0,55908815072300345,1.321372486005169
2025-05-16 11:48:25+00:00,13460898,67730152000,51257425682668773437480,0,55908815125130053,1.321372485994766
2025-05-16 11:48:30+00:00,13460903,67730151933,51257425631797975120549,0,55908823324284859,1.3213724859990439
2025-05-16 11:48:30+00:00,13460903,67730161933,51257433199686746801266,0,55908823324284859,1.3213724859990439
2025-05-16 11:48:35+00:00,13460908,67730161934,51257433199686746801265,0,55908823324284859,1.3213724860185532
2025-05-16 11:48:42+00:00,13460915,67730161935,51257433198932228290751,0,55908823324284859,1.3213724860575133
2025-05-16 11:48:52+00:00,13460925,67730148761,51257443198932228290751,0,55908823324284859,1.3213719712498442
2025-05-16 11:49:07+00:00,13460940,67730135587,51257453198932228290751,0,55908823324284859,1.321371456442376
2025-05-16 11:49:16+00:00,13460949,67730122413,51257463198932228290751,0,55908823324284859,1.3213709416351085
2025-05-16 11:49:28+00:00,13460961,67730122414,51257463198177708898376,0,55908823324284859,1.3213709416740687
2025-05-16 11:49:30+00:00,13460963,67730132414,51257470766075325392666,0,55908831578931585,1.3213709416740687
2025-05-16 11:49:37+00:00,13460970,67730132413,51257470767075325392666,0,55908831578931585,1.3213709416287802
2025-05-16 11:49:46+00:00,13460979,67730132426,51257470777075325392666,0,55908831589662625,1.3213709416246109
2025-05-16 11:49:51+00:00,13460984,67730132425,51257470776281436835028,0,55908831588796695,1.3213709416255672
2025-05-16 11:49:52+00:00,13460985,67730232425,51257395324453264095553,0,55908831588796695,1.3213748376458776
2025-05-16 11:50:14+00:00,13461007,67730232426,51257395323698746927842,0,55908831588796695,1.321374837684838
2025-05-16 11:50:26+00:00,13461019,67730219252,51257405323698746927842,0,55908831588796695,1.3213743228763295
2025-05-16 11:50:40+00:00,13461033,67730229252,51257412891576998286842,0,55908839843432839,1.3213743228763295
2025-05-16 11:50:59+00:00,13461052,67730229253,51257412890822480825193,0,55908839843432839,1.3213743229152897
2025-05-16 11:51:06+00:00,13461059,67730189253,51257382619295091696847,0,55908806824872573,1.3213743229156605
2025-05-16 11:51:16+00:00,13461069,67730176079,51257392619295091696847,0,55908806824872573,1.3213738081071251
2025-05-16 11:51:38+00:00,13461091,67730176080,51257392618540573941260,0,55908806824872573,1.3213738081460853
2025-05-16 11:51:43+00:00,13461096,67730176081,51257392617786056185695,0,55908806824872573,1.3213738081850455
2025-05-16 11:51:45+00:00,13461098,67730176082,51257392617031538430152,0,55908806824872573,1.3213738082240059
2025-05-16 11:51:48+00:00,13461101,67730176146,51257392665869567930200,0,55908806877702254,1.3213738082136015
2025-05-16 11:51:53+00:00,13461106,67730176079,51257392614998794876790,0,55908806822215151,1.32137380821788
2025-05-16 11:52:00+00:00,13461113,67730162905,51257402614998794876790,0,55908806822215151,1.3213732934095455
2025-05-16 11:52:23+00:00,13461136,67730172905,51257410182882942282975,0,55908815076854505,1.3213732934095455
2025-05-16 11:52:30+00:00,13461143,67730172906,51257410182128424233490,0,55908815076854505,1.3213732934485056
2025-05-16 11:52:56+00:00,13461169,67730159732,51257420182128424233490,0,55908815076854505,1.3213727786404477
2025-05-16 11:52:59+00:00,13461172,67730159731,51257420183128424233490,0,55908815076854505,1.3213727785951592
2025-05-16 11:53:04+00:00,13461177,67730159730,51257420184128424233490,0,55908815076854505,1.3213727785498708
2025-05-16 11:53:09+00:00,13461182,67730159743,51257420194128424233490,0,55908815087585538,1.321372778545701
2025-05-16 11:53:14+00:00,13461187,67730159742,51257420193334536224969,0,55908815086719608,1.3213727785466574
2025-05-16 11:53:15+00:00,13461188,67730159743,51257420192580017881492,0,55908815086719608,1.3213727785856175
2025-05-16 11:53:59+00:00,13461232,67730169743,51257427760467113833238,0,55908823341360568,1.3213727785856175
2025-05-16 11:54:01+00:00,13461234,67730169744,51257427759712595489783,0,55908823341360568,1.3213727786245777
2025-05-16 11:54:08+00:00,13461241,67730156570,51257437759712595489783,0,55908823341360568,1.3213722638167968
2025-05-16 11:54:28+00:00,13461261,67730136571,51257422623936923987158,0,55908806832080254,1.3213722638361924
2025-05-16 11:54:37+00:00,13461270,67730123397,51257432623936923987158,0,55908806832080254,1.3213717490284604
2025-05-16 11:54:46+00:00,13461279,67730123398,51257432623182405055814,0,55908806832080254,1.3213717490674206
2025-05-16 11:54:46+00:00,13461279,67730110224,51257442623182405055814,0,55908806832080254,1.3213712342598893
2025-05-16 11:55:00+00:00,13461293,67730110225,51257442622427885830531,0,55908806832080254,1.3213712342988497
2025-05-16 11:55:00+00:00,13461293,67730097051,51257452622427885830531,0,55908806832080254,1.3213707194915194
2025-05-16 11:55:05+00:00,13461298,67730097052,51257452621673366311309,0,55908806832080254,1.3213707195304796
2025-05-16 11:55:09+00:00,13461302,67730197052,51257377169832511738110,0,55908806832080254,1.3213746155521697
2025-05-16 11:55:11+00:00,13461304,67730197116,51257377218670541238158,0,55908806884909919,1.3213746155417647
2025-05-16 11:55:16+00:00,13461309,67730197049,51257377167799783521991,0,55908806829422816,1.3213746155460437
2025-05-16 11:55:21+00:00,13461314,67730197050,51257377167799783521990,0,55908806829422816,1.3213746155655532
2025-05-16 11:55:30+00:00,13461323,67730197051,51257377167045266227469,0,55908806829422816,1.3213746156045134
2025-05-16 11:55:40+00:00,13461333,67730207051,51257384734921841051117,0,55908815084058010,1.3213746156045134
2025-05-16 11:55:54+00:00,13461347,67730217051,51257392302798415874765,0,55908823338693204,1.3213746156045134
2025-05-16 11:56:03+00:00,13461356,67730203877,51257402302798415874765,0,55908823338693204,1.321374100796018
2025-05-16 11:56:13+00:00,13461366,67730183878,51257387167042313890376,0,55908806829422816,1.3213741008154516
2025-05-16 11:56:15+00:00,13461368,67730183879,51257387166287796301928,0,55908806829422816,1.3213741008544118
2025-05-16 11:56:23+00:00,13461376,67730183878,51257387167287796301928,0,55908806829422816,1.321374100809123
2025-05-16 11:56:27+00:00,13461380,67730193878,51257394735167319501795,0,55908815084059615,1.321374100809123
2025-05-16 11:56:28+00:00,13461381,67730193877,51257394736167319501795,0,55908815084059615,1.3213741007638347
2025-05-16 11:56:33+00:00,13461386,67730193890,51257394746167319501795,0,55908815094790642,1.3213741007596647
2025-05-16 11:56:38+00:00,13461391,67730193889,51257394745373431887520,0,55908815093924712,1.321374100760621
2025-05-16 11:56:59+00:00,13461412,67730193890,51257394744618914299041,0,55908815093924712,1.3213741007995812
2025-05-16 11:57:11+00:00,13461424,67730183891,51257387176739391740933,0,55908806839287913,1.3213741008190907
2025-05-16 11:57:20+00:00,13461433,67730170717,51257397176739391740933,0,55908806839287913,1.3213735860106441
2025-05-16 11:57:38+00:00,13461451,67730157543,51257407176739391740933,0,55908806839287913,1.3213730712023986
2025-05-16 11:57:43+00:00,13461456,67730157544,51257407175984873564566,0,55908806839287913,1.321373071241359
2025-05-16 11:57:53+00:00,13461466,67730144370,51257417175984873564566,0,55908806839287913,1.321372556433314
2025-05-16 11:58:25+00:00,13461498,67730144371,51257417175230355094260,0,55908806839287913,1.3213725564722745
2025-05-16 11:58:26+00:00,13461499,67730131197,51257427175230355094260,0,55908806839287913,1.3213720416644306
2025-05-16 11:58:36+00:00,13461509,67730131261,51257427224068384594308,0,55908806892117629,1.321372041654028
2025-05-16 11:58:40+00:00,13461513,67730131194,51257427173197577256478,0,55908806836630526,1.3213720416583057
2025-05-16 11:58:43+00:00,13461516,67730118020,51257437173197577256478,0,55908806836630526,1.3213715268506627
2025-05-16 11:58:45+00:00,13461518,67730118021,51257437173197577256477,0,55908806836630526,1.321371526870172
2025-05-16 11:59:00+00:00,13461533,67730104847,51257447173197577256477,0,55908806836630526,1.32137101206273
2025-05-16 11:59:13+00:00,13461546,67730104848,51257447172443057904317,0,55908806836630526,1.3213710121016902
2025-05-16 11:59:25+00:00,13461558,67730114848,51257454740340271037988,0,55908815091276958,1.3213710121016902
2025-05-16 11:59:48+00:00,13461581,67730114847,51257454741340271037988,0,55908815091276958,1.3213710120564017
2025-05-16 11:59:53+00:00,13461586,67730104848,51257447173443058349232,0,55908806836630526,1.321371012075911
2025-05-16 11:59:58+00:00,13461591,67730104849,51257447172688538997079,0,55908806836630526,1.3213710121148712
2025-05-16 12:00:01+00:00,13461594,67730104848,51257447171894650453546,0,55908806835764596,1.3213710121158275
2025-05-16 12:00:46+00:00,13461639,67730104849,51257447171140131101416,0,55908806835764596,1.321371012154788
2025-05-16 12:00:49+00:00,13461642,67730091675,51257457171140131101416,0,55908806835764596,1.3213704973475464
2025-05-16 12:01:10+00:00,13461663,67730101675,51257464739040292391155,0,55908815090412633,1.3213704973475464
2025-05-16 12:01:27+00:00,13461680,67730088501,51257474739040292391155,0,55908815090412633,1.321369982540582
2025-05-16 12:01:34+00:00,13461687,67730088502,51257474738285772451124,0,55908815090412633,1.3213699825795422
2025-05-16 12:01:37+00:00,13461690,67730075328,51257484738285772451124,0,55908815090412633,1.3213694677727787
2025-05-16 12:01:51+00:00,13461704,67730075329,51257484737531252217154,0,55908815090412633,1.321369467811739
2025-05-16 12:01:52+00:00,13461705,67730065330,51257477169628139157331,0,55908806835764596,1.3213694678311723
2025-05-16 12:02:01+00:00,13461714,67730065394,51257477218466168657379,0,55908806888594363,1.3213694678207724
2025-05-16 12:02:06+00:00,13461719,67730065327,51257477167595311699039,0,55908806833107260,1.3213694678250487
2025-05-16 12:02:09+00:00,13461722,67730052153,51257487167595311699039,0,55908806833107260,1.3213689530184098
2025-05-16 12:02:11+00:00,13461724,67730052154,51257487167595311699038,0,55908806833107260,1.3213689530379193
2025-05-16 12:02:19+00:00,13461732,67730152154,51257411715653588236849,0,55908806833107260,1.3213728490569838
2025-05-16 12:02:20+00:00,13461733,67730152155,51257411714899069933634,0,55908806833107260,1.321372849095944
2025-05-16 12:03:07+00:00,13461780,67730152156,51257411714144551630441,0,55908806833107260,1.3213728491349042
2025-05-16 12:03:08+00:00,13461781,67730162156,51257419282031243525879,0,55908815087747926,1.3213728491349042
2025-05-16 12:03:14+00:00,13461787,67730162155,51257419283031243525879,0,55908815087747926,1.3213728490896157
2025-05-16 12:03:19+00:00,13461792,67730162154,51257419284031243525879,0,55908815087747926,1.321372849044327
2025-05-16 12:03:24+00:00,13461797,67730162167,51257419294031243525879,0,55908815098478958,1.3213728490401575
2025-05-16 12:03:29+00:00,13461802,67730162166,51257419293237355531453,0,55908815097613028,1.3213728490411139
2025-05-16 12:03:44+00:00,13461817,67730152167,51257411725350663720051,0,55908806842972362,1.3213728490606231
2025-05-16 12:03:52+00:00,13461825,67730152168,51257411724596145416838,0,55908806842972362,1.3213728490995833
2025-05-16 12:03:53+00:00,13461826,67730138994,51257421724596145416838,0,55908806842972362,1.3213723342916277
2025-05-16 12:04:15+00:00,13461848,67730148994,51257429292485785970636,0,55908815097614634,1.3213723342916277
2025-05-16 12:04:29+00:00,13461862,67730158994,51257436860375426524434,0,55908823352256906,1.3213723342916277
2025-05-16 12:04:38+00:00,13461871,67730158995,51257436859620907927282,0,55908823352256906,1.3213723343305879
2025-05-16 12:04:38+00:00,13461871,67730145821,51257446859620907927282,0,55908823352256906,1.321371819522985
2025-05-16 12:04:56+00:00,13461889,67730155821,51257454427513496714287,0,55908831606900783,1.321371819522985
2025-05-16 12:05:17+00:00,13461910,67730155822,51257454426758977823197,0,55908831606900783,1.3213718195619453
2025-05-16 12:05:23+00:00,13461916,67730155823,51257454426004458932129,0,55908831606900783,1.3213718196009054
2025-05-16 12:05:32+00:00,13461925,67730155756,51257454375133647085250,0,55908831551413680,1.3213718196051831
2025-05-16 12:05:37+00:00,13461930,67730155757,51257454375133647085249,0,55908831551413680,1.3213718196246924
2025-05-16 12:06:04+00:00,13461957,67730165757,51257461943026235289746,0,55908839806057557,1.3213718196246924
2025-05-16 12:06:08+00:00,13461961,67730165758,51257461942271716398714,0,55908839806057557,1.3213718196636526
2025-05-16 12:06:21+00:00,13461974,67730125759,51257431670704307312353,0,55908806787485259,1.3213718196830861
2025-05-16 12:06:36+00:00,13461989,67730125758,51257431671704307312353,0,55908806787485259,1.3213718196377977
2025-05-16 12:06:41+00:00,13461994,67730125757,51257431672704307312353,0,55908806787485259,1.321371819592509
2025-05-16 12:06:46+00:00,13461999,67730125770,51257431682704307312353,0,55908806798216296,1.3213718195883397
2025-05-16 12:06:51+00:00,13462004,67730125769,51257431681910419008187,0,55908806797350366,1.321371819589296
2025-05-16 12:06:54+00:00,13462007,67730125770,51257431681155900117134,0,55908806797350366,1.3213718196282562
2025-05-16 12:07:10+00:00,13462023,67730112596,51257441681155900117134,0,55908806797350366,1.3213713048207019
2025-05-16 12:07:33+00:00,13462046,67730122596,51257449249051436759584,0,55908815051995848,1.3213713048207019
2025-05-16 12:07:39+00:00,13462052,67730122597,51257449248296917574592,0,55908815051995848,1.321371304859662
2025-05-16 12:07:59+00:00,13462072,67730132597,51257456816192453993905,0,55908823306641330,1.321371304859662
2025-05-16 12:08:10+00:00,13462083,67730112598,51257441680401381949209,0,55908806797350366,1.3213713048791713
2025-05-16 12:08:19+00:00,13462092,67730099424,51257451680401381949209,0,55908806797350366,1.321370790071818
2025-05-16 12:08:24+00:00,13462097,67730099425,51257451679646862470289,0,55908806797350366,1.321370790110778
2025-05-16 12:08:29+00:00,13462102,67730086251,51257461679646862470289,0,55908806797350366,1.3213702753036254
2025-05-16 12:08:37+00:00,13462110,67730086252,51257461678892342697430,0,55908806797350366,1.3213702753425856
2025-05-16 12:08:48+00:00,13462121,67730086316,51257461727730372197478,0,55908806850180117,1.3213702753321848
2025-05-16 12:08:56+00:00,13462129,67730086317,51257461727730372197477,0,55908806850180117,1.321370275351694
2025-05-16 12:09:00+00:00,13462133,67730096317,51257469295631804926780,0,55908815104828810,1.321370275351694
2025-05-16 12:09:08+00:00,13462141,67730096318,51257469294877285153948,0,55908815104828810,1.3213702753906542
2025-05-16 12:09:09+00:00,13462142,67730083144,51257479294877285153948,0,55908815104828810,1.3213697605837789
2025-05-16 12:09:18+00:00,13462151,67730069970,51257489294877285153948,0,55908815104828810,1.3213692457771045
2025-05-16 12:09:42+00:00,13462175,67730056796,51257499294877285153948,0,55908815104828810,1.3213687309706308
2025-05-16 12:09:53+00:00,13462186,67730056797,51257499294122764499254,0,55908815104828810,1.321368731009591
2025-05-16 12:09:57+00:00,13462190,67730043623,51257509294122764499254,0,55908815104828810,1.3213682162033182
2025-05-16 12:09:58+00:00,13462191,67730043622,51257509295122764499254,0,55908815104828810,1.3213682161580298
2025-05-16 12:10:03+00:00,13462196,67730043621,51257509296122764499254,0,55908815104828810,1.3213682161127416
2025-05-16 12:10:13+00:00,13462206,67730043620,51257509295328875110943,0,55908815103962880,1.321368216113698
2025-05-16 12:10:20+00:00,13462213,67730030446,51257519295328875110943,0,55908815103962880,1.321367701307626
2025-05-16 12:10:30+00:00,13462223,67730020447,51257511727420060180289,0,55908806849314187,1.3213677013269456
2025-05-16 12:10:40+00:00,13462233,67730020448,51257511726665538937653,0,55908806849314187,1.3213677013659058
2025-05-16 12:11:09+00:00,13462262,67730030448,51257519294581713718480,0,55908815103970907,1.3213677013659058
2025-05-16 12:11:25+00:00,13462278,67730030449,51257519293827192475866,0,55908815103970907,1.321367701404866
2025-05-16 12:11:36+00:00,13462289,67730040449,51257526861743367033555,0,55908823358627627,1.321367701404866
2025-05-16 12:11:40+00:00,13462293,67730027275,51257536861743367033555,0,55908823358627627,1.3213671865990708
2025-05-16 12:11:58+00:00,13462311,67730037275,51257529316529112049406,0,55908823358627627,1.3213675762003412
2025-05-16 12:11:59+00:00,13462312,67730037276,51257529315774590735320,0,55908823358627627,1.3213675762393013
2025-05-16 12:12:03+00:00,13462316,67730024102,51257539315774590735320,0,55908823358627627,1.3213670614335553
2025-05-16 12:12:04+00:00,13462317,67730024103,51257539315020069127295,0,55908823358627627,1.3213670614725155
2025-05-16 12:12:10+00:00,13462323,67730024167,51257539363858098627343,0,55908823411457442,1.3213670614621176
2025-05-16 12:12:12+00:00,13462325,67730024168,51257539363103577019334,0,55908823411457442,1.3213670615010777
2025-05-16 12:12:12+00:00,13462325,67730124168,51257463911053844154573,0,55908823411457442,1.321370957516175
2025-05-16 12:12:15+00:00,13462328,67730124101,51257463860183015437248,0,55908823355970339,1.3213709575204522
2025-05-16 12:12:20+00:00,13462333,67730124102,51257463860183015437247,0,55908823355970339,1.3213709575399615
2025-05-16 12:12:21+00:00,13462334,67730110928,51257473860183015437247,0,55908823355970339,1.3213704427328985
2025-05-16 12:12:56+00:00,13462369,67730110929,51257473859428495759992,0,55908823355970339,1.3213704427718587
2025-05-16 12:13:07+00:00,13462380,67730120929,51257481427328969621697,0,55908831610618469,1.3213704427718587
2025-05-16 12:13:16+00:00,13462389,67730107755,51257491427328969621697,0,55908831610618469,1.3213699279650724
2025-05-16 12:13:22+00:00,13462395,67730107754,51257491428328969621697,0,55908831610618469,1.3213699279197841
2025-05-16 12:13:30+00:00,13462403,67730094580,51257501428328969621697,0,55908831610618469,1.3213694131131988
2025-05-16 12:13:31+00:00,13462404,67730094593,51257501438328969621697,0,55908831621349515,1.3213694131090297
2025-05-16 12:13:36+00:00,13462409,67730094592,51257501437535080589619,0,55908831620483585,1.3213694131099862
2025-05-16 12:13:40+00:00,13462413,67730064592,51257478733809050509521,0,55908806856522015,1.3213694131101645
2025-05-16 12:13:42+00:00,13462415,67730064593,51257478733054530244338,0,55908806856522015,1.3213694131491247
2025-05-16 12:14:05+00:00,13462438,67730051419,51257488733054530244338,0,55908806856522015,1.3213688983425123
2025-05-16 12:14:25+00:00,13462458,67730051420,51257488732300009685215,0,55908806856522015,1.3213688983814724
2025-05-16 12:15:11+00:00,13462504,67730051421,51257488731545489126115,0,55908806856522015,1.3213688984204326
2025-05-16 12:15:16+00:00,13462509,67730038247,51257498731545489126115,0,55908806856522015,1.321368383614021
2025-05-16 12:15:22+00:00,13462515,67730048247,51257506299457756445093,0,55908815111176567,1.321368383614021
2025-05-16 12:15:23+00:00,13462516,67730048248,51257506298703235592053,0,55908815111176567,1.3213683836529813
2025-05-16 12:15:28+00:00,13462521,67730048249,51257506297948714739035,0,55908815111176567,1.3213683836919414
2025-05-16 12:15:34+00:00,13462527,67730048313,51257506346786744239083,0,55908815164006356,1.3213683836815424
2025-05-16 12:15:38+00:00,13462531,67730048246,51257506295915865901845,0,55908815108519253,1.3213683836858183
2025-05-16 12:15:42+00:00,13462535,67730058246,51257513863828132809617,0,55908823363173805,1.3213683836858183
2025-05-16 12:15:44+00:00,13462537,67730058247,51257513863828132809616,0,55908823363173805,1.3213683837053276
2025-05-16 12:15:56+00:00,13462549,67730058248,51257513863073611956628,0,55908823363173805,1.3213683837442878
2025-05-16 12:16:41+00:00,13462594,67730058249,51257513862319091103662,0,55908823363173805,1.321368383783248
2025-05-16 12:16:50+00:00,13462603,67730058248,51257513863319091103662,0,55908823363173805,1.3213683837379595
2025-05-16 12:16:55+00:00,13462608,67730068261,51257521441231357712804,0,55908831628559407,1.3213683837337906
2025-05-16 12:16:55+00:00,13462608,67730068248,51257521431231357712804,0,55908831628559407,1.3213683837379595
2025-05-16 12:17:00+00:00,13462613,67730068260,51257521440437468371019,0,55908831627693477,1.321368383734747
2025-05-16 12:17:01+00:00,13462614,67730055086,51257531440437468371019,0,55908831627693477,1.3213678689287645
2025-05-16 12:17:26+00:00,13462639,67730055087,51257531439682947224086,0,55908831627693477,1.3213678689677246
2025-05-16 12:17:26+00:00,13462639,67730041913,51257541439682947224086,0,55908831627693477,1.3213673541619428
2025-05-16 12:17:43+00:00,13462656,67730011914,51257518735937289275535,0,55908806863729821,1.3213673541812245
2025-05-16 12:17:59+00:00,13462672,67729998740,51257528735937289275535,0,55908806863729821,1.3213668393754157
2025-05-16 12:18:12+00:00,13462685,67729998741,51257528735182767540711,0,55908806863729821,1.3213668394143758
2025-05-16 12:18:46+00:00,13462719,67729998742,51257528734428245805909,0,55908806863729821,1.321366839453336
2025-05-16 12:18:51+00:00,13462724,67729998743,51257528733673724071129,0,55908806863729821,1.321366839492296
2025-05-16 12:18:56+00:00,13462729,67729998807,51257528782511753571177,0,55908806916559640,1.3213668394818985
2025-05-16 12:18:57+00:00,13462730,67729998808,51257528781757231836414,0,55908806916559640,1.3213668395208586
2025-05-16 12:19:02+00:00,13462735,67730008808,51257521236540994981085,0,55908806916559640,1.3213672291221903
2025-05-16 12:19:23+00:00,13462756,67729995634,51257531236540994981085,0,55908806916559640,1.321366714316431
2025-05-16 12:19:43+00:00,13462776,67729995635,51257531235786473174850,0,55908806916559640,1.321366714355391
2025-05-16 12:20:00+00:00,13462793,67729982461,51257541235786473174850,0,55908806916559640,1.3213661995498325
2025-05-16 12:20:05+00:00,13462798,67729969287,51257551235786473174850,0,55908806916559640,1.321365684744475
2025-05-16 12:20:07+00:00,13462800,67729969286,51257551236786473174850,0,55908806916559640,1.3213656846991866
2025-05-16 12:20:12+00:00,13462805,67729969285,51257551237786473174850,0,55908806916559640,1.3213656846538984
2025-05-16 12:20:17+00:00,13462810,67729969298,51257551247786473174850,0,55908806927290701,1.3213656846497301
2025-05-16 12:20:22+00:00,13462815,67729969297,51257551246992583020662,0,55908806926424771,1.3213656846506865
2025-05-16 12:20:29+00:00,13462822,67729969298,51257551246238060626471,0,55908806926424771,1.3213656846896464
2025-05-16 12:21:09+00:00,13462862,67729956124,51257561246238060626471,0,55908806926424771,1.32136516988449
2025-05-16 12:21:15+00:00,13462868,67729956125,51257561245483537938339,0,55908806926424771,1.32136516992345
2025-05-16 12:21:30+00:00,13462883,67729942951,51257571245483537938339,0,55908806926424771,1.321364655118494
2025-05-16 12:21:39+00:00,13462892,67729929777,51257581245483537938339,0,55908806926424771,1.3213641403137393
2025-05-16 12:21:50+00:00,13462903,67729916604,51257591245483537938339,0,55908806926424771,1.3213636255286945
2025-05-16 12:22:01+00:00,13462914,67729916605,51257591244729014368352,0,55908806926424771,1.3213636255676546
2025-05-16 12:22:06+00:00,13462919,67729903432,51257601244729014368352,0,55908806926424771,1.3213631107828108
2025-05-16 12:22:07+00:00,13462920,67729903433,51257601243974490504435,0,55908806926424771,1.3213631108217707
2025-05-16 12:22:12+00:00,13462925,67729903434,51257601243219966640541,0,55908806926424771,1.3213631108607309
2025-05-16 12:22:18+00:00,13462931,67729903498,51257601292057996140589,0,55908806979254665,1.3213631108503368
2025-05-16 12:22:23+00:00,13462936,67729903431,51257601241187016126999,0,55908806923767562,1.32136311085461
2025-05-16 12:22:24+00:00,13462937,67729890258,51257611241187016126999,0,55908806923767562,1.321362596069967
2025-05-16 12:22:33+00:00,13462946,67729990258,51257535788882299776941,0,55908806923767562,1.3213664920796009
2025-05-16 12:22:46+00:00,13462959,67729990259,51257535788127777843805,0,55908806923767562,1.321366492118561
2025-05-16 12:22:48+00:00,13462961,67729977085,51257545788127777843805,0,55908806923767562,1.3213659773130915
2025-05-16 12:23:20+00:00,13462993,67729963911,51257555788127777843805,0,55908806923767562,1.321365462507823
2025-05-16 12:23:29+00:00,13463002,67729963910,51257555789127777843805,0,55908806923767562,1.3213654624625346
2025-05-16 12:23:30+00:00,13463003,67729963911,51257555788373255322741,0,55908806923767562,1.3213654625014948
2025-05-16 12:23:38+00:00,13463011,67729963924,51257555798373255322741,0,55908806934498624,1.3213654624973266
2025-05-16 12:23:43+00:00,13463016,67729963923,51257555797579365098175,0,55908806933632694,1.321365462498283
2025-05-16 12:23:55+00:00,13463028,67729973923,51257563365508362646795,0,55908815188296316,1.321365462498283
2025-05-16 12:24:04+00:00,13463037,67729960749,51257573365508362646795,0,55908815188296316,1.3213649476932914
2025-05-16 12:24:15+00:00,13463048,67729960750,51257573364753839831788,0,55908815188296316,1.3213649477322513
2025-05-16 12:24:33+00:00,13463066,67729970750,51257580932685785629326,0,55908823442961543,1.3213649477322513
2025-05-16 12:25:00+00:00,13463093,67729970751,51257580931931262814342,0,55908823442961543,1.3213649477712115
2025-05-16 12:25:01+00:00,13463094,67729957577,51257590931931262814342,0,55908823442961543,1.3213644329664969
2025-05-16 12:25:12+00:00,13463105,67729937578,51257575796065891472733,0,55908806933632694,1.3213644329858922
2025-05-16 12:25:29+00:00,13463122,67729937579,51257575795311368363819,0,55908815188299527,1.3213644330248524
2025-05-16 12:25:29+00:00,13463122,67729947579,51257583363246262076762,0,55908815188299527,1.3213644330248524
2025-05-16 12:25:34+00:00,13463127,67729947580,51257583362491738967870,0,55908815188299527,1.3213644330638123
2025-05-16 12:25:39+00:00,13463132,67729947644,51257583411329768467918,0,55908815241129394,1.321364433053417
2025-05-16 12:25:44+00:00,13463137,67729947577,51257583360458813717598,0,55908815185642291,1.321364433057691
2025-05-16 12:25:46+00:00,13463139,67729947578,51257583359704290608725,0,55908806930975458,1.3213644330966512
2025-05-16 12:25:46+00:00,13463139,67729937578,51257575791769397083349,0,55908806930975458,1.3213644330966512
2025-05-16 12:25:49+00:00,13463142,67729937579,51257575791769397083348,0,55908806930975458,1.3213644331161605
2025-05-16 12:26:00+00:00,13463153,67729947579,51257583359704290273336,0,55908815185642290,1.3213644331161605
2025-05-16 12:26:30+00:00,13463183,67729947580,51257583358949767164497,0,55908815185642290,1.3213644331551206
2025-05-16 12:26:32+00:00,13463185,67729957580,51257590926884660131347,0,55908823440309122,1.3213644331551206
2025-05-16 12:26:49+00:00,13463202,67729957579,51257590927884660131347,0,55908823440309122,1.3213644331098324
2025-05-16 12:26:54+00:00,13463207,67729957578,51257590928884660131347,0,55908823440309122,1.3213644330645442
2025-05-16 12:26:55+00:00,13463208,67729937579,51257575793014874546432,0,55908806930975458,1.3213644330840535
2025-05-16 12:27:03+00:00,13463216,67729937578,51257575792220984012134,0,55908806930109528,1.3213644330850098
2025-05-16 12:27:04+00:00,13463217,67729924404,51257585792220984012134,0,55908806930109528,1.3213639182803438
2025-05-16 12:27:16+00:00,13463229,67729924405,51257585791466460609314,0,55908806930109528,1.321363918319304
2025-05-16 12:27:30+00:00,13463243,67729911232,51257595791466460609314,0,55908806930109528,1.321363403534348
2025-05-16 12:27:51+00:00,13463264,67729898059,51257605791466460609314,0,55908806930109528,1.3213628887495932
2025-05-16 12:28:00+00:00,13463273,67729884886,51257615791466460609314,0,55908806930109528,1.321362373965039
2025-05-16 12:28:01+00:00,13463274,67729884887,51257615790711936324660,0,55908806930109528,1.3213623740039993
2025-05-16 12:28:43+00:00,13463316,67729871714,51257625790711936324660,0,55908806930109528,1.3213618592196459
2025-05-16 12:28:47+00:00,13463320,67729871715,51257625789957411746076,0,55908806930109528,1.321361859258606
2025-05-16 12:28:52+00:00,13463325,67729871716,51257625789202887167514,0,55908806930109528,1.321361859297566
2025-05-16 12:28:53+00:00,13463326,67729858543,51257635789202887167514,0,55908806930109528,1.3213613445134138
2025-05-16 12:29:02+00:00,13463335,67729858476,51257635738331872872264,0,55908806874622425,1.3213613445176862
2025-05-16 12:29:07+00:00,13463340,67729858477,51257635738331872872263,0,55908806874622425,1.3213613445371954
2025-05-16 12:29:09+00:00,13463342,67729845304,51257645738331872872263,0,55908806874622425,1.3213608297532433
2025-05-16 12:29:18+00:00,13463351,67729832131,51257655738331872872263,0,55908806874622425,1.3213603149694921
2025-05-16 12:29:28+00:00,13463361,67729932131,51257580285896901238906,0,55908806874622425,1.3213642109757437
2025-05-16 12:29:33+00:00,13463366,67729932132,51257580285142378003220,0,55908806874622425,1.321364211014704
2025-05-16 12:29:38+00:00,13463371,67729918959,51257590285142378003220,0,55908806874622425,1.3213636962296358
2025-05-16 12:29:47+00:00,13463380,67729905786,51257600285142378003220,0,55908806874622425,1.3213631814447684
2025-05-16 12:30:09+00:00,13463402,67729905785,51257600286142378003220,0,55908806874622425,1.3213631813994802
2025-05-16 12:30:10+00:00,13463403,67729915785,51257607854084440236870,0,55908815129293124,1.3213631813994802
2025-05-16 12:30:18+00:00,13463411,67729915786,51257607853329916413277,0,55908815129293124,1.3213631814384403
2025-05-16 12:30:19+00:00,13463412,67729915799,51257607863329916413277,0,55908815140024195,1.3213631814342726
2025-05-16 12:30:24+00:00,13463417,67729915798,51257607862536025498832,0,55908815139158265,1.3213631814352287
2025-05-16 12:30:39+00:00,13463432,67729905799,51257600294593963579501,0,55908806884487566,1.3213631814547382
2025-05-16 12:30:54+00:00,13463447,67729915799,51257607862536025496669,0,55908815139158264,1.3213631814547382
2025-05-16 12:31:05+00:00,13463458,67729915800,51257607861781501673107,0,55908815139158264,1.3213631814936981
2025-05-16 12:31:24+00:00,13463477,67729902627,51257617861781501673107,0,55908815139158264,1.3213626667091078
2025-05-16 12:31:42+00:00,13463495,67729889454,51257627861781501673107,0,55908815139158264,1.3213621519247183
2025-05-16 12:31:50+00:00,13463503,67729889455,51257627861026977261664,0,55908815139158264,1.3213621519636782
2025-05-16 12:32:02+00:00,13463515,67729876282,51257637861026977261664,0,55908815139158264,1.3213616371794896
2025-05-16 12:32:09+00:00,13463522,67729876283,51257637860272452556291,0,55908815139158264,1.3213616372184498
2025-05-16 12:32:14+00:00,13463527,67729876284,51257637859517927850940,0,55908815139158264,1.3213616372574097
2025-05-16 12:32:20+00:00,13463533,67729876348,51257637908355957350988,0,55908815191988187,1.3213616372470172
2025-05-16 12:32:22+00:00,13463535,67729863175,51257647908355957350988,0,55908815191988187,1.3213611224630297
2025-05-16 12:32:25+00:00,13463538,67729863108,51257647857484938545420,0,55908815136501084,1.321361122467302
2025-05-16 12:32:30+00:00,13463543,67729863109,51257647857484938545419,0,55908815136501084,1.3213611224868114
2025-05-16 12:32:36+00:00,13463549,67729863110,51257647856730413546145,0,55908815136501084,1.3213611225257713
2025-05-16 12:33:04+00:00,13463577,67729849937,51257657856730413546145,0,55908815136501084,1.3213606077419844
2025-05-16 12:33:18+00:00,13463591,67729859937,51257665424687216109348,0,55908823391179809,1.3213606077419844
2025-05-16 12:33:32+00:00,13463605,67729859936,51257665425687216109348,0,55908823391179809,1.3213606076966964
2025-05-16 12:33:37+00:00,13463610,67729859935,51257665426687216109348,0,55908823391179809,1.3213606076514082
2025-05-16 12:33:42+00:00,13463615,67729859948,51257665436687216109348,0,55908823401910891,1.321360607647241
2025-05-16 12:33:46+00:00,13463619,67729859947,51257665435893324420509,0,55908823401044961,1.3213606076481972
2025-05-16 12:33:48+00:00,13463621,67729846774,51257675435893324420509,0,55908823401044961,1.3213600928646871
2025-05-16 12:33:57+00:00,13463630,67729833601,51257685435893324420509,0,55908823401044961,1.321359578081378
2025-05-16 12:34:07+00:00,13463640,67729833602,51257685435138798539346,0,55908823401044961,1.321359578120338
2025-05-16 12:34:16+00:00,13463649,67729843602,51257693003101498159090,0,55908831655726897,1.321359578120338
2025-05-16 12:34:25+00:00,13463658,67729830429,51257703003101498159090,0,55908831655726897,1.3213590633373058
2025-05-16 12:34:53+00:00,13463686,67729830430,51257703002346971983997,0,55908831655726897,1.3213590633762657
2025-05-16 12:34:54+00:00,13463687,67729817257,51257713002346971983997,0,55908831655726897,1.3213585485934343
2025-05-16 12:35:03+00:00,13463696,67729804084,51257723002346971983997,0,55908831655726897,1.3213580338108037
2025-05-16 12:35:15+00:00,13463708,67729904084,51257647549781741244158,0,55908831655726897,1.3213619298119428
2025-05-16 12:35:28+00:00,13463721,67729890911,51257657549781741244158,0,55908831655726897,1.321361415027995
2025-05-16 12:35:37+00:00,13463730,67729890912,51257657549027216411931,0,55908831655726897,1.3213614150669553
2025-05-16 12:35:37+00:00,13463730,67729877739,51257667549027216411931,0,55908831655726897,1.3213609002832085
2025-05-16 12:35:38+00:00,13463731,67729877740,51257667548272691285774,0,55908831655726897,1.3213609003221685
2025-05-16 12:35:47+00:00,13463740,67729877673,51257667497401667968666,0,55908831600239794,1.3213609003264406
2025-05-16 12:35:52+00:00,13463745,67729877674,51257667497401667968665,0,55908831600239794,1.3213609003459499
2025-05-16 12:36:11+00:00,13463764,67729864501,51257677497401667968665,0,55908831600239794,1.3213603855624034
2025-05-16 12:36:25+00:00,13463778,67729864502,51257677496647142548592,0,55908831600239794,1.3213603856013634
2025-05-16 12:36:34+00:00,13463787,67729851329,51257687496647142548592,0,55908831600239794,1.3213598708180179
2025-05-16 12:36:54+00:00,13463807,67729851328,51257687497647142548592,0,55908831600239794,1.3213598707727299
2025-05-16 12:36:58+00:00,13463811,67729838155,51257697497647142548592,0,55908831600239794,1.321359355989585
2025-05-16 12:36:59+00:00,13463812,67729838154,51257697498647142548592,0,55908831600239794,1.321359355944297
2025-05-16 12:37:08+00:00,13463821,67729838153,51257697497853250479583,0,55908831599373864,1.3213593559452534
2025-05-16 12:37:18+00:00,13463831,67729808154,51257674793976386753649,0,55908806835342505,1.3213593559643746
2025-05-16 12:37:48+00:00,13463861,67729794981,51257684793976386753649,0,55908806835342505,1.3213588411812027
2025-05-16 12:37:58+00:00,13463871,67729781808,51257694793976386753649,0,55908806835342505,1.3213583263982318
2025-05-16 12:37:58+00:00,13463871,67729781809,51257694793221860157747,0,55908806835342505,1.3213583264371918
2025-05-16 12:38:19+00:00,13463892,67729768636,51257704793221860157747,0,55908806835342505,1.3213578116544218
2025-05-16 12:38:28+00:00,13463901,67729755463,51257714793221860157747,0,55908806835342505,1.3213572968718525
2025-05-16 12:38:37+00:00,13463910,67729742290,51257724793221860157747,0,55908806835342505,1.321356782089484
2025-05-16 12:38:52+00:00,13463925,67729742291,51257724792467332680007,0,55908806835342505,1.321356782128444
2025-05-16 12:38:57+00:00,13463930,67729742292,51257724791712805202289,0,55908806835342505,1.321356782167404
2025-05-16 12:39:03+00:00,13463936,67729742356,51257724840550834702337,0,55908806888172524,1.321356782157016
2025-05-16 12:39:07+00:00,13463940,67729742289,51257724789679731989270,0,55908806832685421,1.3213567821612862
2025-05-16 12:39:12+00:00,13463945,67729742290,51257724789679731989269,0,55908806832685421,1.3213567821807954
2025-05-16 12:39:27+00:00,13463960,67729752290,51257732357658445123647,0,55908815087376040,1.3213567821807954
2025-05-16 12:39:30+00:00,13463963,67729752291,51257732356903917645959,0,55908815087376040,1.3213567822197554
2025-05-16 12:39:39+00:00,13463972,67729739118,51257742356903917645959,0,55908815087376040,1.3213562674376638
2025-05-16 12:39:49+00:00,13463982,67729729119,51257734788923728414734,0,55908806832685421,1.321356267457135
2025-05-16 12:40:04+00:00,13463997,67729829119,51257659336257634829465,0,55908806832685421,1.3213601634573782
2025-05-16 12:40:15+00:00,13464008,67729829120,51257659335503109282565,0,55908806832685421,1.3213601634963383
2025-05-16 12:40:17+00:00,13464010,67729829119,51257659336503109282565,0,55908806832685421,1.3213601634510503
2025-05-16 12:40:22+00:00,13464015,67729839119,51257666904462456477195,0,55908815098096541,1.3213601634510503
2025-05-16 12:40:22+00:00,13464015,67729839132,51257666914462456477195,0,55908815098096541,1.321360163446883
2025-05-16 12:40:27+00:00,13464020,67729839131,51257666913668564647555,0,55908815097230611,1.3213601634478394
2025-05-16 12:40:42+00:00,13464035,67729829132,51257659345709218194580,0,55908806842550575,1.3213601634673486
2025-05-16 12:41:01+00:00,13464054,67729829133,51257659344954692647686,0,55908806842550575,1.3213601635063086
2025-05-16 12:41:15+00:00,13464068,67729815960,51257669344954692647686,0,55908806842550575,1.321359648722824
2025-05-16 12:41:24+00:00,13464077,67729802787,51257679344954692647686,0,55908806842550575,1.3213591339395403
2025-05-16 12:41:47+00:00,13464100,67729802788,51257679344200166512908,0,55908806842550575,1.3213591339785005
2025-05-16 12:42:05+00:00,13464118,67729789615,51257689344200166512908,0,55908806842550575,1.3213586191954176
2025-05-16 12:42:14+00:00,13464127,67729789616,51257689343445640084200,0,55908806842550575,1.3213586192343776
2025-05-16 12:42:20+00:00,13464133,67729789680,51257689392283669584248,0,55908806895380558,1.321358619223988
2025-05-16 12:42:25+00:00,13464138,67729789613,51257689341412602058630,0,55908806839893455,1.321358619228259
2025-05-16 12:42:32+00:00,13464145,67729789614,51257689341412602058629,0,55908806839893455,1.3213586192477682
2025-05-16 12:42:32+00:00,13464145,67729789615,51257689340658075629950,0,55908806839893455,1.3213586192867282
2025-05-16 12:42:34+00:00,13464147,67729776442,51257699340658075629950,0,55908806839893455,1.321358104503846
2025-05-16 12:42:43+00:00,13464156,67729763269,51257709340658075629950,0,55908806839893455,1.321357589721165
2025-05-16 12:42:50+00:00,13464163,67729773269,51257716908632163636071,0,55908815094581518,1.321357589721165
2025-05-16 12:42:58+00:00,13464171,67729760096,51257726908632163636071,0,55908815094581518,1.3213570749387606
2025-05-16 12:43:01+00:00,13464174,67729746923,51257736908632163636071,0,55908815094581518,1.3213565601565573
2025-05-16 12:43:19+00:00,13464192,67729846924,51257661455228258489136,0,55908815094581518,1.3213604561955994
2025-05-16 12:43:19+00:00,13464192,67729746924,51257736907877636031602,0,55908815094581518,1.3213565601955173
2025-05-16 12:43:32+00:00,13464205,67729856923,51257653910975571392251,0,55908815094581518,1.3213608457506345
2025-05-16 12:43:32+00:00,13464205,67729846923,51257661456228258489136,0,55908815094581518,1.3213604561503112
2025-05-16 12:43:34+00:00,13464207,67729843750,51257663910975571392251,0,55908815094581518,1.3213603309669624
2025-05-16 12:43:41+00:00,13464214,67729843763,51257663920975571392251,0,55908815105312601,1.321360330962795
2025-05-16 12:43:44+00:00,13464217,67729833763,51257656353009308670700,0,55908806850624538,1.321360330962998
2025-05-16 12:43:46+00:00,13464219,67729833762,51257656352215416887527,0,55908806849758608,1.3213603309639543
2025-05-16 12:44:05+00:00,13464238,67729833763,51257656351460891436277,0,55908806849758608,1.3213603310029143
2025-05-16 12:44:07+00:00,13464240,67729843763,51257648806207489720961,0,55908806849758608,1.3213607206032765
2025-05-16 12:44:16+00:00,13464249,67729830590,51257658806207489720961,0,55908806849758608,1.3213602058195772
2025-05-16 12:44:24+00:00,13464257,67729840590,51257666374166594254060,0,55908815104438468,1.3213602058195772
2025-05-16 12:44:25+00:00,13464258,67729827417,51257676374166594254060,0,55908815104438468,1.3213596910361551
2025-05-16 12:44:43+00:00,13464276,67729814244,51257686374166594254060,0,55908815104438468,1.3213591762529338
2025-05-16 12:44:50+00:00,13464283,67729814245,51257686373412068143444,0,55908815104438468,1.3213591762918937
2025-05-16 12:44:53+00:00,13464286,67729801072,51257696373412068143444,0,55908815104438468,1.3213586615088733
2025-05-16 12:45:07+00:00,13464300,67729811072,51257703941380017572779,0,55908823359123144,1.3213586615088733
2025-05-16 12:45:09+00:00,13464302,67729821072,51257711509347967002114,0,55908831613807820,1.3213586615088733
2025-05-16 12:45:16+00:00,13464309,67729807899,51257721509347967002114,0,55908831613807820,1.3213581467262057
2025-05-16 12:45:32+00:00,13464325,67729807900,51257721508593440303615,0,55908831613807820,1.3213581467651656
2025-05-16 12:45:37+00:00,13464330,67729807901,51257721507838913605138,0,55908831613807820,1.3213581468041256
2025-05-16 12:45:42+00:00,13464335,67729807965,51257721556676943105186,0,55908831666637812,1.3213581467937365
2025-05-16 12:45:47+00:00,13464340,67729807898,51257721505805866196995,0,55908831611150709,1.3213581467980073
2025-05-16 12:45:52+00:00,13464345,67729807899,51257721505805866196994,0,55908831611150709,1.3213581468175164
2025-05-16 12:45:59+00:00,13464352,67729797900,51257713937836440839461,0,55908823356466033,1.3213581468369877
2025-05-16 12:46:13+00:00,13464366,67729784727,51257723937836440839461,0,55908823356466033,1.321357632054445
2025-05-16 12:46:21+00:00,13464374,67729784728,51257723937081913847072,0,55908823356466033,1.3213576320934048
2025-05-16 12:46:29+00:00,13464382,67729794728,51257731505055759169451,0,55908831611153919,1.3213576320934048
2025-05-16 12:46:43+00:00,13464396,67729774729,51257716369118371120862,0,55908815101789383,1.3213576321126486
2025-05-16 12:46:54+00:00,13464407,67729774728,51257716370118371120862,0,55908815101789383,1.3213576320673606
2025-05-16 12:46:59+00:00,13464412,67729774727,51257716371118371120862,0,55908815101789383,1.3213576320220728
2025-05-16 12:47:04+00:00,13464417,67729774740,51257716381118371120862,0,55908815112520477,1.321357632017906
2025-05-16 12:47:05+00:00,13464418,67729761567,51257726381118371120862,0,55908815112520477,1.321357117235488
2025-05-16 12:47:06+00:00,13464419,67729761568,51257726380363843834499,0,55908815112520477,1.321357117274448
2025-05-16 12:47:19+00:00,13464432,67729748395,51257736380363843834499,0,55908815112520477,1.3213566024922312
2025-05-16 12:47:28+00:00,13464441,67729735222,51257746380363843834499,0,55908815112520477,1.3213560877102148
2025-05-16 12:47:38+00:00,13464451,67729722049,51257756380363843834499,0,55908815112520477,1.3213555729283997
2025-05-16 12:47:42+00:00,13464455,67729732049,51257763948349482883883,0,55908823367214785,1.3213555729283997
2025-05-16 12:47:52+00:00,13464465,67729732050,51257763947594954715681,0,55908823367214785,1.3213555729673596
2025-05-16 12:47:56+00:00,13464469,67729718877,51257773947594954715681,0,55908823367214785,1.321355058185821
2025-05-16 12:48:16+00:00,13464489,67729728877,51257781515583541923788,0,55908831621910699,1.321355058185821
2025-05-16 12:48:37+00:00,13464510,67729728878,51257781514829013461655,0,55908831621910699,1.321355058224781
2025-05-16 12:48:56+00:00,13464529,67729728879,51257781514074484999544,0,55908831621910699,1.321355058263741
2025-05-16 12:48:57+00:00,13464530,67729715706,51257791514074484999544,0,55908831621910699,1.3213545434824794
2025-05-16 12:49:06+00:00,13464539,67729715770,51257791562912514499592,0,55908831674740763,1.3213545434720937
2025-05-16 12:49:11+00:00,13464544,67729715703,51257791512041368120606,0,55908831619253660,1.3213545434763627
2025-05-16 12:49:16+00:00,13464549,67729715704,51257791512041368120605,0,55908831619253660,1.321354543495872
2025-05-16 12:49:17+00:00,13464550,67729725704,51257799080032903188302,0,55908839873951179,1.321354543495872
2025-05-16 12:49:23+00:00,13464556,67729725705,51257799079278374432267,0,55908839873951179,1.3213545435348317
2025-05-16 12:49:45+00:00,13464578,67729712532,51257809079278374432267,0,55908839873951179,1.321354028753847
2025-05-16 12:50:07+00:00,13464600,67729712533,51257809078523845382301,0,55908839873951179,1.321354028792807
2025-05-16 12:50:09+00:00,13464602,67729722533,51257801533234456513967,0,55908839873951179,1.321354418392008
2025-05-16 12:50:20+00:00,13464613,67729722532,51257801534234456513967,0,55908839873951179,1.3213544183467203
2025-05-16 12:50:24+00:00,13464617,67729732532,51257809102226708367188,0,55908848128649084,1.3213544183467203
2025-05-16 12:50:25+00:00,13464618,67729732531,51257809103226708367188,0,55908848128649084,1.3213544183014325
2025-05-16 12:50:30+00:00,13464623,67729732544,51257809113226708367188,0,55908848139380191,1.3213544182972665
2025-05-16 12:50:35+00:00,13464628,67729732543,51257809112432814804317,0,55908848138514261,1.3213544182982226
2025-05-16 12:50:44+00:00,13464637,67729742543,51257816680425066935306,0,55908856393212166,1.3213544182982226
2025-05-16 12:50:52+00:00,13464645,67729742544,51257816679670538107780,0,55908856393212166,1.3213544183371826
2025-05-16 12:51:00+00:00,13464653,67729692545,51257778839723944363084,0,55908815119738634,1.3213544183563137
2025-05-16 12:51:14+00:00,13464667,67729702545,51257771294436780007558,0,55908815119738634,1.321354807955745
2025-05-16 12:51:26+00:00,13464679,67729712545,51257778862426800394968,0,55908823374435320,1.321354807955745
2025-05-16 12:51:38+00:00,13464691,67729712546,51257778861672271789947,0,55908823374435320,1.3213548079947048
2025-05-16 12:51:53+00:00,13464706,67729812546,51257703408922839274925,0,55908823374435320,1.321358703991598
2025-05-16 12:52:02+00:00,13464715,67729799373,51257713408922839274925,0,55908823374435320,1.3213581892088408
2025-05-16 12:52:11+00:00,13464724,67729786200,51257723408922839274925,0,55908823374435320,1.3213576744262843
2025-05-16 12:52:22+00:00,13464735,67729786201,51257723408168312306731,0,55908823374435320,1.3213576744652444
2025-05-16 12:52:23+00:00,13464736,67729786202,51257723407413785338559,0,55908823374435320,1.3213576745042044
2025-05-16 12:52:31+00:00,13464744,67729796202,51257730975387387756366,0,55908831629123029,1.3213576745042044
2025-05-16 12:52:33+00:00,13464746,67729796266,51257731024225417256414,0,55908831681953030,1.3213576744938156
2025-05-16 12:52:38+00:00,13464751,67729796199,51257730973354330966025,0,55908831626465927,1.3213576744980862
2025-05-16 12:52:43+00:00,13464756,67729796200,51257730973354330966024,0,55908831626465927,1.3213576745175954
2025-05-16 12:53:09+00:00,13464782,67729796201,51257730972599803997882,0,55908831626465927,1.3213576745565554
2025-05-16 12:53:09+00:00,13464782,67729783028,51257740972599803997882,0,55908831626465927,1.3213571597742757
2025-05-16 12:53:24+00:00,13464797,67729763028,51257725836641417498456,0,55908815117081532,1.321357159774412
2025-05-16 12:53:33+00:00,13464806,67729749855,51257735836641417498456,0,55908815117081532,1.3213566449921812
2025-05-16 12:53:38+00:00,13464811,67729759855,51257728291366967806948,0,55908815117081532,1.3213570345919392
2025-05-16 12:53:47+00:00,13464820,67729759854,51257728292366967806948,0,55908815117081532,1.3213570345466512
2025-05-16 12:53:48+00:00,13464821,67729769854,51257735860344235533784,0,55908823371771233,1.3213570345466512
2025-05-16 12:53:52+00:00,13464825,67729769855,51257735859589708200203,0,55908823371771233,1.3213570345856112
2025-05-16 12:53:52+00:00,13464825,67729769854,51257735860589708200203,0,55908823371771233,1.3213570345403232
2025-05-16 12:53:57+00:00,13464830,67729769867,51257735870589708200203,0,55908823382502329,1.3213570345361567
2025-05-16 12:54:02+00:00,13464835,67729769866,51257735869795815420190,0,55908823381636399,1.3213570345371128
2025-05-16 12:54:12+00:00,13464845,67729779866,51257743437773083201656,0,55908831636326100,1.3213570345371128
2025-05-16 12:54:23+00:00,13464856,67729766693,51257753437773083201656,0,55908831636326100,1.3213565197550834
2025-05-16 12:54:37+00:00,13464870,67729766694,51257753437018555574116,0,55908831636326100,1.3213565197940433
2025-05-16 12:54:49+00:00,13464882,67729756695,51257745869039812157857,0,55908823381636399,1.3213565198135147
2025-05-16 12:55:22+00:00,13464915,67729756696,51257745868285284530351,0,55908823381636399,1.3213565198524746
2025-05-16 12:55:53+00:00,13464946,67729756697,51257745867530756902867,0,55908823381636399,1.3213565198914345
2025-05-16 12:55:58+00:00,13464951,67729756698,51257745866776229275405,0,55908823381636399,1.3213565199303945
2025-05-16 12:56:02+00:00,13464955,67729736698,51257730730811221605363,0,55908806872248793,1.3213565199305124
2025-05-16 12:56:04+00:00,13464957,67729736762,51257730779649251105411,0,55908806925078817,1.3213565199201247
2025-05-16 12:56:09+00:00,13464962,67729723589,51257740779649251105411,0,55908806925078817,1.3213560051380686
2025-05-16 12:56:10+00:00,13464963,67729723522,51257740728778132607050,0,55908806869591714,1.3213560051423383
2025-05-16 12:56:15+00:00,13464968,67729723523,51257740728778132607049,0,55908806869591714,1.3213560051618476
2025-05-16 12:56:33+00:00,13464986,67729733523,51257733183500029324170,0,55908806869591714,1.3213563947615683
2025-05-16 12:56:38+00:00,13464991,67729720350,51257743183500029324170,0,55908806869591714,1.3213558799795604
2025-05-16 12:56:44+00:00,13464997,67729707177,51257753183500029324170,0,55908806869591714,1.3213553651977537
2025-05-16 12:56:53+00:00,13465006,67729707178,51257753182745501037349,0,55908806869591714,1.3213553652367136
2025-05-16 12:56:54+00:00,13465007,67729717178,51257760750732329628728,0,55908815124286618,1.3213553652367136
2025-05-16 12:56:56+00:00,13465009,67729727178,51257753205450572209278,0,55908815124286618,1.3213557548362822
2025-05-16 12:57:09+00:00,13465022,67729714005,51257763205450572209278,0,55908815124286618,1.3213552400546003
2025-05-16 12:57:20+00:00,13465033,67729714004,51257763206450572209278,0,55908815124286618,1.3213552400093125
2025-05-16 12:57:20+00:00,13465033,67729724004,51257755661168099708880,0,55908815124286618,1.3213556296088622
2025-05-16 12:57:25+00:00,13465038,67729724003,51257755662168099708880,0,55908815124286618,1.3213556295635744
2025-05-16 12:57:30+00:00,13465043,67729724016,51257755672168099708880,0,55908815135017720,1.321355629559408
2025-05-16 12:57:35+00:00,13465048,67729724015,51257755671374206505063,0,55908815134151790,1.3213556295603643
2025-05-16 12:57:38+00:00,13465051,67729724016,51257755670619678369200,0,55908815134151790,1.3213556295993243
2025-05-16 12:57:40+00:00,13465053,67729714016,51257748102633601227653,0,55908806879456886,1.321355629599344
2025-05-16 12:57:50+00:00,13465063,67729700843,51257758102633601227653,0,55908806879456886,1.3213551148176352
2025-05-16 12:58:12+00:00,13465085,67729687670,51257768102633601227653,0,55908806879456886,1.3213546000361276
2025-05-16 12:58:23+00:00,13465096,67729687671,51257768101879072503904,0,55908806879456886,1.3213546000750875
2025-05-16 12:58:38+00:00,13465111,67729697671,51257775669870283517010,0,55908815134154168,1.3213546000750875
2025-05-16 12:59:01+00:00,13465134,67729684498,51257785669870283517010,0,55908815134154168,1.3213540852938566
2025-05-16 12:59:08+00:00,13465141,67729684499,51257785669115754499330,0,55908815134154168,1.3213540853328165
2025-05-16 12:59:15+00:00,13465148,67729694499,51257793237109913673739,0,55908823388853056,1.3213540853328165
2025-05-16 12:59:24+00:00,13465157,67729694500,51257793236355384656081,0,55908823388853056,1.3213540853717765
2025-05-16 12:59:29+00:00,13465162,67729694501,51257793235600855638445,0,55908823388853056,1.3213540854107364
2025-05-16 12:59:35+00:00,13465168,67729684566,51257785716444726439495,0,55908815186984240,1.3213540854198602
2025-05-16 12:59:35+00:00,13465168,67729694565,51257793284438885138493,0,55908815186984240,1.3213540854003512
2025-05-16 12:59:39+00:00,13465172,67729684499,51257785665573570860752,0,55908815131497137,1.321354085424129
2025-05-16 12:59:44+00:00,13465177,67729684500,51257785665573570860751,0,55908815131497137,1.3213540854436383
2025-05-16 12:59:53+00:00,13465186,67729684501,51257785664819041843156,0,55908815131497137,1.3213540854825983
2025-05-16 12:59:55+00:00,13465188,67729674502,51257778096826355653136,0,55908806876799855,1.3213540855020696
2025-05-16 12:59:57+00:00,13465190,67729684502,51257785664820513858156,0,55908815131498742,1.3213540855020696
2025-05-16 13:00:06+00:00,13465199,67729671329,51257795664820513858156,0,55908815131498742,1.3213535707210393
2025-05-16 13:00:18+00:00,13465211,67729681329,51257803232817620448768,0,55908823386199235,1.3213535707210393
2025-05-16 13:00:20+00:00,13465213,67729691329,51257810800814727039380,0,55908831640899728,1.3213535707210393
2025-05-16 13:00:41+00:00,13465234,67729691330,51257810800060197727865,0,55908831640899728,1.3213535707599993
2025-05-16 13:00:50+00:00,13465243,67729691329,51257810801060197727865,0,55908831640899728,1.3213535707147115
2025-05-16 13:00:51+00:00,13465244,67729678156,51257820801060197727865,0,55908831640899728,1.3213530559340343
2025-05-16 13:01:00+00:00,13465253,67729678169,51257820811060197727865,0,55908831651630840,1.3213530559298685
2025-05-16 13:01:28+00:00,13465281,67729678170,51257820810305668122389,0,55908831651630840,1.3213530559688285
2025-05-16 13:01:29+00:00,13465282,67729688170,51257828378305722935829,0,55908839906332938,1.3213530559688285
2025-05-16 13:01:39+00:00,13465292,67729658171,51257805674309975056108,0,55908815142231460,1.3213530559882236
2025-05-16 13:01:48+00:00,13465301,67729644998,51257815674309975056108,0,55908815142231460,1.3213525412075955
2025-05-16 13:02:14+00:00,13465327,67729644999,51257815673555445156712,0,55908815142231460,1.3213525412465552
2025-05-16 13:02:15+00:00,13465328,67729654999,51257823241558448023808,0,55908823396935163,1.3213525412465552
2025-05-16 13:02:21+00:00,13465334,67729645000,51257815673558388745257,0,55908815142234670,1.3213525412659886
2025-05-16 13:02:41+00:00,13465354,67729635001,51257808105555386503456,0,55908806887530967,1.3213525412854978
2025-05-16 13:02:55+00:00,13465368,67729635002,51257808104800856604104,0,55908806887530967,1.3213525413244578
2025-05-16 13:02:59+00:00,13465372,67729635003,51257808104046326704774,0,55908806887530967,1.3213525413634177
2025-05-16 13:03:00+00:00,13465373,67729635004,51257808103291796805466,0,55908806887530967,1.3213525414023777
2025-05-16 13:03:06+00:00,13465379,67729635068,51257808152129826305514,0,55908806940361070,1.3213525413919938
2025-05-16 13:03:11+00:00,13465384,67729635001,51257808101258640956749,0,55908806884873967,1.3213525413962617
2025-05-16 13:03:15+00:00,13465388,67729621828,51257818101258640956749,0,55908806884873967,1.3213520266157581
2025-05-16 13:03:16+00:00,13465389,67729621829,51257818101258640956748,0,55908806884873967,1.3213520266352674
2025-05-16 13:03:24+00:00,13465397,67729608656,51257828101258640956748,0,55908806884873967,1.3213515118549648
2025-05-16 13:03:33+00:00,13465406,67729708656,51257752648320990107276,0,55908806884873967,1.3213554078481153
2025-05-16 13:03:44+00:00,13465417,67729708657,51257752647566461844809,0,55908806884873967,1.3213554078870753
2025-05-16 13:04:21+00:00,13465454,67729718656,51257760216553046158703,0,55908815139568693,1.3213554078417875
2025-05-16 13:04:21+00:00,13465454,67729718657,51257760215553046158703,0,55908815139568693,1.3213554078870753
2025-05-16 13:04:26+00:00,13465459,67729718655,51257760217553046158703,0,55908815139568693,1.3213554077964995
2025-05-16 13:04:31+00:00,13465464,67729718668,51257760227553046158703,0,55908815150299796,1.3213554077923333
2025-05-16 13:04:36+00:00,13465469,67729718667,51257760226759152884548,0,55908815149433866,1.3213554077932896
2025-05-16 13:04:44+00:00,13465477,67729728667,51257752681477638474149,0,55908815149433866,1.321355797392862
2025-05-16 13:05:13+00:00,13465506,67729715494,51257762681477638474149,0,55908815149433866,1.3213552826111667
2025-05-16 13:05:16+00:00,13465509,67729715495,51257762680723110140169,0,55908815149433866,1.3213552826501267
2025-05-16 13:05:41+00:00,13465534,67729705496,51257755112736163247964,0,55908806894739140,1.3213552826696269
2025-05-16 13:06:01+00:00,13465554,67729705497,51257755111981634914017,0,55908806894739140,1.3213552827085868
2025-05-16 13:06:22+00:00,13465575,67729705498,51257755111227106580092,0,55908806894739140,1.3213552827475468
2025-05-16 13:06:24+00:00,13465577,67729692325,51257765111227106580092,0,55908806894739140,1.321354767965976
2025-05-16 13:06:32+00:00,13465585,67729692389,51257765160065136080140,0,55908806947569198,1.3213547679555901
2025-05-16 13:06:37+00:00,13465590,67729692322,51257765109193993405721,0,55908806892082095,1.3213547679598592
2025-05-16 13:06:41+00:00,13465594,67729692323,51257765109193993405720,0,55908806892082095,1.3213547679793685
2025-05-16 13:06:47+00:00,13465600,67729692324,51257765108439464777871,0,55908806892082095,1.3213547680183284
2025-05-16 13:07:07+00:00,13465620,67729702324,51257772676429713904735,0,55908815146778812,1.3213547680183284
2025-05-16 13:07:19+00:00,13465632,67729689151,51257782676429713904735,0,55908815146778812,1.3213542532370348
2025-05-16 13:07:33+00:00,13465646,67729689152,51257782675675184982955,0,55908815146778812,1.3213542532759948
2025-05-16 13:07:44+00:00,13465657,67729699152,51257790243668382270733,0,55908823401477135,1.3213542532759948
2025-05-16 13:07:45+00:00,13465658,67729699151,51257790244668382270733,0,55908823401477135,1.3213542532307068
2025-05-16 13:07:49+00:00,13465662,67729699150,51257790245668382270733,0,55908823401477135,1.321354253185419
2025-05-16 13:07:54+00:00,13465667,67729699163,51257790255668382270733,0,55908823412208242,1.321354253181253
2025-05-16 13:08:04+00:00,13465677,67729685990,51257800255668382270733,0,55908823412208242,1.3213537384002363
2025-05-16 13:08:18+00:00,13465691,67729685991,51257800254913853054967,0,55908823412208242,1.3213537384391962
2025-05-16 13:08:38+00:00,13465711,67729695991,51257807822909999046999,0,55908831666908170,1.3213537384391962
2025-05-16 13:08:53+00:00,13465726,67729705991,51257815390906145039031,0,55908839921608098,1.3213537384391962
2025-05-16 13:09:03+00:00,13465736,67729705992,51257815390151615823287,0,55908839921608098,1.321353738478156
2025-05-16 13:09:04+00:00,13465737,67729665993,51257785118171450298005,0,55908806902813202,1.3213537384975513
2025-05-16 13:09:38+00:00,13465771,67729652820,51257795118171450298005,0,55908806902813202,1.3213532237165835
2025-05-16 13:09:43+00:00,13465776,67729652821,51257795117416920788340,0,55908806902813202,1.3213532237555434
2025-05-16 13:09:48+00:00,13465781,67729652822,51257795116662391278698,0,55908806902813202,1.3213532237945034
2025-05-16 13:09:48+00:00,13465781,67729652823,51257795115907861769078,0,55908806902813202,1.3213532238334633
2025-05-16 13:09:53+00:00,13465786,67729652887,51257795164745891269126,0,55908806955643291,1.3213532238230787
2025-05-16 13:09:58+00:00,13465791,67729652820,51257795113874718823690,0,55908806900156188,1.321353223827347
2025-05-16 13:09:59+00:00,13465792,67729639647,51257805113874718823690,0,55908806900156188,1.32135270904658
2025-05-16 13:10:14+00:00,13465807,67729649647,51257812681876760621814,0,55908815154859327,1.32135270904658
2025-05-16 13:10:24+00:00,13465817,67729636474,51257822681876760621814,0,55908815154859327,1.3213521942660897
2025-05-16 13:10:35+00:00,13465828,67729636475,51257822681122230524304,0,55908815154859327,1.3213521943050497
2025-05-16 13:10:57+00:00,13465850,67729623302,51257832681122230524304,0,55908815154859327,1.3213516795247602
2025-05-16 13:10:59+00:00,13465852,67729633302,51257840249130168877717,0,55908823409565676,1.3213516795247602
2025-05-16 13:11:04+00:00,13465857,67729633301,51257840250130168877717,0,55908823409565676,1.3213516794794724
2025-05-16 13:11:09+00:00,13465862,67729633300,51257840251130168877717,0,55908823409565676,1.3213516794341846
2025-05-16 13:11:14+00:00,13465867,67729633313,51257840261130168877717,0,55908823420296794,1.321351679430019
2025-05-16 13:11:14+00:00,13465867,67729620140,51257850261130168877717,0,55908823420296794,1.3213511646500067
2025-05-16 13:11:19+00:00,13465872,67729620139,51257850260336274326531,0,55908823419430864,1.321351164650963
2025-05-16 13:11:20+00:00,13465873,67729620140,51257850259581743641081,0,55908823419430864,1.3213511646899228
2025-05-16 13:11:51+00:00,13465904,67729606967,51257860259581743641081,0,55908823419430864,1.3213506499101113
2025-05-16 13:12:05+00:00,13465918,67729606968,51257860258827212661698,0,55908823419430864,1.321350649949071
2025-05-16 13:12:08+00:00,13465921,67729593795,51257870258827212661698,0,55908823419430864,1.3213501351694603
2025-05-16 13:12:23+00:00,13465936,67729603795,51257877826843996280917,0,55908831674142030,1.3213501351694603
2025-05-16 13:12:47+00:00,13465960,67729613795,51257885394860779900136,0,55908839928853196,1.3213501351694603
2025-05-16 13:12:49+00:00,13465962,67729623795,51257877849549157324021,0,55908839928853196,1.3213505247680815
2025-05-16 13:12:51+00:00,13465964,67729623796,51257877848794626273178,0,55908839928853196,1.3213505248070414
2025-05-16 13:13:03+00:00,13465976,67729623797,51257877848040095222358,0,55908839928853196,1.3213505248460011
2025-05-16 13:13:08+00:00,13465981,67729623798,51257877847285564171560,0,55908839928853196,1.321350524884961
2025-05-16 13:13:14+00:00,13465987,67729623862,51257877896123593671608,0,55908839981683339,1.3213505248745792
2025-05-16 13:13:19+00:00,13465992,67729623795,51257877845252369169089,0,55908839926196236,1.3213505248788462
2025-05-16 13:13:24+00:00,13465997,67729623796,51257877845252369169088,0,55908839926196236,1.3213505248983555
2025-05-16 13:13:26+00:00,13465999,67729633796,51257885413266920621472,0,55908848180906183,1.3213505248983555
2025-05-16 13:13:36+00:00,13466009,67729633797,51257885412512389570704,0,55908848180906183,1.3213505249373152
2025-05-16 13:13:47+00:00,13466020,67729643797,51257892980526940799946,0,55908856435616129,1.3213505249373152
2025-05-16 13:13:57+00:00,13466030,67729630624,51257902980526940799946,0,55908856435616129,1.3213500101580575
2025-05-16 13:14:11+00:00,13466044,67729640624,51257910548544440420518,0,55908864690327681,1.3213500101580575
2025-05-16 13:14:22+00:00,13466055,67729640625,51257910547789909075817,0,55908864690327681,1.3213500101970173
2025-05-16 13:14:27+00:00,13466060,67729640624,51257910548789909075817,0,55908864690327681,1.3213500101517297
2025-05-16 13:14:32+00:00,13466065,67729640623,51257910549789909075817,0,55908864690327681,1.3213500101064422
2025-05-16 13:14:42+00:00,13466075,67729640622,51257910548996014176892,0,55908864689461751,1.3213500101073983
2025-05-16 13:14:48+00:00,13466081,67729627449,51257920548996014176892,0,55908864689461751,1.3213494953284175
2025-05-16 13:15:07+00:00,13466100,67729627450,51257920548241482538208,0,55908864689461751,1.3213494953673772
2025-05-16 13:15:12+00:00,13466105,67729614277,51257930548241482538208,0,55908864689461751,1.3213489805885972
2025-05-16 13:15:38+00:00,13466131,67729624277,51257938116264879011017,0,55908872944176514,1.3213489805885972
2025-05-16 13:15:53+00:00,13466146,67729624278,51257938115510347078400,0,55908872944176514,1.3213489806275571
2025-05-16 13:15:55+00:00,13466148,67729554279,51257885139380019781455,0,55908815161209652,1.321348980646204
2025-05-16 13:16:29+00:00,13466182,67729554280,51257885138625487848871,0,55908815161209652,1.321348980685164
2025-05-16 13:16:34+00:00,13466187,67729554281,51257885137870955916309,0,55908815161209652,1.3213489807241239
2025-05-16 13:16:36+00:00,13466189,67729544282,51257877569850857956964,0,55908806906498486,1.321348980743548
2025-05-16 13:16:43+00:00,13466196,67729531109,51257887569850857956964,0,55908806906498486,1.3213484659644368
2025-05-16 13:16:44+00:00,13466197,67729531042,51257887518979593758691,0,55908806851011383,1.3213484659687027
2025-05-16 13:16:48+00:00,13466201,67729531043,51257887518979593758690,0,55908806851011383,1.321348465988212
2025-05-16 13:16:58+00:00,13466211,67729631043,51257812065868014962179,0,55908806851011383,1.3213523619768464
2025-05-16 13:17:18+00:00,13466231,67729641043,51257804520569108112589,0,55908806851011383,1.3213527515760248
2025-05-16 13:17:23+00:00,13466236,67729627870,51257814520569108112589,0,55908806851011383,1.3213522367954444
2025-05-16 13:17:25+00:00,13466238,67729627871,51257814519814578039364,0,55908806851011383,1.3213522368344044
2025-05-16 13:17:32+00:00,13466245,67729614698,51257824519814578039364,0,55908806851011383,1.3213517220540245
2025-05-16 13:17:48+00:00,13466261,67729601525,51257834519814578039364,0,55908806851011383,1.3213512072738458
2025-05-16 13:17:49+00:00,13466262,67729601524,51257834520814578039364,0,55908806851011383,1.321351207228558
2025-05-16 13:17:54+00:00,13466267,67729601523,51257834521814578039364,0,55908806851011383,1.3213512071832703
2025-05-16 13:17:59+00:00,13466272,67729601536,51257834531814578039364,0,55908806861742503,1.321351207179105
2025-05-16 13:18:09+00:00,13466282,67729611536,51257842099825221741400,0,55908815116450281,1.321351207179105
2025-05-16 13:18:11+00:00,13466284,67729611537,51257842099070691080235,0,55908815116450281,1.3213512072180646
2025-05-16 13:18:29+00:00,13466302,67729621537,51257849667081334559129,0,55908823371158059,1.3213512072180646
2025-05-16 13:18:53+00:00,13466326,67729601538,51257834531060047847983,0,55908806861742503,1.321351207237574
2025-05-16 13:19:14+00:00,13466347,67729588365,51257844531060047847983,0,55908806861742503,1.3213506924575962
2025-05-16 13:19:19+00:00,13466352,67729575192,51257854531060047847983,0,55908806861742503,1.3213501776778191
2025-05-16 13:19:28+00:00,13466361,67729585192,51257862099076588001103,0,55908815116453491,1.3213501776778191
2025-05-16 13:19:42+00:00,13466375,67729585193,51257862098322056752061,0,55908815116453491,1.321350177716779
2025-05-16 13:19:49+00:00,13466382,67729585194,51257862097567525503042,0,55908815116453491,1.3213501777557388
2025-05-16 13:19:54+00:00,13466387,67729585195,51257862096812994254045,0,55908815116453491,1.3213501777946988
2025-05-16 13:20:00+00:00,13466393,67729585259,51257862145651023754093,0,55908815169283641,1.321350177784317
2025-05-16 13:20:00+00:00,13466393,67729572086,51257872145651023754093,0,55908815169283641,1.3213496630048174
2025-05-16 13:20:05+00:00,13466398,67729572019,51257872094779782381961,0,55908815113796538,1.3213496630090842
2025-05-16 13:20:10+00:00,13466403,67729572020,51257872094779782381960,0,55908815113796538,1.3213496630285932
2025-05-16 13:20:15+00:00,13466408,67729582020,51257879662799270183203,0,55908823368509131,1.3213496630285932
2025-05-16 13:20:26+00:00,13466419,67729562021,51257864526761767849975,0,55908806859085550,1.3213496630480646
2025-05-16 13:20:28+00:00,13466421,67729562022,51257864526007236307064,0,55908806859085550,1.3213496630870243
2025-05-16 13:20:38+00:00,13466431,67729548849,51257874526007236307064,0,55908806859085550,1.321349148307649
2025-05-16 13:20:54+00:00,13466447,67729535676,51257884526007236307064,0,55908806859085550,1.3213486335284745
2025-05-16 13:21:11+00:00,13466464,67729535675,51257884527007236307064,0,55908806859085550,1.3213486334831868
2025-05-16 13:21:12+00:00,13466465,67729545675,51257876981687038636600,0,55908806859085550,1.3213490230818146
2025-05-16 13:21:14+00:00,13466467,67729545676,51257876980932506728248,0,55908806859085550,1.3213490231207745
2025-05-16 13:21:22+00:00,13466475,67729545689,51257876990932506728248,0,55908806869816678,1.3213490231166094
2025-05-16 13:21:27+00:00,13466480,67729545688,51257876990138611528050,0,55908806868950748,1.3213490231175657
2025-05-16 13:21:46+00:00,13466499,67729532515,51257886990138611528050,0,55908806868950748,1.3213485083384402
2025-05-16 13:21:59+00:00,13466512,67729532516,51257886989384079325763,0,55908806868950748,1.3213485083774001
2025-05-16 13:22:14+00:00,13466527,67729542516,51257894557410180388137,0,55908815123666939,1.3213485083774001
2025-05-16 13:22:29+00:00,13466542,67729552516,51257902125436281450511,0,55908823378383130,1.3213485083774001
2025-05-16 13:22:44+00:00,13466557,67729552517,51257902124681749248247,0,55908823378383130,1.32134850841636
2025-05-16 13:22:50+00:00,13466563,67729539344,51257912124681749248247,0,55908823378383130,1.3213479936375876
2025-05-16 13:23:06+00:00,13466579,67729526171,51257922124681749248247,0,55908823378383130,1.3213474788590158
2025-05-16 13:23:12+00:00,13466585,67729526172,51257922123927216458094,0,55908823378383130,1.3213474788979758
2025-05-16 13:23:17+00:00,13466590,67729526173,51257922123172683667964,0,55908823378383130,1.3213474789369355
2025-05-16 13:23:23+00:00,13466596,67729526237,51257922172010713168012,0,55908823431213334,1.3213474789265565
2025-05-16 13:23:25+00:00,13466598,67729513064,51257932172010713168012,0,55908823431213334,1.3213469641481863
2025-05-16 13:23:28+00:00,13466601,67729512997,51257932121139419739800,0,55908823375726231,1.3213469641524516
2025-05-16 13:23:30+00:00,13466603,67729512998,51257932120384886655733,0,55908823375726231,1.3213469641914113
2025-05-16 13:23:46+00:00,13466619,67729499825,51257942120384886655733,0,55908823375726231,1.3213464494132414
2025-05-16 13:24:02+00:00,13466635,67729486652,51257952120384886655733,0,55908823375726231,1.3213459346352723
2025-05-16 13:24:15+00:00,13466648,67729486653,51257952119630352983777,0,55908823375726231,1.321345934674232
2025-05-16 13:24:34+00:00,13466667,67729486652,51257952120630352983777,0,55908831630450449,1.3213459346289445
2025-05-16 13:24:34+00:00,13466667,67729496652,51257959688671195224051,0,55908831630450449,1.3213459346289445
2025-05-16 13:24:39+00:00,13466672,67729496651,51257959689671195224051,0,55908831630450449,1.321345934583657
2025-05-16 13:24:43+00:00,13466676,67729483478,51257969689671195224051,0,55908831630450449,1.3213454198059646
2025-05-16 13:24:48+00:00,13466681,67729483477,51257969688877298939708,0,55908831629584519,1.3213454198069208
2025-05-16 13:24:57+00:00,13466690,67729493477,51257977256921089836740,0,55908839884310342,1.3213454198069208
2025-05-16 13:25:01+00:00,13466694,67729493478,51257977256166555870799,0,55908839884310342,1.3213454198458807
2025-05-16 13:25:05+00:00,13466698,67729480305,51257987256166555870799,0,55908839884310342,1.3213449050684654
2025-05-16 13:25:29+00:00,13466722,67729467132,51257997256166555870799,0,55908839884310342,1.3213443902912507
2025-05-16 13:25:38+00:00,13466731,67729567132,51257921802822241474585,0,55908839884310342,1.3213482862715444
2025-05-16 13:25:47+00:00,13466740,67729567133,51257921802067709145491,0,55908839884310342,1.3213482863105042
2025-05-16 13:25:59+00:00,13466752,67729527133,51257891529944432540691,0,55908806865427919,1.3213482863108597
2025-05-16 13:26:08+00:00,13466761,67729513960,51257901529944432540691,0,55908806865427919,1.321347771532024
2025-05-16 13:26:32+00:00,13466785,67729513961,51257901529189899917664,0,55908806865427919,1.3213477715709838
2025-05-16 13:26:33+00:00,13466786,67729513962,51257901528435367294659,0,55908806865427919,1.3213477716099438
2025-05-16 13:26:43+00:00,13466796,67729514026,51257901577273396794707,0,55908806918258117,1.3213477715995643
2025-05-16 13:26:48+00:00,13466801,67729513959,51257901526402118705366,0,55908806862771014,1.32134777160383
2025-05-16 13:26:52+00:00,13466805,67729513960,51257901526402118705365,0,55908806862771014,1.3213477716233393
2025-05-16 13:26:57+00:00,13466810,67729500787,51257911526402118705365,0,55908806862771014,1.3213472568447044
2025-05-16 13:27:06+00:00,13466819,67729487614,51257921526402118705365,0,55908806862771014,1.3213467420662706
2025-05-16 13:27:17+00:00,13466830,67729487615,51257921525647585494479,0,55908806862771014,1.3213467421052305
2025-05-16 13:27:29+00:00,13466842,67729474442,51257931525647585494479,0,55908806862771014,1.3213462273269974
2025-05-16 13:27:47+00:00,13466860,67729461269,51257941525647585494479,0,55908806862771014,1.3213457125489652
2025-05-16 13:27:55+00:00,13466868,67729461268,51257941526647585494479,0,55908806862771014,1.3213457125036776
2025-05-16 13:28:03+00:00,13466876,67729461269,51257941525893051695678,0,55908806862771014,1.3213457125426376
2025-05-16 13:28:04+00:00,13466877,67729461282,51257941535893051695678,0,55908806873502156,1.321345712538473
2025-05-16 13:28:09+00:00,13466882,67729461281,51257941535099155495844,0,55908806872636226,1.3213457125394292
2025-05-16 13:28:22+00:00,13466895,67729471281,51257949103141269759409,0,55908815127361099,1.3213457125394292
2025-05-16 13:28:38+00:00,13466911,67729461282,51257941535099156243068,0,55908806872636226,1.3213457125589385
2025-05-16 13:28:48+00:00,13466921,67729461283,51257941534344622444299,0,55908806872636226,1.3213457125978982
2025-05-16 13:29:10+00:00,13466943,67729448110,51257951534344622444299,0,55908806872636226,1.321345197820067
2025-05-16 13:29:19+00:00,13466952,67729548110,51257876081046420745308,0,55908806872636226,1.321349093803836
2025-05-16 13:29:33+00:00,13466966,67729548111,51257876080291888877341,0,55908806872636226,1.3213490938427956
2025-05-16 13:29:52+00:00,13466985,67729548112,51257876079537357009396,0,55908806872636226,1.3213490938817556
2025-05-16 13:29:55+00:00,13466988,67729558112,51257883647560104595944,0,55908815127350517,1.3213490938817556
2025-05-16 13:29:57+00:00,13466990,67729558113,51257883646805572728021,0,55908815127350517,1.3213490939207155
2025-05-16 13:30:03+00:00,13466996,67729558177,51257883695643602228069,0,55908815180180688,1.321349093910335
2025-05-16 13:30:06+00:00,13466999,67729548177,51257876127620854737650,0,55908806925466397,1.321349093910335
2025-05-16 13:30:08+00:00,13467001,67729548110,51257876076749601912561,0,55908806869979294,1.3213490939146013
2025-05-16 13:30:14+00:00,13467007,67729548111,51257876076749601912560,0,55908806869979294,1.3213490939341104
2025-05-16 13:30:19+00:00,13467012,67729548112,51257876075995070044667,0,55908806869979294,1.3213490939730703
2025-05-16 13:30:39+00:00,13467032,67729534939,51257886075995070044667,0,55908806869979294,1.321348579193922
2025-05-16 13:31:05+00:00,13467058,67729534940,51257886075240537882841,0,55908806869979294,1.3213485792328818
2025-05-16 13:31:16+00:00,13467069,67729534939,51257886076240537882841,0,55908806869979294,1.321348579187594
2025-05-16 13:31:21+00:00,13467074,67729534938,51257886077240537882841,0,55908806869979294,1.3213485791423065
2025-05-16 13:31:26+00:00,13467079,67729534951,51257886087240537882841,0,55908806880710424,1.3213485791381416
2025-05-16 13:31:30+00:00,13467083,67729534950,51257886086446642541912,0,55908806879844494,1.3213485791390978
2025-05-16 13:31:35+00:00,13467088,67729521777,51257896086446642541912,0,55908806879844494,1.3213480643601505
2025-05-16 13:31:45+00:00,13467098,67729508604,51257906086446642541912,0,55908806879844494,1.321347549581404
2025-05-16 13:31:51+00:00,13467104,67729508605,51257906085692109792144,0,55908806879844494,1.3213475496203637
2025-05-16 13:32:36+00:00,13467149,67729508606,51257906084937577042398,0,55908806879844494,1.3213475496593237
2025-05-16 13:33:02+00:00,13467175,67729495433,51257916084937577042398,0,55908806879844494,1.3213470348807779
2025-05-16 13:33:16+00:00,13467189,67729495434,51257916084183043998719,0,55908806879844494,1.3213470349197378
2025-05-16 13:33:17+00:00,13467190,67729482261,51257926084183043998719,0,55908806879844494,1.321346520141393
2025-05-16 13:33:22+00:00,13467195,67729482262,51257926083428510661107,0,55908806879844494,1.3213465201803527
2025-05-16 13:33:26+00:00,13467199,67729469089,51257936083428510661107,0,55908806879844494,1.3213460054022088
2025-05-16 13:33:27+00:00,13467200,67729469153,51257936132266540161155,0,55908806932674727,1.3213460053918311
2025-05-16 13:33:32+00:00,13467205,67729469086,51257936081395227790576,0,55908806877187624,1.321346005396096
2025-05-16 13:33:37+00:00,13467210,67729469087,51257936081395227790575,0,55908806877187624,1.3213460054156052
2025-05-16 13:33:44+00:00,13467217,67729455914,51257946081395227790575,0,55908806877187624,1.321345490637662
2025-05-16 13:33:59+00:00,13467232,67729442741,51257956081395227790575,0,55908806877187624,1.3213449758599196
2025-05-16 13:34:07+00:00,13467240,67729442742,51257956080640693571125,0,55908806877187624,1.3213449758988796
2025-05-16 13:34:34+00:00,13467267,67729452742,51257963648687026965050,0,55908815131914757,1.3213449758988796
2025-05-16 13:34:41+00:00,13467274,67729452741,51257963649687026965050,0,55908815131914757,1.321344975853592
2025-05-16 13:34:46+00:00,13467279,67729452740,51257963650687026965050,0,55908815131914757,1.3213449758083045
2025-05-16 13:34:48+00:00,13467281,67729462740,51257971218733360877746,0,55908823386641891,1.3213449758083045
2025-05-16 13:34:50+00:00,13467283,67729462753,51257971228733360877746,0,55908823397373036,1.3213449758041402
2025-05-16 13:34:52+00:00,13467285,67729462754,51257971227978826658264,0,55908823397373036,1.3213449758431
2025-05-16 13:34:58+00:00,13467291,67729449581,51257981227978826658264,0,55908823397373036,1.3213444610657108
2025-05-16 13:35:08+00:00,13467301,67729436408,51257991227978826658264,0,55908823397373036,1.3213439462885224
2025-05-16 13:35:23+00:00,13467316,67729446408,51257998796031057183599,0,55908831652103381,1.3213439462885224
2025-05-16 13:35:38+00:00,13467331,67729446409,51257998795276522376227,0,55908831652103381,1.321343946327482
2025-05-16 13:35:43+00:00,13467336,67729546409,51257923341906856135559,0,55908831652103381,1.3213478423076588
2025-05-16 13:35:52+00:00,13467345,67729533236,51257933341906856135559,0,55908831652103381,1.3213473275292293
2025-05-16 13:36:23+00:00,13467376,67729543236,51257940909939720514127,0,55908839906823143,1.3213473275292293
2025-05-16 13:36:24+00:00,13467377,67729543237,51257940909185187637560,0,55908839906823143,1.321347327568189
2025-05-16 13:36:39+00:00,13467392,67729503237,51257910637030513900946,0,55908806887918769,1.3213473275687875
2025-05-16 13:36:44+00:00,13467397,67729503238,51257910636275981024402,0,55908806887918769,1.3213473276077474
2025-05-16 13:36:49+00:00,13467402,67729503239,51257910635521448147880,0,55908806887918769,1.3213473276467074
2025-05-16 13:36:55+00:00,13467408,67729503303,51257910684359477647928,0,55908806940748975,1.3213473276363283
2025-05-16 13:36:59+00:00,13467412,67729503236,51257910633488190540657,0,55908806885261872,1.3213473276405938
2025-05-16 13:37:04+00:00,13467417,67729503237,51257910633488190540656,0,55908806885261872,1.321347327660103
2025-05-16 13:37:09+00:00,13467422,67729503238,51257910632733657664164,0,55908806885261872,1.3213473276990628
2025-05-16 13:37:10+00:00,13467423,67729513238,51257918200766521070008,0,55908815139981634,1.3213473276990628
2025-05-16 13:37:40+00:00,13467453,67729500065,51257928200766521070008,0,55908815139981634,1.3213468129206822
2025-05-16 13:37:54+00:00,13467467,67729510065,51257935768802332876427,0,55908823394703001,1.3213468129206822
2025-05-16 13:37:56+00:00,13467469,67729510066,51257935768047799706002,0,55908823394703001,1.321346812959642
2025-05-16 13:38:06+00:00,13467479,67729510065,51257935769047799706002,0,55908823394703001,1.3213468129143544
2025-05-16 13:38:11+00:00,13467484,67729510064,51257935770047799706002,0,55908823394703001,1.3213468128690669
2025-05-16 13:38:15+00:00,13467488,67729496891,51257945770047799706002,0,55908823394703001,1.3213462980909632
2025-05-16 13:38:16+00:00,13467489,67729496904,51257945780047799706002,0,55908823405434140,1.3213462980867985
2025-05-16 13:38:20+00:00,13467493,67729496903,51257945779253903675184,0,55908823404568210,1.3213462980877548
2025-05-16 13:38:41+00:00,13467514,67729496904,51257945778499370210772,0,55908823404568210,1.3213462981267146
2025-05-16 13:39:15+00:00,13467548,67729506904,51257953346538130509337,0,55908831659291183,1.3213462981267146
2025-05-16 13:39:27+00:00,13467560,67729506905,51257953345783597044947,0,55908831659291183,1.3213462981656743
2025-05-16 13:39:39+00:00,13467572,67729493732,51257963345783597044947,0,55908831659291183,1.3213457833878475
2025-05-16 13:40:07+00:00,13467600,67729493733,51257963345029063286623,0,55908831659291183,1.3213457834268072
2025-05-16 13:40:12+00:00,13467605,67729493734,51257963344274529528322,0,55908831659291183,1.3213457834657671
2025-05-16 13:40:14+00:00,13467607,67729480561,51257973344274529528322,0,55908831659291183,1.321345268688141
2025-05-16 13:40:22+00:00,13467615,67729467388,51257983344274529528322,0,55908831659291183,1.321344753910716
2025-05-16 13:40:23+00:00,13467616,67729467321,51257983293403192800552,0,55908831603804080,1.32134475391498
2025-05-16 13:40:28+00:00,13467621,67729467322,51257983293403192800551,0,55908831603804080,1.3213447539344891
2025-05-16 13:40:37+00:00,13467630,67729454149,51257993293403192800551,0,55908831603804080,1.3213442391572643
2025-05-16 13:40:46+00:00,13467639,67729440976,51258003293403192800551,0,55908831603804080,1.3213437243802404
2025-05-16 13:40:58+00:00,13467651,67729440977,51258003292648657866462,0,55908831603804080,1.3213437244192001
2025-05-16 13:41:31+00:00,13467684,67729440976,51258003293648657866462,0,55908831603804080,1.3213437243739126
2025-05-16 13:41:35+00:00,13467688,67729440975,51258003294648657866462,0,55908831603804080,1.3213437243286252
2025-05-16 13:41:40+00:00,13467693,67729440988,51258003304648657866462,0,55908831614535230,1.3213437243244612
2025-05-16 13:41:59+00:00,13467712,67729427815,51258013304648657866462,0,55908831614535230,1.3213432095476383
2025-05-16 13:42:02+00:00,13467715,67729414642,51258023304648657866462,0,55908831614535230,1.321342694771016
2025-05-16 13:42:13+00:00,13467726,67729424642,51258030872708056516986,0,55908839869269441,1.321342694771016
2025-05-16 13:42:20+00:00,13467733,67729434642,51258038440767455167510,0,55908848124003652,1.321342694771016
2025-05-16 13:42:30+00:00,13467743,67729434643,51258038440012919645476,0,55908848124003652,1.3213426948099758
2025-05-16 13:42:32+00:00,13467745,67729444643,51258046008072318072856,0,55908856378737863,1.3213426948099758
2025-05-16 13:42:48+00:00,13467761,67729394644,51258008167810651765069,0,55908815105105339,1.3213426948285742
2025-05-16 13:42:58+00:00,13467771,67729381471,51258018167810651765069,0,55908815105105339,1.3213421800520009
2025-05-16 13:43:08+00:00,13467781,67729481471,51257942714340124976616,0,55908815105105339,1.3213460760307052
2025-05-16 13:43:16+00:00,13467789,67729481472,51257942713585591385401,0,55908815105105339,1.3213460760696651
2025-05-16 13:43:26+00:00,13467799,67729468299,51257952713585591385401,0,55908815105105339,1.3213455612917746
2025-05-16 13:43:34+00:00,13467807,67729468300,51257952712831057500253,0,55908815105105339,1.3213455613307346
2025-05-16 13:43:40+00:00,13467813,67729468364,51257952761669087000301,0,55908815157935580,1.3213455613203573
2025-05-16 13:43:49+00:00,13467822,67729468365,51257952761669087000300,0,55908815157935580,1.3213455613398666
2025-05-16 13:44:01+00:00,13467834,67729468366,51257952760914553115179,0,55908815157935580,1.3213455613788263
2025-05-16 13:44:31+00:00,13467864,67729455193,51257962760914553115179,0,55908815157935580,1.3213450466011374
2025-05-16 13:44:46+00:00,13467879,67729455194,51257962760160018936125,0,55908815157935580,1.321345046640097
2025-05-16 13:44:46+00:00,13467879,67729442021,51257972760160018936125,0,55908815157935580,1.321344531862609
2025-05-16 13:44:53+00:00,13467886,67729442020,51257972761160018936125,0,55908815157935580,1.3213445318173214
2025-05-16 13:44:57+00:00,13467890,67729442019,51257972762160018936125,0,55908815157935580,1.321344531772034
2025-05-16 13:45:02+00:00,13467895,67729442032,51257972772160018936125,0,55908815168666726,1.3213445317678698
2025-05-16 13:45:07+00:00,13467900,67729442031,51257972771366122370285,0,55908815167800796,1.321344531768826
2025-05-16 13:45:19+00:00,13467912,67729428858,51257982771366122370285,0,55908815167800796,1.3213440169915387
2025-05-16 13:45:32+00:00,13467925,67729428859,51257982770611587603287,0,55908815167800796,1.3213440170304986
2025-05-16 13:46:18+00:00,13467971,67729428860,51257982769857052836311,0,55908815167800796,1.3213440170694584
2025-05-16 13:46:37+00:00,13467990,67729415687,51257992769857052836311,0,55908815167800796,1.321343502292372
2025-05-16 13:46:53+00:00,13468006,67729415688,51257992769102517775401,0,55908815167800796,1.3213435023313318
2025-05-16 13:46:58+00:00,13468011,67729415689,51257992768347982714514,0,55908815167800796,1.3213435023702915
2025-05-16 13:47:04+00:00,13468017,67729415690,51257992767593447653649,0,55908815220631078,1.3213435024092512
2025-05-16 13:47:04+00:00,13468017,67729415754,51257992816431477153697,0,55908815220631078,1.3213435023988762
2025-05-16 13:47:09+00:00,13468022,67729415687,51257992765560116067708,0,55908815165143975,1.3213435024031397
2025-05-16 13:47:14+00:00,13468027,67729402515,51258002765560116067707,0,55908815165143975,1.3213429876457632
2025-05-16 13:47:14+00:00,13468027,67729415688,51257992765560116067707,0,55908815165143975,1.3213435024226488
2025-05-16 13:47:42+00:00,13468055,67729412515,51258010333617837263170,0,55908823419877235,1.3213429876457632
2025-05-16 13:47:49+00:00,13468062,67729412516,51258010332863301908378,0,55908823419877235,1.3213429876847231
2025-05-16 13:47:58+00:00,13468071,67729399343,51258020332863301908378,0,55908823419877235,1.3213424729081142
2025-05-16 13:48:09+00:00,13468082,67729389344,51258012764804104779739,0,55908815165143975,1.3213424729275856
2025-05-16 13:48:18+00:00,13468091,67729389343,51258012765804104779739,0,55908815165143975,1.321342472882298
2025-05-16 13:48:23+00:00,13468096,67729389342,51258012766804104779739,0,55908823419878840,1.3213424728370107
2025-05-16 13:48:23+00:00,13468096,67729399342,51258020334864774569101,0,55908823419878840,1.3213424728370107
2025-05-16 13:48:28+00:00,13468101,67729399355,51258020344864774569101,0,55908823430609995,1.321342472832847
2025-05-16 13:48:33+00:00,13468106,67729399354,51258020344070877383762,0,55908823429744065,1.321342472833803
2025-05-16 13:48:35+00:00,13468108,67729399355,51258020343316341734994,0,55908823429744065,1.321342472872763
2025-05-16 13:48:47+00:00,13468120,67729409355,51258027911377011319584,0,55908831684478930,1.321342472872763
2025-05-16 13:48:57+00:00,13468130,67729396182,51258037911377011319584,0,55908831684478930,1.3213419580964312
2025-05-16 13:49:00+00:00,13468133,67729386183,51258030343315465629242,0,55908823429744719,1.3213419581158867
2025-05-16 13:49:06+00:00,13468139,67729373010,51258040343315465629242,0,55908823429744719,1.32134144333968
2025-05-16 13:49:20+00:00,13468153,67729373011,51258040342560929392594,0,55908823429744719,1.3213414433786397
2025-05-16 13:49:26+00:00,13468159,67729383011,51258032797199673721709,0,55908823429744719,1.321341832976083
2025-05-16 13:49:38+00:00,13468171,67729369838,51258042797199673721709,0,55908823429744719,1.3213413181999252
2025-05-16 13:49:43+00:00,13468176,67729356665,51258052797199673721709,0,55908823429744719,1.3213408034239682
2025-05-16 13:49:54+00:00,13468187,67729353492,51258055251834763665206,0,55908823429744719,1.3213406782454091
2025-05-16 13:49:54+00:00,13468187,67729366665,51258045251834763665206,0,55908823429744719,1.321341193021317
2025-05-16 13:50:05+00:00,13468198,67729340319,51258065251834763665206,0,55908823429744719,1.321340163469702
2025-05-16 13:50:06+00:00,13468199,67729340320,51258065251080226697703,0,55908823429744719,1.3213401635086617
2025-05-16 13:50:21+00:00,13468214,67729340321,51258065250325689730222,0,55908823429744719,1.3213401635476214
2025-05-16 13:50:26+00:00,13468219,67729340322,51258065249571152762763,0,55908823429744719,1.3213401635865811
2025-05-16 13:50:31+00:00,13468224,67729340386,51258065298409182262811,0,55908823482575068,1.3213401635762092
2025-05-16 13:50:36+00:00,13468229,67729340319,51258065247537756759107,0,55908823427087965,1.3213401635804711
2025-05-16 13:50:41+00:00,13468234,67729350320,51258072815611652851905,0,55908831681830025,1.3213401635999802
2025-05-16 13:50:41+00:00,13468234,67729340320,51258065247537756759106,0,55908831681830025,1.3213401635999802
2025-05-16 13:50:53+00:00,13468246,67729350321,51258072814857115884476,0,55908831681830025,1.32134016363894
2025-05-16 13:51:00+00:00,13468253,67729320322,51258050110648622346988,0,55908806917618235,1.321340163658109
2025-05-16 13:51:09+00:00,13468262,67729307149,51258060110648622346988,0,55908806917618235,1.3213396488824507
2025-05-16 13:51:39+00:00,13468292,67729307150,51258060109894085085635,0,55908806917618235,1.3213396489214104
2025-05-16 13:51:43+00:00,13468296,67729307149,51258060110894085085635,0,55908806917618235,1.321339648876123
2025-05-16 13:51:52+00:00,13468305,67729307162,51258060120894085085635,0,55908806928349401,1.32133964887196
2025-05-16 13:51:57+00:00,13468310,67729307161,51258060120100187049904,0,55908806927483471,1.321339648872916
2025-05-16 13:52:03+00:00,13468316,67729317161,51258067688177031281331,0,55908815182227136,1.321339648872916
2025-05-16 13:52:24+00:00,13468337,67729317162,51258067687422494019973,0,55908815182227136,1.3213396489118758
2025-05-16 13:52:29+00:00,13468342,67729327162,51258075255499338028255,0,55908823436970801,1.3213396489118758
2025-05-16 13:52:44+00:00,13468357,67729313989,51258085255499338028255,0,55908823436970801,1.3213391341365703
2025-05-16 13:52:53+00:00,13468366,67729300816,51258095255499338028255,0,55908823436970801,1.3213386193614658
2025-05-16 13:53:10+00:00,13468383,67729300817,51258095254744800179004,0,55908823436970801,1.3213386194004255
2025-05-16 13:53:19+00:00,13468392,67729287644,51258105254744800179004,0,55908823436970801,1.321338104625522
2025-05-16 13:53:43+00:00,13468416,67729267646,51258090117827716877292,0,55908806927483471,1.3213381046837631
2025-05-16 13:53:43+00:00,13468416,67729287645,51258105253990262035818,0,55908806927483471,1.3213381046644816
2025-05-16 13:53:48+00:00,13468421,67729267647,51258090117073178734140,0,55908806927483471,1.3213381047227228
2025-05-16 13:53:53+00:00,13468426,67729267711,51258090165911208234188,0,55908806980313861,1.3213381047123527
2025-05-16 13:53:55+00:00,13468428,67729267712,51258090165156670091052,0,55908806980313861,1.3213381047513124
2025-05-16 13:53:57+00:00,13468430,67729277712,51258097733242358410839,0,55908815235062342,1.3213381047513124
2025-05-16 13:53:58+00:00,13468431,67729277645,51258097682370893212543,0,55908815179575239,1.3213381047555732
2025-05-16 13:54:03+00:00,13468436,67729277646,51258097682370893212542,0,55908815179575239,1.3213381047750825
2025-05-16 13:54:16+00:00,13468449,67729267647,51258090114285205410718,0,55908806924826758,1.3213381047945916
2025-05-16 13:54:32+00:00,13468465,67729254474,51258100114285205410718,0,55908806924826758,1.3213375900197366
2025-05-16 13:54:40+00:00,13468473,67729254475,51258100113530666973671,0,55908806924826758,1.3213375900586963
2025-05-16 13:54:47+00:00,13468480,67729241302,51258110113530666973671,0,55908806924826758,1.3213370752840423
2025-05-16 13:55:04+00:00,13468497,67729228129,51258120113530666973671,0,55908806924826758,1.321336560509589
2025-05-16 13:55:05+00:00,13468498,67729228128,51258120114530666973671,0,55908806924826758,1.321336560464302
2025-05-16 13:55:10+00:00,13468503,67729228127,51258120115530666973671,0,55908806924826758,1.3213365604190146
2025-05-16 13:55:15+00:00,13468508,67729228140,51258120125530666973671,0,55908806935557937,1.3213365604148521
2025-05-16 13:55:20+00:00,13468513,67729228139,51258120124736768008675,0,55908806934692007,1.3213365604158083
2025-05-16 13:55:24+00:00,13468517,67729238139,51258127692831301662632,0,55908815189445304,1.3213365604158083
2025-05-16 13:55:27+00:00,13468520,67729238140,51258127692076762637638,0,55908815189445304,1.321336560454768
2025-05-16 13:56:12+00:00,13468565,67729238141,51258127691322223612667,0,55908815189445304,1.3213365604937275
2025-05-16 13:56:22+00:00,13468575,67729248141,51258135259416756820332,0,55908823444198601,1.3213365604937275
2025-05-16 13:56:33+00:00,13468586,67729228142,51258120123227691670261,0,55908806934692007,1.3213365605132366
2025-05-16 13:56:43+00:00,13468596,67729214969,51258130123227691670261,0,55908806934692007,1.3213360457389844
2025-05-16 13:56:58+00:00,13468611,67729214970,51258130122473152351365,0,55908806934692007,1.3213360457779442
2025-05-16 13:57:08+00:00,13468621,67729214971,51258130121718613032491,0,55908806934692007,1.3213360458169037
2025-05-16 13:57:09+00:00,13468622,67729314971,51258054667897797634421,0,55908806934692007,1.3213399417870988
2025-05-16 13:57:19+00:00,13468632,67729301862,51258064716735827134469,0,55908806987522370,1.3213394270011583
2025-05-16 13:57:19+00:00,13468632,67729301798,51258064667897797634421,0,55908806987522370,1.3213394270115295
2025-05-16 13:57:24+00:00,13468637,67729301795,51258064665864387199202,0,55908806932035267,1.3213394270054197
2025-05-16 13:57:40+00:00,13468653,67729288622,51258074665864387199202,0,55908806932035267,1.3213389122300514
2025-05-16 13:57:56+00:00,13468669,67729275449,51258084665864387199202,0,55908806932035267,1.3213383974548838
2025-05-16 13:58:07+00:00,13468680,67729262276,51258094665864387199202,0,55908806932035267,1.3213378826799171
2025-05-16 13:58:16+00:00,13468689,67729362276,51258019212148464146973,0,55908806932035267,1.321341778652807
2025-05-16 13:58:29+00:00,13468702,67729362277,51258019211393928101801,0,55908806932035267,1.3213417786917667
2025-05-16 13:58:31+00:00,13468704,67729362276,51258019212393928101801,0,55908806932035267,1.3213417786464792
2025-05-16 13:58:36+00:00,13468709,67729362275,51258019213393928101801,0,55908806932035267,1.3213417786011918
2025-05-16 13:58:41+00:00,13468714,67729362288,51258019223393928101801,0,55908806942766425,1.3213417785970283
2025-05-16 13:58:51+00:00,13468724,67729349115,51258029223393928101801,0,55908806942766425,1.3213412638207447
2025-05-16 13:59:14+00:00,13468747,67729349116,51258029222639391762641,0,55908806942766425,1.3213412638597044
2025-05-16 13:59:57+00:00,13468790,67729335943,51258039222639391762641,0,55908806942766425,1.3213407490836218
2025-05-16 14:00:00+00:00,13468793,67729335944,51258039221884855129546,0,55908806942766425,1.3213407491225815
2025-05-16 14:00:21+00:00,13468814,67729322771,51258049221884855129546,0,55908806942766425,1.3213402343466996
2025-05-16 14:00:30+00:00,13468823,67729309598,51258059221884855129546,0,55908806942766425,1.3213397195710186
2025-05-16 14:00:33+00:00,13468826,67729309599,51258059221130317908559,0,55908806942766425,1.3213397196099783
2025-05-16 14:00:37+00:00,13468830,67729309600,51258059220375780687594,0,55908806942766425,1.321339719648938
2025-05-16 14:00:43+00:00,13468836,67729309664,51258059269213810187642,0,55908806995596782,1.3213397196385666
2025-05-16 14:00:49+00:00,13468842,67729309597,51258059218342375666155,0,55908806940109679,1.3213397196428283
2025-05-16 14:01:11+00:00,13468864,67729296424,51258069218342375666155,0,55908806940109679,1.321339204867348
2025-05-16 14:01:33+00:00,13468886,67729296425,51258069217587838151252,0,55908806940109679,1.3213392049063077
2025-05-16 14:01:56+00:00,13468909,67729296424,51258069218587838151252,0,55908806940109679,1.3213392048610204
2025-05-16 14:02:01+00:00,13468914,67729296423,51258069219587838151252,0,55908806940109679,1.321339204815733
2025-05-16 14:02:03+00:00,13468916,67729283250,51258079219587838151252,0,55908806940109679,1.3213386900404538
2025-05-16 14:02:06+00:00,13468919,67729283263,51258079229587838151252,0,55908806950840849,1.321338690036291
2025-05-16 14:02:11+00:00,13468924,67729283262,51258079228793939819880,0,55908806949974919,1.321338690037247
2025-05-16 14:02:18+00:00,13468931,67729283263,51258079228039402010988,0,55908806949974919,1.3213386900762065
2025-05-16 14:02:29+00:00,13468942,67729270090,51258089228039402010988,0,55908806949974919,1.3213381753011282
2025-05-16 14:03:04+00:00,13468977,67729270091,51258089227284863908161,0,55908806949974919,1.321338175340088
2025-05-16 14:03:27+00:00,13469000,67729280091,51258096795370147924257,0,55908815204723106,1.321338175340088
2025-05-16 14:03:43+00:00,13469016,67729270092,51258089227284864033152,0,55908806949974919,1.321338175359597
2025-05-16 14:03:50+00:00,13469023,67729270093,51258089226530325930358,0,55908806949974919,1.3213381753985567
2025-05-16 14:03:59+00:00,13469032,67729270094,51258089225775787827587,0,55908806949974919,1.3213381754375164
2025-05-16 14:04:04+00:00,13469037,67729256921,51258099225775787827587,0,55908806949974919,1.3213376606626388
2025-05-16 14:04:09+00:00,13469042,67729256985,51258099274613817327635,0,55908807002805317,1.3213376606522693
2025-05-16 14:04:15+00:00,13469048,67729256918,51258099223742343109056,0,55908806947318214,1.32133766065653
2025-05-16 14:04:36+00:00,13469069,67729256919,51258099222987804712346,0,55908806947318214,1.3213376606954896
2025-05-16 14:04:40+00:00,13469073,67729243746,51258109222987804712346,0,55908806947318214,1.3213371459208128
2025-05-16 14:05:07+00:00,13469100,67729253746,51258116791078984826112,0,55908815202069611,1.3213371459208128
2025-05-16 14:05:21+00:00,13469114,67729253747,51258116790324446135466,0,55908815202069611,1.3213371459597725
2025-05-16 14:05:24+00:00,13469117,67729253746,51258116791324446135466,0,55908806947318214,1.3213371459144854
2025-05-16 14:05:24+00:00,13469117,67729243747,51258109223233266569357,0,55908806947318214,1.3213371459339944
2025-05-16 14:05:29+00:00,13469122,67729243746,51258109224233266569357,0,55908806947318214,1.321337145888707
2025-05-16 14:05:34+00:00,13469127,67729243759,51258109234233266569357,0,55908806958049390,1.3213371458845444
2025-05-16 14:05:39+00:00,13469132,67729243758,51258109233439367773368,0,55908806957183460,1.3213371458855006
2025-05-16 14:05:54+00:00,13469147,67729253758,51258116801530548089388,0,55908815211934857,1.3213371458855006
2025-05-16 14:06:03+00:00,13469156,67729240585,51258126801530548089388,0,55908815211934857,1.3213366311111008
2025-05-16 14:06:13+00:00,13469166,67729230586,51258119233437891884910,0,55908806957183460,1.3213366311305719
2025-05-16 14:06:51+00:00,13469204,67729230587,51258119232683352900297,0,55908806957183460,1.3213366311695316
2025-05-16 14:07:10+00:00,13469223,67729240587,51258126800777481304861,0,55908815211936462,1.3213366311695316
2025-05-16 14:07:31+00:00,13469244,67729240588,51258126800022942320271,0,55908815211936462,1.3213366312084913
2025-05-16 14:07:36+00:00,13469249,67729240589,51258126799268403335703,0,55908806957183460,1.321336631247451
2025-05-16 14:07:36+00:00,13469249,67729240590,51258126798513864351157,0,55908806957183460,1.3213366312864108
2025-05-16 14:07:36+00:00,13469249,67729230591,51258119230419737101745,0,55908806957183460,1.3213366313059198
2025-05-16 14:07:42+00:00,13469255,67729230655,51258119279257766601793,0,55908807010013879,1.321336631295551
2025-05-16 14:07:46+00:00,13469259,67729230588,51258119228386272536019,0,55908806954526776,1.3213366312998114
2025-05-16 14:07:51+00:00,13469264,67729230589,51258119228386272536018,0,55908806954526776,1.3213366313193204
2025-05-16 14:08:07+00:00,13469280,67729217416,51258129228386272536018,0,55908806954526776,1.3213361165450455
2025-05-16 14:08:22+00:00,13469295,67729217417,51258129227631733257555,0,55908806954526776,1.321336116584005
2025-05-16 14:08:40+00:00,13469313,67729227417,51258136795728809005837,0,55908815209281383,1.321336116584005
2025-05-16 14:08:49+00:00,13469322,67729214244,51258146795728809005837,0,55908815209281383,1.3213356018100069
2025-05-16 14:08:58+00:00,13469331,67729214243,51258146796728809005837,0,55908815209281383,1.3213356017647198
2025-05-16 14:09:03+00:00,13469336,67729214256,51258146806728809005837,0,55908815220012566,1.3213356017605573
2025-05-16 14:09:22+00:00,13469355,67729201083,51258156806728809005837,0,55908815220012566,1.3213350869867602
2025-05-16 14:09:32+00:00,13469365,67729187910,51258166806728809005837,0,55908815220012566,1.3213345722131637
2025-05-16 14:09:42+00:00,13469375,67729174737,51258176806728809005837,0,55908815220012566,1.3213340574397683
2025-05-16 14:09:53+00:00,13469386,67729161565,51258186805974268257577,0,55908815220012566,1.3213335427055333
2025-05-16 14:09:53+00:00,13469386,67729161564,51258186806728809005837,0,55908815220012566,1.3213335426665735
2025-05-16 14:10:03+00:00,13469396,67729151566,51258179237869810704603,0,55908806965257959,1.3213335427248525
2025-05-16 14:10:23+00:00,13469416,67729251566,51258103783906058102854,0,55908806965257959,1.3213374386913144
2025-05-16 14:10:34+00:00,13469427,67729238393,51258113783906058102854,0,55908806965257959,1.3213369239167267
2025-05-16 14:10:43+00:00,13469436,67729225220,51258123783906058102854,0,55908806965257959,1.3213364091423399
2025-05-16 14:10:55+00:00,13469448,67729225221,51258123783151518991477,0,55908806965257959,1.3213364091812996
2025-05-16 14:11:00+00:00,13469453,67729225222,51258123782396979880122,0,55908806965257959,1.3213364092202593
2025-05-16 14:11:02+00:00,13469455,67729235222,51258131350492379522634,0,55908815220011616,1.3213364092202593
2025-05-16 14:11:11+00:00,13469464,67729235155,51258131299620880946963,0,55908815164524513,1.3213364092245194
2025-05-16 14:11:16+00:00,13469469,67729235156,51258131299620880946962,0,55908815164524513,1.3213364092440285
2025-05-16 14:11:23+00:00,13469476,67729235157,51258131298866341835643,0,55908815164524513,1.321336409282988
2025-05-16 14:11:35+00:00,13469488,67729221984,51258141298866341835643,0,55908815164524513,1.3213358945088776
2025-05-16 14:11:43+00:00,13469496,67729208811,51258151298866341835643,0,55908815164524513,1.321335379734968
2025-05-16 14:12:09+00:00,13469522,67729208812,51258151298111802136430,0,55908815164524513,1.3213353797739276
2025-05-16 14:12:19+00:00,13469532,67729208811,51258151299111802136430,0,55908815164524513,1.3213353797286405
2025-05-16 14:12:24+00:00,13469537,67729208810,51258151300111802136430,0,55908815164524513,1.3213353796833534
2025-05-16 14:12:28+00:00,13469541,67729208823,51258151310111802136430,0,55908815175255696,1.321335379679191
2025-05-16 14:12:33+00:00,13469546,67729208822,51258151309317902805443,0,55908815174389766,1.321335379680147
2025-05-16 14:12:44+00:00,13469557,67729195649,51258161309317902805443,0,55908815174389766,1.3213348649064385
2025-05-16 14:12:53+00:00,13469566,67729182476,51258171309317902805443,0,55908815174389766,1.3213343501329307
2025-05-16 14:12:53+00:00,13469566,67729182477,51258171308563362518282,0,55908815174389766,1.3213343501718902
2025-05-16 14:13:20+00:00,13469593,67729169304,51258181308563362518282,0,55908815174389766,1.3213338353985833
2025-05-16 14:13:29+00:00,13469602,67729156131,51258191308563362518282,0,55908815174389766,1.3213333206254771
2025-05-16 14:13:39+00:00,13469612,67729146133,51258183739704564210110,0,55908806919636109,1.3213333206837181
2025-05-16 14:13:39+00:00,13469612,67729156132,51258191307808821643227,0,55908806919636109,1.3213333206644369
2025-05-16 14:13:48+00:00,13469621,67729132960,51258193739704564210110,0,55908806919636109,1.321332805910737
2025-05-16 14:14:03+00:00,13469636,67729119787,51258203739704564210110,0,55908806919636109,1.3213322911379564
2025-05-16 14:14:15+00:00,13469648,67729106614,51258213739704564210110,0,55908806919636109,1.321331776365377
2025-05-16 14:14:21+00:00,13469654,67729106615,51258213738950022453211,0,55908806919636109,1.3213317764043364
2025-05-16 14:14:26+00:00,13469659,67729106616,51258213738195480696335,0,55908806919636109,1.3213317764432961
2025-05-16 14:14:32+00:00,13469665,67729106680,51258213787033510196383,0,55908806972466624,1.3213317764329322
2025-05-16 14:14:37+00:00,13469670,67729106613,51258213736161922301514,0,55908806916979521,1.32133177643719
2025-05-16 14:14:38+00:00,13469671,67729093440,51258223736161922301514,0,55908806916979521,1.3213312616648112
2025-05-16 14:14:45+00:00,13469678,67729103440,51258216190742524736004,0,55908806916979521,1.3213316512608606
2025-05-16 14:15:02+00:00,13469695,67729090267,51258226190742524736004,0,55908806916979521,1.321331136488531
2025-05-16 14:15:09+00:00,13469702,67729190267,51258150736641365294779,0,55908806916979521,1.321335032451424
2025-05-16 14:15:10+00:00,13469703,67729190268,51258150735886825397252,0,55908806916979521,1.3213350324903836
2025-05-16 14:15:25+00:00,13469718,67729177095,51258160735886825397252,0,55908806916979521,1.321334517716737
2025-05-16 14:15:30+00:00,13469723,67729163922,51258170735886825397252,0,55908806916979521,1.3213340029432912
2025-05-16 14:15:36+00:00,13469729,67729150749,51258180735886825397252,0,55908806916979521,1.321333488170046
2025-05-16 14:15:47+00:00,13469740,67729150748,51258180736886825397252,0,55908806916979521,1.321333488124759
2025-05-16 14:15:52+00:00,13469745,67729150747,51258180737886825397252,0,55908806916979521,1.321333488079472
2025-05-16 14:15:55+00:00,13469748,67729150748,51258180737132284617820,0,55908806916979521,1.3213334881184315
2025-05-16 14:16:01+00:00,13469754,67729150747,51258180736338384713793,0,55908806916113591,1.3213334881193877
2025-05-16 14:16:16+00:00,13469769,67729160747,51258188304450515310501,0,55908815170876318,1.3213334881193877
2025-05-16 14:16:26+00:00,13469779,67729150748,51258180736338385301767,0,55908806916113591,1.3213334881388967
2025-05-16 14:16:34+00:00,13469787,67729160748,51258188304450515786735,0,55908815170876318,1.3213334881388967
2025-05-16 14:16:35+00:00,13469788,67729147575,51258198304450515786735,0,55908815170876318,1.3213329733659287
2025-05-16 14:16:40+00:00,13469793,67729147576,51258198303695974713379,0,55908815170876318,1.3213329734048882
2025-05-16 14:17:14+00:00,13469827,67729137577,51258190735582368347142,0,55908806916113591,1.3213329734243593
2025-05-16 14:17:18+00:00,13469831,67729124404,51258200735582368347142,0,55908806916113591,1.321332458651516
2025-05-16 14:17:24+00:00,13469837,67729124405,51258200734827826979860,0,55908806916113591,1.3213324586904758
2025-05-16 14:17:25+00:00,13469838,67729134405,51258193189415264983959,0,55908806916113591,1.3213328482867
2025-05-16 14:17:48+00:00,13469861,67729144405,51258185644004927759835,0,55908806916113591,1.3213332378829816
2025-05-16 14:17:49+00:00,13469862,67729144406,51258185643250386837530,0,55908806916113591,1.3213332379219414
2025-05-16 14:17:50+00:00,13469863,67729131233,51258195643250386837530,0,55908806916113591,1.3213327231489953
2025-05-16 14:17:59+00:00,13469872,67729131297,51258195692088416337578,0,55908806968944087,1.3213327231386305
2025-05-16 14:18:00+00:00,13469873,67729231297,51258120238077861757723,0,55908806968944087,1.3213366191038416
2025-05-16 14:18:04+00:00,13469877,67729241297,51258127806172059269793,0,55908815223697005,1.3213366191038416
2025-05-16 14:18:09+00:00,13469882,67729241299,51258127805417520278312,0,55908815223697005,1.3213366191623104
2025-05-16 14:18:09+00:00,13469882,67729241298,51258127805417520278313,0,55908815223697005,1.3213366191428013
2025-05-16 14:18:22+00:00,13469895,67729228126,51258137805417520278312,0,55908815223697005,1.3213361043881238
2025-05-16 14:18:31+00:00,13469904,67729214953,51258147805417520278312,0,55908815223697005,1.321335589614138
2025-05-16 14:18:40+00:00,13469913,67729224953,51258155373517614305326,0,55908823478453133,1.321335589614138
2025-05-16 14:18:56+00:00,13469929,67729224954,51258155372763074725963,0,55908823478453133,1.3213355896530978
2025-05-16 14:19:01+00:00,13469934,67729211781,51258165372763074725963,0,55908823478453133,1.321335074879389
2025-05-16 14:19:12+00:00,13469945,67729211780,51258165373763074725963,0,55908823478453133,1.3213350748341017
2025-05-16 14:19:18+00:00,13469951,67729211779,51258165374763074725963,0,55908823478453133,1.3213350747888146
2025-05-16 14:19:23+00:00,13469956,67729211792,51258165384763074725963,0,55908823489184318,1.3213350747846524
2025-05-16 14:19:28+00:00,13469961,67729211791,51258165383969175295041,0,55908823488318388,1.3213350747856085
2025-05-16 14:19:36+00:00,13469969,67729221791,51258172952072218062248,0,55908831743076122,1.3213350747856085
2025-05-16 14:19:41+00:00,13469974,67729221792,51258172951317678188896,0,55908831743076122,1.3213350748245682
2025-05-16 14:19:46+00:00,13469979,67729208619,51258182951317678188896,0,55908831743076122,1.3213345600511364
2025-05-16 14:20:28+00:00,13470021,67729195447,51258192950563137727650,0,55908831743076122,1.321334045316865
2025-05-16 14:20:28+00:00,13470021,67729195446,51258192951317678188896,0,55908831743076122,1.3213340452779052
2025-05-16 14:20:40+00:00,13470033,67729185448,51258185382457142704315,0,55908823488318388,1.321334045336298
2025-05-16 14:20:51+00:00,13470044,67729172275,51258195382457142704315,0,55908823488318388,1.321333530563192
2025-05-16 14:21:06+00:00,13470059,67729159102,51258205382457142704315,0,55908823488318388,1.3213330157902867
2025-05-16 14:21:15+00:00,13470068,67729159103,51258205381702601655185,0,55908823488318388,1.3213330158292462
2025-05-16 14:21:17+00:00,13470070,67729159104,51258205380948060606077,0,55908823488318388,1.321333015868206
2025-05-16 14:21:23+00:00,13470076,67729159105,51258205380193519556991,0,55908823488318388,1.3213330159071655
2025-05-16 14:21:29+00:00,13470082,67729159169,51258205429031549057039,0,55908823541148878,1.3213330158968004
2025-05-16 14:21:34+00:00,13470087,67729159102,51258205378159984533015,0,55908823485661775,1.3213330159010588
2025-05-16 14:21:39+00:00,13470092,67729159103,51258205378159984533014,0,55908823485661775,1.3213330159205678
2025-05-16 14:21:40+00:00,13470093,67729169103,51258212946274819711818,0,55908831740425930,1.3213330159205678
2025-05-16 14:22:00+00:00,13470113,67729169104,51258212945520278662762,0,55908831740425930,1.3213330159595273
2025-05-16 14:22:10+00:00,13470123,67729159105,51258205377405444202902,0,55908823485661775,1.3213330159790364
2025-05-16 14:22:27+00:00,13470140,67729145932,51258215377405444202902,0,55908823485661775,1.321332501206332
2025-05-16 14:22:42+00:00,13470155,67729132759,51258225377405444202902,0,55908823485661775,1.3213319864338282
2025-05-16 14:22:47+00:00,13470160,67729112760,51258210241187530992684,0,55908806976152729,1.3213319864527302
2025-05-16 14:22:56+00:00,13470169,67729112773,51258210251187530992684,0,55908806986883926,1.3213319864485686
2025-05-16 14:23:01+00:00,13470174,67729112772,51258210250393630632528,0,55908806986017996,1.3213319864495245
2025-05-16 14:23:16+00:00,13470189,67729122772,51258217818514362251556,0,55908815240785362,1.3213319864495245
2025-05-16 14:23:33+00:00,13470206,67729122773,51258217817759820614625,0,55908815240785362,1.3213319864884843
2025-05-16 14:23:43+00:00,13470216,67729132773,51258225385880552010506,0,55908823495552728,1.3213319864884843
2025-05-16 14:24:19+00:00,13470252,67729132774,51258225385126010373597,0,55908823495552728,1.3213319865274438
2025-05-16 14:24:27+00:00,13470260,67729119601,51258235385126010373597,0,55908823495552728,1.321331471755141
2025-05-16 14:24:42+00:00,13470275,67729129601,51258242953249689980558,0,55908831750321699,1.321331471755141
2025-05-16 14:24:56+00:00,13470289,67729129602,51258242952495148049713,0,55908831750321699,1.3213314717941007
2025-05-16 14:25:01+00:00,13470294,67729129603,51258242951740606118890,0,55908831750321699,1.3213314718330602
2025-05-16 14:25:06+00:00,13470299,67729129604,51258242950986064188089,0,55908831750321699,1.3213314718720197
2025-05-16 14:25:07+00:00,13470300,67729129668,51258242999824093688137,0,55908831803152220,1.321331471861656
2025-05-16 14:25:12+00:00,13470305,67729129601,51258242948952499394337,0,55908831747665117,1.3213314718659137
2025-05-16 14:25:13+00:00,13470306,67729116428,51258252948952499394337,0,55908831747665117,1.3213309570938878
2025-05-16 14:25:53+00:00,13470346,67729103256,51258262948197957169596,0,55908831747665117,1.3213304423610222
2025-05-16 14:25:53+00:00,13470346,67729116429,51258252948197957169596,0,55908831747665117,1.3213309571328473
2025-05-16 14:26:09+00:00,13470362,67729090083,51258272948197957169596,0,55908831747665117,1.321329927589398
2025-05-16 14:26:19+00:00,13470372,67729076910,51258282948197957169596,0,55908831747665117,1.3213294128179744
2025-05-16 14:26:21+00:00,13470374,67729076909,51258282949197957169596,0,55908831747665117,1.3213294127726876
2025-05-16 14:26:26+00:00,13470379,67729076908,51258282950197957169596,0,55908831747665117,1.3213294127274007
2025-05-16 14:26:31+00:00,13470384,67729076921,51258282960197957169596,0,55908831758396325,1.3213294127232396
2025-05-16 14:26:36+00:00,13470389,67729076920,51258282959404056035058,0,55908831757530395,1.3213294127241955
2025-05-16 14:26:38+00:00,13470391,67729076921,51258282958649512928408,0,55908831757530395,1.321329412763155
2025-05-16 14:26:50+00:00,13470403,67729176921,51258207504449920712810,0,55908831757530395,1.3213333087217334
2025-05-16 14:27:13+00:00,13470426,67729146921,51258184800097531152841,0,55908806993226692,1.3213333087220664
2025-05-16 14:27:26+00:00,13470439,67729146922,51258184799342990270988,0,55908806993226692,1.321333308761026
2025-05-16 14:27:39+00:00,13470452,67729133749,51258194799342990270988,0,55908806993226692,1.3213327939880577
2025-05-16 14:28:12+00:00,13470485,67729133750,51258194798588449095199,0,55908806993226692,1.3213327940270172
2025-05-16 14:28:24+00:00,13470497,67729133751,51258194797833907919432,0,55908806993226692,1.321332794065977
2025-05-16 14:28:28+00:00,13470501,67729133752,51258194797079366743687,0,55908806993226692,1.3213327941049364
2025-05-16 14:28:34+00:00,13470507,67729133816,51258194845917396243735,0,55908807046057186,1.3213327940945716
2025-05-16 14:28:39+00:00,13470512,67729133749,51258194795045827214075,0,55908806990570083,1.3213327940988298
2025-05-16 14:28:41+00:00,13470514,67729120576,51258204795045827214075,0,55908806990570083,1.3213322793260622
2025-05-16 14:28:44+00:00,13470517,67729120577,51258204795045827214074,0,55908806990570083,1.3213322793455713
2025-05-16 14:28:57+00:00,13470530,67729120578,51258204794291285744400,0,55908806990570083,1.321332279384531
2025-05-16 14:29:18+00:00,13470551,67729107405,51258214794291285744400,0,55908806990570083,1.3213317646119642
2025-05-16 14:29:28+00:00,13470561,67729094232,51258224794291285744400,0,55908806990570083,1.3213312498395984
2025-05-16 14:29:44+00:00,13470577,67729094233,51258224793536743686831,0,55908806990570083,1.321331249878558
2025-05-16 14:29:46+00:00,13470579,67729094232,51258224794536743686831,0,55908806990570083,1.321331249833271
2025-05-16 14:29:51+00:00,13470584,67729094231,51258224795536743686831,0,55908806990570083,1.321331249787984
2025-05-16 14:29:56+00:00,13470589,67729094244,51258224805536743686831,0,55908807001301283,1.3213312497838225
2025-05-16 14:29:59+00:00,13470592,67729104244,51258232373661694667940,0,55908815256070909,1.3213312497838225
2025-05-16 14:30:00+00:00,13470593,67729104243,51258232372867794082567,0,55908815255204979,1.3213312497847787
2025-05-16 14:30:26+00:00,13470619,67729114243,51258239940992745058200,0,55908823509974605,1.3213312497847787
2025-05-16 14:30:32+00:00,13470625,67729114244,51258239940238203000599,0,55908823509974605,1.3213312498237382
2025-05-16 14:30:51+00:00,13470644,67729101071,51258249940238203000599,0,55908823509974605,1.3213307350517254
2025-05-16 14:31:00+00:00,13470653,67729087898,51258259940238203000599,0,55908823509974605,1.3213302202799133
2025-05-16 14:31:15+00:00,13470668,67729097898,51258267508369050625940,0,55908831764747442,1.3213302202799133
2025-05-16 14:31:25+00:00,13470678,67729067899,51258244803982397369356,0,55908807000435353,1.3213302202992705
2025-05-16 14:31:46+00:00,13470699,67729077899,51258252372113244883826,0,55908815255208190,1.3213302202992705
2025-05-16 14:31:54+00:00,13470707,67729077900,51258252371358702238340,0,55908815255208190,1.32133022033823
2025-05-16 14:32:00+00:00,13470713,67729077964,51258252420196731738388,0,55908815308038736,1.3213302203278676
2025-05-16 14:32:01+00:00,13470714,67729067965,51258244852065884768156,0,55908807053265899,1.3213302203473767
2025-05-16 14:32:10+00:00,13470723,67729067966,51258244852065884768155,0,55908807053265899,1.3213302203668857
2025-05-16 14:32:16+00:00,13470729,67729054793,51258254852065884768155,0,55908807053265899,1.321329705595123
2025-05-16 14:32:30+00:00,13470743,67729064793,51258262420199680334364,0,55908815308040341,1.321329705595123
2025-05-16 14:32:50+00:00,13470763,67729064794,51258262419445137394958,0,55908815308040341,1.3213297056340825
2025-05-16 14:33:14+00:00,13470787,67729064793,51258262420445137394958,0,55908815308040341,1.3213297055887956
2025-05-16 14:33:19+00:00,13470792,67729064792,51258262421445137394958,0,55908815308040341,1.3213297055435087
2025-05-16 14:33:24+00:00,13470797,67729064805,51258262431445137394958,0,55908815318771547,1.3213297055393474
2025-05-16 14:33:29+00:00,13470802,67729064804,51258262430651236344933,0,55908815317905617,1.3213297055403035
2025-05-16 14:33:34+00:00,13470807,67729064805,51258262429896693405495,0,55908815317905617,1.321329705579263
2025-05-16 14:33:52+00:00,13470825,67729051632,51258272429896693405495,0,55908815317905617,1.3213291908077773
2025-05-16 14:34:07+00:00,13470840,67729038459,51258282429896693405495,0,55908815317905617,1.3213286760364924
2025-05-16 14:34:20+00:00,13470853,67729038460,51258282429142149878161,0,55908815317905617,1.321328676075452
2025-05-16 14:34:27+00:00,13470860,67729028461,51258274861005402015644,0,55908807063131175,1.321328676094885
2025-05-16 14:34:50+00:00,13470883,67729015288,51258284861005402015644,0,55908807063131175,1.321328161323725
2025-05-16 14:35:04+00:00,13470897,67729015289,51258284860250858194383,0,55908807063131175,1.3213281613626846
2025-05-16 14:35:06+00:00,13470899,67729115289,51258209405979805088086,0,55908807063131175,1.3213320573211185
2025-05-16 14:35:19+00:00,13470912,67729115290,51258209405225263491626,0,55908807063131175,1.321332057360078
2025-05-16 14:35:24+00:00,13470917,67729115291,51258209404470721895188,0,55908807063131175,1.3213320573990377
2025-05-16 14:35:30+00:00,13470923,67729102118,51258219404470721895188,0,55908807115961694,1.3213315426265606
2025-05-16 14:35:30+00:00,13470923,67729102182,51258219453308751395236,0,55908807115961694,1.321331542616197
2025-05-16 14:35:39+00:00,13470932,67729102183,51258219453308751395235,0,55908807115961694,1.321331542635706
2025-05-16 14:35:49+00:00,13470942,67729102184,51258219452554209504866,0,55908807115961694,1.3213315426746655
2025-05-16 14:35:58+00:00,13470951,67729089011,51258229452554209504866,0,55908807115961694,1.3213310279023898
2025-05-16 14:36:23+00:00,13470976,67729075838,51258239452554209504866,0,55908807115961694,1.3213305131303148
2025-05-16 14:36:36+00:00,13470989,67729075839,51258239451799667026601,0,55908807115961694,1.3213305131692743
2025-05-16 14:36:38+00:00,13470991,67729085839,51258247019928837081504,0,55908815370733580,1.3213305131692743
2025-05-16 14:36:47+00:00,13471000,67729072665,51258257020928837081504,0,55908815370733580,1.3213299983521893
2025-05-16 14:36:47+00:00,13471000,67729072666,51258257019928837081504,0,55908815370733580,1.3213299983974762
2025-05-16 14:36:53+00:00,13471006,67729072678,51258257030928837081504,0,55908815381464785,1.321329998348028
2025-05-16 14:37:01+00:00,13471014,67729082678,51258264599060955857541,0,55908823636238277,1.321329998348028
2025-05-16 14:37:10+00:00,13471023,67729069505,51258274599060955857541,0,55908823636238277,1.321329483576507
2025-05-16 14:37:21+00:00,13471034,67729049506,51258259462795238711073,0,55908807126692899,1.3213294835959022
2025-05-16 14:37:23+00:00,13471036,67729049507,51258259462040695644894,0,55908807126692899,1.3213294836348617
2025-05-16 14:37:35+00:00,13471048,67729059507,51258267030175762525317,0,55908815381467996,1.3213294836348617
2025-05-16 14:38:08+00:00,13471081,67729069507,51258274598310829405740,0,55908823636243093,1.3213294836348617
2025-05-16 14:38:09+00:00,13471082,67729069508,51258274597556286339584,0,55908823636243093,1.3213294836738214
2025-05-16 14:38:47+00:00,13471120,67729069509,51258274596801743273450,0,55908823636243093,1.321329483712781
2025-05-16 14:38:52+00:00,13471125,67729069510,51258274596047200207338,0,55908823636243093,1.3213294837517404
2025-05-16 14:38:55+00:00,13471128,67729069511,51258274595292657141248,0,55908823636243093,1.3213294837907
2025-05-16 14:38:58+00:00,13471131,67729069575,51258274644130686641296,0,55908823689073653,1.3213294837803382
2025-05-16 14:39:03+00:00,13471136,67729069508,51258274593259053558860,0,55908823633586550,1.3213294837845948
2025-05-16 14:39:08+00:00,13471141,67729069509,51258274593259053558859,0,55908823633586550,1.3213294838041039
2025-05-16 14:39:16+00:00,13471149,67729079509,51258282161394119469919,0,55908831888361647,1.3213294838041039
2025-05-16 14:39:28+00:00,13471161,67729066336,51258292161394119469919,0,55908831888361647,1.3213289690328596
2025-05-16 14:39:37+00:00,13471170,67729053163,51258302161394119469919,0,55908831888361647,1.3213284542618162
2025-05-16 14:39:40+00:00,13471173,67729053164,51258302160639575815940,0,55908831888361647,1.3213284543007757
2025-05-16 14:39:47+00:00,13471180,67729039991,51258312160639575815940,0,55908831888361647,1.321327939529933
2025-05-16 14:40:01+00:00,13471194,67729049991,51258319728783486825295,0,55908840143141560,1.321327939529933
2025-05-16 14:40:11+00:00,13471204,67729049990,51258319729783486825295,0,55908840143141560,1.3213279394846462
2025-05-16 14:40:12+00:00,13471205,67729009991,51258289457221090525748,0,55908807124036356,1.3213279395038138
2025-05-16 14:40:21+00:00,13471214,67728996818,51258299457221090525748,0,55908807124036356,1.3213274247329438
2025-05-16 14:40:22+00:00,13471215,67728996831,51258299467221090525748,0,55908807134767571,1.3213274247287832
2025-05-16 14:40:27+00:00,13471220,67728996830,51258299466427188785891,0,55908807133901641,1.321327424729739
2025-05-16 14:40:28+00:00,13471221,67728996831,51258299465672644543998,0,55908807133901641,1.3213274247686988
2025-05-16 14:40:36+00:00,13471229,67729096831,51258224011359528341733,0,55908807133901641,1.3213313207260224
2025-05-16 14:40:45+00:00,13471238,67729083658,51258234011359528341733,0,55908807133901641,1.3213308059538358
2025-05-16 14:41:06+00:00,13471259,67729070485,51258244011359528341733,0,55908807133901641,1.3213302911818499
2025-05-16 14:41:15+00:00,13471268,67729057312,51258254011359528341733,0,55908807133901641,1.3213297764100649
2025-05-16 14:41:16+00:00,13471269,67729057313,51258254010604985442765,0,55908807133901641,1.3213297764490246
2025-05-16 14:41:29+00:00,13471282,67729044140,51258264010604985442765,0,55908807133901641,1.3213292616774404
2025-05-16 14:41:56+00:00,13471309,67729054140,51258271578741323621564,0,55908815388677393,1.3213292616774404
2025-05-16 14:42:02+00:00,13471315,67729054141,51258271577986780428659,0,55908815388677393,1.3213292617163999
2025-05-16 14:42:16+00:00,13471329,67729054142,51258271577232237235776,0,55908815388677393,1.3213292617553596
2025-05-16 14:42:21+00:00,13471334,67729054143,51258271576477694042916,0,55908815388677393,1.321329261794319
2025-05-16 14:42:26+00:00,13471339,67729064143,51258279144614031552272,0,55908823643453145,1.321329261794319
2025-05-16 14:42:27+00:00,13471340,67729064207,51258279193452061052320,0,55908823696283709,1.3213292617839576
2025-05-16 14:42:32+00:00,13471345,67729064140,51258279142580423461439,0,55908823640796606,1.321329261788214
2025-05-16 14:42:37+00:00,13471350,67729064141,51258279142580423461438,0,55908823640796606,1.321329261807723
2025-05-16 14:42:46+00:00,13471359,67729050968,51258289142580423461438,0,55908823640796606,1.3213287470364918
2025-05-16 14:42:49+00:00,13471362,67729050969,51258289141825879974648,0,55908823640796606,1.3213287470754513
2025-05-16 14:42:55+00:00,13471368,67729037796,51258299141825879974648,0,55908823640796606,1.3213282323044209
2025-05-16 14:43:05+00:00,13471378,67729017797,51258284005547300292557,0,55908807131245102,1.321328232323778
2025-05-16 14:43:19+00:00,13471392,67729027797,51258291573689534272767,0,55908815386024065,1.321328232323778
2025-05-16 14:43:35+00:00,13471408,67729027798,51258291572934990492051,0,55908815386024065,1.3213282323627376
2025-05-16 14:43:42+00:00,13471415,67729027797,51258291573934990492051,0,55908815386024065,1.3213282323174507
2025-05-16 14:43:47+00:00,13471420,67729027796,51258291574934990492051,0,55908815386024065,1.3213282322721638
2025-05-16 14:43:52+00:00,13471425,67729027809,51258291584934990492051,0,55908815396755277,1.321328232268003
2025-05-16 14:43:57+00:00,13471430,67729027808,51258291584141088991597,0,55908815395889347,1.321328232268959
2025-05-16 14:44:02+00:00,13471435,67729017809,51258284015998855035451,0,55908807141110384,1.321328232288468
2025-05-16 14:44:21+00:00,13471454,67729017810,51258284015244311254715,0,55908807141110384,1.3213282323274276
2025-05-16 14:44:48+00:00,13471481,67729004637,51258294015244311254715,0,55908807141110384,1.321327717556446
2025-05-16 14:45:03+00:00,13471496,67728991464,51258304015244311254715,0,55908807141110384,1.3213272027856653
2025-05-16 14:45:07+00:00,13471500,67728991465,51258304014489766886081,0,55908807141110384,1.3213272028246248
2025-05-16 14:45:18+00:00,13471511,67729091465,51258228560163976589176,0,55908807141110384,1.3213310987816027
2025-05-16 14:45:27+00:00,13471520,67729078292,51258238560163976589176,0,55908807141110384,1.321330584009505
2025-05-16 14:45:50+00:00,13471543,67729078293,51258238559409434151386,0,55908807141110384,1.3213305840484646
2025-05-16 14:45:54+00:00,13471547,67729065120,51258248559409434151386,0,55908807141110384,1.3213300692765677
2025-05-16 14:45:55+00:00,13471548,67729065121,51258248558654891419659,0,55908807141110384,1.3213300693155274
2025-05-16 14:46:01+00:00,13471554,67729065185,51258248607492920919707,0,55908807193940932,1.321330069305165
2025-05-16 14:46:03+00:00,13471556,67729052012,51258258607492920919707,0,55908807193940932,1.3213295545334696
2025-05-16 14:46:06+00:00,13471559,67729051945,51258258556621288743966,0,55908807138453829,1.3213295545377262
2025-05-16 14:46:11+00:00,13471564,67729051946,51258258556621288743965,0,55908807138453829,1.3213295545572352
2025-05-16 14:46:25+00:00,13471578,67729038773,51258268556621288743965,0,55908807138453829,1.32132903978574
2025-05-16 14:46:34+00:00,13471587,67729025600,51258278556621288743965,0,55908807138453829,1.3213285250144458
2025-05-16 14:46:38+00:00,13471591,67729025601,51258278555866745130390,0,55908807138453829,1.3213285250534053
2025-05-16 14:46:58+00:00,13471611,67729035601,51258286124007302450017,0,55908815393231842,1.3213285250534053
2025-05-16 14:47:18+00:00,13471631,67729035600,51258286125007302450017,0,55908815393231842,1.3213285250081184
2025-05-16 14:47:23+00:00,13471636,67729035599,51258286126007302450017,0,55908815393231842,1.3213285249628315
2025-05-16 14:47:24+00:00,13471637,67729035600,51258286125252758836412,0,55908815393231842,1.321328525001791
2025-05-16 14:47:33+00:00,13471646,67729035599,51258286124458857420468,0,55908815392365912,1.3213285250027471
2025-05-16 14:47:37+00:00,13471650,67729025600,51258278556318300072480,0,55908807137587899,1.3213285250222562
2025-05-16 14:47:47+00:00,13471660,67729012427,51258288556318300072480,0,55908807137587899,1.3213280102511626
2025-05-16 14:48:10+00:00,13471683,67729012428,51258288555563756164949,0,55908807137587899,1.3213280102901221
2025-05-16 14:48:55+00:00,13471728,67729012429,51258288554809212257441,0,55908807137587899,1.3213280103290816
2025-05-16 14:49:12+00:00,13471745,67728999256,51258298554809212257441,0,55908807137587899,1.321327495558189
2025-05-16 14:49:24+00:00,13471757,67728999257,51258298554054668055995,0,55908807137587899,1.3213274955971486
2025-05-16 14:49:29+00:00,13471762,67728999258,51258298553300123854571,0,55908807137587899,1.3213274956361083
2025-05-16 14:49:35+00:00,13471768,67728999322,51258298602138153354619,0,55908807190418498,1.3213274956257484
2025-05-16 14:49:40+00:00,13471773,67728999255,51258298551266481482696,0,55908807134931395,1.321327495630004
2025-05-16 14:49:41+00:00,13471774,67728999256,51258298550511937281291,0,55908807134931395,1.3213274956689636
2025-05-16 14:49:51+00:00,13471784,67728986083,51258308550511937281291,0,55908807134931395,1.3213269808982717
2025-05-16 14:50:00+00:00,13471793,67728972910,51258318550511937281291,0,55908807134931395,1.3213264661277806
2025-05-16 14:50:18+00:00,13471811,67728959737,51258328550511937281291,0,55908807134931395,1.3213259513574904
2025-05-16 14:50:26+00:00,13471819,67728959738,51258328549757392198028,0,55908807134931395,1.32132595139645
2025-05-16 14:50:48+00:00,13471841,67728959737,51258328550757392198028,0,55908807134931395,1.3213259513511633
2025-05-16 14:50:53+00:00,13471846,67728959736,51258328551757392198028,0,55908807134931395,1.3213259513058764
2025-05-16 14:50:54+00:00,13471847,67728946563,51258338551757392198028,0,55908807134931395,1.3213254365357872
2025-05-16 14:51:02+00:00,13471855,67728946562,51258338550963489852822,0,55908807134065465,1.321325436536743
2025-05-16 14:51:11+00:00,13471864,67728946563,51258338550208944475570,0,55908807134065465,1.3213254365757026
2025-05-16 14:51:38+00:00,13471891,67728956563,51258346118367191633533,0,55908815388853110,1.3213254365757026
2025-05-16 14:51:57+00:00,13471910,67728956564,51258346117612646256303,0,55908815388853110,1.321325436614662
2025-05-16 14:52:06+00:00,13471919,67728943391,51258356117612646256303,0,55908815388853110,1.3213249218448497
2025-05-16 14:52:20+00:00,13471933,67728953391,51258363685773841640312,0,55908823643642361,1.3213249218448497
2025-05-16 14:52:38+00:00,13471951,67728940218,51258373685773841640312,0,55908823643642361,1.321324407075314
2025-05-16 14:52:50+00:00,13471963,67728940219,51258373685019295675183,0,55908823643642361,1.3213244071142736
2025-05-16 14:52:53+00:00,13471966,67728950219,51258381253183439285949,0,55908831898433217,1.3213244071142736
2025-05-16 14:52:55+00:00,13471968,67728950220,51258381252428893320843,0,55908831898433217,1.321324407153233
2025-05-16 14:53:00+00:00,13471973,67728950284,51258381301266922820891,0,55908831951263878,1.321324407142876
2025-05-16 14:53:05+00:00,13471978,67728950217,51258381250395191403645,0,55908831895776775,1.3213244071471302
2025-05-16 14:53:11+00:00,13471984,67728950218,51258381250395191403644,0,55908831895776775,1.3213244071666392
2025-05-16 14:53:18+00:00,13471991,67728937045,51258391250395191403644,0,55908831895776775,1.3213238923973805
2025-05-16 14:53:28+00:00,13472001,67728923872,51258401250395191403644,0,55908831895776775,1.3213233776283224
2025-05-16 14:53:28+00:00,13472001,67728923873,51258401249640644850646,0,55908831895776775,1.321323377667282
2025-05-16 14:53:44+00:00,13472017,67728893874,51258378545143772299040,0,55908807131409023,1.3213233776864495
2025-05-16 14:53:59+00:00,13472032,67728880701,51258388545143772299040,0,55908807131409023,1.3213228629173643
2025-05-16 14:54:09+00:00,13472042,67728867528,51258398545143772299040,0,55908807131409023,1.32132234814848
2025-05-16 14:54:15+00:00,13472048,67728867527,51258398546143772299040,0,55908807131409023,1.3213223481031933
2025-05-16 14:54:20+00:00,13472053,67728867526,51258398547143772299040,0,55908807131409023,1.3213223480579066
2025-05-16 14:54:25+00:00,13472058,67728867539,51258398557143772299040,0,55908807142140259,1.3213223480537468
2025-05-16 14:54:29+00:00,13472062,67728867538,51258398556349869024557,0,55908807141274329,1.321322348054703
2025-05-16 14:54:58+00:00,13472091,67728867539,51258398555595321883617,0,55908807141274329,1.3213223480936622
2025-05-16 14:55:18+00:00,13472111,67728854366,51258408555595321883617,0,55908807141274329,1.321321833324979
2025-05-16 14:55:43+00:00,13472136,67728854367,51258408554840774448738,0,55908807141274329,1.3213218333639385
2025-05-16 14:55:53+00:00,13472146,67728864367,51258416123019659785939,0,55908815396073212,1.3213218333639385
2025-05-16 14:56:18+00:00,13472171,67728851194,51258426123019659785939,0,55908815396073212,1.321321318595532
2025-05-16 14:56:19+00:00,13472172,67728851195,51258426122265112057121,0,55908815396073212,1.3213213186344914
2025-05-16 14:56:24+00:00,13472177,67728851196,51258426121510564328326,0,55908815396073212,1.321321318673451
2025-05-16 14:56:29+00:00,13472182,67728841197,51258418553330203241619,0,55908807141274329,1.321321318692922
2025-05-16 14:56:30+00:00,13472183,67728841261,51258418602168232741667,0,55908807194105052,1.3213213186825679
2025-05-16 14:56:35+00:00,13472188,67728841194,51258418551296441778195,0,55908807138617949,1.3213213186868205
2025-05-16 14:56:39+00:00,13472192,67728841195,51258418551296441778194,0,55908807138617949,1.3213213187063295
2025-05-16 14:56:49+00:00,13472202,67728941195,51258343096634637941711,0,55908807138617949,1.321325214654602
2025-05-16 14:57:15+00:00,13472228,67728941196,51258343095880092437752,0,55908807138617949,1.3213252146935615
2025-05-16 14:57:40+00:00,13472253,67728951196,51258350664039610470695,0,55908815393406249,1.3213252146935615
2025-05-16 14:57:43+00:00,13472256,67728951195,51258350665039610470695,0,55908815393406249,1.3213252146482748
2025-05-16 14:57:48+00:00,13472261,67728951194,51258350666039610470695,0,55908815393406249,1.321325214602988
2025-05-16 14:57:52+00:00,13472265,67728951207,51258350676039610470695,0,55908815404137473,1.3213252145988277
2025-05-16 14:57:57+00:00,13472270,67728951206,51258350675245708055127,0,55908815403271543,1.3213252145997836
2025-05-16 14:58:02+00:00,13472275,67728951207,51258350674491162551137,0,55908815403271543,1.321325214638743
2025-05-16 14:58:18+00:00,13472291,67728938034,51258360674491162551137,0,55908815403271543,1.3213246998690198
2025-05-16 14:58:27+00:00,13472300,67728924861,51258370674491162551137,0,55908815403271543,1.3213241850994972
2025-05-16 14:58:42+00:00,13472315,67728911688,51258380674491162551137,0,55908815403271543,1.3213236703301756
2025-05-16 14:58:47+00:00,13472320,67728911689,51258380673736616165288,0,55908815403271543,1.321323670369135
2025-05-16 14:59:07+00:00,13472340,67728901690,51258373105572669022392,0,55908807148483243,1.32132367038853
2025-05-16 14:59:25+00:00,13472358,67728888517,51258383105572669022392,0,55908807148483243,1.3213231556193332
2025-05-16 14:59:34+00:00,13472367,67728888518,51258383104818122342615,0,55908807148483243,1.3213231556582927
2025-05-16 14:59:45+00:00,13472378,67728888519,51258383104063575662861,0,55908807148483243,1.3213231556972522
2025-05-16 14:59:50+00:00,13472383,67728888520,51258383103309028983129,0,55908807148483243,1.3213231557362117
2025-05-16 14:59:56+00:00,13472389,67728888584,51258383152147058483177,0,55908807201313929,1.321323155725856
2025-05-16 15:00:00+00:00,13472393,67728888517,51258383101275302708896,0,55908807145826826,1.3213231557301095
2025-05-16 15:00:04+00:00,13472397,67728875344,51258393101275302708896,0,55908807145826826,1.3213226409611134
2025-05-16 15:00:06+00:00,13472399,67728875345,51258393101275302708895,0,55908807145826826,1.3213226409806225
2025-05-16 15:00:19+00:00,13472412,67728875346,51258393100520755735232,0,55908807145826826,1.321322641019582
2025-05-16 15:00:36+00:00,13472429,67728862173,51258403100520755735232,0,55908807145826826,1.3213221262507866
2025-05-16 15:00:55+00:00,13472448,67728849000,51258413100520755735232,0,55908807145826826,1.3213216114821922
2025-05-16 15:01:04+00:00,13472457,67728835827,51258423100520755735232,0,55908807145826826,1.3213210967137987
2025-05-16 15:01:06+00:00,13472459,67728835828,51258423099766207879708,0,55908807145826826,1.3213210967527582
2025-05-16 15:01:12+00:00,13472465,67728835827,51258423100766207879708,0,55908807145826826,1.3213210967074716
2025-05-16 15:01:17+00:00,13472470,67728835826,51258423101766207879708,0,55908807145826826,1.321321096662185
2025-05-16 15:01:19+00:00,13472472,67728845826,51258430669949312850328,0,55908815400627970,1.321321096662185
2025-05-16 15:01:22+00:00,13472475,67728845839,51258430679949312850328,0,55908815411359211,1.3213210966580253
2025-05-16 15:01:28+00:00,13472481,67728832666,51258440679949312850328,0,55908815411359211,1.3213205818899088
2025-05-16 15:01:51+00:00,13472504,67728819493,51258450679949312850328,0,55908815411359211,1.3213200671219931
2025-05-16 15:01:51+00:00,13472504,67728819494,51258450679194764406849,0,55908815411359211,1.3213200671609526
2025-05-16 15:02:12+00:00,13472525,67728919494,51258375224461490463709,0,55908815411359211,1.321323963106783
2025-05-16 15:02:32+00:00,13472545,67728929494,51258382792628177221850,0,55908823666151377,1.321323963106783
2025-05-16 15:02:37+00:00,13472550,67728929495,51258382791873631003192,0,55908823666151377,1.3213239631457425
2025-05-16 15:03:14+00:00,13472587,67728929496,51258382791119084784556,0,55908823666151377,1.321323963184702
2025-05-16 15:03:19+00:00,13472592,67728929497,51258382790364538565942,0,55908823666151377,1.3213239632236615
2025-05-16 15:03:25+00:00,13472598,67728929561,51258382839202568065990,0,55908823718982046,1.3213239632133051
2025-05-16 15:03:26+00:00,13472599,67728916388,51258392839202568065990,0,55908823718982046,1.3213234484441487
2025-05-16 15:03:35+00:00,13472608,67728916389,51258392839202568065989,0,55908823718982046,1.3213234484636578
2025-05-16 15:03:40+00:00,13472613,67728926389,51258400407372202554273,0,55908831973775817,1.3213234484636578
2025-05-16 15:03:49+00:00,13472622,67728913216,51258410407372202554273,0,55908831973775817,1.3213229336947785
2025-05-16 15:04:08+00:00,13472641,67728913217,51258410406617655747765,0,55908831973775817,1.3213229337337378
2025-05-16 15:04:09+00:00,13472642,67728900044,51258420406617655747765,0,55908831973775817,1.3213224189650594
2025-05-16 15:04:40+00:00,13472673,67728900043,51258420407617655747765,0,55908831973775817,1.3213224189197728
2025-05-16 15:04:45+00:00,13472678,67728900042,51258420408617655747765,0,55908831973775817,1.321322418874486
2025-05-16 15:04:50+00:00,13472683,67728900055,51258420418617655747765,0,55908831984507053,1.3213224188703263
2025-05-16 15:04:52+00:00,13472685,67728886882,51258430418617655747765,0,55908831984507053,1.3213219041018487
2025-05-16 15:04:54+00:00,13472687,67728886883,51258430417863108353304,0,55908831984507053,1.3213219041408082
2025-05-16 15:05:19+00:00,13472712,67728873710,51258440417863108353304,0,55908831984507053,1.3213213893725313
2025-05-16 15:05:28+00:00,13472721,67728860537,51258450417863108353304,0,55908831984507053,1.3213208746044556
2025-05-16 15:05:39+00:00,13472732,67728860538,51258450417108560370943,0,55908831984507053,1.3213208746434149
2025-05-16 15:06:07+00:00,13472760,67728870538,51258457985292937007467,0,55908840239308852,1.3213208746434149
2025-05-16 15:06:16+00:00,13472769,67728857365,51258467985292937007467,0,55908840239308852,1.3213203598756158
2025-05-16 15:06:25+00:00,13472778,67728857366,51258467984538388731167,0,55908840239308852,1.3213203599145753
2025-05-16 15:06:46+00:00,13472799,67728857367,51258467983783840454889,0,55908840239308852,1.3213203599535348
2025-05-16 15:06:51+00:00,13472804,67728857368,51258467983029292178633,0,55908840239308852,1.321320359992494
2025-05-16 15:06:56+00:00,13472809,67728844195,51258477983029292178633,0,55908840239308852,1.321319845224896
2025-05-16 15:06:57+00:00,13472810,67728844259,51258478031867321678681,0,55908840292139604,1.3213198452145434
2025-05-16 15:07:02+00:00,13472815,67728844192,51258477980995501849907,0,55908840236652501,1.3213198452187953
2025-05-16 15:07:06+00:00,13472819,67728844193,51258477980995501849906,0,55908840236652501,1.3213198452383041
2025-05-16 15:07:10+00:00,13472823,67728844194,51258477980240953279719,0,55908840236652501,1.3213198452772636
2025-05-16 15:07:10+00:00,13472823,67728831021,51258487980240953279719,0,55908840236652501,1.3213193305098663
2025-05-16 15:07:24+00:00,13472837,67728841021,51258495548434174324350,0,55908848491459116,1.3213193305098663
2025-05-16 15:07:55+00:00,13472868,67728841022,51258495547679625460223,0,55908848491459116,1.3213193305488256
2025-05-16 15:08:04+00:00,13472877,67728851022,51258503115872846281704,0,55908856746265731,1.3213193305488256
2025-05-16 15:08:10+00:00,13472883,67728851021,51258503116872846281704,0,55908856746265731,1.3213193305035391
2025-05-16 15:08:15+00:00,13472888,67728851020,51258503117872846281704,0,55908856746265731,1.3213193304582525
2025-05-16 15:08:20+00:00,13472893,67728851033,51258503127872846281704,0,55908856756996979,1.3213193304540933
2025-05-16 15:08:26+00:00,13472899,67728851032,51258503127078942092133,0,55908856756131049,1.3213193304550492
2025-05-16 15:08:41+00:00,13472914,67728851033,51258503126324393227975,0,55908856756131049,1.3213193304940087
2025-05-16 15:08:50+00:00,13472923,67728861033,51258510694517614363434,0,55908865010937664,1.3213193304940087
2025-05-16 15:09:11+00:00,13472944,67728871033,51258518262710835498893,0,55908873265744279,1.3213193304940087
2025-05-16 15:09:21+00:00,13472954,67728857860,51258528262710835498893,0,55908873265744279,1.3213188157271163
2025-05-16 15:09:26+00:00,13472959,67728857861,51258528261956286340796,0,55908873265744279,1.3213188157660756
2025-05-16 15:09:31+00:00,13472964,67728844688,51258538261956286340796,0,55908873265744279,1.321318300999384
2025-05-16 15:09:41+00:00,13472974,67728831515,51258548261956286340796,0,55908873265744279,1.3213177862328933
2025-05-16 15:09:52+00:00,13472985,67728751516,51258487716409539961708,0,55908807227328939,1.3213177862506034
2025-05-16 15:10:06+00:00,13472999,67728761516,51258495284611606155179,0,55908815482140370,1.3213177862506034
2025-05-16 15:10:11+00:00,13473004,67728761517,51258495283857056409191,0,55908815482140370,1.3213177862895629
2025-05-16 15:10:12+00:00,13473005,67728761518,51258495283102506663225,0,55908815482140370,1.3213177863285221
2025-05-16 15:10:17+00:00,13473010,67728761519,51258495282347956917282,0,55908815482140370,1.3213177863674817
2025-05-16 15:10:24+00:00,13473017,67728748410,51258505331185986417330,0,55908815534971163,1.3213172715903094
2025-05-16 15:10:24+00:00,13473017,67728761583,51258495331185986417330,0,55908815534971163,1.321317786357131
2025-05-16 15:10:28+00:00,13473021,67728748343,51258505280314116968433,0,55908815479484060,1.32131727159456
2025-05-16 15:10:32+00:00,13473025,67728758343,51258512848519130993597,0,55908823734297096,1.32131727159456
2025-05-16 15:10:33+00:00,13473026,67728758344,51258512848519130993596,0,55908823734297096,1.321317271614069
2025-05-16 15:10:43+00:00,13473036,67728738345,51258497712110576098344,0,55908807224672629,1.32131727163354
2025-05-16 15:10:52+00:00,13473045,67728838345,51258422257217661769086,0,55908807224672629,1.3213211675757959
2025-05-16 15:10:56+00:00,13473049,67728838346,51258422256463113954028,0,55908807224672629,1.3213211676147554
2025-05-16 15:11:34+00:00,13473087,67728838345,51258422257463113954028,0,55908807224672629,1.3213211675694687
2025-05-16 15:11:38+00:00,13473091,67728838344,51258422258463113954028,0,55908807224672629,1.321321167524182
2025-05-16 15:11:43+00:00,13473096,67728838357,51258422268463113954028,0,55908807235403870,1.3213211675200225
2025-05-16 15:11:49+00:00,13473102,67728838356,51258422267669210313623,0,55908807234537940,1.3213211675209784
2025-05-16 15:11:56+00:00,13473109,67728825183,51258432267669210313623,0,55908807234537940,1.3213206527527637
2025-05-16 15:12:07+00:00,13473120,67728812010,51258442267669210313623,0,55908807234537940,1.3213201379847495
2025-05-16 15:12:09+00:00,13473122,67728798837,51258452267669210313623,0,55908807234537940,1.3213196232169364
2025-05-16 15:12:20+00:00,13473133,67728808837,51258444722183351187697,0,55908807234537940,1.321320012811249
2025-05-16 15:12:27+00:00,13473140,67728808838,51258444721428802713203,0,55908807234537940,1.3213200128502083
2025-05-16 15:12:32+00:00,13473145,67728795665,51258454721428802713203,0,55908807234537940,1.3213194980824443
2025-05-16 15:12:40+00:00,13473153,67728782492,51258464721428802713203,0,55908807234537940,1.321318983314881
2025-05-16 15:13:13+00:00,13473186,67728782493,51258464720674253650808,0,55908807234537940,1.3213189833538403
2025-05-16 15:13:36+00:00,13473209,67728782494,51258464719919704588435,0,55908807234537940,1.3213189833927999
2025-05-16 15:13:38+00:00,13473211,67728792494,51258472288114913835053,0,55908815489345597,1.3213189833927999
2025-05-16 15:13:41+00:00,13473214,67728792495,51258472287360364772703,0,55908815489345597,1.3213189834317591
2025-05-16 15:13:42+00:00,13473215,67728802495,51258464741870852108206,0,55908815489345597,1.3213193730259196
2025-05-16 15:13:46+00:00,13473219,67728802559,51258464790708881608254,0,55908815542176358,1.3213193730155675
2025-05-16 15:13:47+00:00,13473220,67728789386,51258474790708881608254,0,55908815542176358,1.3213188582481297
2025-05-16 15:13:51+00:00,13473224,67728789319,51258474739837042476027,0,55908815486689255,1.3213188582523812
2025-05-16 15:13:56+00:00,13473229,67728789320,51258474739837042476026,0,55908815486689255,1.32131885827189
2025-05-16 15:13:58+00:00,13473231,67728789321,51258474739082493342224,0,55908815486689255,1.3213188583108495
2025-05-16 15:14:19+00:00,13473252,67728776148,51258484739082493342224,0,55908815486689255,1.321318343543612
2025-05-16 15:14:35+00:00,13473268,67728762975,51258494739082493342224,0,55908815486689255,1.3213178287765754
2025-05-16 15:14:43+00:00,13473276,67728762976,51258494738327943620521,0,55908815486689255,1.321317828815535
2025-05-16 15:14:47+00:00,13473280,67728772976,51258487192831837429636,0,55908815486689255,1.3213182184095247
2025-05-16 15:14:50+00:00,13473283,67728782976,51258494761031428317768,0,55908823741499290,1.3213182184095247
2025-05-16 15:14:59+00:00,13473292,67728782975,51258494762031428317768,0,55908823741499290,1.3213182183642382
2025-05-16 15:15:05+00:00,13473298,67728782974,51258494763031428317768,0,55908823741499290,1.3213182183189516
2025-05-16 15:15:10+00:00,13473303,67728782987,51258494773031428317768,0,55908823752230543,1.3213182183147927
2025-05-16 15:15:15+00:00,13473308,67728782986,51258494772237523788932,0,55908823751364613,1.3213182183157486
2025-05-16 15:15:21+00:00,13473314,67728769813,51258504772237523788932,0,55908823751364613,1.3213177035488373
2025-05-16 15:15:30+00:00,13473323,67728769814,51258504771482973995717,0,55908823751364613,1.3213177035877965
2025-05-16 15:15:32+00:00,13473325,67728749815,51258489635083020310654,0,55908807241746921,1.3213177036071735
2025-05-16 15:16:15+00:00,13473368,67728749816,51258489634328470517472,0,55908807241746921,1.3213177036461328
2025-05-16 15:16:16+00:00,13473369,67728736643,51258499634328470517472,0,55908807241746921,1.3213171888792703
2025-05-16 15:16:39+00:00,13473392,67728723470,51258509634328470517472,0,55908807241746921,1.3213166741126086
2025-05-16 15:17:01+00:00,13473414,67728723471,51258509633573920136388,0,55908807241746921,1.321316674151568
2025-05-16 15:17:10+00:00,13473423,67728723472,51258509632819369755326,0,55908807241746921,1.3213166741905273
2025-05-16 15:17:17+00:00,13473430,67728723536,51258509681657399255374,0,55908807294577736,1.3213166741801778
2025-05-16 15:17:22+00:00,13473435,67728723469,51258509630785517990820,0,55908807239090633,1.3213166741844282
2025-05-16 15:17:27+00:00,13473440,67728723470,51258509630785517990819,0,55908807239090633,1.321316674203937
2025-05-16 15:17:48+00:00,13473461,67728723471,51258509630030967609787,0,55908807239090633,1.3213166742428966
2025-05-16 15:17:59+00:00,13473472,67728733471,51258517198239403131057,0,55908815493905484,1.3213166742428966
2025-05-16 15:18:22+00:00,13473495,67728720298,51258527198239403131057,0,55908815493905484,1.3213161594765115
2025-05-16 15:18:30+00:00,13473503,67728720297,51258527199239403131057,0,55908815493905484,1.321316159431225
2025-05-16 15:18:33+00:00,13473506,67728710298,51258519631029491569017,0,55908807239090633,1.3213161594506961
2025-05-16 15:18:34+00:00,13473507,67728710299,51258519630274940894030,0,55908807239090633,1.3213161594896554
2025-05-16 15:18:35+00:00,13473508,67728710298,51258519631274940894030,0,55908807239090633,1.321316159444369
2025-05-16 15:18:36+00:00,13473509,67728697125,51258529631274940894030,0,55908807239090633,1.321315644678109
2025-05-16 15:18:45+00:00,13473518,67728697124,51258529630481035590814,0,55908807238224703,1.3213156446790648
2025-05-16 15:18:47+00:00,13473520,67728707124,51258522084972456686184,0,55908807238224703,1.3213160342727894
2025-05-16 15:18:54+00:00,13473527,67728717124,51258529653184557815861,0,55908815493041546,1.3213160342727894
2025-05-16 15:19:08+00:00,13473541,67728727124,51258537221396658945538,0,55908823747858389,1.3213160342727894
2025-05-16 15:19:21+00:00,13473554,67728727125,51258537220642108199067,0,55908823747858389,1.3213160343117487
2025-05-16 15:19:41+00:00,13473574,67728707126,51258522084217907798785,0,55908807238224703,1.3213160343312578
2025-05-16 15:20:02+00:00,13473595,67728693953,51258532084217907798785,0,55908807238224703,1.3213155195650468
2025-05-16 15:20:06+00:00,13473599,67728693954,51258532083463356758385,0,55908807238224703,1.321315519604006
2025-05-16 15:20:16+00:00,13473609,67728680781,51258542083463356758385,0,55908807238224703,1.3213150048379958
2025-05-16 15:20:32+00:00,13473625,67728680782,51258542082708805424044,0,55908807238224703,1.3213150048769553
2025-05-16 15:20:36+00:00,13473629,67728690782,51258549650926802714727,0,55908815493044757,1.3213150048769553
2025-05-16 15:20:37+00:00,13473630,67728690783,51258549650172251380409,0,55908815493044757,1.3213150049159146
2025-05-16 15:20:42+00:00,13473635,67728690847,51258549699010280880457,0,55908815545875605,1.3213150049055666
2025-05-16 15:20:47+00:00,13473640,67728690780,51258549648138367408318,0,55908815490388502,1.3213150049098161
2025-05-16 15:20:52+00:00,13473645,67728690781,51258549648138367408317,0,55908815490388502,1.321315004929325
2025-05-16 15:20:52+00:00,13473645,67728690782,51258549647383816074029,0,55908815490388502,1.3213150049682845
2025-05-16 15:21:05+00:00,13473658,67728677609,51258559647383816074029,0,55908815490388502,1.321314490202551
2025-05-16 15:21:14+00:00,13473667,67728664436,51258569647383816074029,0,55908815490388502,1.3213139754370185
2025-05-16 15:21:32+00:00,13473685,67728651263,51258579647383816074029,0,55908815490388502,1.3213134606716868
2025-05-16 15:21:38+00:00,13473691,67728651264,51258579646629263857874,0,55908815490388502,1.321313460710646
2025-05-16 15:21:47+00:00,13473700,67728638091,51258589646629263857874,0,55908815490388502,1.3213129459455153
2025-05-16 15:21:54+00:00,13473707,67728638090,51258589647629263857874,0,55908815490388502,1.3213129459002289
2025-05-16 15:21:56+00:00,13473709,67728624917,51258599647629263857874,0,55908815490388502,1.3213124311352988
2025-05-16 15:22:03+00:00,13473716,67728624930,51258599657629263857874,0,55908815501119778,1.321312431131141
2025-05-16 15:22:06+00:00,13473719,67728611757,51258609657629263857874,0,55908815501119778,1.321311916366412
2025-05-16 15:22:08+00:00,13473721,67728611756,51258609656835357432510,0,55908815500253848,1.321311916367368
2025-05-16 15:22:15+00:00,13473728,67728598583,51258619656835357432510,0,55908815500253848,1.3213114016028398
2025-05-16 15:22:23+00:00,13473736,67728598584,51258619656080804040497,0,55908815500253848,1.321311401641799
2025-05-16 15:22:24+00:00,13473737,67728698584,51258544200852677818857,0,55908815500253848,1.3213152975747864
2025-05-16 15:22:45+00:00,13473758,67728685411,51258554200852677818857,0,55908815500253848,1.3213147828089413
2025-05-16 15:22:54+00:00,13473767,67728675412,51258546632634010150546,0,55908807245433794,1.3213147828284346
2025-05-16 15:23:08+00:00,13473781,67728675413,51258546631879458689424,0,55908807245433794,1.3213147828673941
2025-05-16 15:23:18+00:00,13473791,67728662240,51258556631879458689424,0,55908807245433794,1.3213142681016736
2025-05-16 15:23:49+00:00,13473822,67728649067,51258566631879458689424,0,55908807245433794,1.3213137533361543
2025-05-16 15:23:54+00:00,13473827,67728649068,51258566631124906640399,0,55908807245433794,1.3213137533751136
2025-05-16 15:23:56+00:00,13473829,67728649069,51258566630370354591396,0,55908807245433794,1.3213137534140729
2025-05-16 15:23:59+00:00,13473832,67728635896,51258576630370354591396,0,55908807245433794,1.3213132386487543
2025-05-16 15:24:06+00:00,13473839,67728635960,51258576679208384091444,0,55908807298264677,1.3213132386384079
2025-05-16 15:24:11+00:00,13473844,67728635893,51258576628336436338037,0,55908807242777574,1.3213132386426565
2025-05-16 15:24:16+00:00,13473849,67728635894,51258576628336436338036,0,55908807242777574,1.3213132386621655
2025-05-16 15:24:24+00:00,13473857,67728622721,51258586628336436338036,0,55908807242777574,1.3213127238970477
2025-05-16 15:24:33+00:00,13473866,67728609548,51258596628336436338036,0,55908807242777574,1.3213122091321305
2025-05-16 15:24:39+00:00,13473872,67728609549,51258596627581883407174,0,55908807242777574,1.32131220917109
2025-05-16 15:24:48+00:00,13473881,67728596376,51258606627581883407174,0,55908807242777574,1.3213116944063739
2025-05-16 15:24:57+00:00,13473890,67728583203,51258616627581883407174,0,55908807242777574,1.3213111796418584
2025-05-16 15:25:11+00:00,13473904,67728570030,51258626627581883407174,0,55908807242777574,1.3213106648775441
2025-05-16 15:25:20+00:00,13473913,67728670029,51258551173311680729461,0,55908807242777574,1.3213145607647152
2025-05-16 15:25:20+00:00,13473913,67728570029,51258626628581883407174,0,55908807242777574,1.3213106648322577
2025-05-16 15:25:24+00:00,13473917,67728670028,51258551174311680729461,0,55908807242777574,1.3213145607194288
2025-05-16 15:25:29+00:00,13473922,67728656855,51258561174311680729461,0,55908807242777574,1.3213140459537973
2025-05-16 15:25:30+00:00,13473923,67728656868,51258561184311680729461,0,55908807253508843,1.3213140459496393
2025-05-16 15:25:34+00:00,13473927,67728656867,51258561183517774937748,0,55908807252642913,1.3213140459505952
2025-05-16 15:25:55+00:00,13473948,67728643694,51258571183517774937748,0,55908807252642913,1.3213135311851647
2025-05-16 15:26:06+00:00,13473959,67728630521,51258581183517774937748,0,55908807252642913,1.3213130164199351
2025-05-16 15:26:09+00:00,13473962,67728630522,51258581182763222467898,0,55908807252642913,1.3213130164588944
2025-05-16 15:26:15+00:00,13473968,67728617349,51258591182763222467898,0,55908807252642913,1.3213125016938656
2025-05-16 15:26:35+00:00,13473988,67728627349,51258598750995557498733,0,55908815507470700,1.3213125016938656
2025-05-16 15:26:54+00:00,13474007,67728617351,51258591182008670611661,0,55908807252642913,1.321312501752334
2025-05-16 15:26:54+00:00,13474007,67728627350,51258598750241004734942,0,55908807252642913,1.321312501732825
2025-05-16 15:27:08+00:00,13474021,67728604178,51258601182008670611661,0,55908807252642913,1.321311986987506
2025-05-16 15:27:22+00:00,13474035,67728614179,51258608749489400505099,0,55908815507472306,1.3213119870264654
2025-05-16 15:27:22+00:00,13474035,67728604179,51258601181254117553940,0,55908815507472306,1.3213119870264654
2025-05-16 15:27:27+00:00,13474040,67728614180,51258608748734847447400,0,55908815507472306,1.3213119870654246
2025-05-16 15:27:32+00:00,13474045,67728614244,51258608797572876947448,0,55908815560303214,1.3213119870550796
2025-05-16 15:27:37+00:00,13474050,67728614177,51258608746700904835646,0,55908815504816111,1.3213119870593275
2025-05-16 15:27:40+00:00,13474053,67728614178,51258608745946351777966,0,55908815504816111,1.3213119870982868
2025-05-16 15:27:42+00:00,13474055,67728614179,51258608745946351777965,0,55908815504816111,1.3213119871177958
2025-05-16 15:28:09+00:00,13474082,67728604179,51258601177711069027692,0,55908807249986718,1.3213119871177958
2025-05-16 15:28:26+00:00,13474099,67728604180,51258601176956515970046,0,55908807249986718,1.3213119871567551
2025-05-16 15:28:35+00:00,13474108,67728591007,51258611176956515970046,0,55908807249986718,1.321311472392128
2025-05-16 15:28:45+00:00,13474118,67728591006,51258611177956515970046,0,55908807249986718,1.3213114723468418
2025-05-16 15:28:50+00:00,13474123,67728591005,51258611178956515970046,0,55908807249986718,1.3213114723015553
2025-05-16 15:28:54+00:00,13474127,67728577832,51258621178956515970046,0,55908807249986718,1.3213109575371291
2025-05-16 15:28:55+00:00,13474128,67728577845,51258621188956515970046,0,55908807260718000,1.3213109575329716
2025-05-16 15:29:00+00:00,13474133,67728577844,51258621188162609249068,0,55908807259852070,1.3213109575339275
2025-05-16 15:29:12+00:00,13474145,67728577845,51258621187408055603463,0,55908807259852070,1.3213109575728867
2025-05-16 15:29:12+00:00,13474145,67728564672,51258631187408055603463,0,55908807259852070,1.3213104428086615
2025-05-16 15:29:29+00:00,13474162,67728551499,51258641187408055603463,0,55908807259852070,1.321309928044637
2025-05-16 15:29:38+00:00,13474171,67728538326,51258651187408055603463,0,55908807259852070,1.3213094132808132
2025-05-16 15:29:54+00:00,13474187,67728638326,51258575732066381336453,0,55908807259852070,1.321313309211404
2025-05-16 15:29:58+00:00,13474191,67728638327,51258575731311829033805,0,55908807259852070,1.3213133092503635
2025-05-16 15:30:14+00:00,13474207,67728648327,51258583299539538533999,0,55908815514677302,1.3213133092503635
2025-05-16 15:30:33+00:00,13474226,67728658327,51258590867767248034193,0,55908823769502534,1.3213133092503635
2025-05-16 15:30:45+00:00,13474238,67728658328,51258590867012695731567,0,55908823769502534,1.3213133092893228
2025-05-16 15:30:47+00:00,13474240,67728658329,51258590866258143428964,0,55908832024327765,1.321313309328282
2025-05-16 15:30:47+00:00,13474240,67728668329,51258598434485852482855,0,55908832024327765,1.321313309328282
2025-05-16 15:30:52+00:00,13474245,67728668330,51258598433731300180274,0,55908832024327765,1.3213133093672413
2025-05-16 15:30:57+00:00,13474250,67728655157,51258608433731300180274,0,55908832024327765,1.3213127946023286
2025-05-16 15:30:58+00:00,13474251,67728655221,51258608482569329680322,0,55908832077158656,1.321312794591983
2025-05-16 15:31:03+00:00,13474256,67728655154,51258608431697372909990,0,55908832021671553,1.3213127945962313
2025-05-16 15:31:11+00:00,13474264,67728665154,51258615999928030250907,0,55908840276498390,1.3213127945962313
2025-05-16 15:31:31+00:00,13474284,67728651981,51258625999928030250907,0,55908840276498390,1.3213122798315955
2025-05-16 15:31:32+00:00,13474285,67728651982,51258625999173477360419,0,55908840276498390,1.3213122798705548
2025-05-16 15:31:45+00:00,13474298,67728751982,51258550543995503427838,0,55908840276498390,1.32131617580306
2025-05-16 15:32:08+00:00,13474321,67728711982,51258520271115948180435,0,55908807257195858,1.3213161758039467
2025-05-16 15:32:10+00:00,13474323,67728711981,51258520272115948180435,0,55908807257195858,1.3213161757586602
2025-05-16 15:32:15+00:00,13474328,67728711980,51258520273115948180435,0,55908807257195858,1.3213161757133738
2025-05-16 15:32:16+00:00,13474329,67728711981,51258520272361397514735,0,55908807257195858,1.321316175752333
2025-05-16 15:32:17+00:00,13474330,67728698808,51258530272361397514735,0,55908807257195858,1.3213156609860763
2025-05-16 15:32:25+00:00,13474338,67728698807,51258530271567492201847,0,55908807256329928,1.3213156609870322
2025-05-16 15:32:26+00:00,13474339,67728685634,51258540271567492201847,0,55908807256329928,1.3213151462209762
2025-05-16 15:32:35+00:00,13474348,67728672461,51258550271567492201847,0,55908807256329928,1.3213146314551212
2025-05-16 15:32:47+00:00,13474360,67728659288,51258560271567492201847,0,55908807256329928,1.3213141166894669
2025-05-16 15:33:01+00:00,13474374,67728659289,51258560270812940360319,0,55908815511152604,1.3213141167284261
2025-05-16 15:33:01+00:00,13474374,67728669289,51258567839036024784785,0,55908815511152604,1.3213141167284261
2025-05-16 15:33:29+00:00,13474402,67728659290,51258560270812941028817,0,55908807256329928,1.3213141167479352
2025-05-16 15:33:47+00:00,13474420,67728659291,51258560270058389187323,0,55908807256329928,1.3213141167868945
2025-05-16 15:33:58+00:00,13474431,67728669291,51258567838281473276895,0,55908815511152604,1.3213141167868945
2025-05-16 15:34:12+00:00,13474445,67728679291,51258575406504557366467,0,55908823765975280,1.3213141167868945
2025-05-16 15:34:21+00:00,13474454,67728679292,51258575405750005524995,0,55908823765975280,1.3213141168258538
2025-05-16 15:34:27+00:00,13474460,67728679356,51258575454588035025043,0,55908823818806145,1.3213141168155067
2025-05-16 15:34:31+00:00,13474464,67728679357,51258575453833483183587,0,55908823818806145,1.321314116854466
2025-05-16 15:34:32+00:00,13474465,67728679290,51258575402961551678503,0,55908823763319042,1.321314116858715
2025-05-16 15:34:37+00:00,13474470,67728679291,51258575402961551678502,0,55908823763319042,1.321314116878224
2025-05-16 15:34:48+00:00,13474481,67728689291,51258582971184635244956,0,55908832018141718,1.321314116878224
2025-05-16 15:35:18+00:00,13474511,67728689292,51258582970430083403536,0,55908832018141718,1.3213141169171834
2025-05-16 15:35:41+00:00,13474534,67728659292,51258560266760832851784,0,55908807253673690,1.321314116891406
2025-05-16 15:35:41+00:00,13474534,67728689291,51258582971430083403536,0,55908807253673690,1.321314116871897
2025-05-16 15:35:46+00:00,13474539,67728659291,51258560267760832851784,0,55908807253673690,1.3213141168461195
2025-05-16 15:35:50+00:00,13474543,67728659304,51258560277760832851784,0,55908807264404959,1.3213141168419615
2025-05-16 15:35:55+00:00,13474548,67728659303,51258560276966927074267,0,55908807263539029,1.3213141168429174
2025-05-16 15:36:03+00:00,13474556,67728659304,51258560276212375232827,0,55908807263539029,1.3213141168818767
2025-05-16 15:36:22+00:00,13474575,67728669304,51258567844435458778360,0,55908815518361704,1.3213141168818767
2025-05-16 15:36:48+00:00,13474601,67728669305,51258567843680906936942,0,55908815518361704,1.321314116920836
2025-05-16 15:36:56+00:00,13474609,67728679305,51258575411903990259323,0,55908823773184379,1.321314116920836
2025-05-16 15:37:05+00:00,13474618,67728666132,51258585411903990259323,0,55908823773184379,1.3213136021555347
2025-05-16 15:37:14+00:00,13474627,67728652959,51258595411903990259323,0,55908823773184379,1.321313087390434
2025-05-16 15:37:34+00:00,13474647,67728652960,51258595411149437830002,0,55908823773184379,1.3213130874293935
2025-05-16 15:37:44+00:00,13474657,67728639787,51258605411149437830002,0,55908823773184379,1.3213125726644936
2025-05-16 15:37:53+00:00,13474666,67728626614,51258615411149437830002,0,55908823773184379,1.3213120578997948
2025-05-16 15:37:54+00:00,13474667,67728626615,51258615410394884812777,0,55908823773184379,1.321312057938754
2025-05-16 15:38:00+00:00,13474673,67728626679,51258615459232914312825,0,55908823826015285,1.321312057928409
2025-05-16 15:38:05+00:00,13474678,67728626612,51258615408360943110663,0,55908823770528182,1.321312057932657
2025-05-16 15:38:10+00:00,13474683,67728626613,51258615408360943110662,0,55908823770528182,1.321312057952166
2025-05-16 15:38:20+00:00,13474693,67728626614,51258615407606390093466,0,55908823770528182,1.3213120579911253
2025-05-16 15:38:22+00:00,13474695,67728613441,51258625407606390093466,0,55908823770528182,1.3213115432266271
2025-05-16 15:38:31+00:00,13474704,67728600268,51258635407606390093466,0,55908823770528182,1.32131102846233
2025-05-16 15:38:48+00:00,13474721,67728587095,51258645407606390093466,0,55908823770528182,1.3213105136982335
2025-05-16 15:39:05+00:00,13474738,67728587096,51258645406851836194402,0,55908823770528182,1.3213105137371928
2025-05-16 15:39:14+00:00,13474747,67728587095,51258645407851836194402,0,55908823770528182,1.3213105136919066
2025-05-16 15:39:20+00:00,13474753,67728587094,51258645408851836194402,0,55908823770528182,1.3213105136466203
2025-05-16 15:39:26+00:00,13474759,67728587107,51258645418851836194402,0,55908823781259466,1.321310513642463
2025-05-16 15:39:28+00:00,13474761,67728573934,51258655418851836194402,0,55908823781259466,1.3213099988785675
2025-05-16 15:39:38+00:00,13474771,67728553935,51258640282382047560340,0,55908807271614116,1.3213099988974693
2025-05-16 15:39:51+00:00,13474784,67728553936,51258640281627493367292,0,55908807271614116,1.3213099989364285
2025-05-16 15:40:00+00:00,13474793,67728563936,51258647849874163754536,0,55908815526449635,1.3213099989364285
2025-05-16 15:40:14+00:00,13474807,67728573936,51258655418120834141780,0,55908823781285154,1.3213099989364285
2025-05-16 15:40:23+00:00,13474816,67728673936,51258579962812604537590,0,55908823781285154,1.3213138948666978
2025-05-16 15:40:33+00:00,13474826,67728660763,51258589962812604537590,0,55908823781285154,1.3213133801014856
2025-05-16 15:40:37+00:00,13474830,67728647590,51258599962812604537590,0,55908823781285154,1.3213128653364739
2025-05-16 15:40:37+00:00,13474830,67728647591,51258599962058051981462,0,55908823781285154,1.3213128653754334
2025-05-16 15:41:12+00:00,13474865,67728627591,51258584825581088119909,0,55908807271614116,1.3213128653758577
2025-05-16 15:41:17+00:00,13474870,67728627592,51258584824826535563803,0,55908807271614116,1.321312865414817
2025-05-16 15:41:22+00:00,13474875,67728627593,51258584824071983007720,0,55908807271614116,1.3213128654537762
2025-05-16 15:41:23+00:00,13474876,67728627594,51258584823317430451659,0,55908807271614116,1.3213128654927355
2025-05-16 15:41:28+00:00,13474881,67728627658,51258584872155459951707,0,55908807324445005,1.3213128654823896
2025-05-16 15:41:37+00:00,13474890,67728627659,51258584872155459951706,0,55908807324445005,1.3213128655018986
2025-05-16 15:41:47+00:00,13474900,67728637659,51258592440385711158346,0,55908815579271546,1.3213128655018986
2025-05-16 15:42:08+00:00,13474921,67728637660,51258592439631158602312,0,55908815579271546,1.321312865540858
2025-05-16 15:42:32+00:00,13474945,67728624487,51258602439631158602312,0,55908815579271546,1.3213123507759716
2025-05-16 15:42:41+00:00,13474954,67728624486,51258602440631158602312,0,55908815579271546,1.3213123507306854
2025-05-16 15:42:46+00:00,13474959,67728614486,51258594873399431683612,0,55908807324445005,1.32131235070487
2025-05-16 15:42:46+00:00,13474959,67728614487,51258594872399431683612,0,55908807324445005,1.3213123507501563
2025-05-16 15:42:51+00:00,13474964,67728614499,51258594883399431683612,0,55908807335176281,1.321312350700712
2025-05-16 15:42:52+00:00,13474965,67728614500,51258594882644878833594,0,55908807335176281,1.3213123507396716
2025-05-16 15:43:12+00:00,13474985,67728601327,51258604882644878833594,0,55908807335176281,1.32131183597491
2025-05-16 15:43:29+00:00,13475002,67728611327,51258597337114549871925,0,55908807335176281,1.3213122255680627
2025-05-16 15:43:38+00:00,13475011,67728611328,51258597336359996950449,0,55908807335176281,1.321312225607022
2025-05-16 15:43:46+00:00,13475019,67728621328,51258604904593913355721,0,55908815590004814,1.321312225607022
2025-05-16 15:44:16+00:00,13475049,67728631328,51258612472827829760993,0,55908823844833347,1.321312225607022
2025-05-16 15:44:23+00:00,13475056,67728631329,51258612472073276839539,0,55908823844833347,1.3213122256459813
2025-05-16 15:44:31+00:00,13475064,67728618156,51258622472073276839539,0,55908823844833347,1.3213117108814212
2025-05-16 15:44:41+00:00,13475074,67728608157,51258614903837884889903,0,55908815590004814,1.321311710900892
2025-05-16 15:44:46+00:00,13475079,67728608158,51258614903083331674519,0,55908815590004814,1.3213117109398513
2025-05-16 15:44:51+00:00,13475084,67728608159,51258614902328778459157,0,55908815590004814,1.3213117109788106
2025-05-16 15:44:57+00:00,13475090,67728608223,51258614951166807959205,0,55908815642835726,1.3213117109684658
2025-05-16 15:45:02+00:00,13475095,67728608156,51258614900294829815322,0,55908815587348623,1.3213117109727137
2025-05-16 15:45:07+00:00,13475100,67728608157,51258614900294829815321,0,55908815587348623,1.3213117109922226
2025-05-16 15:45:09+00:00,13475102,67728608158,51258614899540276599989,0,55908815587348623,1.321311711031182
2025-05-16 15:45:26+00:00,13475119,67728594985,51258624899540276599989,0,55908815587348623,1.3213111962667465
2025-05-16 15:45:37+00:00,13475130,67728584986,51258617331303408444658,0,55908807332520090,1.3213111962861794
2025-05-16 15:45:55+00:00,13475148,67728594986,51258624899543220615389,0,55908815587351834,1.3213111962861794
2025-05-16 15:45:55+00:00,13475148,67728594987,51258624898788667106127,0,55908815587351834,1.3213111963251387
2025-05-16 15:46:11+00:00,13475164,67728594986,51258624899788667106127,0,55908815587351834,1.3213111962798525
2025-05-16 15:46:16+00:00,13475169,67728594985,51258624900788667106127,0,55908815587351834,1.3213111962345663
2025-05-16 15:46:20+00:00,13475173,67728604985,51258617355254684818850,0,55908815587351834,1.3213115858275666
2025-05-16 15:46:21+00:00,13475174,67728604998,51258617365254684818850,0,55908815598083113,1.321311585823409
2025-05-16 15:46:22+00:00,13475175,67728591825,51258627365254684818850,0,55908815598083113,1.3213110710590228
2025-05-16 15:46:40+00:00,13475193,67728591826,51258627364500131238075,0,55908815598083113,1.321311071097982
2025-05-16 15:46:59+00:00,13475212,67728581827,51258619796259956662633,0,55908807343251369,1.3213110711174818
2025-05-16 15:47:13+00:00,13475226,67728591827,51258627364500485777876,0,55908815598083499,1.3213110711174818
2025-05-16 15:47:25+00:00,13475238,67728591828,51258627363745932197135,0,55908815598083499,1.321311071156441
2025-05-16 15:47:39+00:00,13475252,67728601828,51258634931986461089226,0,55908823852915629,1.321311071156441
2025-05-16 15:47:54+00:00,13475267,67728588655,51258644931986461089226,0,55908823852915629,1.3213105563923315
2025-05-16 15:47:56+00:00,13475269,67728575482,51258654931986461089226,0,55908823852915629,1.321310041628423
2025-05-16 15:48:10+00:00,13475283,67728575483,51258654931231906920580,0,55908823852915629,1.3213100416673822
2025-05-16 15:48:19+00:00,13475292,67728575484,51258654930477352751956,0,55908823852915629,1.3213100417063415
2025-05-16 15:48:20+00:00,13475293,67728585484,51258647384936777362942,0,55908823852915629,1.3213104312991137
2025-05-16 15:48:25+00:00,13475298,67728585548,51258647433774806862990,0,55908823905746567,1.32131043128877
2025-05-16 15:48:30+00:00,13475303,67728585481,51258647382902804000018,0,55908823850259464,1.3213104312930173
2025-05-16 15:48:35+00:00,13475308,67728585482,51258647382902804000017,0,55908823850259464,1.3213104313125263
2025-05-16 15:48:41+00:00,13475314,67728595482,51258654951146997808795,0,55908832105093586,1.3213104313125263
2025-05-16 15:48:50+00:00,13475323,67728582309,51258664951146997808795,0,55908832105093586,1.3213099165487427
2025-05-16 15:48:55+00:00,13475328,67728582310,51258664950392443568720,0,55908832105093586,1.321309916587702
2025-05-16 15:48:59+00:00,13475332,67728569137,51258674950392443568720,0,55908832105093586,1.3213094018241192
2025-05-16 15:49:34+00:00,13475367,67728539138,51258652245654657482699,0,55908807340595204,1.3213094018433063
2025-05-16 15:49:37+00:00,13475370,67728539137,51258652246654657482699,0,55908807340595204,1.32130940179802
2025-05-16 15:49:40+00:00,13475373,67728539138,51258652245900102948668,0,55908807340595204,1.3213094018369793
2025-05-16 15:49:42+00:00,13475375,67728539137,51258652246900102948668,0,55908807340595204,1.321309401791693
2025-05-16 15:49:47+00:00,13475380,67728539150,51258652256900102948668,0,55908807351326492,1.3213094017875358
2025-05-16 15:49:51+00:00,13475384,67728539149,51258652256106195747789,0,55908807350460562,1.3213094017884917
2025-05-16 15:49:55+00:00,13475388,67728525976,51258662256106195747789,0,55908807350460562,1.321308887024882
2025-05-16 15:50:19+00:00,13475412,67728512803,51258672256106195747789,0,55908807350460562,1.321308372261473
2025-05-16 15:50:25+00:00,13475418,67728512804,51258672255351640625824,0,55908807350460562,1.3213083723004322
2025-05-16 15:50:33+00:00,13475426,67728499631,51258682255351640625824,0,55908807350460562,1.3213078575372241
2025-05-16 15:51:09+00:00,13475462,67728486458,51258692255351640625824,0,55908807350460562,1.3213073427742168
2025-05-16 15:51:11+00:00,13475464,67728486459,51258692254597084915953,0,55908807350460562,1.321307342813176
2025-05-16 15:51:29+00:00,13475482,67728473286,51258702254597084915953,0,55908807350460562,1.3213068280503695
2025-05-16 15:51:38+00:00,13475491,67728473287,51258702253842528912140,0,55908807350460562,1.3213068280893288
2025-05-16 15:51:43+00:00,13475496,67728473288,51258702253087972908349,0,55908807350460562,1.321306828128288
2025-05-16 15:51:49+00:00,13475502,67728473352,51258702301926002408397,0,55908807403291572,1.3213068281179479
2025-05-16 15:51:54+00:00,13475507,67728473285,51258702251053930075374,0,55908807347804469,1.3213068281221934
2025-05-16 15:51:56+00:00,13475509,67728473286,51258702250299374071602,0,55908807347804469,1.3213068281611526
2025-05-16 15:51:59+00:00,13475512,67728473287,51258702250299374071601,0,55908807347804469,1.3213068281806615
2025-05-16 15:52:00+00:00,13475513,67728573287,51258626794810073628656,0,55908807347804469,1.3213107241073712
2025-05-16 15:52:15+00:00,13475528,67728560114,51258636794810073628656,0,55908807347804469,1.3213102093432478
2025-05-16 15:52:29+00:00,13475542,67728546941,51258646794810073628656,0,55908807347804469,1.321309694579325
2025-05-16 15:52:42+00:00,13475555,67728546942,51258646794055519261822,0,55908807347804469,1.3213096946182843
2025-05-16 15:52:48+00:00,13475561,67728556942,51258654362303932733819,0,55908815602640852,1.3213096946182843
2025-05-16 15:53:01+00:00,13475574,67728556941,51258654363303932733819,0,55908815602640852,1.321309694572998
2025-05-16 15:53:03+00:00,13475576,67728543768,51258664363303932733819,0,55908815602640852,1.3213091798093524
2025-05-16 15:53:12+00:00,13475585,67728543781,51258664373303932733819,0,55908815613372141,1.3213091798051952
2025-05-16 15:53:12+00:00,13475585,67728530608,51258674373303932733819,0,55908815613372141,1.3213086650417505
2025-05-16 15:53:17+00:00,13475590,67728530607,51258674372510025307717,0,55908815612506211,1.3213086650427062
2025-05-16 15:53:28+00:00,13475601,67728530608,51258674371755470352950,0,55908815612506211,1.3213086650816654
2025-05-16 15:53:45+00:00,13475618,67728540608,51258681940009780848926,0,55908823867345805,1.3213086650816654
2025-05-16 15:54:14+00:00,13475647,67728540609,51258681939255225894181,0,55908823867345805,1.3213086651206247
2025-05-16 15:54:32+00:00,13475665,67728527436,51258691939255225894181,0,55908823867345805,1.3213081503574566
2025-05-16 15:54:41+00:00,13475674,67728514263,51258701939255225894181,0,55908823867345805,1.3213076355944895
2025-05-16 15:54:55+00:00,13475688,67728524263,51258709507515433140125,0,55908832122188610,1.3213076355944895
2025-05-16 15:55:00+00:00,13475693,67728524264,51258709506760877597474,0,55908832122188610,1.3213076356334488
2025-05-16 15:55:05+00:00,13475698,67728524265,51258709506006322054845,0,55908832122188610,1.321307635672408
2025-05-16 15:55:10+00:00,13475703,67728524266,51258709505251766512239,0,55908832122188610,1.3213076357113673
2025-05-16 15:55:16+00:00,13475709,67728524330,51258709554089796012287,0,55908832175019603,1.3213076357010263
2025-05-16 15:55:21+00:00,13475714,67728524263,51258709503217739021878,0,55908832119532500,1.3213076357052722
2025-05-16 15:55:26+00:00,13475719,67728524264,51258709503217739021877,0,55908832119532500,1.321307635724781
2025-05-16 15:55:28+00:00,13475721,67728511091,51258719503217739021877,0,55908832119532500,1.3213071209620908
2025-05-16 15:55:40+00:00,13475733,67728497918,51258729503217739021877,0,55908832119532500,1.3213066061996013
2025-05-16 15:55:47+00:00,13475740,67728497919,51258729502463182891372,0,55908832119532500,1.3213066062385603
2025-05-16 15:55:49+00:00,13475742,67728467920,51258706797682535868594,0,55908807355013718,1.321306606257614
2025-05-16 15:56:08+00:00,13475761,67728477920,51258714365948639012793,0,55908815609859733,1.321306606257614
2025-05-16 15:56:30+00:00,13475783,67728467921,51258706797682536392060,0,55908807355013718,1.3213066062771228
2025-05-16 15:56:31+00:00,13475784,67728467920,51258706798682536392060,0,55908807355013718,1.3213066062318368
2025-05-16 15:56:32+00:00,13475785,67728467921,51258706797927980261573,0,55908807355013718,1.321306606270796
2025-05-16 15:56:39+00:00,13475792,67728567921,51258631342426007282389,0,55908807355013718,1.32131050219716
2025-05-16 15:56:41+00:00,13475794,67728567934,51258631352426007282389,0,55908807365745001,1.3213105021930027
2025-05-16 15:56:46+00:00,13475799,67728567933,51258631351632100405488,0,55908807364879071,1.3213105021939586
2025-05-16 15:57:14+00:00,13475827,67728554760,51258641351632100405488,0,55908807364879071,1.3213099874299241
2025-05-16 15:57:37+00:00,13475850,67728564760,51258648919878836700101,0,55908815619714503,1.3213099874299241
2025-05-16 15:58:04+00:00,13475877,67728564761,51258648919124282500504,0,55908815619714503,1.3213099874688834
2025-05-16 15:58:10+00:00,13475883,67728554762,51258641350877547099596,0,55908807364879071,1.3213099874883922
2025-05-16 15:58:27+00:00,13475900,67728564762,51258648919124283059313,0,55908815619714503,1.3213099874883922
2025-05-16 15:58:34+00:00,13475907,67728564763,51258648918369728859749,0,55908815619714503,1.3213099875273515
2025-05-16 15:58:36+00:00,13475909,67728551590,51258658918369728859749,0,55908815619714503,1.321309472763594
2025-05-16 15:58:39+00:00,13475912,67728551591,51258658917615174366244,0,55908815619714503,1.3213094728025532
2025-05-16 15:58:45+00:00,13475918,67728551655,51258658966453203866292,0,55908815672545460,1.3213094727922106
2025-05-16 15:58:50+00:00,13475923,67728551589,51258658914826627572671,0,55908815617058357,1.3213094728354167
2025-05-16 15:58:50+00:00,13475923,67728551588,51258658915581182066157,0,55908815617058357,1.3213094727964574
2025-05-16 15:59:28+00:00,13475961,67728538416,51258668914826627572671,0,55908815617058357,1.3213089580718598
2025-05-16 15:59:35+00:00,13475968,67728538417,51258668914072072785243,0,55908815617058357,1.321308958110819
2025-05-16 15:59:37+00:00,13475970,67728525244,51258678914072072785243,0,55908815617058357,1.3213084433474631
2025-05-16 15:59:56+00:00,13475989,67728525243,51258678915072072785243,0,55908815617058357,1.321308443302177
2025-05-16 16:00:01+00:00,13475994,67728525242,51258678916072072785243,0,55908815617058357,1.3213084432568907
2025-05-16 16:00:06+00:00,13475999,67728525255,51258678926072072785243,0,55908815627789649,1.3213084432527338
2025-05-16 16:00:12+00:00,13476005,67728512081,51258688925278165133948,0,55908815626923719,1.3213079284905347
2025-05-16 16:00:12+00:00,13476005,67728512082,51258688926072072785243,0,55908815626923719,1.3213079284895788
2025-05-16 16:00:22+00:00,13476015,67728512082,51258688924523609758560,0,55908807372088287,1.3213079285294937
2025-05-16 16:00:22+00:00,13476015,67728502083,51258681356270968608746,0,55908807372088287,1.321307928548851
2025-05-16 16:01:09+00:00,13476062,67728502084,51258681355516413233392,0,55908807372088287,1.3213079285878102
2025-05-16 16:01:45+00:00,13476098,67728488911,51258691355516413233392,0,55908807372088287,1.32130741382478
2025-05-16 16:01:54+00:00,13476107,67728488912,51258691354761857564096,0,55908807372088287,1.3213074138637393
2025-05-16 16:01:59+00:00,13476112,67728498912,51258698923023334852118,0,55908815626931746,1.3213074138637393
2025-05-16 16:02:01+00:00,13476114,67728498913,51258698922268779182844,0,55908815626931746,1.3213074139026986
2025-05-16 16:02:06+00:00,13476119,67728498914,51258698921514223513592,0,55908815626931746,1.3213074139416578
2025-05-16 16:02:12+00:00,13476125,67728498978,51258698970352253013640,0,55908815679762744,1.321307413931317
2025-05-16 16:02:17+00:00,13476130,67728498911,51258698919480191517918,0,55908815624275641,1.3213074139355627
2025-05-16 16:02:22+00:00,13476135,67728498912,51258698919480191517917,0,55908815624275641,1.3213074139550718
2025-05-16 16:02:23+00:00,13476136,67728488913,51258691351218714903896,0,55908807369432182,1.3213074139745806
2025-05-16 16:02:33+00:00,13476146,67728475740,51258701351218714903896,0,55908807369432182,1.3213068992117512
2025-05-16 16:02:40+00:00,13476153,67728475741,51258701350464158940721,0,55908807369432182,1.3213068992507104
2025-05-16 16:03:24+00:00,13476197,67728475740,51258701351464158940721,0,55908807369432182,1.3213068992054242
2025-05-16 16:03:26+00:00,13476199,67728475741,51258701350709602977542,0,55908807369432182,1.3213068992443835
2025-05-16 16:03:29+00:00,13476202,67728475740,51258701351709602977542,0,55908807369432182,1.3213068991990975
2025-05-16 16:03:34+00:00,13476207,67728475753,51258701361709602977542,0,55908807380163480,1.3213068991949406
2025-05-16 16:03:39+00:00,13476212,67728475752,51258701360915695016524,0,55908807379297550,1.3213068991958965
2025-05-16 16:03:47+00:00,13476220,67728485752,51258708929180120250107,0,55908815634142614,1.3213068991958965
2025-05-16 16:04:02+00:00,13476235,67728472579,51258718929180120250107,0,55908815634142614,1.3213063844333441
2025-05-16 16:04:10+00:00,13476243,67728472580,51258718928425563992958,0,55908815634142614,1.3213063844723034
2025-05-16 16:04:11+00:00,13476244,67728459407,51258728928425563992958,0,55908815634142614,1.3213058697099518
2025-05-16 16:04:21+00:00,13476254,67728449408,51258721360158186436004,0,55908807379297550,1.3213058697293847
2025-05-16 16:04:55+00:00,13476288,67728449409,51258721359403629884924,0,55908807379297550,1.321305869768344
2025-05-16 16:05:28+00:00,13476321,67728449410,51258721358649073333866,0,55908807379297550,1.321305869807303
2025-05-16 16:05:33+00:00,13476326,67728449411,51258721357894516782831,0,55908807379297550,1.3213058698462623
2025-05-16 16:05:39+00:00,13476332,67728449475,51258721406732546282879,0,55908807432128578,1.321305869835923
2025-05-16 16:05:42+00:00,13476335,67728449476,51258721405977989731860,0,55908807432128578,1.3213058698748823
2025-05-16 16:05:44+00:00,13476337,67728449409,51258721355105898465121,0,55908807376641475,1.3213058698791273
2025-05-16 16:05:49+00:00,13476342,67728449410,51258721355105898465120,0,55908807376641475,1.3213058698986362
2025-05-16 16:06:05+00:00,13476358,67728436237,51258731355105898465120,0,55908807376641475,1.3213053551364093
2025-05-16 16:06:20+00:00,13476373,67728446237,51258738923379167869690,0,55908815631491355,1.3213053551364093
2025-05-16 16:06:27+00:00,13476380,67728446238,51258738922624611024742,0,55908815631491355,1.3213053551753686
2025-05-16 16:06:35+00:00,13476388,67728456238,51258746490897880206159,0,55908823886341235,1.3213053551753686
2025-05-16 16:06:53+00:00,13476406,67728456237,51258746491897880206159,0,55908823886341235,1.3213053551300826
2025-05-16 16:06:58+00:00,13476411,67728456236,51258746492897880206159,0,55908823886341235,1.3213053550847964
2025-05-16 16:07:03+00:00,13476416,67728456249,51258746502897880206159,0,55908823897072539,1.32130535508064
2025-05-16 16:07:08+00:00,13476421,67728456248,51258746502103971780524,0,55908823896206609,1.3213053550815959
2025-05-16 16:07:12+00:00,13476425,67728456249,51258746501349414935545,0,55908823896206609,1.3213053551205551
2025-05-16 16:07:36+00:00,13476449,67728443076,51258756501349414935545,0,55908823896206609,1.3213048403586811
2025-05-16 16:07:46+00:00,13476459,67728423077,51258741364799923583328,0,55908807386506849,1.3213048403781142
2025-05-16 16:07:58+00:00,13476471,67728423078,51258741364045366444417,0,55908807386506849,1.3213048404170733
2025-05-16 16:08:21+00:00,13476494,67728409905,51258751364045366444417,0,55908807386506849,1.3213043256552484
2025-05-16 16:08:44+00:00,13476517,67728409906,51258751363290809011563,0,55908807386506849,1.3213043256942074
2025-05-16 16:08:53+00:00,13476526,67728419906,51258758931569974938038,0,55908815641359940,1.3213043256942074
2025-05-16 16:09:01+00:00,13476534,67728419907,51258758930815417505207,0,55908815641359940,1.3213043257331667
2025-05-16 16:09:08+00:00,13476541,67728419971,51258758979653447005255,0,55908823949044089,1.321304325722829
2025-05-16 16:09:08+00:00,13476541,67728429971,51258766547932612767789,0,55908823949044089,1.321304325722829
2025-05-16 16:09:17+00:00,13476550,67728429972,51258766547932612767788,0,55908823949044089,1.3213043257423378
2025-05-16 16:09:25+00:00,13476558,67728409973,51258751411374282044606,0,55908807439337908,1.3213043257618466
2025-05-16 16:09:35+00:00,13476568,67728396800,51258761411374282044606,0,55908807439337908,1.3213038110002229
2025-05-16 16:09:50+00:00,13476583,67728406800,51258768979656396080159,0,55908815694192604,1.3213038110002229
2025-05-16 16:10:00+00:00,13476593,67728393627,51258778979656396080159,0,55908815694192604,1.321303296238876
2025-05-16 16:10:15+00:00,13476608,67728393628,51258778978901838059436,0,55908815694192604,1.321303296277835
2025-05-16 16:10:16+00:00,13476609,67728380455,51258788978901838059436,0,55908815694192604,1.321302781516689
2025-05-16 16:10:21+00:00,13476614,67728380454,51258788979901838059436,0,55908815694192604,1.3213027814714031
2025-05-16 16:10:23+00:00,13476616,67728367281,51258798979901838059436,0,55908815694192604,1.3213022667104577
2025-05-16 16:10:25+00:00,13476618,67728467281,51258723524152046323083,0,55908815694192604,1.3213061626298157
2025-05-16 16:10:26+00:00,13476619,67728467280,51258723525152046323083,0,55908815694192604,1.3213061625845295
2025-05-16 16:10:31+00:00,13476624,67728467293,51258723535152046323083,0,55908815704923905,1.321306162580373
2025-05-16 16:10:36+00:00,13476629,67728467292,51258723534358138136849,0,55908815704057975,1.3213061625813287
2025-05-16 16:10:45+00:00,13476638,67728477292,51258715988795410355252,0,55908815704057975,1.3213065521735796
2025-05-16 16:10:58+00:00,13476651,67728464119,51258725988795410355252,0,55908815704057975,1.3213060374111656
2025-05-16 16:11:00+00:00,13476653,67728464120,51258725988040853899930,0,55908815704057975,1.3213060374501249
2025-05-16 16:11:46+00:00,13476699,67728464121,51258725987286297444630,0,55908815704057975,1.3213060374890842
2025-05-16 16:11:48+00:00,13476701,67728450948,51258735987286297444630,0,55908815704057975,1.321305522726871
2025-05-16 16:12:00+00:00,13476713,67728437775,51258745987286297444630,0,55908815704057975,1.321305007964859
2025-05-16 16:12:14+00:00,13476727,67728447775,51258753555561555405324,0,55908823958908897,1.321305007964859
2025-05-16 16:12:22+00:00,13476735,67728457775,51258761123836813366018,0,55908832213759819,1.321305007964859
2025-05-16 16:12:23+00:00,13476736,67728444603,51258771123082256322811,0,55908832213759819,1.3213044932421587
2025-05-16 16:12:23+00:00,13476736,67728457776,51258761123082256322811,0,55908832213759819,1.321305008003818
2025-05-16 16:12:28+00:00,13476741,67728444604,51258771122327698985661,0,55908832213759819,1.321304493281118
2025-05-16 16:12:34+00:00,13476747,67728444668,51258771171165728485709,0,55908832266590875,1.32130449327078
2025-05-16 16:12:38+00:00,13476751,67728431495,51258781171165728485709,0,55908832266590875,1.321303978509322
2025-05-16 16:12:39+00:00,13476752,67728431428,51258781120293600501764,0,55908832211103772,1.321303978513566
2025-05-16 16:12:44+00:00,13476757,67728431429,51258781120293600501763,0,55908832211103772,1.321303978533075
2025-05-16 16:12:48+00:00,13476761,67728411430,51258765983733719619997,0,55908815701398154,1.3213039785525211
2025-05-16 16:12:50+00:00,13476763,67728401431,51258758415455509233493,0,55908807446547232,1.321303978571954
2025-05-16 16:13:02+00:00,13476775,67728411431,51258765983736663436822,0,55908815701401364,1.321303978571954
2025-05-16 16:13:11+00:00,13476784,67728398258,51258775983736663436822,0,55908815701401364,1.3213034638105445
2025-05-16 16:13:17+00:00,13476790,67728398259,51258775982982105511794,0,55908823956257102,1.3213034638495036
2025-05-16 16:13:17+00:00,13476790,67728408259,51258783551266207988800,0,55908823956257102,1.3213034638495036
2025-05-16 16:13:25+00:00,13476798,67728418259,51258791119550310465806,0,55908832211112840,1.3213034638495036
2025-05-16 16:13:40+00:00,13476813,67728398260,51258775982983578483559,0,55908815701402970,1.3213034638689745
2025-05-16 16:13:47+00:00,13476820,67728398259,51258775983983578483559,0,55908815701402970,1.3213034638236885
2025-05-16 16:13:48+00:00,13476821,67728388260,51258768415699476131784,0,55908807446547232,1.3213034638431973
2025-05-16 16:13:49+00:00,13476822,67728375087,51258778415699476131784,0,55908807446547232,1.3213029490819126
2025-05-16 16:13:57+00:00,13476830,67728375100,51258778425699476131784,0,55908807457278546,1.3213029490777566
2025-05-16 16:13:59+00:00,13476832,67728385100,51258770880118397001770,0,55908807457278546,1.32130333866959
2025-05-16 16:14:02+00:00,13476835,67728385099,51258770879324487965128,0,55908807456412616,1.321303338670546
2025-05-16 16:14:10+00:00,13476843,67728371926,51258780879324487965128,0,55908807456412616,1.32130282390931
2025-05-16 16:14:19+00:00,13476852,67728358753,51258790879324487965128,0,55908807456412616,1.3213023091482754
2025-05-16 16:14:36+00:00,13476869,67728345580,51258800879324487965128,0,55908807456412616,1.3213017943874412
2025-05-16 16:14:45+00:00,13476878,67728445580,51258725423547723253729,0,55908807456412616,1.3213056903066547
2025-05-16 16:14:46+00:00,13476879,67728445581,51258725422793166600186,0,55908807456412616,1.321305690345614
2025-05-16 16:15:04+00:00,13476897,67728432408,51258735422793166600186,0,55908807456412616,1.321305175583463
2025-05-16 16:15:32+00:00,13476925,67728432409,51258735422038609652701,0,55908807456412616,1.3213051756224221
2025-05-16 16:15:50+00:00,13476943,67728419236,51258745422038609652701,0,55908807456412616,1.3213046608604722
2025-05-16 16:15:55+00:00,13476948,67728419237,51258745421284052411273,0,55908807456412616,1.3213046608994312
2025-05-16 16:16:00+00:00,13476953,67728419238,51258745420529495169867,0,55908807456412616,1.3213046609383905
2025-05-16 16:16:06+00:00,13476959,67728419302,51258745469367524669915,0,55908807509243668,1.3213046609280523
2025-05-16 16:16:12+00:00,13476965,67728419235,51258745418495409591458,0,55908807453756565,1.321304660932297
2025-05-16 16:16:17+00:00,13476970,67728419236,51258745418495409591457,0,55908807453756565,1.3213046609518058
2025-05-16 16:16:17+00:00,13476970,67728419237,51258745417740852350081,0,55908807453756565,1.3213046609907648
2025-05-16 16:16:23+00:00,13476976,67728406064,51258755417740852350081,0,55908807453756565,1.3213041462290156
2025-05-16 16:16:55+00:00,13477008,67728392891,51258765417740852350081,0,55908807453756565,1.3213036314674669
2025-05-16 16:17:01+00:00,13477014,67728392892,51258765416986294520797,0,55908807453756565,1.3213036315064262
2025-05-16 16:17:22+00:00,13477035,67728392891,51258765417986294520797,0,55908807453756565,1.3213036314611402
2025-05-16 16:17:27+00:00,13477040,67728392890,51258765418986294520797,0,55908807453756565,1.3213036314158542
2025-05-16 16:17:31+00:00,13477044,67728402890,51258772987269437195894,0,55908815708611739,1.3213036314158542
2025-05-16 16:17:32+00:00,13477045,67728402903,51258772997269437195894,0,55908815719343050,1.3213036314116982
2025-05-16 16:17:37+00:00,13477050,67728402902,51258772996475528243783,0,55908815718477120,1.3213036314126538
2025-05-16 16:17:47+00:00,13477060,67728402903,51258772995720970414468,0,55908815718477120,1.3213036314516131
2025-05-16 16:18:33+00:00,13477106,67728402904,51258772994966412585175,0,55908815718477120,1.3213036314905724
2025-05-16 16:18:58+00:00,13477131,67728389731,51258782994966412585175,0,55908815718477120,1.3213031167293008
2025-05-16 16:19:17+00:00,13477150,67728389732,51258782994211854461939,0,55908815718477120,1.3213031167682598
2025-05-16 16:19:25+00:00,13477158,67728389733,51258782993457296338726,0,55908815718477120,1.3213031168072191
2025-05-16 16:19:30+00:00,13477163,67728389734,51258782992702738215535,0,55908815718477120,1.3213031168461782
2025-05-16 16:19:36+00:00,13477169,67728389798,51258783041540767715583,0,55908815771308203,1.3213031168358416
2025-05-16 16:19:42+00:00,13477175,67728376625,51258793041540767715583,0,55908815771308203,1.3213026020747713
2025-05-16 16:19:45+00:00,13477178,67728376626,51258793041540767715582,0,55908815771308203,1.3213026020942802
2025-05-16 16:19:52+00:00,13477185,67728363453,51258803041540767715582,0,55908815771308203,1.3213020873334107
2025-05-16 16:20:02+00:00,13477195,67728363454,51258803040786209004488,0,55908815771308203,1.32130208737237
2025-05-16 16:20:13+00:00,13477206,67728373454,51258810609078195802655,0,55908824026168193,1.32130208737237
2025-05-16 16:20:23+00:00,13477216,67728353455,51258795472498638965520,0,55908807516453029,1.321302087391765
2025-05-16 16:20:47+00:00,13477240,67728353456,51258795471744080254459,0,55908807516453029,1.321302087430724
2025-05-16 16:20:49+00:00,13477242,67728353455,51258795472744080254459,0,55908807516453029,1.3213020873854382
2025-05-16 16:20:53+00:00,13477246,67728353454,51258795473744080254459,0,55908807516453029,1.3213020873401522
2025-05-16 16:20:58+00:00,13477251,67728353467,51258795483744080254459,0,55908807527184346,1.3213020873359964
2025-05-16 16:21:04+00:00,13477257,67728353466,51258795482950170837743,0,55908807526318416,1.3213020873369523
2025-05-16 16:21:10+00:00,13477263,67728340293,51258805482950170837743,0,55908807526318416,1.3213015725762078
2025-05-16 16:21:33+00:00,13477286,67728340294,51258805482195611832685,0,55908807526318416,1.321301572615167
2025-05-16 16:21:57+00:00,13477310,67728327121,51258815482195611832685,0,55908807526318416,1.3213010578546232
2025-05-16 16:22:18+00:00,13477331,67728327122,51258815481441052533684,0,55908807526318416,1.3213010578935824
2025-05-16 16:22:46+00:00,13477359,67728313949,51258825481441052533684,0,55908807526318416,1.3213005431332394
2025-05-16 16:22:51+00:00,13477364,67728313950,51258825480686492940739,0,55908807526318416,1.3213005431721987
2025-05-16 16:22:55+00:00,13477368,67728300777,51258835480686492940739,0,55908807526318416,1.3213000284120566
2025-05-16 16:23:02+00:00,13477375,67728300841,51258835529524522440787,0,55908807579149561,1.3213000284017231
2025-05-16 16:23:04+00:00,13477377,67728300842,51258835528769962553892,0,55908807579149561,1.3213000284406822
2025-05-16 16:23:07+00:00,13477380,67728300775,51258835477897758158934,0,55908807523662458,1.3213000284449243
2025-05-16 16:23:09+00:00,13477382,67728310775,51258843046201538314971,0,55908815778528870,1.3213000284449243
2025-05-16 16:23:12+00:00,13477385,67728310776,51258843046201538314970,0,55908815778528870,1.3213000284644332
2025-05-16 16:23:30+00:00,13477403,67728297603,51258853046201538314970,0,55908815778528870,1.3212995137045678
2025-05-16 16:23:40+00:00,13477413,67728287604,51258845477896282040288,0,55908807523662458,1.3212995137240386
2025-05-16 16:23:50+00:00,13477423,67728287605,51258845477141721859474,0,55908807523662458,1.321299513762998
2025-05-16 16:24:09+00:00,13477442,67728297605,51258853045448450074697,0,55908815778530475,1.321299513762998
2025-05-16 16:24:16+00:00,13477449,67728297604,51258853046448450074697,0,55908815778530475,1.3212995137177121
2025-05-16 16:24:21+00:00,13477454,67728297603,51258853047448450074697,0,55908815778530475,1.3212995136724262
2025-05-16 16:24:25+00:00,13477458,67728284430,51258863047448450074697,0,55908815778530475,1.321298998912762
2025-05-16 16:24:26+00:00,13477459,67728284443,51258863057448450074697,0,55908815789261805,1.3212989989086068
2025-05-16 16:24:31+00:00,13477464,67728284442,51258863056654539728704,0,55908815788395875,1.3212989989095625
2025-05-16 16:24:36+00:00,13477469,67728284443,51258863055899979253893,0,55908815788395875,1.3212989989485215
2025-05-16 16:24:45+00:00,13477478,67728294443,51258870624209656289835,0,55908824043265498,1.3212989989485215
2025-05-16 16:25:00+00:00,13477493,67728281270,51258880624209656289835,0,55908824043265498,1.3212984841891342
2025-05-16 16:25:22+00:00,13477515,67728281271,51258880623455095521080,0,55908824043265498,1.3212984842280933
2025-05-16 16:25:28+00:00,13477521,67728261272,51258865486834261599948,0,55908807533527858,1.3212984842474882
2025-05-16 16:25:42+00:00,13477535,67728271272,51258873055146886809114,0,55908815788399086,1.3212984842474882
2025-05-16 16:26:04+00:00,13477557,67728258099,51258883055146886809114,0,55908815788399086,1.3212979694882256
2025-05-16 16:26:13+00:00,13477566,67728358099,51258807599151692524327,0,55908815788399086,1.3213018654011934
2025-05-16 16:26:20+00:00,13477573,67728358100,51258807598397133686493,0,55908815788399086,1.3213018654401525
2025-05-16 16:26:25+00:00,13477578,67728358101,51258807597642574848682,0,55908815788399086,1.3213018654791118
2025-05-16 16:26:31+00:00,13477584,67728358165,51258807646480604348730,0,55908815841230194,1.3213018654687763
2025-05-16 16:26:35+00:00,13477588,67728358098,51258807595608435143530,0,55908815785743091,1.3213018654730193
2025-05-16 16:26:40+00:00,13477593,67728358099,51258807595608435143529,0,55908815785743091,1.3213018654925281
2025-05-16 16:26:52+00:00,13477605,67728358100,51258807594853876305747,0,55908815785743091,1.3213018655314874
2025-05-16 16:27:02+00:00,13477615,67728344927,51258817594853876305747,0,55908815785743091,1.3213013507709077
2025-05-16 16:27:20+00:00,13477633,67728331754,51258827594853876305747,0,55908815785743091,1.321300836010529
2025-05-16 16:27:29+00:00,13477642,67728318581,51258837594853876305747,0,55908815785743091,1.3213003212503511
2025-05-16 16:27:37+00:00,13477650,67728318582,51258837594099316586091,0,55908815785743091,1.3213003212893102
2025-05-16 16:27:44+00:00,13477657,67728318581,51258837595099316586091,0,55908815785743091,1.3213003212440244
2025-05-16 16:27:45+00:00,13477658,67728305408,51258847595099316586091,0,55908815785743091,1.3212998064840473
2025-05-16 16:27:54+00:00,13477667,67728305421,51258847605099316586091,0,55908815796474418,1.321299806479892
2025-05-16 16:27:59+00:00,13477672,67728305420,51258847604305406479530,0,55908815795608488,1.3212998064808477
2025-05-16 16:28:20+00:00,13477693,67728295420,51258840035996540555496,0,55908807540737260,1.321299806480946
2025-05-16 16:28:41+00:00,13477714,67728282247,51258850035996540555496,0,55908807540737260,1.321299291721094
2025-05-16 16:28:50+00:00,13477723,67728269074,51258860035996540555496,0,55908807540737260,1.3212987769614426
2025-05-16 16:29:08+00:00,13477741,67728269075,51258860035241979953936,0,55908807540737260,1.3212987770004019
2025-05-16 16:29:10+00:00,13477743,67728279075,51258867603552928293638,0,55908815795607538,1.3212987770004019
2025-05-16 16:29:30+00:00,13477763,67728269076,51258860035241980492278,0,55908807540737260,1.3212987770199105
2025-05-16 16:29:39+00:00,13477772,67728255903,51258870035241980492278,0,55908807540737260,1.32129826226046
2025-05-16 16:29:50+00:00,13477783,67728255904,51258870034487419596785,0,55908807540737260,1.3212982622994192
2025-05-16 16:30:00+00:00,13477793,67728255968,51258870083325449096833,0,55908807593568440,1.3212982622890874
2025-05-16 16:30:06+00:00,13477799,67728255901,51258870032453210421075,0,55908807538081337,1.3212982622933285
2025-05-16 16:30:11+00:00,13477804,67728255902,51258870032453210421074,0,55908807538081337,1.3212982623128373
2025-05-16 16:30:40+00:00,13477833,67728255903,51258870031698649525611,0,55908807538081337,1.3212982623517964
2025-05-16 16:30:50+00:00,13477843,67728242730,51258880031698649525611,0,55908807538081337,1.3212977475925467
2025-05-16 16:31:05+00:00,13477858,67728229557,51258890031698649525611,0,55908807538081337,1.321297232833498
2025-05-16 16:31:17+00:00,13477870,67728229556,51258890032698649525611,0,55908807538081337,1.3212972327882122
2025-05-16 16:31:23+00:00,13477876,67728229555,51258890033698649525611,0,55908807538081337,1.3212972327429264
2025-05-16 16:31:28+00:00,13477881,67728229568,51258890043698649525611,0,55908807548812674,1.3212972327387718
2025-05-16 16:31:33+00:00,13477886,67728229567,51258890042904738644633,0,55908807547946744,1.3212972327397274
2025-05-16 16:31:38+00:00,13477891,67728216394,51258900042904738644633,0,55908807547946744,1.3212967179808797
2025-05-16 16:31:48+00:00,13477901,67728316394,51258824586838073931869,0,55908807547946744,1.3213006138925563
2025-05-16 16:32:11+00:00,13477924,67728316395,51258824586083514379333,0,55908807547946744,1.3213006139315153
2025-05-16 16:32:34+00:00,13477947,67728303222,51258834586083514379333,0,55908807547946744,1.3213000991713506
2025-05-16 16:32:57+00:00,13477970,67728303223,51258834585328954532853,0,55908807547946744,1.3213000992103097
2025-05-16 16:33:22+00:00,13477995,67728303224,51258834584574394686395,0,55908807547946744,1.3213000992492687
2025-05-16 16:33:27+00:00,13478000,67728303225,51258834583819834839960,0,55908807547946744,1.321300099288228
2025-05-16 16:33:33+00:00,13478006,67728303289,51258834632657864340008,0,55908807600777887,1.3213000992778943
2025-05-16 16:33:39+00:00,13478012,67728303222,51258834581785660854083,0,55908807545290784,1.3213000992821364
2025-05-16 16:33:43+00:00,13478016,67728303223,51258834581031101007666,0,55908807545290784,1.3213000993210955
2025-05-16 16:33:44+00:00,13478017,67728303224,51258834581031101007665,0,55908807545290784,1.3213000993406043
2025-05-16 16:34:28+00:00,13478061,67728303225,51258834580276541161282,0,55908807545290784,1.3213000993795636
2025-05-16 16:34:30+00:00,13478063,67728290052,51258844580276541161282,0,55908807545290784,1.3212995846195994
2025-05-16 16:34:53+00:00,13478086,67728290051,51258844581276541161282,0,55908807545290784,1.3212995845743136
2025-05-16 16:34:56+00:00,13478089,67728276878,51258854581276541161282,0,55908807545290784,1.3212990698145504
2025-05-16 16:34:58+00:00,13478091,67728276891,51258854591276541161282,0,55908807556022114,1.3212990698103952
2025-05-16 16:35:03+00:00,13478096,67728276890,51258854590482630829503,0,55908807555156184,1.321299069811351
2025-05-16 16:35:10+00:00,13478103,67728286890,51258862158791901968060,0,55908815810025512,1.321299069811351
2025-05-16 16:35:15+00:00,13478108,67728286891,51258862158037341533739,0,55908815810025512,1.3212990698503102
2025-05-16 16:35:27+00:00,13478120,67728273718,51258872158037341533739,0,55908815810025512,1.3212985550908238
2025-05-16 16:35:45+00:00,13478138,67728263719,51258864589726594208281,0,55908807555156184,1.3212985551102947
2025-05-16 16:35:59+00:00,13478152,67728263720,51258864588972033480027,0,55908807555156184,1.3212985551492538
2025-05-16 16:36:06+00:00,13478159,67728250547,51258874588972033480027,0,55908807555156184,1.3212980403898924
2025-05-16 16:36:16+00:00,13478169,67728237374,51258884588972033480027,0,55908807555156184,1.3212975256307318
2025-05-16 16:36:40+00:00,13478193,67728224201,51258894588972033480027,0,55908807555156184,1.321297010871772
2025-05-16 16:36:44+00:00,13478197,67728224202,51258894588217471869896,0,55908807555156184,1.3212970109107312
2025-05-16 16:36:52+00:00,13478205,67728224203,51258894587462910259787,0,55908807555156184,1.3212970109496902
2025-05-16 16:36:57+00:00,13478210,67728224204,51258894586708348649701,0,55908807555156184,1.3212970109886493
2025-05-16 16:37:03+00:00,13478216,67728234204,51258902155029412600026,0,55908815862863137,1.3212970109886493
2025-05-16 16:37:03+00:00,13478216,67728234268,51258902203867442100074,0,55908815862863137,1.3212970109783186
2025-05-16 16:37:08+00:00,13478221,67728234201,51258902152995179070405,0,55908815807376034,1.3212970109825593
2025-05-16 16:37:13+00:00,13478226,67728234202,51258902152995179070404,0,55908815807376034,1.321297011002068
2025-05-16 16:37:17+00:00,13478230,67728244202,51258909721316242943868,0,55908824062251783,1.321297011002068
2025-05-16 16:37:30+00:00,13478243,67728244203,51258909720561681333811,0,55908824062251783,1.3212970110410271
2025-05-16 16:37:35+00:00,13478248,67728231030,51258919720561681333811,0,55908824062251783,1.32129649628242
2025-05-16 16:37:44+00:00,13478257,67728217857,51258929720561681333811,0,55908824062251783,1.321295981524014
2025-05-16 16:38:05+00:00,13478278,67728204684,51258939720561681333811,0,55908824062251783,1.3212954667658088
2025-05-16 16:38:15+00:00,13478288,67728204684,51258939720807118841876,0,55908824062251783,1.321295466759482
2025-05-16 16:38:15+00:00,13478288,67728204685,51258939719807118841876,0,55908824062251783,1.3212954668047678
2025-05-16 16:38:20+00:00,13478293,67728204683,51258939721807118841876,0,55908824062251783,1.3212954667141965
2025-05-16 16:38:26+00:00,13478299,67728204696,51258939731807118841876,0,55908824072983127,1.321295466710042
2025-05-16 16:38:30+00:00,13478303,67728204695,51258939731013207425961,0,55908824072117197,1.3212954667109977
2025-05-16 16:38:31+00:00,13478304,67728214695,51258947299343116929286,0,55908832326997763,1.3212954667109977
2025-05-16 16:38:46+00:00,13478319,67728201522,51258957299343116929286,0,55908832326997763,1.3212949519530695
2025-05-16 16:39:00+00:00,13478333,67728201523,51258957298588554143353,0,55908832326997763,1.3212949519920285
2025-05-16 16:39:24+00:00,13478357,67728171524,51258934593603229832634,0,55908807562365699,1.3212949520111956
2025-05-16 16:39:33+00:00,13478366,67728158351,51258944593603229832634,0,55908807562365699,1.3212944372532403
2025-05-16 16:39:45+00:00,13478378,67728158352,51258944592848666752767,0,55908807562365699,1.3212944372921993
2025-05-16 16:40:02+00:00,13478395,67728168352,51258952161184472732201,0,55908815817249475,1.3212944372921993
2025-05-16 16:40:12+00:00,13478405,67728155179,51258962161184472732201,0,55908815817249475,1.3212939225345206
2025-05-16 16:40:18+00:00,13478411,67728155180,51258962160429909358389,0,55908815817249475,1.3212939225734797
2025-05-16 16:40:23+00:00,13478416,67728155181,51258962159675345984599,0,55908815817249475,1.3212939226124387
2025-05-16 16:40:27+00:00,13478420,67728145182,51258954591338064622398,0,55908807562365699,1.3212939226319096
2025-05-16 16:40:29+00:00,13478422,67728145246,51258954640176094122446,0,55908807615196965,1.3212939226215816
2025-05-16 16:40:34+00:00,13478427,67728145179,51258954589303771547306,0,55908807559709862,1.321293922625821
2025-05-16 16:40:39+00:00,13478432,67728145180,51258954589303771547305,0,55908807559709862,1.3212939226453295
2025-05-16 16:41:03+00:00,13478456,67728245180,51258879133077471746784,0,55908807559709862,1.3212978185528603
2025-05-16 16:41:17+00:00,13478470,67728245181,51258879132322910597900,0,55908807559709862,1.3212978185918196
2025-05-16 16:41:26+00:00,13478479,67728232008,51258889132322910597900,0,55908807559709862,1.3212973038327478
2025-05-16 16:41:42+00:00,13478495,67728232007,51258889133322910597900,0,55908807559709862,1.321297303787462
2025-05-16 16:41:46+00:00,13478499,67728242007,51258896701642297412114,0,55908815814584661,1.321297303787462
2025-05-16 16:41:47+00:00,13478500,67728242006,51258896702642297412114,0,55908815814584661,1.3212973037421762
2025-05-16 16:41:52+00:00,13478505,67728242019,51258896712642297412114,0,55908815825315998,1.3212973037380216
2025-05-16 16:42:00+00:00,13478513,67728252019,51258904280961684509521,0,55908824080190797,1.3212973037380216
2025-05-16 16:42:49+00:00,13478562,67728252020,51258904280207123066639,0,55908824080190797,1.3212973037769806
2025-05-16 16:43:02+00:00,13478575,67728238847,51258914280207123066639,0,55908824080190797,1.3212967890182619
2025-05-16 16:43:33+00:00,13478606,67728225674,51258924280207123066639,0,55908824080190797,1.321296274259744
2025-05-16 16:43:35+00:00,13478608,67728225675,51258924279452561035846,0,55908824080190797,1.321296274298703
2025-05-16 16:43:43+00:00,13478616,67728212502,51258934279452561035846,0,55908824080190797,1.321295759540386
2025-05-16 16:43:53+00:00,13478626,67728212503,51258934278697998711108,0,55908824080190797,1.321295759579345
2025-05-16 16:43:53+00:00,13478626,67728199330,51258944278697998711108,0,55908824080190797,1.321295244821229
2025-05-16 16:43:58+00:00,13478631,67728199394,51258944327536028211156,0,55908824133022036,1.3212952448108999
2025-05-16 16:44:02+00:00,13478635,67728199327,51258944276663730900698,0,55908824077534933,1.3212952448151396
2025-05-16 16:44:08+00:00,13478641,67728199328,51258944276663730900697,0,55908824077534933,1.3212952448346482
2025-05-16 16:44:16+00:00,13478649,67728186155,51258954276663730900697,0,55908824077534933,1.321294730076733
2025-05-16 16:44:20+00:00,13478653,67728186156,51258954275909167988055,0,55908824077534933,1.321294730115692
2025-05-16 16:44:26+00:00,13478659,67728166157,51258939139255630489711,0,55908807567785335,1.3212947301348212
2025-05-16 16:44:48+00:00,13478681,67728152984,51258949139255630489711,0,55908807567785335,1.3212942153769547
2025-05-16 16:44:57+00:00,13478690,67728139811,51258959139255630489711,0,55908807567785335,1.321293700619289
2025-05-16 16:45:06+00:00,13478699,67728126638,51258969139255630489711,0,55908807567785335,1.3212931858618242
2025-05-16 16:45:07+00:00,13478700,67728126639,51258969138501066695201,0,55908807567785335,1.3212931859007833
2025-05-16 16:45:14+00:00,13478707,67728126638,51258969139501066695201,0,55908807567785335,1.3212931858554977
2025-05-16 16:45:16+00:00,13478709,67728113465,51258979139501066695201,0,55908807567785335,1.3212926710982336
2025-05-16 16:45:19+00:00,13478712,67728113464,51258979140501066695201,0,55908807567785335,1.321292671052948
2025-05-16 16:45:20+00:00,13478713,67728100291,51258989140501066695201,0,55908807567785335,1.3212921562958848
2025-05-16 16:45:29+00:00,13478722,67728100290,51258989139707154279656,0,55908807566919405,1.3212921562968405
2025-05-16 16:45:30+00:00,13478723,67728110290,51258996708056025756197,0,55908815821810259,1.3212921562968405
2025-05-16 16:45:40+00:00,13478733,67728097117,51259006708056025756197,0,55908815821810259,1.3212916415400542
2025-05-16 16:45:49+00:00,13478742,67728083944,51259016708056025756197,0,55908815821810259,1.3212911267834688
2025-05-16 16:45:53+00:00,13478746,67728083945,51259016707301460785787,0,55908815821810259,1.3212911268224279
2025-05-16 16:46:04+00:00,13478757,67728093945,51259024275656229086542,0,55908824076704324,1.3212911268224279
2025-05-16 16:46:39+00:00,13478792,67728093946,51259024274901664116154,0,55908824076704324,1.3212911268613867
2025-05-16 16:46:46+00:00,13478799,67728073947,51259009138195072409351,0,55908807566919405,1.3212911268808196
2025-05-16 16:47:03+00:00,13478816,67728173947,51258933681809112348580,0,55908807566919405,1.3212950227842046
2025-05-16 16:47:18+00:00,13478831,67728173948,51258933681054549603097,0,55908807566919405,1.3212950228231637
2025-05-16 16:47:23+00:00,13478836,67728173949,51258933680299986857637,0,55908807566919405,1.3212950228621227
2025-05-16 16:47:25+00:00,13478838,67728173950,51258933679545424112199,0,55908807566919405,1.3212950229010818
2025-05-16 16:47:34+00:00,13478847,67728173883,51258933628673122295661,0,55908807511432302,1.3212950229053213
2025-05-16 16:47:38+00:00,13478851,67728183883,51258941197005573901784,0,55908815766314178,1.3212950229053213
2025-05-16 16:47:39+00:00,13478852,67728183884,51258941197005573901783,0,55908815766314178,1.3212950229248301
2025-05-16 16:48:11+00:00,13478884,67728193884,51258948765338025396160,0,55908824021196054,1.3212950229248301
2025-05-16 16:48:11+00:00,13478884,67728193885,51258948764583462650758,0,55908824021196054,1.3212950229637892
2025-05-16 16:48:42+00:00,13478915,67728193884,51258948765583462650758,0,55908824021196054,1.3212950229185036
2025-05-16 16:48:47+00:00,13478920,67728193883,51258948766583462650758,0,55908824021196054,1.3212950228732179
2025-05-16 16:48:52+00:00,13478925,67728193896,51258948776583462650758,0,55908824031927400,1.3212950228690634
2025-05-16 16:48:57+00:00,13478930,67728193896,51258948775034988348738,0,55908824031061470,1.3212950229089784
2025-05-16 16:48:57+00:00,13478930,67728193895,51258948775789551094172,0,55908824031061470,1.3212950228700193
2025-05-16 16:49:00+00:00,13478933,67728180723,51258958775034988348738,0,55908824031061470,1.3212945081511513
2025-05-16 16:49:27+00:00,13478960,67728170724,51258951206701060602666,0,55908815776179594,1.3212945081706222
2025-05-16 16:49:39+00:00,13478972,67728157551,51258961206701060602666,0,55908815776179594,1.3212939934129202
2025-05-16 16:49:50+00:00,13478983,67728167551,51258968775039409110453,0,55908824031064681,1.3212939934129202
2025-05-16 16:50:17+00:00,13479010,67728154378,51258978775039409110453,0,55908824031064681,1.3212934786554948
2025-05-16 16:50:27+00:00,13479020,67728154379,51258978774284845483151,0,55908824031064681,1.321293478694454
2025-05-16 16:50:32+00:00,13479025,67728164379,51258986342626142286354,0,55908832285951373,1.321293478694454
2025-05-16 16:50:45+00:00,13479038,67728164380,51258986341871578659074,0,55908832285951373,1.321293478733413
2025-05-16 16:50:55+00:00,13479048,67728164444,51258986390709608159122,0,55908832338782647,1.3212934787230857
2025-05-16 16:50:59+00:00,13479052,67728164377,51258986339837276569326,0,55908832283295544,1.3212934787273245
2025-05-16 16:51:05+00:00,13479058,67728164378,51258986339837276569325,0,55908832283295544,1.3212934787468333
2025-05-16 16:51:14+00:00,13479067,67728164379,51258986339082712942075,0,55908832283295544,1.3212934787857922
2025-05-16 16:51:15+00:00,13479068,67728174379,51258993907424009222094,0,55908840538182236,1.3212934787857922
2025-05-16 16:51:25+00:00,13479078,67728161206,51259003907424009222094,0,55908840538182236,1.3212929640287199
2025-05-16 16:51:41+00:00,13479094,67728148033,51259013907424009222094,0,55908840538182236,1.3212924492718483
2025-05-16 16:52:00+00:00,13479113,67728118035,51258991201641113790302,0,55908815773526976,1.3212924493299745
2025-05-16 16:52:00+00:00,13479113,67728118034,51258991202395678005453,0,55908815773526976,1.3212924492910154
2025-05-16 16:52:06+00:00,13479119,67728118034,51258991202641113790302,0,55908815773526976,1.321292449284689
2025-05-16 16:52:11+00:00,13479124,67728118033,51258991203641113790302,0,55908815773526976,1.3212924492394034
2025-05-16 16:52:16+00:00,13479129,67728118046,51258991213641113790302,0,55908815784258332,1.3212924492352496
2025-05-16 16:52:21+00:00,13479134,67728118045,51258991212847201459322,0,55908815783392402,1.3212924492362053
2025-05-16 16:52:33+00:00,13479146,67728128045,51258998781194394982348,0,55908824038282305,1.3212924492362053
2025-05-16 16:52:45+00:00,13479158,67728128046,51258998780439830767165,0,55908824038282305,1.3212924492751643
2025-05-16 16:53:03+00:00,13479176,67728114873,51259008780439830767165,0,55908824038282305,1.3212919345183416
2025-05-16 16:53:10+00:00,13479183,67728104874,51259001212095576802511,0,55908815783397218,1.3212919345376986
2025-05-16 16:53:12+00:00,13479185,67728091701,51259011212095576802511,0,55908815783397218,1.3212914197810008
2025-05-16 16:53:21+00:00,13479194,67728101701,51259003666448656605180,0,55908815783397218,1.321291809371065
2025-05-16 16:53:26+00:00,13479199,67728088528,51259013666448656605180,0,55908815783397218,1.3212912946144162
2025-05-16 16:53:31+00:00,13479204,67728088529,51259013665694091730615,0,55908815783397218,1.3212912946533752
2025-05-16 16:53:35+00:00,13479208,67728188529,51258938209317712811534,0,55908815783397218,1.321295190556416
2025-05-16 16:54:12+00:00,13479245,67728188530,51258938208563150161862,0,55908815783397218,1.3212951905953751
2025-05-16 16:54:16+00:00,13479249,67728188531,51258938207808587512213,0,55908815783397218,1.3212951906343342
2025-05-16 16:54:17+00:00,13479250,67728188532,51258938207054024862586,0,55908815783397218,1.3212951906732933
2025-05-16 16:54:23+00:00,13479256,67728188596,51258938255892054362634,0,55908815836228458,1.3212951906629642
2025-05-16 16:54:28+00:00,13479261,67728188529,51258938205019755528641,0,55908815780741355,1.321295190667204
2025-05-16 16:54:33+00:00,13479266,67728188530,51258938205019755528640,0,55908815780741355,1.3212951906867128
2025-05-16 16:55:01+00:00,13479294,67728188531,51258938204265192879043,0,55908815780741355,1.3212951907256718
2025-05-16 16:55:31+00:00,13479324,67728175358,51258948204265192879043,0,55908815780741355,1.321294675967706
2025-05-16 16:55:38+00:00,13479331,67728175357,51258948205265192879043,0,55908815780741355,1.3212946759224202
2025-05-16 16:55:43+00:00,13479336,67728175356,51258948206265192879043,0,55908815780741355,1.3212946758771347
2025-05-16 16:55:46+00:00,13479339,67728175357,51258948205510629935449,0,55908815780741355,1.3212946759160937
2025-05-16 16:55:48+00:00,13479341,67728175370,51258948215510629935449,0,55908815791472702,1.3212946759119393
2025-05-16 16:55:53+00:00,13479346,67728175369,51258948214716718270538,0,55908815790606772,1.3212946759128952
2025-05-16 16:56:04+00:00,13479357,67728162196,51258958214716718270538,0,55908815790606772,1.3212941611551303
2025-05-16 16:56:31+00:00,13479384,67728162197,51258958213962155032997,0,55908815790606772,1.3212941611940894
2025-05-16 16:56:54+00:00,13479407,67728149024,51258968213962155032997,0,55908815790606772,1.3212936464365252
2025-05-16 16:57:09+00:00,13479422,67728135851,51258978213962155032997,0,55908815790606772,1.321293131679162
2025-05-16 16:57:16+00:00,13479429,67728135852,51258978213207591207544,0,55908815790606772,1.3212931317181211
2025-05-16 16:57:24+00:00,13479437,67728122679,51258988213207591207544,0,55908815790606772,1.321292616960959
2025-05-16 16:57:43+00:00,13479456,67728109507,51258998212453027088146,0,55908815790606772,1.3212921022429562
2025-05-16 16:57:43+00:00,13479456,67728122680,51258988212453027088146,0,55908815790606772,1.3212926169999177
2025-05-16 16:57:52+00:00,13479465,67728096334,51259008212453027088146,0,55908815790606772,1.3212915874861957
2025-05-16 16:57:53+00:00,13479466,67728096398,51259008261291056588194,0,55908815843438084,1.3212915874758702
2025-05-16 16:57:58+00:00,13479471,67728096331,51259008210418688283404,0,55908815787950981,1.321291587480108
2025-05-16 16:58:03+00:00,13479476,67728096332,51259008210418688283403,0,55908815787950981,1.3212915874996167
2025-05-16 16:58:40+00:00,13479513,67728083159,51259018210418688283403,0,55908815787950981,1.321291072743057
2025-05-16 16:58:46+00:00,13479519,67728083160,51259018209664123282131,0,55908815787950981,1.321291072782016
2025-05-16 16:59:01+00:00,13479534,67728069987,51259028209664123282131,0,55908815787950981,1.3212905580256569
2025-05-16 16:59:06+00:00,13479539,67728069986,51259028210664123282131,0,55908815787950981,1.3212905579803715
2025-05-16 16:59:10+00:00,13479543,67728059987,51259020642311468154089,0,55908807533061078,1.3212905579997418
2025-05-16 16:59:12+00:00,13479545,67728059986,51259020643311468154089,0,55908807533061078,1.3212905579544563
2025-05-16 16:59:17+00:00,13479550,67728059999,51259020653311468154089,0,55908807543792442,1.3212905579503027
2025-05-16 16:59:22+00:00,13479555,67728059998,51259020652517555250124,0,55908807542926512,1.3212905579512584
2025-05-16 16:59:33+00:00,13479566,67728059999,51259020651762989954864,0,55908807542926512,1.3212905579902174
2025-05-16 16:59:34+00:00,13479567,67728046826,51259030651762989954864,0,55908807542926512,1.3212900432339834
2025-05-16 16:59:54+00:00,13479587,67728056826,51259038220123965054658,0,55908815797823879,1.3212900432339834
2025-05-16 17:00:08+00:00,13479601,67728066826,51259045788484940154452,0,55908824052721246,1.3212900432339834
2025-05-16 17:00:19+00:00,13479612,67728066827,51259045787730374565246,0,55908824052721246,1.3212900432729424
2025-05-16 17:00:36+00:00,13479629,67728053654,51259055787730374565246,0,55908824052721246,1.3212895285170612
2025-05-16 17:00:45+00:00,13479638,67728040481,51259065787730374565246,0,55908824052721246,1.3212890137613809
2025-05-16 17:01:01+00:00,13479654,67728027308,51259075787730374565246,0,55908824052721246,1.3212884990059013
2025-05-16 17:01:14+00:00,13479667,67728027309,51259075786975808094158,0,55908824052721246,1.3212884990448601
2025-05-16 17:01:16+00:00,13479669,67728014136,51259085786975808094158,0,55908824052721246,1.3212879842895815
2025-05-16 17:01:19+00:00,13479672,67728014137,51259085786221241329123,0,55908824052721246,1.3212879843285403
2025-05-16 17:01:25+00:00,13479678,67728014201,51259085835059270829171,0,55908824105552630,1.3212879843182184
2025-05-16 17:01:30+00:00,13479683,67728014134,51259085784186833053588,0,55908824050065527,1.3212879843224545
2025-05-16 17:01:35+00:00,13479688,67728014135,51259085784186833053587,0,55908824050065527,1.3212879843419632
2025-05-16 17:01:51+00:00,13479704,67728014136,51259085783432266288582,0,55908824050065527,1.3212879843809222
2025-05-16 17:02:05+00:00,13479718,67728024136,51259093351805034535174,0,55908832304969315,1.3212879843809222
2025-05-16 17:02:34+00:00,13479747,67727994137,51259070646698506032748,0,55908807540270793,1.3212879844001273
2025-05-16 17:02:36+00:00,13479749,67727994138,51259070645943939267776,0,55908807540270793,1.3212879844390863
2025-05-16 17:02:44+00:00,13479757,67727980965,51259080645943939267776,0,55908807540270793,1.3212874696838564
2025-05-16 17:02:45+00:00,13479758,67727980964,51259080646943939267776,0,55908807540270793,1.321287469638571
2025-05-16 17:02:50+00:00,13479763,67727980977,51259080656943939267776,0,55908807551002170,1.3212874696344181
2025-05-16 17:02:55+00:00,13479768,67727980976,51259080656150025434562,0,55908807550136240,1.3212874696353738
2025-05-16 17:03:01+00:00,13479774,67727990976,51259088224525742158515,0,55908815805041634,1.3212874696353738
2025-05-16 17:03:10+00:00,13479783,67728090976,51259012767930923427345,0,55908815805041634,1.3212913655327476
2025-05-16 17:03:21+00:00,13479794,67728090977,51259012767176358593280,0,55908815805041634,1.3212913655717067
2025-05-16 17:04:06+00:00,13479839,67728090978,51259012766421793759237,0,55908815805041634,1.3212913656106657
2025-05-16 17:04:46+00:00,13479879,67728090979,51259012765667228925217,0,55908815805041634,1.3212913656496248
2025-05-16 17:04:51+00:00,13479884,67728090981,51259012764158099257243,0,55908815805041634,1.3212913657275427
2025-05-16 17:04:51+00:00,13479884,67728090980,51259012764912664091219,0,55908815805041634,1.3212913656885836
2025-05-16 17:04:57+00:00,13479890,67728091045,51259012812996128757291,0,55908815857872950,1.3212913657172174
2025-05-16 17:05:07+00:00,13479900,67728091046,51259012812996128757290,0,55908815857872950,1.3212913657367262
2025-05-16 17:05:24+00:00,13479917,67728077873,51259022812996128757290,0,55908815857872950,1.321290850980256
2025-05-16 17:05:33+00:00,13479926,67728064700,51259032812996128757290,0,55908815857872950,1.3212903362239863
2025-05-16 17:05:37+00:00,13479930,67728064701,51259032812241563335406,0,55908815857872950,1.3212903362629453
2025-05-16 17:05:42+00:00,13479935,67728051528,51259042812241563335406,0,55908815857872950,1.3212898215068767
2025-05-16 17:05:57+00:00,13479950,67728038355,51259052812241563335406,0,55908815857872950,1.3212893067510088
2025-05-16 17:06:13+00:00,13479966,67728038354,51259052813241563335406,0,55908815857872950,1.3212893067057232
2025-05-16 17:06:18+00:00,13479971,67728038353,51259052814241563335406,0,55908815857872950,1.3212893066604379
2025-05-16 17:06:23+00:00,13479976,67728038354,51259052813486997325556,0,55908815857872950,1.3212893066993967
2025-05-16 17:06:24+00:00,13479977,67728038367,51259052823486997325556,0,55908815868604319,1.3212893066952436
2025-05-16 17:06:29+00:00,13479982,67728038366,51259052822693084041545,0,55908815867738389,1.3212893066961993
2025-05-16 17:06:35+00:00,13479988,67728025193,51259062822693084041545,0,55908815867738389,1.3212887919405323
2025-05-16 17:06:44+00:00,13479997,67728012020,51259072822693084041545,0,55908815867738389,1.3212882771850663
2025-05-16 17:06:54+00:00,13480007,67728002020,51259065254319650118473,0,55908807612832995,1.3212882771851266
2025-05-16 17:07:09+00:00,13480022,67728002021,51259065253565083520706,0,55908807612832995,1.3212882772240857
2025-05-16 17:07:17+00:00,13480030,67728012021,51259072821936174354229,0,55908815867735833,1.3212882772240857
2025-05-16 17:07:26+00:00,13480039,67727998848,51259082821936174354229,0,55908815867735833,1.3212877624688204
2025-05-16 17:07:45+00:00,13480058,67727985675,51259092821936174354229,0,55908815867735833,1.321287247713756
2025-05-16 17:07:54+00:00,13480067,67727985676,51259092821181607168547,0,55908815867735833,1.321287247752715
2025-05-16 17:07:55+00:00,13480068,67727972503,51259102821181607168547,0,55908815867735833,1.3212867329978515
2025-05-16 17:08:04+00:00,13480077,67727959330,51259112821181607168547,0,55908815867735833,1.3212862182431888
2025-05-16 17:08:23+00:00,13480096,67727959331,51259112820427039394950,0,55908815867735833,1.3212862182821479
2025-05-16 17:08:28+00:00,13480101,67727959332,51259112819672471621375,0,55908815867735833,1.3212862183211067
2025-05-16 17:08:34+00:00,13480107,67727959396,51259112868510501121423,0,55908815920567252,1.3212862183107863
2025-05-16 17:08:39+00:00,13480112,67727959397,51259112867755933347864,0,55908815865080149,1.3212862183497451
2025-05-16 17:08:39+00:00,13480112,67727959330,51259112816883461295823,0,55908815865080149,1.3212862183539804
2025-05-16 17:08:44+00:00,13480117,67727959331,51259112816883461295822,0,55908815865080149,1.3212862183734893
2025-05-16 17:08:58+00:00,13480131,67727949332,51259105248506465321203,0,55908807610177311,1.3212862183928462
2025-05-16 17:09:08+00:00,13480141,67727936159,51259115248506465321203,0,55908807610177311,1.3212857036383083
2025-05-16 17:09:20+00:00,13480153,67727922986,51259125248506465321203,0,55908807610177311,1.3212851888839712
2025-05-16 17:09:25+00:00,13480158,67727922987,51259125247751896959753,0,55908807610177311,1.32128518892293
2025-05-16 17:09:29+00:00,13480162,67727909814,51259135247751896959753,0,55908807610177311,1.3212846741687938
2025-05-16 17:09:47+00:00,13480180,67727909813,51259135248751896959753,0,55908807610177311,1.3212846741235085
2025-05-16 17:09:52+00:00,13480185,67727909812,51259135249751896959753,0,55908807610177311,1.3212846740782231
2025-05-16 17:09:57+00:00,13480190,67727909825,51259135259751896959753,0,55908807620908699,1.321284674074071
2025-05-16 17:10:02+00:00,13480195,67727909824,51259135258957982281829,0,55908807620042769,1.3212846740750266
2025-05-16 17:10:10+00:00,13480203,67727909825,51259135258203413626378,0,55908807620042769,1.3212846741139854
2025-05-16 17:10:26+00:00,13480219,67727896652,51259145258203413626378,0,55908807620042769,1.3212841593600502
2025-05-16 17:10:33+00:00,13480226,67727883479,51259155258203413626378,0,55908807620042769,1.3212836446063156
2025-05-16 17:10:42+00:00,13480235,67727983479,51259079801390153203271,0,55908807620042769,1.3212875404985949
2025-05-16 17:10:56+00:00,13480249,67727983480,51259079800635586184794,0,55908807620042769,1.321287540537554
2025-05-16 17:11:08+00:00,13480261,67727970307,51259089800635586184794,0,55908807620042769,1.3212870257825025
2025-05-16 17:11:43+00:00,13480296,67727970308,51259089799881018872371,0,55908807620042769,1.3212870258214613
2025-05-16 17:11:48+00:00,13480301,67727980308,51259097368259277777069,0,55908815874949473,1.3212870258214613
2025-05-16 17:11:51+00:00,13480304,67727980309,51259097367504710464668,0,55908815874949473,1.3212870258604203
2025-05-16 17:11:56+00:00,13480309,67727980310,51259097366750143152289,0,55908815874949473,1.3212870258993792
2025-05-16 17:11:57+00:00,13480310,67727967137,51259107366750143152289,0,55908815874949473,1.3212865111446046
2025-05-16 17:12:02+00:00,13480315,67727967201,51259107415588172652337,0,55908815927780886,1.321286511134284
2025-05-16 17:12:11+00:00,13480324,67727967202,51259107415588172652336,0,55908815927780886,1.3212865111537926
2025-05-16 17:12:13+00:00,13480326,67727954029,51259117415588172652336,0,55908815927780886,1.3212859963992194
2025-05-16 17:12:29+00:00,13480342,67727954030,51259117414833604752047,0,55908815927780886,1.3212859964381785
2025-05-16 17:12:38+00:00,13480351,67727940857,51259127414833604752047,0,55908815927780886,1.321285481683806
2025-05-16 17:12:53+00:00,13480366,67727950857,51259134983220708541536,0,55908824182692407,1.321285481683806
2025-05-16 17:13:14+00:00,13480387,67727950858,51259134982466140347300,0,55908824182692407,1.3212854817227648
2025-05-16 17:13:16+00:00,13480389,67727950857,51259134983466140347300,0,55908824182692407,1.3212854816774795
2025-05-16 17:13:21+00:00,13480394,67727950856,51259134984466140347300,0,55908824182692407,1.3212854816321942
2025-05-16 17:13:26+00:00,13480399,67727937683,51259144984466140347300,0,55908824182692407,1.3212849668780986
2025-05-16 17:13:27+00:00,13480400,67727937696,51259144994466140347300,0,55908824193423794,1.3212849668739461
2025-05-16 17:13:32+00:00,13480405,67727937695,51259144993672225753935,0,55908824192557864,1.3212849668749018
2025-05-16 17:14:00+00:00,13480433,67727937696,51259144992917657265698,0,55908824192557864,1.3212849669138609
2025-05-16 17:14:02+00:00,13480435,67727917697,51259129856144912997552,0,55908807682739639,1.3212849669331799
2025-05-16 17:14:19+00:00,13480452,67727904524,51259139856144912997552,0,55908807682739639,1.3212844521791332
2025-05-16 17:14:43+00:00,13480476,67727891351,51259149856144912997552,0,55908807682739639,1.3212839374252874
2025-05-16 17:14:44+00:00,13480477,67727891352,51259149855390343921410,0,55908807682739639,1.3212839374642462
2025-05-16 17:15:07+00:00,13480500,67727991352,51259074398593808222251,0,55908807682739639,1.321287833356936
2025-05-16 17:15:23+00:00,13480516,67727991353,51259074397839241371021,0,55908807682739639,1.321287833395895
2025-05-16 17:15:29+00:00,13480522,67727991354,51259074397084674519813,0,55908815937643787,1.321287833434854
2025-05-16 17:15:29+00:00,13480522,67728001355,51259081964703740538417,0,55908815937643787,1.321287833473813
2025-05-16 17:15:29+00:00,13480522,67728001354,51259081965458307389603,0,55908815937643787,1.321287833434854
2025-05-16 17:15:34+00:00,13480527,67728001419,51259082013541770038465,0,55908815990475173,1.321287833463491
2025-05-16 17:15:40+00:00,13480533,67728001352,51259081962669328671519,0,55908815934988070,1.321287833467727
2025-05-16 17:16:02+00:00,13480555,67727988179,51259091962669328671519,0,55908815934988070,1.3212873187126402
2025-05-16 17:16:15+00:00,13480568,67727988180,51259091961914761526384,0,55908815934988070,1.321287318751599
2025-05-16 17:16:40+00:00,13480593,67727978181,51259084393539653186435,0,55908807680083922,1.3212873187710699
2025-05-16 17:16:46+00:00,13480599,67727978180,51259084394539653186435,0,55908807680083922,1.3212873187257845
2025-05-16 17:16:51+00:00,13480604,67727978179,51259084395539653186435,0,55908807680083922,1.3212873186804992
2025-05-16 17:16:56+00:00,13480609,67727978192,51259084405539653186435,0,55908807690815299,1.3212873186763463
2025-05-16 17:17:01+00:00,13480614,67727978192,51259084403991172151991,0,55908807689949369,1.3212873187162608
2025-05-16 17:17:01+00:00,13480614,67727978191,51259084404745739297147,0,55908807689949369,1.321287318677302
2025-05-16 17:17:29+00:00,13480642,67727965019,51259094403991172151991,0,55908807689949369,1.321286803961299
2025-05-16 17:17:48+00:00,13480661,67727965020,51259094403236604712889,0,55908807689949369,1.3212868040002579
2025-05-16 17:17:51+00:00,13480664,67727975020,51259101971616134217406,0,55908815944856728,1.3212868040002579
2025-05-16 17:18:01+00:00,13480674,67727961847,51259111971616134217406,0,55908815944856728,1.3212862892455728
2025-05-16 17:18:21+00:00,13480694,67727971847,51259119539998612256887,0,55908824199765693,1.3212862892455728
2025-05-16 17:18:31+00:00,13480704,67727958674,51259129539998612256887,0,55908824199765693,1.3212857744911646
2025-05-16 17:18:33+00:00,13480706,67727958675,51259129539244044229869,0,55908824199765693,1.3212857745301234
2025-05-16 17:18:46+00:00,13480719,67727938676,51259114402477608269147,0,55908807689949369,1.3212857745495183
2025-05-16 17:18:50+00:00,13480723,67727938677,51259114401723040242162,0,55908807689949369,1.3212857745884774
2025-05-16 17:18:55+00:00,13480728,67727938678,51259114400968472215200,0,55908807689949369,1.3212857746274362
2025-05-16 17:19:01+00:00,13480734,67727938742,51259114449806501715248,0,55908807742780796,1.3212857746171163
2025-05-16 17:19:06+00:00,13480739,67727938675,51259114398934020651968,0,55908807687293693,1.3212857746213513
2025-05-16 17:19:11+00:00,13480744,67727938676,51259114398934020651967,0,55908807687293693,1.32128577464086
2025-05-16 17:19:19+00:00,13480752,67727938677,51259114398179452625035,0,55908807687293693,1.321285774679819
2025-05-16 17:20:00+00:00,13480793,67727948677,51259121966564878119571,0,55908815942204263,1.321285774679819
2025-05-16 17:20:05+00:00,13480798,67727948678,51259121965810310092661,0,55908815942204263,1.3212857747187778
2025-05-16 17:20:14+00:00,13480807,67727948677,51259121966810310092661,0,55908815942204263,1.3212857746734925
2025-05-16 17:20:19+00:00,13480812,67727948676,51259121967810310092661,0,55908815942204263,1.3212857746282072
2025-05-16 17:20:24+00:00,13480817,67727948689,51259121977810310092661,0,55908815952935646,1.3212857746240547
2025-05-16 17:20:25+00:00,13480818,67727935516,51259131977810310092661,0,55908815952935646,1.3212852598697713
2025-05-16 17:20:39+00:00,13480832,67727945516,51259139546198684443875,0,55908824207847821,1.3212852598697713
2025-05-16 17:20:51+00:00,13480844,67727945517,51259139545444116122964,0,55908824207847821,1.3212852599087301
2025-05-16 17:20:53+00:00,13480846,67727932344,51259149545444116122964,0,55908824207847821,1.3212847451547236
2025-05-16 17:21:08+00:00,13480861,67727919171,51259159545444116122964,0,55908824207847821,1.321284230400918
2025-05-16 17:21:22+00:00,13480875,67727929171,51259167113838387328103,0,55908832462763207,1.321284230400918
2025-05-16 17:21:37+00:00,13480890,67727929172,51259167113083818419275,0,55908832462763207,1.3212842304398769
2025-05-16 17:22:18+00:00,13480931,67727929173,51259167112329249510470,0,55908832462763207,1.3212842304788357
2025-05-16 17:22:23+00:00,13480936,67727929174,51259167111574680601687,0,55908832462763207,1.3212842305177948
2025-05-16 17:22:29+00:00,13480942,67727929238,51259167160412710101735,0,55908832515594665,1.3212842305074761
2025-05-16 17:22:34+00:00,13480947,67727929171,51259167109540199266695,0,55908832460107562,1.3212842305117105
2025-05-16 17:22:39+00:00,13480952,67727929172,51259167109540199266694,0,55908832460107562,1.3212842305312191
2025-05-16 17:23:07+00:00,13480980,67727929173,51259167108785630357941,0,55908832460107562,1.321284230570178
2025-05-16 17:23:11+00:00,13480984,67727916000,51259177108785630357941,0,55908832460107562,1.321283715816649
2025-05-16 17:23:25+00:00,13480998,67727926000,51259184677182849133376,0,55908840715024553,1.321283715816649
2025-05-16 17:23:44+00:00,13481017,67727925999,51259184678182849133376,0,55908840715024553,1.321283715771364
2025-05-16 17:23:49+00:00,13481022,67727925998,51259184679182849133376,0,55908840715024553,1.3212837157260786
2025-05-16 17:23:54+00:00,13481027,67727926011,51259184689182849133376,0,55908848980672936,1.3212837157219266
2025-05-16 17:23:54+00:00,13481027,67727936011,51259192257580068451388,0,55908848980672936,1.3212837157219266
2025-05-16 17:23:59+00:00,13481032,67727936010,51259192256786153477983,0,55908848979807006,1.3212837157228823
2025-05-16 17:24:38+00:00,13481071,67727936011,51259192256031584275229,0,55908848979807006,1.3212837157618411
2025-05-16 17:25:19+00:00,13481112,67727922838,51259202256031584275229,0,55908848979807006,1.321283201008665
2025-05-16 17:25:24+00:00,13481117,67727922839,51259202255277014778528,0,55908848979807006,1.3212832010476239
2025-05-16 17:25:45+00:00,13481138,67727872840,51259164413295315165534,0,55908807705234893,1.3212832010666393
2025-05-16 17:25:54+00:00,13481147,67727872841,51259164412540745668866,0,55908807705234893,1.3212832011055982
2025-05-16 17:26:00+00:00,13481153,67727859732,51259174461378775168914,0,55908807758066372,1.321282686341926
2025-05-16 17:26:00+00:00,13481153,67727872905,51259164461378775168914,0,55908807758066372,1.3212832010952806
2025-05-16 17:26:09+00:00,13481162,67727859733,51259174461378775168913,0,55908807758066372,1.3212826863614349
2025-05-16 17:26:10+00:00,13481163,67727859734,51259174460624205378303,0,55908807758066372,1.3212826864003937
2025-05-16 17:26:18+00:00,13481171,67727846561,51259184460624205378303,0,55908807758066372,1.3212821716472398
2025-05-16 17:26:39+00:00,13481192,67727856561,51259192029030269264732,0,55908816012988179,1.3212821716472398
2025-05-16 17:26:54+00:00,13481207,67727866561,51259199597436333151161,0,55908824267909986,1.3212821716472398
2025-05-16 17:26:56+00:00,13481209,67727866562,51259199596681763066603,0,55908824267909986,1.3212821716861987
2025-05-16 17:27:14+00:00,13481227,67727866561,51259199597681763066603,0,55908824267909986,1.3212821716409135
2025-05-16 17:27:19+00:00,13481232,67727866560,51259199598681763066603,0,55908824267909986,1.3212821715956282
2025-05-16 17:27:24+00:00,13481237,67727866573,51259199608681763066603,0,55908824278641384,1.3212821715914764
2025-05-16 17:27:29+00:00,13481242,67727866572,51259199607887847628569,0,55908824277775454,1.321282171592432
2025-05-16 17:27:38+00:00,13481251,67727876572,51259207176293911828941,0,55908832532697262,1.321282171592432
2025-05-16 17:27:41+00:00,13481254,67727876573,51259207175539341744352,0,55908832532697262,1.321282171631391
2025-05-16 17:27:48+00:00,13481261,67727863400,51259217175539341744352,0,55908832532697262,1.321281656878666
2025-05-16 17:28:25+00:00,13481298,67727850227,51259227175539341744352,0,55908832532697262,1.3212811421261421
2025-05-16 17:28:25+00:00,13481298,67727850228,51259227174784771071845,0,55908832532697262,1.321281142165101
2025-05-16 17:28:39+00:00,13481312,67727860228,51259234743196731915866,0,55908840787622280,1.321281142165101
2025-05-16 17:29:11+00:00,13481344,67727860229,51259234742442161243381,0,55908840787622280,1.3212811422040598
2025-05-16 17:29:19+00:00,13481352,67727860230,51259234741687590570919,0,55908840787622280,1.3212811422430186
2025-05-16 17:29:25+00:00,13481358,67727860294,51259234790525620070967,0,55908840840453800,1.321281142232703
2025-05-16 17:29:30+00:00,13481363,67727860227,51259234739653049690916,0,55908840784966697,1.3212811422369357
2025-05-16 17:29:35+00:00,13481368,67727860228,51259234739653049690915,0,55908840784966697,1.3212811422564446
2025-05-16 17:29:56+00:00,13481389,67727860229,51259234738898479018483,0,55908840784966697,1.3212811422954032
2025-05-16 17:29:57+00:00,13481390,67727820230,51259204465259471199262,0,55908807765276257,1.3212811423146842
2025-05-16 17:30:14+00:00,13481407,67727807057,51259214465259471199262,0,55908807765276257,1.321280627562133
2025-05-16 17:30:29+00:00,13481422,67727793884,51259224465259471199262,0,55908807765276257,1.3212801128097826
2025-05-16 17:30:39+00:00,13481432,67727793883,51259224466259471199262,0,55908807765276257,1.3212801127644975
2025-05-16 17:30:44+00:00,13481437,67727793882,51259224467259471199262,0,55908807765276257,1.3212801127192124
2025-05-16 17:30:49+00:00,13481442,67727793895,51259224477259471199262,0,55908807776007663,1.3212801127150609
2025-05-16 17:30:54+00:00,13481447,67727793894,51259224476465555141717,0,55908807775141733,1.3212801127160165
2025-05-16 17:31:01+00:00,13481454,67727780721,51259234476465555141717,0,55908807775141733,1.321279597963867
2025-05-16 17:31:10+00:00,13481463,67727880721,51259159019421195622415,0,55908807775141733,1.3212834938501252
2025-05-16 17:31:29+00:00,13481482,67727880722,51259159018666626292952,0,55908807775141733,1.3212834938890843
2025-05-16 17:31:48+00:00,13481501,67727867549,51259169018666626292952,0,55908807775141733,1.3212829791356178
2025-05-16 17:32:12+00:00,13481525,67727854376,51259179018666626292952,0,55908807775141733,1.3212824643823522
2025-05-16 17:32:14+00:00,13481527,67727854377,51259179017912056375572,0,55908807775141733,1.321282464421311
2025-05-16 17:32:21+00:00,13481534,67727841204,51259189017912056375572,0,55908807775141733,1.3212819496682462
2025-05-16 17:32:41+00:00,13481554,67727841205,51259189017157486164244,0,55908807775141733,1.3212819497072052
2025-05-16 17:32:45+00:00,13481558,67727841206,51259189016402915952939,0,55908807775141733,1.321281949746164
2025-05-16 17:32:51+00:00,13481564,67727841270,51259189065240945452987,0,55908807827973236,1.3212819497358477
2025-05-16 17:32:56+00:00,13481569,67727841203,51259189014368390414595,0,55908807772486133,1.321281949740081
2025-05-16 17:33:01+00:00,13481574,67727841204,51259189014368390414594,0,55908807772486133,1.3212819497595896
2025-05-16 17:33:15+00:00,13481588,67727851204,51259196582775725290790,0,55908816027408595,1.3212819497595896
2025-05-16 17:33:39+00:00,13481612,67727861204,51259204151183060166986,0,55908824282331057,1.3212819497595896
2025-05-16 17:33:46+00:00,13481619,67727861205,51259204150428489955710,0,55908824282331057,1.3212819497985484
2025-05-16 17:33:48+00:00,13481621,67727848032,51259214150428489955710,0,55908824282331057,1.3212814350458364
2025-05-16 17:34:03+00:00,13481636,67727848031,51259214151428489955710,0,55908824282331057,1.3212814350005513
2025-05-16 17:34:08+00:00,13481641,67727848030,51259214152428489955710,0,55908832537255125,1.3212814349552662
2025-05-16 17:34:08+00:00,13481641,67727858030,51259221720838773672868,0,55908832537255125,1.3212814349552662
2025-05-16 17:34:14+00:00,13481647,67727858043,51259221730838773672868,0,55908832547986526,1.3212814349511144
2025-05-16 17:34:23+00:00,13481656,67727844870,51259231730838773672868,0,55908832547986526,1.3212809201986795
2025-05-16 17:34:32+00:00,13481665,67727844871,51259231730084202873621,0,55908832547986526,1.3212809202376383
2025-05-16 17:34:49+00:00,13481682,67727854871,51259239298497434937439,0,55908840802912200,1.3212809202376383
2025-05-16 17:35:18+00:00,13481711,67727854872,51259239297742864138214,0,55908840802912200,1.3212809202765972
2025-05-16 17:35:43+00:00,13481736,67727841699,51259249297742864138214,0,55908840802912200,1.321280405524439
2025-05-16 17:36:02+00:00,13481755,67727801700,51259219024091393051349,0,55908807783217534,1.321280405543606
2025-05-16 17:36:04+00:00,13481757,67727801701,51259219023336821958187,0,55908807783217534,1.3212804055825649
2025-05-16 17:36:10+00:00,13481763,67727801702,51259219022582250865047,0,55908807783217534,1.3212804056215237
2025-05-16 17:36:16+00:00,13481769,67727801766,51259219071420280365095,0,55908807836049068,1.3212804056112089
2025-05-16 17:36:20+00:00,13481773,67727788593,51259229071420280365095,0,55908807836049068,1.321279890858948
2025-05-16 17:36:22+00:00,13481775,67727788526,51259229020547685629627,0,55908807780561965,1.32127989086318
2025-05-16 17:36:27+00:00,13481780,67727788527,51259229020547685629626,0,55908807780561965,1.3212798908826888
2025-05-16 17:36:34+00:00,13481787,67727798527,51259236588966813933653,0,55908816035490849,1.3212798908826888
2025-05-16 17:36:49+00:00,13481802,67727808527,51259244157385942237680,0,55908824290419733,1.3212798908826888
2025-05-16 17:36:50+00:00,13481803,67727808528,51259244156631370850600,0,55908824290419733,1.3212798909216477
2025-05-16 17:36:58+00:00,13481811,67727795355,51259254156631370850600,0,55908824290419733,1.321279376169739
2025-05-16 17:37:07+00:00,13481820,67727782182,51259264156631370850600,0,55908824290419733,1.3212788614180313
2025-05-16 17:37:26+00:00,13481839,67727792182,51259271725056396032442,0,55908832545351828,1.3212788614180313
2025-05-16 17:37:35+00:00,13481848,67727792181,51259271726056396032442,0,55908832545351828,1.3212788613727462
2025-05-16 17:37:36+00:00,13481849,67727792182,51259271725301824057417,0,55908832545351828,1.321278861411705
2025-05-16 17:37:37+00:00,13481850,67727762183,51259249020032638230801,0,55908807780561965,1.321278861431062
2025-05-16 17:37:45+00:00,13481858,67727762182,51259249019238721793196,0,55908807779696035,1.3212788614320174
2025-05-16 17:37:51+00:00,13481864,67727749009,51259259019238721793196,0,55908807779696035,1.3212783466803586
2025-05-16 17:38:00+00:00,13481873,67727849009,51259183562122902625202,0,55908807779696035,1.3212822425647517
2025-05-16 17:38:09+00:00,13481882,67727835836,51259193562122902625202,0,55908807779696035,1.3212817278117757
2025-05-16 17:38:22+00:00,13481895,67727835837,51259193561368332287174,0,55908807779696035,1.3212817278507345
2025-05-16 17:38:24+00:00,13481897,67727845837,51259201129776938275026,0,55908816034619153,1.3212817278507345
2025-05-16 17:38:33+00:00,13481906,67727832664,51259211129776938275026,0,55908816034619153,1.3212812130980356
2025-05-16 17:38:51+00:00,13481924,67727842664,51259218698188492809122,0,55908824289543876,1.3212812130980356
2025-05-16 17:39:01+00:00,13481934,67727822665,51259203561366856695651,0,55908807779696035,1.3212812131175062
2025-05-16 17:39:07+00:00,13481940,67727822666,51259203560612286063687,0,55908807779696035,1.321281213156465
2025-05-16 17:39:21+00:00,13481954,67727832666,51259211129023840263093,0,55908816034620758,1.321281213156465
2025-05-16 17:39:32+00:00,13481965,67727832667,51259211128269269631151,0,55908816034620758,1.321281213195424
2025-05-16 17:39:37+00:00,13481970,67727832668,51259211127514698999231,0,55908816034620758,1.321281213234383
2025-05-16 17:39:43+00:00,13481976,67727832732,51259211176352728499279,0,55908816087452276,1.3212812132240672
2025-05-16 17:39:48+00:00,13481981,67727832665,51259211125480159032022,0,55908816031965173,1.3212812132283
2025-05-16 17:39:53+00:00,13481986,67727832667,51259211124725588400131,0,55908816031965173,1.3212812132867675
2025-05-16 17:39:53+00:00,13481986,67727832666,51259211125480159032021,0,55908816031965173,1.3212812132478087
2025-05-16 17:40:02+00:00,13481995,67727819494,51259221124725588400131,0,55908816031965173,1.3212806985342693
2025-05-16 17:40:21+00:00,13482014,67727829494,51259228693140090400544,0,55908824286891501,1.3212806985342693
2025-05-16 17:40:26+00:00,13482019,67727816321,51259238693140090400544,0,55908824286891501,1.3212801837820478
2025-05-16 17:40:31+00:00,13482024,67727803148,51259248693140090400544,0,55908824286891501,1.3212796690300272
2025-05-16 17:40:39+00:00,13482032,67727803149,51259248692385518886766,0,55908824286891501,1.321279669068986
2025-05-16 17:40:40+00:00,13482033,67727789976,51259258692385518886766,0,55908824286891501,1.3212791543171665
2025-05-16 17:40:47+00:00,13482040,67727799976,51259266260808866311764,0,55908832541822646,1.3212791543171665
2025-05-16 17:40:56+00:00,13482049,67727799975,51259266261808866311764,0,55908832541822646,1.3212791542718814
2025-05-16 17:41:01+00:00,13482054,67727799974,51259266262808866311764,0,55908832541822646,1.3212791542265963
2025-05-16 17:41:06+00:00,13482059,67727799987,51259266272808866311764,0,55908832552554056,1.321279154222445
2025-05-16 17:41:11+00:00,13482064,67727799986,51259266272014949958711,0,55908832551688126,1.3212791542234006
2025-05-16 17:41:19+00:00,13482072,67727809986,51259273840438297920809,0,55908840806619271,1.3212791542234006
2025-05-16 17:41:24+00:00,13482077,67727796813,51259283840438297920809,0,55908840806619271,1.3212786394719338
2025-05-16 17:41:25+00:00,13482078,67727796814,51259283839683725819058,0,55908840806619271,1.3212786395108926
2025-05-16 17:42:11+00:00,13482124,67727796815,51259283838929153717330,0,55908840806619271,1.3212786395498515
2025-05-16 17:42:22+00:00,13482135,67727806815,51259291407355449783779,0,55908849061552021,1.3212786395498515
2025-05-16 17:42:48+00:00,13482161,67727816815,51259283861635543387511,0,55908849061552021,1.321279029137786
2025-05-16 17:42:56+00:00,13482169,67727816816,51259283860880971508295,0,55908849061552021,1.321279029176745
2025-05-16 17:42:58+00:00,13482171,67727816817,51259283860126399629102,0,55908849061552021,1.3212790292157037
2025-05-16 17:43:01+00:00,13482174,67727816818,51259283859371827749931,0,55908849061552021,1.3212790292546626
2025-05-16 17:43:07+00:00,13482180,67727816882,51259283908209857249979,0,55908849114383582,1.321279029244349
2025-05-16 17:43:12+00:00,13482185,67727816815,51259283857337245651374,0,55908849058896479,1.3212790292485808
2025-05-16 17:43:17+00:00,13482190,67727816816,51259283857337245651373,0,55908849058896479,1.3212790292680894
2025-05-16 17:43:26+00:00,13482199,67727803643,51259293857337245651373,0,55908849058896479,1.3212785145167476
2025-05-16 17:43:43+00:00,13482216,67727803644,51259293856582673478261,0,55908849058896479,1.3212785145557064
2025-05-16 17:43:59+00:00,13482232,67727813644,51259301425009685524698,0,55908857313829615,1.3212785145557064
2025-05-16 17:44:19+00:00,13482252,67727813643,51259301426009685524698,0,55908857313829615,1.3212785145104213
2025-05-16 17:44:25+00:00,13482258,67727813642,51259301427009685524698,0,55908857313829615,1.3212785144651362
2025-05-16 17:44:34+00:00,13482267,67727813641,51259301426215768978783,0,55908857312963685,1.321278514466092
2025-05-16 17:45:10+00:00,13482303,67727763642,51259263584096845799804,0,55908816038315603,1.3212785144851846
2025-05-16 17:45:15+00:00,13482308,67727763643,51259263583342273626674,0,55908816038315603,1.3212785145241435
2025-05-16 17:45:24+00:00,13482317,67727750470,51259273583342273626674,0,55908816038315603,1.3212779997726984
2025-05-16 17:45:40+00:00,13482333,67727740471,51259266014915611126452,0,55908807783384458,1.321277999792122
2025-05-16 17:46:01+00:00,13482354,67727740472,51259266014161038659385,0,55908807783384458,1.3212779998310809
2025-05-16 17:46:21+00:00,13482374,67727750472,51259273582590999105598,0,55908816038319200,1.3212779998310809
2025-05-16 17:46:22+00:00,13482375,67727750473,51259273581836426638553,0,55908816038319200,1.3212779998700397
2025-05-16 17:46:33+00:00,13482386,67727750537,51259273630674456138601,0,55908816091150782,1.321277999859727
2025-05-16 17:46:42+00:00,13482395,67727750538,51259273630674456138600,0,55908816091150782,1.3212779998792359
2025-05-16 17:47:19+00:00,13482432,67727737365,51259283630674456138600,0,55908816091150782,1.3212774851279923
2025-05-16 17:47:32+00:00,13482445,67727737366,51259283629919883377612,0,55908816091150782,1.3212774851669509
2025-05-16 17:47:45+00:00,13482458,67727727366,51259276062488446642411,0,55908807836216040,1.3212774851411366
2025-05-16 17:47:45+00:00,13482458,67727737365,51259283630919883377612,0,55908807836216040,1.321277485121666
2025-05-16 17:47:50+00:00,13482463,67727727365,51259276063488446642411,0,55908807836216040,1.3212774850958515
2025-05-16 17:47:59+00:00,13482472,67727727364,51259276062694529786740,0,55908807835350110,1.3212774850968072
2025-05-16 17:48:12+00:00,13482485,67727714191,51259286062694529786740,0,55908807835350110,1.3212769703456884
2025-05-16 17:48:18+00:00,13482491,67727714192,51259286061939956731763,0,55908807835350110,1.3212769703846472
2025-05-16 17:48:53+00:00,13482526,67727701019,51259296061939956731763,0,55908807835350110,1.3212764556337293
2025-05-16 17:49:03+00:00,13482536,67727687846,51259306061939956731763,0,55908807835350110,1.3212759408830121
2025-05-16 17:49:04+00:00,13482537,67727687847,51259306061185383088866,0,55908807835350110,1.3212759409219708
2025-05-16 17:49:48+00:00,13482581,67727687848,51259306060430809445991,0,55908807835350110,1.3212759409609296
2025-05-16 17:49:49+00:00,13482582,67727674675,51259316060430809445991,0,55908807835350110,1.3212754262104134
2025-05-16 17:49:51+00:00,13482584,67727674676,51259316059676235509167,0,55908807835350110,1.321275426249372
2025-05-16 17:49:59+00:00,13482592,67727674740,51259316108514265009215,0,55908807888181743,1.321275426239062
2025-05-16 17:50:04+00:00,13482597,67727674673,51259316057641583940587,0,55908807832694640,1.321275426243292
2025-05-16 17:50:08+00:00,13482601,67727674674,51259316057641583940586,0,55908807832694640,1.3212754262628006
2025-05-16 17:50:24+00:00,13482617,67727684674,51259323626086286105968,0,55908816087637409,1.3212754262628006
2025-05-16 17:50:34+00:00,13482627,67727674675,51259316057641584152113,0,55908807832694640,1.3212754262823092
2025-05-16 17:50:39+00:00,13482632,67727674676,51259316056887010215330,0,55908807832694640,1.321275426321268
2025-05-16 17:50:43+00:00,13482636,67727774676,51259240599604411503365,0,55908807832694640,1.321279322201326
2025-05-16 17:51:11+00:00,13482664,67727774675,51259240600604411503365,0,55908807832694640,1.3212793221560408
2025-05-16 17:51:16+00:00,13482669,67727774674,51259240601604411503365,0,55908807832694640,1.3212793221107557
2025-05-16 17:51:21+00:00,13482674,67727774687,51259240611604411503365,0,55908807843426049,1.3212793221066044
2025-05-16 17:51:26+00:00,13482679,67727774688,51259240610849839791462,0,55908807842560119,1.3212793221455632
2025-05-16 17:51:26+00:00,13482679,67727774687,51259240610055923484993,0,55908807842560119,1.3212793221465189
2025-05-16 17:52:05+00:00,13482718,67727761514,51259250610055923484993,0,55908807842560119,1.3212788073946855
2025-05-16 17:52:13+00:00,13482726,67727761515,51259250609301351479142,0,55908807842560119,1.3212788074336443
2025-05-16 17:52:15+00:00,13482728,67727748342,51259260609301351479142,0,55908807842560119,1.321278292682012
2025-05-16 17:52:59+00:00,13482772,67727748343,51259260608546779179342,0,55908807842560119,1.3212782927209707
2025-05-16 17:53:14+00:00,13482787,67727748344,51259260607792206879564,0,55908807842560119,1.3212782927599296
2025-05-16 17:53:19+00:00,13482792,67727748345,51259260607037634579809,0,55908807842560119,1.3212782927988884
2025-05-16 17:53:24+00:00,13482797,67727735172,51259270607037634579809,0,55908807842560119,1.321277778047457
2025-05-16 17:53:25+00:00,13482798,67727735236,51259270655875664079857,0,55908807895391705,1.3212777780371445
2025-05-16 17:53:30+00:00,13482803,67727735169,51259270605003028127591,0,55908807839904602,1.3212777780413756
2025-05-16 17:53:35+00:00,13482808,67727735170,51259270605003028127590,0,55908807839904602,1.3212777780608842
2025-05-16 17:53:45+00:00,13482818,67727735171,51259270604248455533894,0,55908807839904602,1.321277778099843
2025-05-16 17:54:17+00:00,13482850,67727745171,51259278172679686081952,0,55908816094839998,1.321277778099843
2025-05-16 17:54:31+00:00,13482864,67727745172,51259278171925113488278,0,55908816094839998,1.3212777781388019
2025-05-16 17:54:32+00:00,13482865,67727731999,51259288171925113488278,0,55908816094839998,1.321277263387647
2025-05-16 17:54:38+00:00,13482871,67727731998,51259288172925113488278,0,55908816094839998,1.321277263342362
2025-05-16 17:54:43+00:00,13482876,67727731997,51259288173925113488278,0,55908816094839998,1.321277263297077
2025-05-16 17:54:48+00:00,13482881,67727732010,51259288183925113488278,0,55908816105571416,1.3212772632929262
2025-05-16 17:54:50+00:00,13482883,67727718837,51259298183925113488278,0,55908816105571416,1.3212767485419723
2025-05-16 17:54:53+00:00,13482886,67727718836,51259298183131196407427,0,55908816104705486,1.321276748542928
2025-05-16 17:55:04+00:00,13482897,67727728836,51259305751568324380622,0,55908824359644093,1.321276748542928
2025-05-16 17:55:17+00:00,13482910,67727728837,51259305750813751198975,0,55908824359644093,1.3212767485818866
2025-05-16 17:55:27+00:00,13482920,67727708838,51259290613942441165661,0,55908807849770090,1.3212767486013195
2025-05-16 17:55:41+00:00,13482934,67727718838,51259298182379568804383,0,55908816104708697,1.3212767486013195
2025-05-16 17:56:01+00:00,13482954,67727728838,51259305750816696443105,0,55908824359647304,1.3212767486013195
2025-05-16 17:56:03+00:00,13482956,67727728839,51259305750062123261491,0,55908824359647304,1.321276748640278
2025-05-16 17:56:15+00:00,13482968,67727738839,51259313318499250677052,0,55908832614585911,1.321276748640278
2025-05-16 17:56:24+00:00,13482977,67727725666,51259323318499250677052,0,55908832614585911,1.3212762338896773
2025-05-16 17:56:44+00:00,13482997,67727725667,51259323317744677201489,0,55908832614585911,1.321276233928636
2025-05-16 17:56:49+00:00,13483002,67727725669,51259323316235530250430,0,55908832614585911,1.3212762340065536
2025-05-16 17:56:49+00:00,13483002,67727725668,51259323316990103725948,0,55908832614585911,1.3212762339675947
2025-05-16 17:56:54+00:00,13483007,67727725733,51259323365073559750478,0,55908832667417528,1.3212762339962427
2025-05-16 17:56:56+00:00,13483009,67727735733,51259330933513635112067,0,55908840922357740,1.3212762339962427
2025-05-16 17:56:59+00:00,13483012,67727735666,51259330882640969388791,0,55908840866870637,1.321276234000473
2025-05-16 17:57:04+00:00,13483017,67727735667,51259330882640969388790,0,55908840866870637,1.3212762340199815
2025-05-16 17:57:05+00:00,13483018,67727722494,51259340882640969388790,0,55908840866870637,1.3212757192696574
2025-05-16 17:57:34+00:00,13483047,67727732494,51259348451083993171560,0,55908849121812455,1.3212757192696574
2025-05-16 17:57:35+00:00,13483048,67727732495,51259348450329419402100,0,55908849121812455,1.3212757193086162
2025-05-16 17:58:09+00:00,13483082,67727732494,51259348451329419402100,0,55908849121812455,1.321275719263331
2025-05-16 17:58:14+00:00,13483087,67727732493,51259348452329419402100,0,55908849121812455,1.3212757192180462
2025-05-16 17:58:19+00:00,13483092,67727732506,51259348462329419402100,0,55908849132543879,1.3212757192138957
2025-05-16 17:58:21+00:00,13483094,67727732507,51259348461574845632609,0,55908849132543879,1.3212757192528544
2025-05-16 17:58:24+00:00,13483097,67727732506,51259348460780928242035,0,55908849131677949,1.32127571925381
2025-05-16 17:58:35+00:00,13483108,67727719333,51259358460780928242035,0,55908849131677949,1.3212752045037628
2025-05-16 17:59:07+00:00,13483140,67727719334,51259358460026354178595,0,55908849131677949,1.3212752045427214
2025-05-16 17:59:09+00:00,13483142,67727669335,51259320617814158203974,0,55908807856980098,1.3212752045617748
2025-05-16 17:59:23+00:00,13483156,67727679335,51259328186260130303090,0,55908816111923521,1.3212752045617748
2025-05-16 17:59:53+00:00,13483186,67727679336,51259328185505556239683,0,55908816111923521,1.3212752046007334
2025-05-16 17:59:59+00:00,13483192,67727666163,51259338185505556239683,0,55908816111923521,1.321274689850583
2025-05-16 18:00:13+00:00,13483206,67727666164,51259338184750981882327,0,55908816111923521,1.3212746898895418
2025-05-16 18:00:18+00:00,13483211,67727666165,51259338183996407524993,0,55908816111923521,1.3212746899285006
2025-05-16 18:00:21+00:00,13483214,67727652992,51259348183996407524993,0,55908816111923521,1.3212741751785508
2025-05-16 18:00:30+00:00,13483223,67727652925,51259348133123702105791,0,55908816056436418,1.3212741751827801
2025-05-16 18:00:35+00:00,13483228,67727652926,51259348133123702105790,0,55908816056436418,1.3212741752022887
2025-05-16 18:00:40+00:00,13483233,67727652927,51259348132369127454521,0,55908816056436418,1.3212741752412476
2025-05-16 18:00:44+00:00,13483237,67727639754,51259358132369127454521,0,55908816056436418,1.321273660491498
2025-05-16 18:01:13+00:00,13483266,67727626581,51259368132369127454521,0,55908816056436418,1.3212731457419495
2025-05-16 18:01:27+00:00,13483280,67727626582,51259368131614552215330,0,55908816056436418,1.3212731457809084
2025-05-16 18:01:41+00:00,13483294,67727626581,51259368132614552215330,0,55908816056436418,1.3212731457356235
2025-05-16 18:01:46+00:00,13483299,67727626580,51259368133614552215330,0,55908816056436418,1.3212731456903386
2025-05-16 18:01:51+00:00,13483304,67727636593,51259375712072317855160,0,55908824322117697,1.3212731456861886
2025-05-16 18:01:51+00:00,13483304,67727626593,51259368143614552215330,0,55908824322117697,1.3212731456861886
2025-05-16 18:02:14+00:00,13483327,67727636594,51259375711317742615937,0,55908824322117697,1.3212731457251472
2025-05-16 18:02:47+00:00,13483360,67727623421,51259385711317742615937,0,55908824322117697,1.3212726309758756
2025-05-16 18:03:00+00:00,13483373,67727623422,51259385710563167082765,0,55908824322117697,1.3212726310148344
2025-05-16 18:03:06+00:00,13483379,67727603423,51259370573650571876420,0,55908807812224429,1.3212726310341154
2025-05-16 18:03:16+00:00,13483389,67727703423,51259295116208335695804,0,55908807812224429,1.3212765269100297
2025-05-16 18:03:26+00:00,13483399,67727690250,51259305116208335695804,0,55908807812224429,1.3212760121592892
2025-05-16 18:03:40+00:00,13483413,67727700250,51259312684649681768186,0,55908816067165296,1.3212760121592892
2025-05-16 18:03:46+00:00,13483419,67727700251,51259312683895108165994,0,55908816067165296,1.321276012198248
2025-05-16 18:03:49+00:00,13483422,67727687079,51259322683140534563824,0,55908816067165296,1.3212754974867431
2025-05-16 18:03:49+00:00,13483422,67727700252,51259312683140534563824,0,55908816067165296,1.3212760122372067
2025-05-16 18:03:55+00:00,13483428,67727687143,51259322731978564063872,0,55908816119996927,1.321275497476433
2025-05-16 18:04:05+00:00,13483438,67727687144,51259322731978564063871,0,55908816119996927,1.3212754974959415
2025-05-16 18:04:05+00:00,13483438,67727673971,51259332731978564063871,0,55908816119996927,1.3212749827456791
2025-05-16 18:04:19+00:00,13483452,67727660798,51259342731978564063871,0,55908816119996927,1.3212744679956174
2025-05-16 18:04:33+00:00,13483466,67727670799,51259350299674180610306,0,55908824374942610,1.3212744680345763
2025-05-16 18:04:33+00:00,13483466,67727660799,51259342731223989579815,0,55908824374942610,1.3212744680345763
2025-05-16 18:04:42+00:00,13483475,67727657626,51259360299674180610306,0,55908824374942610,1.3212739532847915
2025-05-16 18:04:57+00:00,13483490,67727637627,51259345162775262870124,0,55908807865056060,1.3212739533041105
2025-05-16 18:05:09+00:00,13483502,67727637626,51259345163775262870124,0,55908807865056060,1.3212739532588256
2025-05-16 18:05:14+00:00,13483507,67727637625,51259345164775262870124,0,55908807865056060,1.3212739532135407
2025-05-16 18:05:19+00:00,13483512,67727637638,51259345174775262870124,0,55908807875787491,1.3212739532093905
2025-05-16 18:05:20+00:00,13483513,67727637639,51259345174020688092075,0,55908807875787491,1.321273953248349
2025-05-16 18:05:30+00:00,13483523,67727647639,51259352742473827893266,0,55908816130734780,1.321273953248349
2025-05-16 18:05:44+00:00,13483537,67727657639,51259360310926967694457,0,55908824385682069,1.321273953248349
2025-05-16 18:05:54+00:00,13483547,67727637640,51259345174020689159817,0,55908807875787491,1.3212739532678577
2025-05-16 18:06:03+00:00,13483556,67727624467,51259355174020689159817,0,55908807875787491,1.321273438518122
2025-05-16 18:06:06+00:00,13483559,67727624468,51259355173266114087830,0,55908807875787491,1.3212734385570806
2025-05-16 18:06:12+00:00,13483565,67727611295,51259365173266114087830,0,55908807875787491,1.3212729238075458
2025-05-16 18:06:29+00:00,13483582,67727621295,51259372741725150683196,0,55908816130737991,1.3212729238075458
2025-05-16 18:06:44+00:00,13483597,67727631295,51259380310184187278562,0,55908824385688491,1.3212729238075458
2025-05-16 18:06:51+00:00,13483604,67727631296,51259380309429611912625,0,55908824385688491,1.3212729238465044
2025-05-16 18:07:07+00:00,13483620,67727618123,51259390309429611912625,0,55908824385688491,1.3212724090973222
2025-05-16 18:07:12+00:00,13483625,67727618124,51259390308675036252738,0,55908824385688491,1.321272409136281
2025-05-16 18:07:17+00:00,13483630,67727618125,51259390307920460592874,0,55908824385688491,1.3212724091752397
2025-05-16 18:07:22+00:00,13483635,67727598126,51259375170999435997721,0,55908807875787491,1.3212724091946724
2025-05-16 18:07:24+00:00,13483637,67727598190,51259375219837465497769,0,55908807928619184,1.3212724091843653
2025-05-16 18:07:31+00:00,13483644,67727585017,51259385219837465497769,0,55908807928619184,1.3212718944352324
2025-05-16 18:07:34+00:00,13483647,67727585018,51259385219837465497768,0,55908807928619184,1.321271894454741
2025-05-16 18:07:36+00:00,13483649,67727585019,51259385219082889543970,0,55908807928619184,1.3212718944936996
2025-05-16 18:07:41+00:00,13483654,67727685019,51259309761598589790964,0,55908807928619184,1.321275790368501
2025-05-16 18:07:52+00:00,13483665,67727671846,51259319761598589790964,0,55908807928619184,1.3212752756180512
2025-05-16 18:08:10+00:00,13483683,67727658673,51259329761598589790964,0,55908807928619184,1.3212747608678024
2025-05-16 18:08:22+00:00,13483695,67727658674,51259329760844015474166,0,55908807928619184,1.321274760906761
2025-05-16 18:08:30+00:00,13483703,67727668674,51259337329292528891031,0,55908816183563917,1.321274760906761
2025-05-16 18:08:36+00:00,13483709,67727668673,51259337330292528891031,0,55908816183563917,1.321274760861476
2025-05-16 18:08:41+00:00,13483714,67727668672,51259337331292528891031,0,55908816183563917,1.3212747608161912
2025-05-16 18:08:46+00:00,13483719,67727668685,51259337341292528891031,0,55908816194295345,1.3212747608120408
2025-05-16 18:08:58+00:00,13483731,67727658686,51259329772844015653715,0,55908807939350612,1.3212747608315494
2025-05-16 18:09:08+00:00,13483741,67727658687,51259329772089441336896,0,55908807939350612,1.3212747608705082
2025-05-16 18:09:14+00:00,13483747,67727645514,51259339772089441336896,0,55908807939350612,1.3212742461204603
2025-05-16 18:09:28+00:00,13483761,67727655514,51259347340540903523575,0,55908816194296951,1.3212742461204603
2025-05-16 18:09:53+00:00,13483786,67727655515,51259347339786328912807,0,55908816194296951,1.321274246159419
2025-05-16 18:10:08+00:00,13483801,67727645516,51259339771334866954259,0,55908807939350612,1.3212742461789275
2025-05-16 18:10:22+00:00,13483815,67727655516,51259347339786328806028,0,55908816194296950,1.3212742461789275
2025-05-16 18:10:38+00:00,13483831,67727645517,51259339771334867764318,0,55908807939350612,1.3212742461984361
2025-05-16 18:10:40+00:00,13483833,67727645518,51259339770580293153594,0,55908807939350612,1.321274246237395
2025-05-16 18:10:41+00:00,13483834,67727645519,51259339769825718542892,0,55908807939350612,1.3212742462763538
2025-05-16 18:10:46+00:00,13483839,67727645520,51259339769071143932213,0,55908807939350612,1.3212742463153124
2025-05-16 18:10:52+00:00,13483845,67727645584,51259339817909173432261,0,55908807992182268,1.3212742463050036
2025-05-16 18:10:57+00:00,13483850,67727645517,51259339767036468927704,0,55908807936695165,1.3212742463092328
2025-05-16 18:11:03+00:00,13483856,67727632344,51259349767036468927704,0,55908807936695165,1.3212737315593857
2025-05-16 18:11:08+00:00,13483861,67727619171,51259359767036468927704,0,55908807936695165,1.3212732168097392
2025-05-16 18:11:12+00:00,13483865,67727605998,51259369767036468927704,0,55908807936695165,1.3212727020602937
2025-05-16 18:11:26+00:00,13483879,67727605999,51259369766281893435128,0,55908807936695165,1.3212727020992523
2025-05-16 18:11:32+00:00,13483885,67727615999,51259377334742200010668,0,55908816191646320,1.3212727020992523
2025-05-16 18:11:41+00:00,13483894,67727602826,51259387334742200010668,0,55908816191646320,1.3212721873500837
2025-05-16 18:12:05+00:00,13483918,67727602825,51259387335742200010668,0,55908816191646320,1.3212721873047988
2025-05-16 18:12:09+00:00,13483922,67727602824,51259387336742200010668,0,55908816191646320,1.321272187259514
2025-05-16 18:12:10+00:00,13483923,67727612824,51259394905205455671311,0,55908824446599080,1.321272187259514
2025-05-16 18:12:12+00:00,13483925,67727612825,51259394904450879884733,0,55908824446599080,1.3212721872984727
2025-05-16 18:12:15+00:00,13483928,67727612838,51259394914450879884733,0,55908824457330518,1.3212721872943227
2025-05-16 18:12:19+00:00,13483932,67727599665,51259404914450879884733,0,55908824456464588,1.321271672545431
2025-05-16 18:12:19+00:00,13483932,67727599664,51259404913656961269409,0,55908824456464588,1.3212716725463867
2025-05-16 18:12:58+00:00,13483971,67727599665,51259404912902385188880,0,55908824456464588,1.3212716725853453
2025-05-16 18:12:58+00:00,13483971,67727586492,51259414912902385188880,0,55908824456464588,1.3212711578366543
2025-05-16 18:13:12+00:00,13483985,67727596492,51259422481371537556676,0,55908832711420559,1.3212711578366543
2025-05-16 18:13:33+00:00,13484006,67727583319,51259432481371537556676,0,55908832711420559,1.3212706430882402
2025-05-16 18:13:42+00:00,13484015,67727570146,51259442481371537556676,0,55908832711420559,1.321270128340027
2025-05-16 18:13:43+00:00,13484016,67727570147,51259442480616960594252,0,55908832711420559,1.3212701283789856
2025-05-16 18:13:52+00:00,13484025,67727540148,51259419775208006354955,0,55908807946560673,1.3212701283980768
2025-05-16 18:13:54+00:00,13484027,67727550148,51259412229439493121816,0,55908807946560673,1.321270517985036
2025-05-16 18:14:02+00:00,13484035,67727650148,51259336771876581302685,0,55908807946560673,1.3212744138577843
2025-05-16 18:14:07+00:00,13484040,67727650149,51259336771122006787711,0,55908807946560673,1.3212744138967432
2025-05-16 18:14:12+00:00,13484045,67727650150,51259336770367432272759,0,55908807946560673,1.3212744139357018
2025-05-16 18:14:18+00:00,13484051,67727650214,51259336819205461772807,0,55908807999392325,1.3212744139253927
2025-05-16 18:14:23+00:00,13484056,67727660147,51259344336783261202359,0,55908816198850997,1.3212744139296222
2025-05-16 18:14:23+00:00,13484056,67727650147,51259336768332760250896,0,55908816198850997,1.3212744139296222
2025-05-16 18:14:27+00:00,13484060,67727660148,51259344336028686687426,0,55908816198850997,1.3212744139685808
2025-05-16 18:14:28+00:00,13484061,67727660149,51259344336028686687425,0,55908816198850997,1.3212744139880896
2025-05-16 18:14:32+00:00,13484065,67727646976,51259354336028686687425,0,55908816198850997,1.3212738992382556
2025-05-16 18:14:41+00:00,13484074,67727633803,51259364336028686687425,0,55908816198850997,1.3212733844886222
2025-05-16 18:15:12+00:00,13484105,67727633804,51259364335274111584582,0,55908816198850997,1.321273384527581
2025-05-16 18:15:18+00:00,13484111,67727623805,51259356766820657952830,0,55908807943905222,1.3212733845470137
2025-05-16 18:15:32+00:00,13484125,67727623804,51259356767820657952830,0,55908807943905222,1.3212733845017288
2025-05-16 18:15:33+00:00,13484126,67727610631,51259366767820657952830,0,55908807943905222,1.3212728697522205
2025-05-16 18:15:42+00:00,13484135,67727610644,51259366777820657952830,0,55908807954636657,1.3212728697480705
2025-05-16 18:15:47+00:00,13484140,67727610643,51259366777026739693834,0,55908807953770727,1.321272869749026
2025-05-16 18:15:58+00:00,13484151,67727610644,51259366776272164297024,0,55908807953770727,1.3212728697879847
2025-05-16 18:16:38+00:00,13484191,67727597471,51259376776272164297024,0,55908807953770727,1.3212723550386771
2025-05-16 18:16:44+00:00,13484197,67727597472,51259376775517588606265,0,55908807953770727,1.321272355077636
2025-05-16 18:16:56+00:00,13484209,67727584299,51259386775517588606265,0,55908807953770727,1.3212718403285293
2025-05-16 18:17:27+00:00,13484240,67727594299,51259394343982831544870,0,55908816208724529,1.3212718403285293
2025-05-16 18:17:29+00:00,13484242,67727594300,51259394343228255560161,0,55908816208724529,1.321271840367488
2025-05-16 18:17:37+00:00,13484250,67727584301,51259386774763013117448,0,55908807953770727,1.3212718403869965
2025-05-16 18:17:38+00:00,13484251,67727584302,51259386774008437132772,0,55908807953770727,1.3212718404259554
2025-05-16 18:17:44+00:00,13484257,67727584366,51259386822846466632820,0,55908808006602431,1.3212718404156487
2025-05-16 18:17:49+00:00,13484262,67727584299,51259386771973715490993,0,55908807951115328,1.3212718404198769
2025-05-16 18:17:53+00:00,13484266,67727584300,51259386771973715490992,0,55908807951115328,1.3212718404393855
2025-05-16 18:17:57+00:00,13484270,67727594300,51259394340438957794594,0,55908816206069129,1.3212718404393855
2025-05-16 18:18:16+00:00,13484289,67727594301,51259394339684381809948,0,55908816206069129,1.3212718404783441
2025-05-16 18:18:21+00:00,13484294,67727581128,51259404339684381809948,0,55908816206069129,1.3212713257295143
2025-05-16 18:18:57+00:00,13484330,67727581127,51259404340684381809948,0,55908816206069129,1.3212713256842294
2025-05-16 18:19:02+00:00,13484335,67727581128,51259404339929805531326,0,55908816206069129,1.3212713257231883
2025-05-16 18:19:02+00:00,13484335,67727581127,51259404340929805531326,0,55908816206069129,1.3212713256779034
2025-05-16 18:19:07+00:00,13484340,67727581140,51259404350929805531326,0,55908816216800571,1.3212713256737536
2025-05-16 18:19:12+00:00,13484345,67727581139,51259404350135886807713,0,55908816215934641,1.3212713256747093
2025-05-16 18:19:24+00:00,13484357,67727567966,51259414350135886807713,0,55908816215934641,1.3212708109260802
2025-05-16 18:19:47+00:00,13484380,67727567967,51259414349381310235113,0,55908816215934641,1.321270810965039
2025-05-16 18:19:51+00:00,13484384,67727577967,51259421917852449543889,0,55908824470891653,1.321270810965039
2025-05-16 18:20:01+00:00,13484394,67727564794,51259431917852449543889,0,55908824470891653,1.321270296216687
2025-05-16 18:20:28+00:00,13484421,67727574794,51259439486326537422733,0,55908832725850271,1.321270296216687
2025-05-16 18:20:33+00:00,13484426,67727574795,51259439485571960556183,0,55908832725850271,1.3212702962556455
2025-05-16 18:21:04+00:00,13484457,67727574796,51259439484817383689655,0,55908832725850271,1.3212702962946041
2025-05-16 18:21:09+00:00,13484462,67727574797,51259439484062806823150,0,55908832725850271,1.321270296333563
2025-05-16 18:21:12+00:00,13484465,67727584797,51259447052536894032507,0,55908840980808889,1.321270296333563
2025-05-16 18:21:21+00:00,13484474,67727584731,51259447000909536253582,0,55908840925321786,1.321270296376749
2025-05-16 18:21:21+00:00,13484474,67727584798,51259447051782317166024,0,55908840925321786,1.3212702963725216
2025-05-16 18:21:26+00:00,13484479,67727584732,51259447000909536253581,0,55908840925321786,1.3212702963962575
2025-05-16 18:21:28+00:00,13484481,67727571559,51259457000909536253581,0,55908840925321786,1.3212697816482577
2025-05-16 18:21:39+00:00,13484492,67727531560,51259426727013171348742,0,55908807905493737,1.3212697816674628
2025-05-16 18:22:07+00:00,13484520,67727531561,51259426726258594188333,0,55908807905493737,1.3212697817064214
2025-05-16 18:22:29+00:00,13484542,67727531560,51259426727258594188333,0,55908807905493737,1.3212697816611367
2025-05-16 18:22:30+00:00,13484543,67727541560,51259434295735629535137,0,55908816160453960,1.3212697816611367
2025-05-16 18:22:35+00:00,13484548,67727541559,51259434296735629535137,0,55908816160453960,1.321269781615852
2025-05-16 18:22:40+00:00,13484553,67727541572,51259434306735629535137,0,55908816171185408,1.3212697816117025
2025-05-16 18:22:44+00:00,13484557,67727541571,51259434305941710346913,0,55908816170319478,1.3212697816126582
2025-05-16 18:22:46+00:00,13484559,67727528398,51259444305941710346913,0,55908816170319478,1.3212692668646313
2025-05-16 18:22:53+00:00,13484566,67727528399,51259444305187132892500,0,55908816170319478,1.32126926690359
2025-05-16 18:23:01+00:00,13484574,67727538399,51259451873667116866635,0,55908824425281306,1.32126926690359
2025-05-16 18:23:25+00:00,13484598,67727525226,51259461873667116866635,0,55908824425281306,1.32126875215584
2025-05-16 18:23:38+00:00,13484611,67727525227,51259461872912539118272,0,55908824425281306,1.3212687521947986
2025-05-16 18:24:16+00:00,13484649,67727512054,51259471872912539118272,0,55908824425281306,1.3212682374472493
2025-05-16 18:24:23+00:00,13484656,67727512055,51259471872157961075958,0,55908824425281306,1.321268237486208
2025-05-16 18:24:35+00:00,13484668,67727522055,51259479440643841751936,0,55908832680246345,1.321268237486208
2025-05-16 18:24:35+00:00,13484668,67727522056,51259479439889263709644,0,55908832680246345,1.3212682375251665
2025-05-16 18:24:44+00:00,13484677,67727508883,51259489439889263709644,0,55908832680246345,1.3212677227778942
2025-05-16 18:24:45+00:00,13484678,67727508947,51259489488727293209692,0,55908832733078131,1.3212677227675915
2025-05-16 18:24:50+00:00,13484683,67727508880,51259489437854462675607,0,55908832677591028,1.3212677227718175
2025-05-16 18:24:55+00:00,13484688,67727508881,51259489437854462675606,0,55908832677591028,1.321267722791326
2025-05-16 18:24:57+00:00,13484690,67727478882,51259466732399753221098,0,55908807912703938,1.3212677228105312
2025-05-16 18:25:07+00:00,13484700,67727578882,51259391274677209180606,0,55908807912703938,1.3212716186791373
2025-05-16 18:25:10+00:00,13484703,67727578883,51259391273922633069313,0,55908807912703938,1.321271618718096
2025-05-16 18:25:37+00:00,13484730,67727565710,51259401273922633069313,0,55908807912703938,1.3212711039692786
2025-05-16 18:25:47+00:00,13484740,67727552537,51259411273922633069313,0,55908807912703938,1.321270589220662
2025-05-16 18:25:55+00:00,13484748,67727552538,51259411273168056370097,0,55908807912703938,1.3212705892596206
2025-05-16 18:26:04+00:00,13484757,67727552537,51259411274168056370097,0,55908807912703938,1.321270589214336
2025-05-16 18:26:09+00:00,13484762,67727552550,51259411284168056370097,0,55908807923435382,1.3212705892101864
2025-05-16 18:26:14+00:00,13484767,67727552549,51259411283374137421332,0,55908807922569452,1.3212705892111418
2025-05-16 18:26:25+00:00,13484778,67727539376,51259421283374137421332,0,55908807922569452,1.3212700744627262
2025-05-16 18:26:41+00:00,13484794,67727539377,51259421282619560428138,0,55908807922569452,1.321270074501685
2025-05-16 18:26:48+00:00,13484801,67727526204,51259431282619560428138,0,55908807922569452,1.32126955975347
2025-05-16 18:26:57+00:00,13484810,67727513031,51259441282619560428138,0,55908807922569452,1.321269045005456
2025-05-16 18:27:27+00:00,13484840,67727523031,51259448851100815476919,0,55908816177531936,1.321269045005456
2025-05-16 18:27:27+00:00,13484840,67727523032,51259448850346237895802,0,55908816177531936,1.321269045044415
2025-05-16 18:27:42+00:00,13484855,67727509859,51259458850346237895802,0,55908816177531936,1.3212685302966776
2025-05-16 18:27:56+00:00,13484869,67727519859,51259466418830441295848,0,55908824432496025,1.3212685302966776
2025-05-16 18:28:02+00:00,13484875,67727519860,51259466418075863420781,0,55908824432496025,1.3212685303356364
2025-05-16 18:28:07+00:00,13484880,67727519861,51259466417321285545736,0,55908824432496025,1.321268530374595
2025-05-16 18:28:13+00:00,13484886,67727519862,51259466416566707670713,0,55908824432496025,1.3212685304135536
2025-05-16 18:28:14+00:00,13484887,67727519926,51259466465404737170761,0,55908824485327795,1.32126853040325
2025-05-16 18:28:18+00:00,13484891,67727519859,51259466414531921981500,0,55908824429840692,1.3212685304074767
2025-05-16 18:28:19+00:00,13484892,67727506686,51259476414531921981500,0,55908824429840692,1.3212680156600163
2025-05-16 18:28:24+00:00,13484897,67727506687,51259476414531921981499,0,55908824429840692,1.321268015679525
2025-05-16 18:28:38+00:00,13484911,67727493514,51259486414531921981499,0,55908824429840692,1.3212675009322654
2025-05-16 18:28:56+00:00,13484929,67727473515,51259471277559082647118,0,55908807919914119,1.3212675009515842
2025-05-16 18:29:05+00:00,13484938,67727460342,51259481277559082647118,0,55908807919914119,1.3212669862043736
2025-05-16 18:29:27+00:00,13484960,67727460341,51259481278559082647118,0,55908807919914119,1.3212669861590889
2025-05-16 18:29:32+00:00,13484965,67727460340,51259481279559082647118,0,55908807919914119,1.3212669861138042
2025-05-16 18:29:36+00:00,13484969,67727460353,51259481289559082647118,0,55908807930645578,1.3212669861096553
2025-05-16 18:29:41+00:00,13484974,67727460352,51259481288765162614194,0,55908807929779648,1.321266986110611
2025-05-16 18:29:44+00:00,13484977,67727460353,51259481288010583857239,0,55908807929779648,1.3212669861495696
2025-05-16 18:29:49+00:00,13484982,67727560353,51259405830245969047645,0,55908807929779648,1.3212708820170693
2025-05-16 18:30:03+00:00,13484996,67727570353,51259413398716701357941,0,55908816184736365,1.3212708820170693
2025-05-16 18:30:14+00:00,13485007,67727560354,51259405830245969531954,0,55908807929779648,1.321270882036578
2025-05-16 18:30:29+00:00,13485022,67727570354,51259413398716701730501,0,55908816184736365,1.321270882036578
2025-05-16 18:30:31+00:00,13485024,67727570355,51259413397962125198512,0,55908816184736365,1.3212708820755368
2025-05-16 18:31:19+00:00,13485072,67727570356,51259413397207548666546,0,55908816184736365,1.3212708821144954
2025-05-16 18:31:31+00:00,13485084,67727570357,51259413396452972134602,0,55908816184736365,1.321270882153454
2025-05-16 18:31:36+00:00,13485089,67727570358,51259413395698395602680,0,55908816184736365,1.3212708821924128
2025-05-16 18:31:42+00:00,13485095,67727570422,51259413444536425102728,0,55908816237568087,1.321270882182107
2025-05-16 18:31:46+00:00,13485099,67727570355,51259413393663655029565,0,55908816182080984,1.3212708821863348
2025-05-16 18:31:51+00:00,13485104,67727570356,51259413393663655029564,0,55908816182080984,1.3212708822058434
2025-05-16 18:32:04+00:00,13485117,67727557183,51259423393663655029564,0,55908816182080984,1.3212703674573918
2025-05-16 18:32:06+00:00,13485119,67727557184,51259423392909078203700,0,55908816182080984,1.3212703674963504
2025-05-16 18:32:20+00:00,13485133,67727547185,51259415824436870372169,0,55908807927124267,1.321270367515821
2025-05-16 18:32:29+00:00,13485142,67727534012,51259425824436870372169,0,55908807927124267,1.3212698527674944
2025-05-16 18:32:51+00:00,13485164,67727534013,51259425823682293252365,0,55908807927124267,1.321269852806453
2025-05-16 18:32:56+00:00,13485169,67727534012,51259425824682293252365,0,55908807927124267,1.3212698527611684
2025-05-16 18:33:01+00:00,13485174,67727534011,51259425825682293252365,0,55908807927124267,1.3212698527158835
2025-05-16 18:33:11+00:00,13485184,67727534010,51259425824888374078430,0,55908807926258337,1.3212698527168392
2025-05-16 18:33:13+00:00,13485186,67727520837,51259435824888374078430,0,55908807926258337,1.3212693379687133
2025-05-16 18:33:37+00:00,13485210,67727520838,51259435824133796664625,0,55908807926258337,1.3212693380076719
2025-05-16 18:33:52+00:00,13485225,67727507665,51259445824133796664625,0,55908807926258337,1.3212688232597467
2025-05-16 18:34:02+00:00,13485235,67727494492,51259455824133796664625,0,55908807926258337,1.3212683085120225
2025-05-16 18:34:12+00:00,13485245,67727481319,51259465824133796664625,0,55908807926258337,1.321267793764499
2025-05-16 18:34:24+00:00,13485257,67727481320,51259465823379218368923,0,55908807926258337,1.3212677938034576
2025-05-16 18:34:57+00:00,13485290,67727491320,51259473391867640548331,0,55908816181224686,1.3212677938034576
2025-05-16 18:35:00+00:00,13485293,67727491321,51259473391113062252651,0,55908816181224686,1.3212677938424164
2025-05-16 18:35:06+00:00,13485299,67727491322,51259473390358483956994,0,55908816181224686,1.321267793881375
2025-05-16 18:35:06+00:00,13485299,67727478149,51259483390358483956994,0,55908816181224686,1.3212672791341284
2025-05-16 18:35:09+00:00,13485302,67727478150,51259483389603905367386,0,55908816181224686,1.321267279173087
2025-05-16 18:35:12+00:00,13485305,67727478214,51259483438441934867434,0,55908816234056480,1.3212672791627846
2025-05-16 18:35:17+00:00,13485310,67727478147,51259483387569095325125,0,55908816178569377,1.3212672791670106
2025-05-16 18:35:18+00:00,13485311,67727464974,51259493387569095325125,0,55908816178569377,1.3212667644199647
2025-05-16 18:35:42+00:00,13485335,67727454975,51259485819077721269375,0,55908807923603028,1.3212667644393974
2025-05-16 18:35:55+00:00,13485348,67727454976,51259485818323142385823,0,55908807923603028,1.3212667644783562
2025-05-16 18:36:28+00:00,13485381,67727454975,51259485819323142385823,0,55908807923603028,1.3212667644330716
2025-05-16 18:36:34+00:00,13485387,67727454974,51259485820323142385823,0,55908807923603028,1.321266764387787
2025-05-16 18:36:41+00:00,13485394,67727454975,51259485819568563502242,0,55908807923603028,1.3212667644267455
2025-05-16 18:36:43+00:00,13485396,67727454974,51259485818774643399056,0,55908807922737098,1.321266764427701
2025-05-16 18:36:47+00:00,13485400,67727464974,51259493387268962055017,0,55908816177706658,1.321266764427701
2025-05-16 18:37:14+00:00,13485427,67727474974,51259500955763280710978,0,55908824432676218,1.321266764427701
2025-05-16 18:37:27+00:00,13485440,67727474975,51259500955008701827420,0,55908824432676218,1.3212667644666596
2025-05-16 18:37:30+00:00,13485443,67727461802,51259510955008701827420,0,55908824432676218,1.3212662497198906
2025-05-16 18:37:43+00:00,13485456,67727441803,51259495818017112829761,0,55908807922737098,1.3212662497393233
2025-05-16 18:37:54+00:00,13485467,67727428630,51259505818017112829761,0,55908807922737098,1.3212657349926031
2025-05-16 18:38:03+00:00,13485476,67727415457,51259515818017112829761,0,55908807922737098,1.321265220246084
2025-05-16 18:38:12+00:00,13485485,67727415458,51259515817262533064315,0,55908807922737098,1.3212652202850426
2025-05-16 18:38:20+00:00,13485493,67727425458,51259523385765696904997,0,55908816177711475,1.3212652202850426
2025-05-16 18:38:32+00:00,13485505,67727425459,51259523385011117139574,0,55908816177711475,1.3212652203240012
2025-05-16 18:38:37+00:00,13485510,67727425460,51259523384256537374173,0,55908816177711475,1.3212652203629598
2025-05-16 18:38:43+00:00,13485516,67727425524,51259523433094566874221,0,55908816230543311,1.3212652203526594
2025-05-16 18:38:52+00:00,13485525,67727425525,51259523433094566874220,0,55908816230543311,1.321265220372168
2025-05-16 18:38:56+00:00,13485529,67727415525,51259515864591403212895,0,55908807975568934,1.321265220372168
2025-05-16 18:39:10+00:00,13485543,67727425525,51259523433094566554502,0,55908816230543310,1.321265220372168
2025-05-16 18:39:22+00:00,13485555,67727412352,51259533433094566554502,0,55908816230543310,1.321264705625926
2025-05-16 18:39:31+00:00,13485564,67727399179,51259543433094566554502,0,55908816230543310,1.3212641908798848
2025-05-16 18:39:41+00:00,13485574,67727399180,51259543432339986201181,0,55908807975568934,1.3212641909188434
2025-05-16 18:39:41+00:00,13485574,67727389181,51259535863833870554640,0,55908807975568934,1.321264190938276
2025-05-16 18:39:53+00:00,13485586,67727489181,51259460405909620569086,0,55908807975568934,1.3212680868016278
2025-05-16 18:39:56+00:00,13485589,67727489180,51259460406909620569086,0,55908807975568934,1.321268086756343
2025-05-16 18:40:01+00:00,13485594,67727489179,51259460407909620569086,0,55908807975568934,1.3212680867110584
2025-05-16 18:40:03+00:00,13485596,67727476006,51259470407909620569086,0,55908807975568934,1.3212675719636244
2025-05-16 18:40:06+00:00,13485599,67727476019,51259470417909620569086,0,55908807986300391,1.3212675719594753
2025-05-16 18:40:11+00:00,13485604,67727476018,51259470417115700705335,0,55908807985434461,1.321267571960431
2025-05-16 18:40:13+00:00,13485606,67727462845,51259480417115700705335,0,55908807985434461,1.3212670572131977
2025-05-16 18:40:27+00:00,13485620,67727462846,51259480416361121988987,0,55908807985434461,1.3212670572521563
2025-05-16 18:40:33+00:00,13485626,67727449673,51259490416361121988987,0,55908807985434461,1.321266542505124
2025-05-16 18:40:48+00:00,13485641,67727459673,51259497984856711864425,0,55908816240404676,1.321266542505124
2025-05-16 18:41:02+00:00,13485655,67727469673,51259505553352301739863,0,55908824495374891,1.321266542505124
2025-05-16 18:41:12+00:00,13485665,67727456500,51259515553352301739863,0,55908824495374891,1.3212660277584445
2025-05-16 18:41:13+00:00,13485666,67727456501,51259515552597722435591,0,55908824495374891,1.321266027797403
2025-05-16 18:41:21+00:00,13485674,67727443328,51259525552597722435591,0,55908824495374891,1.3212655130509243
2025-05-16 18:41:49+00:00,13485702,67727430155,51259535552597722435591,0,55908824495374891,1.3212649983046465
2025-05-16 18:41:59+00:00,13485712,67727430156,51259535551843142543394,0,55908824495374891,1.3212649983436051
2025-05-16 18:41:59+00:00,13485712,67727430157,51259535551088562651219,0,55908824495374891,1.3212649983825637
2025-05-16 18:42:04+00:00,13485717,67727430158,51259535550333982759066,0,55908824495374891,1.3212649984215223
2025-05-16 18:42:08+00:00,13485721,67727440158,51259543118838417483905,0,55908832750349923,1.3212649984215223
2025-05-16 18:42:10+00:00,13485723,67727440222,51259543167676446983953,0,55908832803181763,1.3212649984112224
2025-05-16 18:42:15+00:00,13485728,67727440155,51259543116803563239617,0,55908832747694660,1.321264998415447
2025-05-16 18:42:20+00:00,13485733,67727440156,51259543116803563239616,0,55908832747694660,1.3212649984349556
2025-05-16 18:42:31+00:00,13485744,67727450156,51259550685307997887506,0,55908841002669692,1.3212649984349556
2025-05-16 18:42:41+00:00,13485754,67727410157,51259520411299092575188,0,55908807982779198,1.3212649984542364
2025-05-16 18:43:01+00:00,13485774,67727396984,51259530411299092575188,0,55908807982779198,1.3212644837080074
2025-05-16 18:43:24+00:00,13485797,67727396983,51259530412299092575188,0,55908807982779198,1.3212644836627228
2025-05-16 18:43:29+00:00,13485802,67727396982,51259530413299092575188,0,55908807982779198,1.3212644836174383
2025-05-16 18:43:31+00:00,13485804,67727396983,51259530412544512389051,0,55908807982779198,1.321264483656397
2025-05-16 18:43:34+00:00,13485807,67727396996,51259530422544512389051,0,55908807993510667,1.3212644836522485
2025-05-16 18:43:35+00:00,13485808,67727383823,51259540422544512389051,0,55908807993510667,1.3212639689062204
2025-05-16 18:43:44+00:00,13485817,67727370651,51259550422544512389051,0,55908807993510667,1.3212634541799018
2025-05-16 18:43:53+00:00,13485826,67727357479,51259560422544512389051,0,55908807993510667,1.3212629394537838
2025-05-16 18:44:02+00:00,13485835,67727457479,51259484964548789609933,0,55908807993510667,1.3212668353152692
2025-05-16 18:44:16+00:00,13485849,67727457480,51259484963794210766859,0,55908807993510667,1.3212668353542278
2025-05-16 18:44:33+00:00,13485866,67727467480,51259492532288123140758,0,55908816248479932,1.3212668353542278
2025-05-16 18:44:53+00:00,13485886,67727454307,51259502532288123140758,0,55908816248479932,1.3212663206073603
2025-05-16 18:45:01+00:00,13485894,67727454308,51259502531533544003733,0,55908816248479932,1.321266320646319
2025-05-16 18:45:08+00:00,13485901,67727441135,51259512531533544003733,0,55908816248479932,1.3212658058996525
2025-05-16 18:45:28+00:00,13485921,67727427962,51259522531533544003733,0,55908816248479932,1.3212652911531866
2025-05-16 18:45:29+00:00,13485922,67727427963,51259522530778964278783,0,55908816248479932,1.3212652911921452
2025-05-16 18:45:34+00:00,13485927,67727427964,51259522530024384553855,0,55908816248479932,1.3212652912311038
2025-05-16 18:45:40+00:00,13485933,67727428028,51259522578862414053903,0,55908816301311766,1.3212652912208036
2025-05-16 18:45:45+00:00,13485938,67727427961,51259522527989535727602,0,55908816245824663,1.3212652912250284
2025-05-16 18:45:47+00:00,13485940,67727427962,51259522527234956002693,0,55908816245824663,1.321265291263987
2025-05-16 18:45:50+00:00,13485943,67727427963,51259522527234956002692,0,55908816245824663,1.3212652912834957
2025-05-16 18:46:08+00:00,13485961,67727414790,51259532527234956002692,0,55908816245824663,1.3212647765372307
2025-05-16 18:46:23+00:00,13485976,67727401617,51259542527234956002692,0,55908816245824663,1.3212642617911665
2025-05-16 18:46:32+00:00,13485985,67727401618,51259542526480375689869,0,55908816245824663,1.3212642618301251
2025-05-16 18:46:37+00:00,13485990,67727411618,51259550094989029779008,0,55908824500801955,1.3212642618301251
2025-05-16 18:46:46+00:00,13485999,67727398445,51259560094989029779008,0,55908824500801955,1.3212637470843378
2025-05-16 18:46:54+00:00,13486007,67727398444,51259560095989029779008,0,55908824500801955,1.3212637470390534
2025-05-16 18:46:55+00:00,13486008,67727385272,51259570095989029779008,0,55908824500801955,1.3212632323129754
2025-05-16 18:47:04+00:00,13486017,67727385285,51259570105989029779008,0,55908824511533429,1.3212632323088271
2025-05-16 18:47:09+00:00,13486022,67727385284,51259570105195108605926,0,55908824510667499,1.3212632323097828
2025-05-16 18:47:10+00:00,13486023,67727372112,51259580105195108605926,0,55908824510667499,1.3212627175839058
2025-05-16 18:47:18+00:00,13486031,67727372113,51259580104440527411198,0,55908824510667499,1.3212627176228644
2025-05-16 18:47:27+00:00,13486040,67727352114,51259564967421721066961,0,55908808000720942,1.3212627176419556
2025-05-16 18:47:37+00:00,13486050,67727338942,51259574967421721066961,0,55908808000720942,1.3212622029161274
2025-05-16 18:47:53+00:00,13486066,67727438942,51259499509383934256167,0,55908808000720942,1.3212660987765072
2025-05-16 18:48:04+00:00,13486077,67727438943,51259499508629354992453,0,55908808000720942,1.3212660988154659
2025-05-16 18:48:19+00:00,13486092,67727448943,51259507077127486417412,0,55908816255692468,1.3212660988154659
2025-05-16 18:48:33+00:00,13486106,67727435770,51259517077127486417412,0,55908816255692468,1.3212655840688883
2025-05-16 18:48:42+00:00,13486115,67727422597,51259527077127486417412,0,55908816255692468,1.3212650693225114
2025-05-16 18:48:49+00:00,13486122,67727422598,51259527076372906565773,0,55908816255692468,1.32126506936147
2025-05-16 18:48:57+00:00,13486130,67727422599,51259527075618326714157,0,55908816255692468,1.3212650694004286
2025-05-16 18:49:01+00:00,13486134,67727422600,51259527074863746862563,0,55908816255692468,1.3212650694393873
2025-05-16 18:49:08+00:00,13486141,67727422664,51259527123701776362611,0,55908816308524306,1.321265069429087
2025-05-16 18:49:17+00:00,13486150,67727422665,51259527123701776362610,0,55908816308524306,1.3212650694485957
2025-05-16 18:49:23+00:00,13486156,67727412666,51259519555200692252435,0,55908808053552780,1.3212650694680284
2025-05-16 18:49:36+00:00,13486169,67727412667,51259519554446112400879,0,55908808053552780,1.321265069506987
2025-05-16 18:49:37+00:00,13486170,67727399494,51259529554446112400879,0,55908808053552780,1.3212645547607353
2025-05-16 18:50:03+00:00,13486196,67727386321,51259539554446112400879,0,55908808053552780,1.3212640400146847
2025-05-16 18:50:19+00:00,13486212,67727373149,51259549554446112400879,0,55908808053552780,1.3212635252883433
2025-05-16 18:50:21+00:00,13486214,67727373148,51259549555446112400879,0,55908808053552780,1.321263525243059
2025-05-16 18:50:21+00:00,13486214,67727373149,51259549554691531667409,0,55908808053552780,1.3212635252820175
2025-05-16 18:50:28+00:00,13486221,67727359977,51259559554691531667409,0,55908808053552780,1.321263010555877
2025-05-16 18:50:30+00:00,13486223,67727359990,51259559564691531667409,0,55908808064284255,1.321263010551729
2025-05-16 18:50:35+00:00,13486228,67727359989,51259559563897610424037,0,55908808063418325,1.3212630105526844
2025-05-16 18:50:37+00:00,13486230,67727346817,51259569563897610424037,0,55908808063418325,1.3212624958267447
2025-05-16 18:51:08+00:00,13486261,67727346818,51259569563143029102662,0,55908808063418325,1.3212624958657033
2025-05-16 18:51:10+00:00,13486263,67727446818,51259494105121972792565,0,55908808063418325,1.321266391726494
2025-05-16 18:51:19+00:00,13486272,67727433645,51259504105121972792565,0,55908808063418325,1.321265876979729
2025-05-16 18:51:28+00:00,13486281,67727420472,51259514105121972792565,0,55908808063418325,1.3212653622331647
2025-05-16 18:51:42+00:00,13486295,67727430472,51259521673624323522692,0,55908816318392111,1.3212653622331647
2025-05-16 18:51:53+00:00,13486306,67727430473,51259521672869743838336,0,55908816318392111,1.3212653622721233
2025-05-16 18:52:06+00:00,13486319,67727417300,51259531672869743838336,0,55908816318392111,1.321264847525836
2025-05-16 18:52:25+00:00,13486338,67727417301,51259531672115163860028,0,55908816318392111,1.3212648475647946
2025-05-16 18:52:30+00:00,13486343,67727417302,51259531671360583881743,0,55908816318392111,1.3212648476037532
2025-05-16 18:52:36+00:00,13486349,67727417366,51259531720198613381791,0,55908816371223953,1.3212648475934532
2025-05-16 18:52:38+00:00,13486351,67727417367,51259531719444033403522,0,55908816371223953,1.3212648476324118
2025-05-16 18:52:41+00:00,13486354,67727417300,51259531668571146069201,0,55908816315736850,1.3212648476366364
2025-05-16 18:52:42+00:00,13486355,67727407301,51259524100067319820474,0,55908808060763064,1.321264847656107
2025-05-16 18:53:12+00:00,13486385,67727394128,51259534100067319820474,0,55908808060763064,1.3212643329099445
2025-05-16 18:53:22+00:00,13486395,67727380955,51259544100067319820474,0,55908808060763064,1.3212638181639826
2025-05-16 18:53:24+00:00,13486397,67727380956,51259544099312739254293,0,55908808060763064,1.3212638182029413
2025-05-16 18:53:49+00:00,13486422,67727367784,51259554099312739254293,0,55908808060763064,1.321263303476689
2025-05-16 18:53:50+00:00,13486423,67727367783,51259554100312739254293,0,55908808060763064,1.3212633034314043
2025-05-16 18:53:59+00:00,13486432,67727367796,51259554110312739254293,0,55908808071494538,1.3212633034272563
2025-05-16 18:54:04+00:00,13486437,67727367795,51259554109518818095503,0,55908808070628608,1.3212633034282117
2025-05-16 18:54:04+00:00,13486437,67727354623,51259564109518818095503,0,55908808070628608,1.3212627887021602
2025-05-16 18:54:11+00:00,13486444,67727354624,51259564108764236941391,0,55908808070628608,1.3212627887411188
2025-05-16 18:54:20+00:00,13486453,67727341452,51259574108764236941391,0,55908808070628608,1.3212622740152682
2025-05-16 18:54:35+00:00,13486468,67727328280,51259584108764236941391,0,55908808070628608,1.3212617592896183
2025-05-16 18:54:52+00:00,13486485,67727315108,51259594108764236941391,0,55908808070628608,1.3212612445641694
2025-05-16 18:55:14+00:00,13486507,67727415108,51259518650671718103220,0,55908808070628608,1.3212651404230946
2025-05-16 18:55:42+00:00,13486535,67727415109,51259518649917138292187,0,55908808070628608,1.3212651404620532
2025-05-16 18:55:53+00:00,13486546,67727425110,51259526217666179565850,0,55908816325603049,1.3212651405010118
2025-05-16 18:55:53+00:00,13486546,67727425109,51259526218420759376861,0,55908816325603049,1.3212651404620532
2025-05-16 18:55:58+00:00,13486551,67727425111,51259526216911599754862,0,55908816325603049,1.3212651405399705
2025-05-16 18:56:04+00:00,13486557,67727425175,51259526265749629254910,0,55908816378434885,1.32126514052967
2025-05-16 18:56:09+00:00,13486562,67727425108,51259526214876747339708,0,55908816322947782,1.321265140533895
2025-05-16 18:56:14+00:00,13486567,67727425109,51259526214876747339707,0,55908816322947782,1.3212651405534035
2025-05-16 18:56:21+00:00,13486574,67727415109,51259518646373126777513,0,55908808067973341,1.3212651405534035
2025-05-16 18:56:27+00:00,13486580,67727415110,51259518645618546966555,0,55908808067973341,1.321265140592362
2025-05-16 18:56:45+00:00,13486598,67727401937,51259528645618546966555,0,55908808067973341,1.3212646258460876
2025-05-16 18:57:14+00:00,13486627,67727401938,51259528644863966861645,0,55908808067973341,1.3212646258850462
2025-05-16 18:57:23+00:00,13486636,67727401937,51259528645863966861645,0,55908808067973341,1.3212646258397618
2025-05-16 18:57:24+00:00,13486637,67727411937,51259536214370535819591,0,55908816322949387,1.3212646258397618
2025-05-16 18:57:33+00:00,13486646,67727411936,51259536213576615055150,0,55908816322083457,1.3212646258407172
2025-05-16 18:57:33+00:00,13486646,67727398763,51259546213576615055150,0,55908816322083457,1.3212641110947194
2025-05-16 18:57:59+00:00,13486672,67727398764,51259546212822034656263,0,55908816322083457,1.321264111133678
2025-05-16 18:58:01+00:00,13486674,67727388765,51259538644313989735679,0,55908808067107411,1.3212641111531487
2025-05-16 18:58:34+00:00,13486707,67727375592,51259548644313989735679,0,55908808067107411,1.3212635964072759
2025-05-16 18:58:44+00:00,13486717,67727375593,51259548643559409042852,0,55908808067107411,1.3212635964462345
2025-05-16 18:58:54+00:00,13486727,67727385593,51259556212071874607421,0,55908816322086668,1.3212635964462345
2025-05-16 18:59:08+00:00,13486741,67727395593,51259563780584340171990,0,55908824577065925,1.3212635964462345
2025-05-16 18:59:18+00:00,13486751,67727375594,51259548643559409579225,0,55908808067107411,1.3212635964657429
2025-05-16 18:59:19+00:00,13486752,67727375595,51259548642804828886431,0,55908808067107411,1.3212635965047015
2025-05-16 18:59:24+00:00,13486757,67727375596,51259548642050248193659,0,55908808067107411,1.32126359654366
2025-05-16 18:59:28+00:00,13486761,67727362424,51259558642050248193659,0,55908808067107411,1.3212630818174966
2025-05-16 18:59:30+00:00,13486763,67727362488,51259558690888277693707,0,55908808119939288,1.3212630818071982
2025-05-16 18:59:30+00:00,13486763,67727362489,51259558690133696706989,0,55908808119939288,1.3212630818461568
2025-05-16 18:59:35+00:00,13486768,67727362422,51259558639260775097351,0,55908808064452185,1.3212630818503808
2025-05-16 18:59:39+00:00,13486772,67727362423,51259558639260775097350,0,55908808064452185,1.3212630818698894
2025-05-16 19:00:15+00:00,13486808,67727372423,51259566207776188278889,0,55908816319433047,1.3212630818698894
2025-05-16 19:00:16+00:00,13486809,67727372424,51259566207021607292206,0,55908816319433047,1.3212630819088478
2025-05-16 19:00:35+00:00,13486828,67727359252,51259576207021607292206,0,55908816319433047,1.321262567182961
2025-05-16 19:00:45+00:00,13486838,67727359251,51259576208021607292206,0,55908816319433047,1.3212625671376765
2025-05-16 19:00:51+00:00,13486844,67727359250,51259576209021607292206,0,55908816319433047,1.321262567092392
2025-05-16 19:01:00+00:00,13486853,67727359249,51259576208227685908268,0,55908816318567117,1.3212625670933476
2025-05-16 19:01:01+00:00,13486854,67727369249,51259583776746047855849,0,55908824573549584,1.3212625670933476
2025-05-16 19:01:03+00:00,13486856,67727369250,51259583775991466575174,0,55908824573549584,1.3212625671323062
2025-05-16 19:01:25+00:00,13486878,67727356078,51259593775991466575174,0,55908824573549584,1.3212620524066963
2025-05-16 19:01:47+00:00,13486900,67727342906,51259603775991466575174,0,55908824573549584,1.3212615376812873
2025-05-16 19:01:50+00:00,13486903,67727342907,51259603775236884706595,0,55908824573549584,1.3212615377202457
2025-05-16 19:02:27+00:00,13486940,67727352907,51259611343761143162173,0,55908832828535262,1.3212615377202457
2025-05-16 19:02:35+00:00,13486948,67727352908,51259611343006561293617,0,55908832828535262,1.3212615377592043
2025-05-16 19:02:48+00:00,13486961,67727339736,51259621343006561293617,0,55908832828535262,1.321261023034072
2025-05-16 19:02:49+00:00,13486962,67727339737,51259621342251979131120,0,55908832828535262,1.3212610230730306
2025-05-16 19:02:54+00:00,13486967,67727339738,51259621341497396968645,0,55908832828535262,1.321261023111989
2025-05-16 19:02:59+00:00,13486972,67727339802,51259621390335426468693,0,55908832881367180,1.3212610231016928
2025-05-16 19:03:06+00:00,13486979,67727339735,51259621339462465162888,0,55908832825880077,1.3212610231059156
2025-05-16 19:03:21+00:00,13486994,67727339736,51259621338707883000432,0,55908832825880077,1.321261023144874
2025-05-16 19:03:36+00:00,13487009,67727326564,51259631338707883000432,0,55908832825880077,1.3212605084199427
2025-05-16 19:03:48+00:00,13487021,67727313392,51259641338707883000432,0,55908832825880077,1.3212599936952119
2025-05-16 19:03:57+00:00,13487030,67727300220,51259651338707883000432,0,55908832825880077,1.321259478970682
2025-05-16 19:04:06+00:00,13487039,67727300221,51259651337953299956107,0,55908832825880077,1.3212594790096406
2025-05-16 19:04:14+00:00,13487047,67727300220,51259651338953299956107,0,55908832825880077,1.3212594789643561
2025-05-16 19:04:19+00:00,13487052,67727300219,51259651339953299956107,0,55908832825880077,1.321259478919072
2025-05-16 19:04:24+00:00,13487057,67727300232,51259651349953299956107,0,55908832836611566,1.3212594789149243
2025-05-16 19:04:29+00:00,13487062,67727300231,51259651349159377642916,0,55908832835745636,1.3212594789158798
2025-05-16 19:04:36+00:00,13487069,67727270232,51259628643576245402938,0,55908808070796629,1.3212594789347434
2025-05-16 19:05:11+00:00,13487104,67727257060,51259638643576245402938,0,55908808070796629,1.3212589642101864
2025-05-16 19:05:25+00:00,13487118,67727243888,51259648643576245402938,0,55908808070796629,1.3212584494858304
2025-05-16 19:05:39+00:00,13487132,67727243889,51259648642821661770665,0,55908808070796629,1.321258449524789
2025-05-16 19:05:40+00:00,13487133,67727343889,51259573184569516187320,0,55908808070796629,1.3212623453795693
2025-05-16 19:05:49+00:00,13487142,67727330717,51259583184569516187320,0,55908808070796629,1.3212618306538964
2025-05-16 19:06:03+00:00,13487156,67727317545,51259593184569516187320,0,55908808070796629,1.321261315928424
2025-05-16 19:06:12+00:00,13487165,67727304373,51259603184569516187320,0,55908808070796629,1.3212608012031528
2025-05-16 19:06:19+00:00,13487172,67727304374,51259603183814933898133,0,55908808070796629,1.3212608012421114
2025-05-16 19:06:24+00:00,13487177,67727304375,51259603183060351608968,0,55908808070796629,1.3212608012810698
2025-05-16 19:06:30+00:00,13487183,67727304439,51259603231898381109016,0,55908808123628551,1.3212608012707738
2025-05-16 19:06:30+00:00,13487183,67727291267,51259613231898381109016,0,55908808123628551,1.3212602865457037
2025-05-16 19:06:35+00:00,13487188,67727291200,51259613181025405372364,0,55908808068141448,1.321260286549926
2025-05-16 19:06:40+00:00,13487193,67727291201,51259613181025405372363,0,55908808068141448,1.3212602865694347
2025-05-16 19:06:44+00:00,13487197,67727278029,51259623181025405372363,0,55908808068141448,1.321259771844565
2025-05-16 19:06:56+00:00,13487209,67727264857,51259633181025405372363,0,55908808068141448,1.321259257119896
2025-05-16 19:07:05+00:00,13487218,67727364857,51259557722819382205536,0,55908808068141448,1.3212631529758516
2025-05-16 19:07:14+00:00,13487227,67727364858,51259557722064801259462,0,55908808068141448,1.3212631530148102
2025-05-16 19:07:26+00:00,13487239,67727351686,51259567722064801259462,0,55908808068141448,1.3212626382888244
2025-05-16 19:07:38+00:00,13487251,67727338514,51259577722064801259462,0,55908808068141448,1.3212621235630393
2025-05-16 19:07:45+00:00,13487258,67727338513,51259577723064801259462,0,55908808068141448,1.3212621235177548
2025-05-16 19:07:50+00:00,13487263,67727338512,51259577724064801259462,0,55908808068141448,1.3212621234724704
2025-05-16 19:07:52+00:00,13487265,67727348512,51259585292585704377864,0,55908816323125225,1.3212621234724704
2025-05-16 19:07:56+00:00,13487269,67727348525,51259585302585704377864,0,55908816333856703,1.3212621234683224
2025-05-16 19:08:02+00:00,13487275,67727348526,51259585301831122843832,0,55908816333856703,1.321262123507281
2025-05-16 19:08:03+00:00,13487276,67727338526,51259577733310219887094,0,55908808078872926,1.321262123507281
2025-05-16 19:08:12+00:00,13487285,67727325354,51259587733310219887094,0,55908808078872926,1.3212616087816969
2025-05-16 19:08:33+00:00,13487306,67727312182,51259597733310219887094,0,55908808078872926,1.3212610940563136
2025-05-16 19:08:48+00:00,13487321,67727312183,51259597732555637765158,0,55908808078872926,1.3212610940952723
2025-05-16 19:08:53+00:00,13487326,67727322183,51259605301082437418981,0,55908816333859913,1.3212610940952723
2025-05-16 19:09:10+00:00,13487343,67727309011,51259615301082437418981,0,55908816333859913,1.321260579370166
2025-05-16 19:09:19+00:00,13487352,67727295839,51259625301082437418981,0,55908816333859913,1.3212600646452604
2025-05-16 19:09:34+00:00,13487367,67727282667,51259635301082437418981,0,55908816333859913,1.3212595499205555
2025-05-16 19:09:35+00:00,13487368,67727282668,51259635300327854415176,0,55908816333859913,1.3212595499595141
2025-05-16 19:09:51+00:00,13487384,67727282669,51259635299573271411394,0,55908816333859913,1.3212595499984725
2025-05-16 19:09:56+00:00,13487389,67727282670,51259635298818688407634,0,55908816333859913,1.3212595500374311
2025-05-16 19:10:00+00:00,13487393,67727269498,51259645298818688407634,0,55908816333859913,1.3212590353129272
2025-05-16 19:10:01+00:00,13487394,67727269562,51259645347656717907682,0,55908816386691870,1.3212590353026328
2025-05-16 19:10:07+00:00,13487400,67727269495,51259645296783717816307,0,55908816331204767,1.3212590353068545
2025-05-16 19:10:12+00:00,13487405,67727269496,51259645296783717816306,0,55908816331204767,1.3212590353263631
2025-05-16 19:10:20+00:00,13487413,67727256324,51259655296783717816306,0,55908816331204767,1.32125852060206
2025-05-16 19:10:22+00:00,13487415,67727256325,51259655296029134224648,0,55908816331204767,1.3212585206410183
2025-05-16 19:10:32+00:00,13487425,67727243153,51259665296029134224648,0,55908816331204767,1.3212580059169161
2025-05-16 19:10:42+00:00,13487435,67727253153,51259657750191388918894,0,55908816331204767,1.3212583955020092
2025-05-16 19:10:47+00:00,13487440,67727353153,51259582291936158030940,0,55908816331204767,1.3212622913560974
2025-05-16 19:11:00+00:00,13487453,67727339981,51259592291936158030940,0,55908816331204767,1.3212617766305264
2025-05-16 19:11:07+00:00,13487460,67727339982,51259592291181576298827,0,55908816331204767,1.321261776669485
2025-05-16 19:11:11+00:00,13487464,67727349982,51259584745365366078296,0,55908816331204767,1.3212621662551327
2025-05-16 19:11:18+00:00,13487471,67727336810,51259594745365366078296,0,55908816331204767,1.3212616515296107
2025-05-16 19:11:20+00:00,13487473,67727336809,51259594746365366078296,0,55908816331204767,1.3212616514843263
2025-05-16 19:11:26+00:00,13487479,67727336822,51259594756365366078296,0,55908816341936247,1.3212616514801785
2025-05-16 19:11:30+00:00,13487483,67727336821,51259594755571444407412,0,55908816341070317,1.321261651481134
2025-05-16 19:11:52+00:00,13487505,67727326822,51259587186291621705567,0,55908808086083330,1.3212616515201348
2025-05-16 19:11:52+00:00,13487505,67727326821,51259587187046203509154,0,55908808086083330,1.3212616514811761
2025-05-16 19:12:13+00:00,13487526,67727313650,51259597186291621705567,0,55908808086083330,1.3212611367947376
2025-05-16 19:12:22+00:00,13487535,67727300478,51259607186291621705567,0,55908808086083330,1.3212606220695413
2025-05-16 19:12:38+00:00,13487551,67727300479,51259607185537039314076,0,55908808086083330,1.3212606221085
2025-05-16 19:13:03+00:00,13487576,67727287307,51259617185537039314076,0,55908808086083330,1.3212601073835044
2025-05-16 19:13:20+00:00,13487593,67727274135,51259627185537039314076,0,55908808086083330,1.3212595926587098
2025-05-16 19:13:22+00:00,13487595,67727274136,51259627184782456334679,0,55908808086083330,1.3212595926976685
2025-05-16 19:13:26+00:00,13487599,67727284136,51259634753317856393800,0,55908816341074956,1.3212595926976685
2025-05-16 19:13:27+00:00,13487600,67727284137,51259634752563273414426,0,55908816341074956,1.3212595927366269
2025-05-16 19:13:33+00:00,13487606,67727284201,51259634801401302914474,0,55908816393906902,1.321259592726332
2025-05-16 19:13:38+00:00,13487611,67727284134,51259634750528313296370,0,55908816338419799,1.3212595927305542
2025-05-16 19:13:43+00:00,13487616,67727284135,51259634750528313296369,0,55908816338419799,1.3212595927500628
2025-05-16 19:13:45+00:00,13487618,67727274135,51259627181992913510983,0,55908808083428173,1.3212595927500628
2025-05-16 19:14:09+00:00,13487642,67727274136,51259627181238330531639,0,55908808083428173,1.3212595927890212
2025-05-16 19:14:32+00:00,13487665,67727284136,51259634749773730067466,0,55908816338419798,1.3212595927890212
2025-05-16 19:14:41+00:00,13487674,67727270964,51259644749773730067466,0,55908816338419798,1.3212590780645035
2025-05-16 19:14:48+00:00,13487681,67727270963,51259644750773730067466,0,55908816338419798,1.321259078019219
2025-05-16 19:14:53+00:00,13487686,67727270962,51259644751773730067466,0,55908816338419798,1.3212590779739346
2025-05-16 19:14:54+00:00,13487687,67727270963,51259644751019146794128,0,55908816338419798,1.3212590780128932
2025-05-16 19:15:03+00:00,13487696,67727270962,51259644750225224348864,0,55908816337553868,1.3212590780138487
2025-05-16 19:15:09+00:00,13487702,67727257790,51259654750225224348864,0,55908816337553868,1.3212585632895317
2025-05-16 19:15:41+00:00,13487734,67727257791,51259654749470640781585,0,55908816337553868,1.3212585633284903
2025-05-16 19:15:43+00:00,13487736,67727247792,51259647180932288932349,0,55908808082562243,1.3212585633479228
2025-05-16 19:15:52+00:00,13487745,67727234620,51259657180932288932349,0,55908808082562243,1.3212580486237306
2025-05-16 19:16:14+00:00,13487767,67727244620,51259664749476533878561,0,55908816337558685,1.3212580486237306
2025-05-16 19:16:27+00:00,13487780,67727244621,51259664748721950017351,0,55908816337558685,1.3212580486626893
2025-05-16 19:16:37+00:00,13487790,67727254621,51259672317266194740398,0,55908824592555127,1.3212580486626893
2025-05-16 19:16:53+00:00,13487806,67727254622,51259672316511610879211,0,55908824592555127,1.3212580487016476
2025-05-16 19:16:58+00:00,13487811,67727254623,51259672315757027018046,0,55908824592555127,1.3212580487406063
2025-05-16 19:16:58+00:00,13487811,67727241451,51259682315757027018046,0,55908824592555127,1.3212575340167667
2025-05-16 19:17:04+00:00,13487817,67727241515,51259682364595056518094,0,55908824645387114,1.3212575340064738
2025-05-16 19:17:09+00:00,13487822,67727241448,51259682313722027203817,0,55908824589900011,1.321257534010695
2025-05-16 19:17:12+00:00,13487825,67727241449,51259682312967443048707,0,55908832844898058,1.3212575340496535
2025-05-16 19:17:12+00:00,13487825,67727251449,51259689881514635623652,0,55908832844898058,1.3212575340496535
2025-05-16 19:17:14+00:00,13487827,67727251450,51259689881514635623651,0,55908832844898058,1.321257534069162
2025-05-16 19:17:33+00:00,13487846,67727238278,51259699881514635623651,0,55908832844898058,1.3212570193455992
2025-05-16 19:17:42+00:00,13487855,67727225106,51259709881514635623651,0,55908832844898058,1.3212565046222375
2025-05-16 19:17:58+00:00,13487871,67727225107,51259709880760050880646,0,55908832844898058,1.3212565046611962
2025-05-16 19:18:07+00:00,13487880,67727235107,51259717449313140096472,0,55908841099899315,1.3212565046611962
2025-05-16 19:18:16+00:00,13487889,67727221935,51259727449313140096472,0,55908841099899315,1.321255989938111
2025-05-16 19:18:20+00:00,13487893,67727221934,51259727450313140096472,0,55908841099899315,1.3212559898928269
2025-05-16 19:18:25+00:00,13487898,67727208761,51259737451313140096472,0,55908841099899315,1.3212554751246586
2025-05-16 19:18:25+00:00,13487898,67727221933,51259727451313140096472,0,55908841099899315,1.3212559898475427
2025-05-16 19:18:30+00:00,13487903,67727208774,51259737461313140096472,0,55908841110630820,1.321255475120512
2025-05-16 19:18:35+00:00,13487908,67727208773,51259737460519216567061,0,55908841109764890,1.3212554751214673
2025-05-16 19:18:43+00:00,13487916,67727208774,51259737459764631236095,0,55908841109764890,1.321255475160426
2025-05-16 19:18:44+00:00,13487917,67727218774,51259745028323617745352,0,55908849364769358,1.321255475160426
2025-05-16 19:18:55+00:00,13487928,67727168775,51259707185552237715931,0,55908808089772702,1.3212554751793273
2025-05-16 19:19:04+00:00,13487937,67727155603,51259717185552237715931,0,55908808089772702,1.3212549604563402
2025-05-16 19:19:16+00:00,13487949,67727142431,51259727185552237715931,0,55908808089772702,1.3212544457335538
2025-05-16 19:19:28+00:00,13487961,67727142432,51259727184797651797069,0,55908808089772702,1.3212544457725122
2025-05-16 19:20:09+00:00,13488002,67727152432,51259734753362534962469,0,55908816344780381,1.3212544457725122
2025-05-16 19:20:15+00:00,13488008,67727152433,51259734752607949043629,0,55908816344780381,1.3212544458114708
2025-05-16 19:20:25+00:00,13488018,67727152434,51259734751853363124811,0,55908816344780381,1.3212544458504292
2025-05-16 19:20:30+00:00,13488023,67727152435,51259734751098777206016,0,55908816344780381,1.3212544458893876
2025-05-16 19:20:32+00:00,13488025,67727162435,51259742319663659701917,0,55908824599788060,1.3212544458893876
2025-05-16 19:20:41+00:00,13488034,67727162368,51259742268790570843322,0,55908824544300957,1.321254445893607
2025-05-16 19:20:46+00:00,13488039,67727162369,51259742268790570843321,0,55908832799308636,1.3212544459131157
2025-05-16 19:20:46+00:00,13488039,67727172369,51259749837355453203300,0,55908832799308636,1.3212544459131157
2025-05-16 19:21:01+00:00,13488054,67727159198,51259759836600867284540,0,55908832799308636,1.321253931229716
2025-05-16 19:21:01+00:00,13488054,67727172370,51259749836600867284540,0,55908832799308636,1.321254445952074
2025-05-16 19:21:21+00:00,13488074,67727169198,51259767405168697915561,0,55908841054317920,1.321253931229716
2025-05-16 19:21:30+00:00,13488083,67727156026,51259777405168697915561,0,55908841054317920,1.3212534165076346
2025-05-16 19:21:48+00:00,13488101,67727156027,51259777404414111408894,0,55908841054317920,1.3212534165465932
2025-05-16 19:21:48+00:00,13488101,67727156026,51259777405414111408894,0,55908841054317920,1.321253416501309
2025-05-16 19:21:53+00:00,13488106,67727156025,51259777406414111408894,0,55908841054317920,1.321253416456025
2025-05-16 19:21:57+00:00,13488110,67727156038,51259777416414111408894,0,55908841065049434,1.3212534164518788
2025-05-16 19:21:59+00:00,13488112,67727166038,51259784984984890854223,0,55908849320060324,1.3212534164518788
2025-05-16 19:22:02+00:00,13488115,67727166037,51259784984190966705330,0,55908849319194394,1.321253416452834
2025-05-16 19:22:08+00:00,13488121,67727152865,51259794984190966705330,0,55908849319194394,1.3212529017310297
2025-05-16 19:22:24+00:00,13488137,67727102866,51259757141339991893502,0,55908808044151183,1.321252901750083
2025-05-16 19:22:34+00:00,13488147,67727102867,51259757140585405092849,0,55908808044151183,1.3212529017890413
2025-05-16 19:22:38+00:00,13488151,67727112867,51259764709159132696026,0,55908816299163678,1.3212529017890413
2025-05-16 19:22:54+00:00,13488167,67727212867,51259689250590149845279,0,55908816299163678,1.3212567976350005
2025-05-16 19:23:03+00:00,13488176,67727199695,51259699250590149845279,0,55908816299163678,1.3212562829115753
2025-05-16 19:23:21+00:00,13488194,67727199696,51259699249835564975652,0,55908816299163678,1.3212562829505337
2025-05-16 19:23:33+00:00,13488206,67727209696,51259706818389924216786,0,55908824554165590,1.3212562829505337
2025-05-16 19:23:43+00:00,13488216,67727189696,51259691681271502950340,0,55908808044151183,1.321256282950784
2025-05-16 19:23:51+00:00,13488224,67727189697,51259691680516918080735,0,55908808044151183,1.3212562829897423
2025-05-16 19:23:56+00:00,13488229,67727189698,51259691679762333211153,0,55908808044151183,1.3212562830287007
2025-05-16 19:23:57+00:00,13488230,67727199698,51259699248316692004523,0,55908816299153094,1.3212562830287007
2025-05-16 19:24:02+00:00,13488235,67727199762,51259699297154721504571,0,55908816351985106,1.321256283018409
2025-05-16 19:24:06+00:00,13488239,67727199763,51259699296400136635005,0,55908816351985106,1.3212562830573675
2025-05-16 19:24:08+00:00,13488241,67727199696,51259699245527082970234,0,55908816296498003,1.321256283061588
2025-05-16 19:24:13+00:00,13488246,67727199697,51259699245527082970233,0,55908816296498003,1.3212562830810965
2025-05-16 19:24:37+00:00,13488270,67727186525,51259709245527082970233,0,55908816296498003,1.321255768357872
2025-05-16 19:24:46+00:00,13488279,67727173353,51259719245527082970233,0,55908816296498003,1.3212552536348483
2025-05-16 19:24:51+00:00,13488284,67727173354,51259719244772497512774,0,55908816296498003,1.3212552536738067
2025-05-16 19:25:20+00:00,13488313,67727173353,51259719245772497512774,0,55908816296498003,1.3212552536285225
2025-05-16 19:25:25+00:00,13488318,67727173352,51259719246772497512774,0,55908816296498003,1.3212552535832383
2025-05-16 19:25:31+00:00,13488324,67727173365,51259719256772497512774,0,55908816307229509,1.3212552535790918
2025-05-16 19:25:36+00:00,13488329,67727173365,51259719255223988455612,0,55908816306363579,1.3212552536190056
2025-05-16 19:25:36+00:00,13488329,67727173364,51259719255978573913103,0,55908816306363579,1.3212552535800473
2025-05-16 19:26:22+00:00,13488375,67727173366,51259719254469402998144,0,55908816306363579,1.3212552536579643
2025-05-16 19:26:32+00:00,13488385,67727183366,51259726823029658342051,0,55908824561368701,1.3212552536579643
2025-05-16 19:26:46+00:00,13488399,67727193366,51259734391589913685958,0,55908832816373823,1.3212552536579643
2025-05-16 19:27:03+00:00,13488416,67727163367,51259711685912092810095,0,55908808051361668,1.3212552536773967
2025-05-16 19:27:08+00:00,13488421,67727163368,51259711685157507352660,0,55908808051361668,1.321255253716355
2025-05-16 19:27:24+00:00,13488437,67727150196,51259721685157507352660,0,55908808051361668,1.3212547389934564
2025-05-16 19:27:29+00:00,13488442,67727150197,51259721684402921601282,0,55908808051361668,1.321254739032415
2025-05-16 19:27:34+00:00,13488447,67727150198,51259721683648335849927,0,55908808051361668,1.3212547390713734
2025-05-16 19:27:40+00:00,13488453,67727150262,51259721732486365349975,0,55908808104193711,1.321254739061083
2025-05-16 19:27:45+00:00,13488458,67727150195,51259721681613281913442,0,55908808048706608,1.3212547390653029
2025-05-16 19:27:49+00:00,13488462,67727160195,51259729250176485005008,0,55908816303713335,1.3212547390653029
2025-05-16 19:27:50+00:00,13488463,67727160196,51259729250176485005007,0,55908816303713335,1.3212547390848113
2025-05-16 19:27:58+00:00,13488471,67727147024,51259739250176485005007,0,55908816303713335,1.3212542243621892
2025-05-16 19:28:08+00:00,13488481,67727137025,51259731681611805763744,0,55908808048706608,1.3212542243816598
2025-05-16 19:28:30+00:00,13488503,67727147025,51259739250177957126437,0,55908816303714940,1.3212542243816598
2025-05-16 19:28:39+00:00,13488512,67727147026,51259739249423371081158,0,55908816303714940,1.3212542244206182
2025-05-16 19:28:48+00:00,13488521,67727133854,51259749249423371081158,0,55908816303714940,1.321253709698197
2025-05-16 19:28:55+00:00,13488528,67727133853,51259749250423371081158,0,55908816303714940,1.3212537096529129
2025-05-16 19:28:59+00:00,13488532,67727133852,51259749251423371081158,0,55908816303714940,1.3212537096076287
2025-05-16 19:29:05+00:00,13488538,67727123866,51259741692855743606386,0,55908808059438120,1.321253709622953
2025-05-16 19:29:05+00:00,13488538,67727123853,51259741682855743606386,0,55908808059438120,1.3212537096270993
2025-05-16 19:29:10+00:00,13488543,67727123865,51259741692061819542098,0,55908808058572190,1.3212537096239085
2025-05-16 19:29:20+00:00,13488553,67727223865,51259666233538973204548,0,55908808058572190,1.321257605471617
2025-05-16 19:29:25+00:00,13488558,67727223866,51259666232784389090250,0,55908808058572190,1.3212576055105754
2025-05-16 19:29:30+00:00,13488563,67727210694,51259676232784389090250,0,55908808058572190,1.3212570907867613
2025-05-16 19:30:06+00:00,13488599,67727197522,51259686232784389090250,0,55908808058572190,1.3212565760631483
2025-05-16 19:30:11+00:00,13488604,67727197523,51259686232029804388045,0,55908808058572190,1.3212565761021067
2025-05-16 19:30:20+00:00,13488613,67727207523,51259693800582484368954,0,55908816313573150,1.3212565761021067
2025-05-16 19:30:52+00:00,13488645,67727197524,51259686232029804594453,0,55908808058572190,1.3212565761216153
2025-05-16 19:30:57+00:00,13488650,67727197525,51259686231275219892282,0,55908808058572190,1.3212565761605737
2025-05-16 19:30:59+00:00,13488652,67727197526,51259686230520635190133,0,55908808058572190,1.3212565761995323
2025-05-16 19:31:09+00:00,13488662,67727197590,51259686279358664690181,0,55908808111404196,1.32125657618924
2025-05-16 19:31:14+00:00,13488667,67727197523,51259686228485616445923,0,55908808055917093,1.3212565761934607
2025-05-16 19:31:19+00:00,13488672,67727197524,51259686228485616445922,0,55908808055917093,1.3212565762129693
2025-05-16 19:31:24+00:00,13488677,67727207524,51259693797038295791777,0,55908816310918052,1.3212565762129693
2025-05-16 19:31:33+00:00,13488686,67727194352,51259703797038295791777,0,55908816310918052,1.321256061489633
2025-05-16 19:31:43+00:00,13488696,67727181180,51259713797038295791777,0,55908816310918052,1.3212555467664973
2025-05-16 19:31:44+00:00,13488697,67727181181,51259713796283710501729,0,55908816310918052,1.3212555468054559
2025-05-16 19:31:53+00:00,13488706,67727171182,51259706227728078896385,0,55908808055917093,1.3212555468248883
2025-05-16 19:32:15+00:00,13488728,67727158010,51259716227728078896385,0,55908808055917093,1.3212550321018777
2025-05-16 19:32:23+00:00,13488736,67727158009,51259716228728078896385,0,55908808055917093,1.3212550320565934
2025-05-16 19:32:28+00:00,13488741,67727158008,51259716229728078896385,0,55908808055917093,1.3212550320113092
2025-05-16 19:32:29+00:00,13488742,67727158009,51259716228973493312354,0,55908808055917093,1.3212550320502676
2025-05-16 19:32:38+00:00,13488751,67727158008,51259716228179569642407,0,55908808055051163,1.321255032051223
2025-05-16 19:32:55+00:00,13488768,67727144836,51259726228179569642407,0,55908808055051163,1.3212545173284131
2025-05-16 19:33:15+00:00,13488788,67727144837,51259726227424983764434,0,55908808055051163,1.3212545173673718
2025-05-16 19:33:20+00:00,13488793,67727131665,51259736227424983764434,0,55908808055051163,1.3212540026447626
2025-05-16 19:33:44+00:00,13488817,67727118493,51259746227424983764434,0,55908808055051163,1.3212534879223543
2025-05-16 19:34:01+00:00,13488834,67727118494,51259746226670397298553,0,55908808055051163,1.3212534879613127
2025-05-16 19:34:12+00:00,13488845,67727128494,51259753795240767114528,0,55908816310061755,1.3212534879613127
2025-05-16 19:34:29+00:00,13488862,67727118495,51259746226670397527369,0,55908808055051163,1.321253487980821
2025-05-16 19:34:29+00:00,13488862,67727118496,51259746225915811061521,0,55908808055051163,1.3212534880197797
2025-05-16 19:34:34+00:00,13488867,67727118497,51259746225161224595695,0,55908808055051163,1.321253488058738
2025-05-16 19:34:40+00:00,13488873,67727118561,51259746273999254095743,0,55908808107883230,1.321253488048449
2025-05-16 19:34:44+00:00,13488877,67727118494,51259746223126146306164,0,55908808052396127,1.321253488052668
2025-05-16 19:34:46+00:00,13488879,67727118495,51259746222371559840357,0,55908808052396127,1.3212534880916265
2025-05-16 19:34:49+00:00,13488882,67727118496,51259746222371559840356,0,55908808052396127,1.321253488111135
2025-05-16 19:35:04+00:00,13488897,67727128496,51259753790941928798100,0,55908816307406718,1.321253488111135
2025-05-16 19:35:31+00:00,13488924,67727128497,51259753790187342332327,0,55908816307406718,1.3212534881500935
2025-05-16 19:35:37+00:00,13488930,67727118498,51259746221616974048736,0,55908808052396127,1.3212534881696019
2025-05-16 19:35:54+00:00,13488947,67727118497,51259746222616974048736,0,55908808052396127,1.3212534881243179
2025-05-16 19:35:59+00:00,13488952,67727118496,51259746223616974048736,0,55908808052396127,1.3212534880790336
2025-05-16 19:36:04+00:00,13488957,67727118509,51259746233616974048736,0,55908808063127640,1.3212534880748874
2025-05-16 19:36:09+00:00,13488962,67727118508,51259746232823049914172,0,55908808062261710,1.3212534880758429
2025-05-16 19:36:17+00:00,13488970,67727118509,51259746232068463448378,0,55908808062261710,1.3212534881148013
2025-05-16 19:36:36+00:00,13488989,67727128509,51259753800638832385120,0,55908816317272301,1.3212534881148013
2025-05-16 19:37:02+00:00,13489015,67727128510,51259753799884245919349,0,55908816317272301,1.3212534881537596
2025-05-16 19:37:10+00:00,13489023,67727138510,51259761368454614632925,0,55908824572282892,1.3212534881537596
2025-05-16 19:37:44+00:00,13489057,67727148510,51259768937024983346501,0,55908832827293483,1.3212534881537596
2025-05-16 19:37:49+00:00,13489062,67727148511,51259768936270396880752,0,55908832827293483,1.3212534881927183
2025-05-16 19:37:57+00:00,13489070,67727148512,51259768935515810415025,0,55908832827293483,1.3212534882316767
2025-05-16 19:38:02+00:00,13489075,67727148513,51259768934761223949320,0,55908832827293483,1.321253488270635
2025-05-16 19:38:08+00:00,13489081,67727158577,51259776552169621493444,0,55908841135136140,1.321253488260346
2025-05-16 19:38:08+00:00,13489081,67727158513,51259776503331591993396,0,55908841135136140,1.321253488270635
2025-05-16 19:38:13+00:00,13489086,67727158510,51259776501296513706566,0,55908841079649037,1.321253488264565
2025-05-16 19:38:18+00:00,13489091,67727158511,51259776501296513706565,0,55908841079649037,1.3212534882840734
2025-05-16 19:38:25+00:00,13489098,67727118512,51259746227015042205387,0,55908808059606674,1.321253488303582
2025-05-16 19:38:33+00:00,13489106,67727118513,51259746226260455739723,0,55908808059606674,1.3212534883425404
2025-05-16 19:38:39+00:00,13489112,67727128513,51259753794830823371901,0,55908816314617264,1.3212534883425404
2025-05-16 19:39:05+00:00,13489138,67727138513,51259761363401191004079,0,55908824569627854,1.3212534883425404
2025-05-16 19:39:21+00:00,13489154,67727138512,51259761364401191004079,0,55908824569627854,1.3212534882972564
2025-05-16 19:39:26+00:00,13489159,67727138511,51259761365401191004079,0,55908824569627854,1.3212534882519722
2025-05-16 19:39:31+00:00,13489164,67727138524,51259761375401191004079,0,55908824580359367,1.321253488247826
2025-05-16 19:39:36+00:00,13489169,67727138523,51259761374607266869545,0,55908824579493437,1.3212534882487814
2025-05-16 19:39:42+00:00,13489175,67727118524,51259746237466532078948,0,55908808069472257,1.3212534882682898
2025-05-16 19:40:03+00:00,13489196,67727118525,51259746236711945613264,0,55908808069472257,1.3212534883072482
2025-05-16 19:40:13+00:00,13489206,67727105353,51259756236711945613264,0,55908808069472257,1.321252973585041
2025-05-16 19:40:50+00:00,13489243,67727105354,51259756235957358853637,0,55908808069472257,1.3212529736239993
2025-05-16 19:41:24+00:00,13489277,67727105355,51259756235202772094033,0,55908808069472257,1.3212529736629577
2025-05-16 19:41:29+00:00,13489282,67727105356,51259756234448185334451,0,55908808069472257,1.321252973701916
2025-05-16 19:41:34+00:00,13489287,67727105420,51259756283286214834499,0,55908808122304335,1.3212529736916274
2025-05-16 19:41:36+00:00,13489289,67727105421,51259756282531628074933,0,55908808122304335,1.321252973730586
2025-05-16 19:41:39+00:00,13489292,67727105354,51259756231658510365435,0,55908808066817232,1.3212529737348049
2025-05-16 19:41:44+00:00,13489297,67727105355,51259756231658510365434,0,55908808066817232,1.3212529737543133
2025-05-16 19:41:46+00:00,13489299,67727115355,51259763800231825727748,0,55908816321829427,1.3212529737543133
2025-05-16 19:41:56+00:00,13489309,67727105356,51259756231658510779643,0,55908808066817232,1.321252973773822
2025-05-16 19:41:57+00:00,13489310,67727092184,51259766231658510779643,0,55908808066817232,1.321252459051815
2025-05-16 19:42:21+00:00,13489334,67727092185,51259766230903923726159,0,55908808066817232,1.3212524590907735
2025-05-16 19:42:27+00:00,13489340,67727102185,51259773799480187252321,0,55908816321831032,1.3212524590907735
2025-05-16 19:42:47+00:00,13489360,67727102184,51259773800480187252321,0,55908816321831032,1.3212524590454895
2025-05-16 19:42:52+00:00,13489365,67727102183,51259773801480187252321,0,55908816321831032,1.3212524590002053
2025-05-16 19:43:01+00:00,13489374,67727102182,51259773800686262808055,0,55908816320965102,1.3212524590011607
2025-05-16 19:43:06+00:00,13489379,67727102183,51259773799931675754542,0,55908816320965102,1.3212524590401191
2025-05-16 19:43:29+00:00,13489402,67727089011,51259783799931675754542,0,55908816320965102,1.3212519443183892
2025-05-16 19:43:42+00:00,13489415,67727075839,51259793799931675754542,0,55908816320965102,1.3212514295968603
2025-05-16 19:43:51+00:00,13489424,67727075840,51259793799177088113120,0,55908816320965102,1.3212514296358187
2025-05-16 19:44:06+00:00,13489439,67727062668,51259803799177088113120,0,55908816320965102,1.3212509149144904
2025-05-16 19:44:37+00:00,13489470,67727062669,51259803798422500177755,0,55908816320965102,1.3212509149534488
2025-05-16 19:44:49+00:00,13489482,67727062670,51259803797667912242412,0,55908816320965102,1.3212509149924072
2025-05-16 19:44:54+00:00,13489487,67727062671,51259803796913324307091,0,55908816320965102,1.3212509150313656
2025-05-16 19:45:00+00:00,13489493,67727062735,51259803845751353807139,0,55908816373797221,1.321250915021079
2025-05-16 19:45:06+00:00,13489499,67727062668,51259803794878196401467,0,55908816318310118,1.321250915025297
2025-05-16 19:45:11+00:00,13489504,67727062669,51259803794878196401466,0,55908816318310118,1.3212509150448053
2025-05-16 19:45:22+00:00,13489515,67727072669,51259811363463304750009,0,55908824573328734,1.3212509150448053
2025-05-16 19:45:23+00:00,13489516,67727072670,51259811362708716814718,0,55908824573328734,1.3212509150837637
2025-05-16 19:45:39+00:00,13489532,67727052671,51259796225542917051269,0,55908808063296318,1.3212509151031584
2025-05-16 19:46:09+00:00,13489562,67727052672,51259796224788329116012,0,55908808063296318,1.3212509151421168
2025-05-16 19:46:15+00:00,13489568,67727039499,51259806225788329116012,0,55908808063296318,1.3212504003756291
2025-05-16 19:46:15+00:00,13489568,67727039500,51259806224788329116012,0,55908808063296318,1.3212504004209131
2025-05-16 19:46:20+00:00,13489573,67727039498,51259806226788329116012,0,55908808063296318,1.3212504003303451
2025-05-16 19:46:25+00:00,13489578,67727039511,51259806236788329116012,0,55908808074027844,1.3212504003261996
2025-05-16 19:46:29+00:00,13489582,67727049511,51259813805376385953027,0,55908816329048066,1.3212504003261996
2025-05-16 19:46:30+00:00,13489583,67727049510,51259813804582460889273,0,55908816328182136,1.321250400327155
2025-05-16 19:46:40+00:00,13489593,67727039511,51259806235994404062823,0,55908808073161914,1.3212504003466634
2025-05-16 19:46:54+00:00,13489607,67727049511,51259813804582460782614,0,55908816328182135,1.3212504003466634
2025-05-16 19:46:55+00:00,13489608,67727049512,51259813803827872553371,0,55908816328182135,1.3212504003856218
2025-05-16 19:47:13+00:00,13489626,67727039513,51259806235239816755183,0,55908808073161914,1.3212504004051302
2025-05-16 19:47:34+00:00,13489647,67727049513,51259813803827873140056,0,55908816328182135,1.3212504004051302
2025-05-16 19:47:40+00:00,13489653,67727049514,51259813803073284910846,0,55908816328182135,1.3212504004440886
2025-05-16 19:47:50+00:00,13489663,67727036342,51259823803073284910846,0,55908816328182135,1.321249885723162
2025-05-16 19:48:04+00:00,13489677,67727046342,51259831371664289576615,0,55908824583203962,1.321249885723162
2025-05-16 19:48:18+00:00,13489691,67727046343,51259831370909701053461,0,55908824583203962,1.3212498857621204
2025-05-16 19:48:23+00:00,13489696,67727046344,51259831370155112530330,0,55908824583203962,1.3212498858010788
2025-05-16 19:48:23+00:00,13489696,67727033172,51259841370155112530330,0,55908824583203962,1.321249371080429
2025-05-16 19:48:28+00:00,13489701,67727033236,51259841418993142030378,0,55908824636036111,1.3212493710701438
2025-05-16 19:48:33+00:00,13489706,67727033169,51259841368119954852946,0,55908824580549008,1.321249371074361
2025-05-16 19:48:38+00:00,13489711,67727033170,51259841368119954852945,0,55908808070506960,1.3212493710938693
2025-05-16 19:48:38+00:00,13489711,67727013171,51259826230936465291558,0,55908808070506960,1.321249371113264
2025-05-16 19:48:53+00:00,13489726,67727023171,51259833799530417827676,0,55908816325530391,1.321249371113264
2025-05-16 19:49:02+00:00,13489735,67727009999,51259843799530417827676,0,55908816325530391,1.3212488563927391
2025-05-16 19:49:14+00:00,13489747,67727010000,51259843798775828716654,0,55908816325530391,1.3212488564316973
2025-05-16 19:49:22+00:00,13489755,67727020000,51259851367372729535962,0,55908824580555428,1.3212488564316973
2025-05-16 19:49:41+00:00,13489774,67727019999,51259851368372729535962,0,55908824580555428,1.3212488563864135
2025-05-16 19:49:46+00:00,13489779,67727019998,51259851369372729535962,0,55908824580555428,1.3212488563411295
2025-05-16 19:49:51+00:00,13489784,67727020011,51259851379372729535962,0,55908824591286960,1.3212488563369842
2025-05-16 19:49:56+00:00,13489789,67727020010,51259851378578804007579,0,55908824590421030,1.3212488563379396
2025-05-16 19:49:57+00:00,13489790,67727030010,51259858947175705363966,0,55908832845446067,1.3212488563379396
2025-05-16 19:50:13+00:00,13489806,67727016838,51259868947175705363966,0,55908832845446067,1.3212483416177676
2025-05-16 19:50:28+00:00,13489821,67727026838,51259876515775555226986,0,55908841100472710,1.3212483416177676
2025-05-16 19:50:46+00:00,13489839,67727026839,51259876515020965821966,0,55908841100472710,1.3212483416567258
2025-05-16 19:51:02+00:00,13489855,67727036839,51259884083620815461818,0,55908849355499352,1.3212483416567258
2025-05-16 19:51:12+00:00,13489865,67727023667,51259894083620815461818,0,55908849355499352,1.3212478269369066
2025-05-16 19:51:21+00:00,13489874,67727010495,51259904083620815461818,0,55908849355499352,1.3212473122172883
2025-05-16 19:51:32+00:00,13489885,67727010496,51259904082866225468888,0,55908849355499352,1.3212473122562465
2025-05-16 19:51:46+00:00,13489899,67727010497,51259904082111635475980,0,55908849355499352,1.3212473122952049
2025-05-16 19:51:47+00:00,13489900,67726960498,51259866239103513823691,0,55908808080372562,1.3212473123141821
2025-05-16 19:51:56+00:00,13489909,67726960562,51259866287941543323739,0,55908808133204753,1.321247312303899
2025-05-16 19:52:01+00:00,13489914,67726960495,51259866237068316448491,0,55908808077717650,1.321247312308115
2025-05-16 19:52:06+00:00,13489919,67726960496,51259866237068316448490,0,55908808077717650,1.3212473123276234
2025-05-16 19:52:11+00:00,13489924,67726970496,51259873805674062471266,0,55908816332747503,1.3212473123276234
2025-05-16 19:52:18+00:00,13489931,67726970497,51259873804919472478399,0,55908816332747503,1.3212473123665818
2025-05-16 19:52:38+00:00,13489951,67726960498,51259866236313726969708,0,55908808077717650,1.3212473123860902
2025-05-16 19:52:48+00:00,13489961,67726947326,51259876236313726969708,0,55908808077717650,1.3212467976662925
2025-05-16 19:53:03+00:00,13489976,67726957326,51259883804922421168943,0,55908816332749108,1.3212467976662925
2025-05-16 19:53:04+00:00,13489977,67726957327,51259883804167830882143,0,55908816332749108,1.3212467977052509
2025-05-16 19:53:10+00:00,13489983,67726957326,51259883805167830882143,0,55908816332749108,1.3212467976599669
2025-05-16 19:53:15+00:00,13489988,67726957325,51259883806167830882143,0,55908816332749108,1.321246797614683
2025-05-16 19:53:20+00:00,13489993,67726957338,51259883816167830882143,0,55908816343480648,1.3212467976105382
2025-05-16 19:53:25+00:00,13489998,67726957337,51259883815373904734249,0,55908816342614718,1.3212467976114937
2025-05-16 19:53:39+00:00,13490012,67726967337,51259891383982599247394,0,55908824597646176,1.3212467976114937
2025-05-16 19:53:48+00:00,13490021,67726967338,51259891383228008960563,0,55908824597646176,1.3212467976504518
2025-05-16 19:53:50+00:00,13490023,67726947339,51259876246010621635074,0,55908808087583260,1.3212467976699602
2025-05-16 19:54:15+00:00,13490048,67726934167,51259886246010621635074,0,55908808087583260,1.3212462829503635
2025-05-16 19:54:24+00:00,13490057,67726920995,51259896246010621635074,0,55908808087583260,1.3212457682309677
2025-05-16 19:54:34+00:00,13490067,67726907824,51259906245256030760343,0,55908808087583260,1.3212452535507309
2025-05-16 19:54:34+00:00,13490067,67726920996,51259896245256030760343,0,55908808087583260,1.321245768269926
2025-05-16 19:55:13+00:00,13490106,67726907825,51259906244501439591667,0,55908808087583260,1.3212452535896893
2025-05-16 19:55:15+00:00,13490108,67726917825,51259913813118978864572,0,55908816342619534,1.3212452535896893
2025-05-16 19:55:18+00:00,13490111,67726917826,51259913812364387695918,0,55908816342619534,1.3212452536286476
2025-05-16 19:55:20+00:00,13490113,67726917827,51259913811609796527286,0,55908816342619534,1.3212452536676058
2025-05-16 19:55:25+00:00,13490118,67726904655,51259923811609796527286,0,55908816342619534,1.3212447389486877
2025-05-16 19:55:34+00:00,13490127,67726904656,51259923811609796527285,0,55908816342619534,1.321244738968196
2025-05-16 19:55:35+00:00,13490128,67726894657,51259916242990781698596,0,55908808087583260,1.3212447389876665
2025-05-16 19:55:46+00:00,13490139,67726881485,51259926242990781698596,0,55908808087583260,1.321244224268873
2025-05-16 19:55:55+00:00,13490148,67726868313,51259936242990781698596,0,55908808087583260,1.3212437095502803
2025-05-16 19:56:06+00:00,13490159,67726868314,51259936242236189648107,0,55908808087583260,1.3212437095892386
2025-05-16 19:56:15+00:00,13490168,67726968314,51259860783142224382738,0,55908808087583260,1.321247605422161
2025-05-16 19:56:24+00:00,13490177,67726955142,51259870783142224382738,0,55908808087583260,1.3212470907022513
2025-05-16 19:56:36+00:00,13490189,67726955141,51259870784142224382738,0,55908808087583260,1.3212470906569675
2025-05-16 19:56:45+00:00,13490198,67726955154,51259870794142224382738,0,55908808098314799,1.3212470906528224
2025-05-16 19:56:49+00:00,13490202,67726941982,51259880794142224382738,0,55908808098314799,1.3212465759331138
2025-05-16 19:56:50+00:00,13490203,67726941981,51259880793348298164565,0,55908808097448869,1.3212465759340692
2025-05-16 19:56:52+00:00,13490205,67726941982,51259880792593707751129,0,55908808097448869,1.3212465759730276
2025-05-16 19:57:38+00:00,13490251,67726941983,51259880791839117337715,0,55908808097448869,1.321246576011986
2025-05-16 19:57:47+00:00,13490260,67726951983,51259888360449081258093,0,55908816352480981,1.321246576011986
2025-05-16 19:57:57+00:00,13490270,67726941984,51259880791839118112905,0,55908808097448869,1.3212465760314944
2025-05-16 19:58:18+00:00,13490291,67726928812,51259890791839118112905,0,55908808097448869,1.3212460613119865
2025-05-16 19:58:24+00:00,13490297,67726928813,51259890791084527405558,0,55908808097448869,1.321246061350945
2025-05-16 19:58:34+00:00,13490307,67726915641,51259900791084527405558,0,55908808097448869,1.3212455466316377
2025-05-16 19:58:42+00:00,13490315,67726915642,51259900790329936404267,0,55908808097448869,1.3212455466705961
2025-05-16 19:58:48+00:00,13490321,67726915706,51259900839167965904315,0,55908808150281095,1.3212455466603146
2025-05-16 19:58:53+00:00,13490326,67726915639,51259900788294704753990,0,55908808094793992,1.3212455466645299
2025-05-16 19:58:58+00:00,13490331,67726915640,51259900788294704753989,0,55908808094793992,1.3212455466840383
2025-05-16 19:59:07+00:00,13490340,67726902468,51259910788294704753989,0,55908808094793992,1.321245031964932
2025-05-16 19:59:10+00:00,13490343,67726902469,51259910787540113458760,0,55908808094793992,1.3212450320038904
2025-05-16 19:59:16+00:00,13490349,67726889297,51259920787540113458760,0,55908808094793992,1.321244517284985
2025-05-16 19:59:27+00:00,13490360,67726989297,51259845328492277386697,0,55908808094793992,1.3212484131190818
2025-05-16 19:59:41+00:00,13490374,67726976125,51259855328492277386697,0,55908808094793992,1.3212478983988594
2025-05-16 19:59:55+00:00,13490388,67726976126,51259855327737687728547,0,55908808094793992,1.3212478984378178
2025-05-16 20:00:00+00:00,13490393,67726976125,51259855328737687728547,0,55908808094793992,1.321247898392534
2025-05-16 20:00:06+00:00,13490399,67726976124,51259855329737687728547,0,55908808094793992,1.32124789834725
2025-05-16 20:00:11+00:00,13490404,67726976137,51259855339737687728547,0,55908808105525528,1.3212478983431049
2025-05-16 20:00:17+00:00,13490410,67726976136,51259855338943761904721,0,55908808104659598,1.3212478983440603
2025-05-16 20:00:18+00:00,13490411,67726962964,51259865338943761904721,0,55908808104659598,1.3212473836240388
2025-05-16 20:00:43+00:00,13490436,67726962965,51259865338189171952573,0,55908808104659598,1.3212473836629972
2025-05-16 20:00:43+00:00,13490436,67726949793,51259875338189171952573,0,55908808104659598,1.3212468689431767
2025-05-16 20:01:29+00:00,13490482,67726949794,51259875337434581706481,0,55908808104659598,1.321246868982135
2025-05-16 20:01:52+00:00,13490505,67726959794,51259882906042867381225,0,55908816359690759,1.321246868982135
2025-05-16 20:02:05+00:00,13490518,67726959795,51259882905288277135155,0,55908816359690759,1.3212468690210932
2025-05-16 20:02:10+00:00,13490523,67726959796,51259882904533686889107,0,55908816359690759,1.3212468690600516
2025-05-16 20:02:15+00:00,13490528,67726959797,51259882903779096643081,0,55908816359690759,1.32124686909901
2025-05-16 20:02:16+00:00,13490529,67726959861,51259882952617126143129,0,55908816412522958,1.3212468690887271
2025-05-16 20:02:21+00:00,13490534,67726959794,51259882901743890262523,0,55908816357035855,1.321246869092943
2025-05-16 20:02:23+00:00,13490536,67726946622,51259892901743890262523,0,55908816357035855,1.3212463543733992
2025-05-16 20:02:26+00:00,13490539,67726946623,51259892901743890262522,0,55908816357035855,1.3212463543929076
2025-05-16 20:02:33+00:00,13490546,67726936624,51259885333134129126578,0,55908808102004694,1.3212463544123783
2025-05-16 20:02:42+00:00,13490555,67726923452,51259895333134129126578,0,55908808102004694,1.3212458396929592
2025-05-16 20:02:57+00:00,13490570,67726933452,51259902901748310968674,0,55908816357039066,1.3212458396929592
2025-05-16 20:03:00+00:00,13490573,67726933453,51259902900993720134756,0,55908816357039066,1.3212458397319176
2025-05-16 20:03:11+00:00,13490584,67726920281,51259912900993720134756,0,55908816357039066,1.3212453250127754
2025-05-16 20:03:25+00:00,13490598,67726907109,51259922900993720134756,0,55908816357039066,1.321244810293834
2025-05-16 20:03:32+00:00,13490605,67726907108,51259922901993720134756,0,55908816357039066,1.3212448102485501
2025-05-16 20:03:37+00:00,13490610,67726907107,51259922902993720134756,0,55908816357039066,1.3212448102032663
2025-05-16 20:03:42+00:00,13490615,67726907120,51259922912993720134756,0,55908816367770614,1.3212448101991217
2025-05-16 20:03:47+00:00,13490620,67726907119,51259922912199793381665,0,55908816366904684,1.3212448102000771
2025-05-16 20:03:53+00:00,13490626,67726893947,51259932912199793381665,0,55908816366904684,1.3212442954813366
2025-05-16 20:04:03+00:00,13490636,67726883948,51259925343581181968722,0,55908808111870312,1.3212442955007313
2025-05-16 20:04:31+00:00,13490664,67726883949,51259925342826590252883,0,55908808111870312,1.3212442955396897
2025-05-16 20:04:32+00:00,13490665,67726870777,51259935342826590252883,0,55908808111870312,1.321243780821074
2025-05-16 20:04:41+00:00,13490674,67726970777,51259859883736693187871,0,55908808111870312,1.3212476766540646
2025-05-16 20:05:08+00:00,13490701,67726957605,51259869883736693187871,0,55908808111870312,1.3212471619341322
2025-05-16 20:05:17+00:00,13490710,67726957606,51259869882982103109111,0,55908808111870312,1.3212471619730906
2025-05-16 20:05:26+00:00,13490719,67726944434,51259879882982103109111,0,55908808111870312,1.3212466472533588
2025-05-16 20:05:38+00:00,13490731,67726944435,51259879882227512736407,0,55908808111870312,1.3212466472923172
2025-05-16 20:05:40+00:00,13490733,67726931263,51259889882227512736407,0,55908808111870312,1.3212461325727862
2025-05-16 20:05:43+00:00,13490736,67726931264,51259889881472922069759,0,55908808111870312,1.3212461326117446
2025-05-16 20:05:49+00:00,13490742,67726931328,51259889930310951569807,0,55908808164702525,1.3212461326014626
2025-05-16 20:05:54+00:00,13490747,67726931261,51259889879437701259179,0,55908808109215422,1.3212461326056781
2025-05-16 20:05:59+00:00,13490752,67726931262,51259889879437701259178,0,55908808109215422,1.3212461326251865
2025-05-16 20:06:03+00:00,13490756,67726931263,51259889878683110592560,0,55908808109215422,1.321246132664145
2025-05-16 20:06:32+00:00,13490785,67726918091,51259899878683110592560,0,55908808109215422,1.3212456179448147
2025-05-16 20:06:46+00:00,13490799,67726928091,51259907447298562695180,0,55908816364250448,1.3212456179448147
2025-05-16 20:07:00+00:00,13490813,67726938091,51259915015914014797800,0,55908824619285474,1.3212456179448147
2025-05-16 20:07:01+00:00,13490814,67726938090,51259915016914014797800,0,55908824619285474,1.3212456178995309
2025-05-16 20:07:06+00:00,13490819,67726938089,51259915017914014797800,0,55908824619285474,1.321245617854247
2025-05-16 20:07:11+00:00,13490824,67726938102,51259915027914014797800,0,55908824630017019,1.3212456178501024
2025-05-16 20:07:16+00:00,13490829,67726938101,51259915027120088284162,0,55908824629151089,1.3212456178510577
2025-05-16 20:07:21+00:00,13490834,67726924929,51259925027120088284162,0,55908824629151089,1.3212451031320807
2025-05-16 20:07:35+00:00,13490848,67726924930,51259925026365497029579,0,55908824629151089,1.3212451031710388
2025-05-16 20:07:44+00:00,13490857,67726904931,51259909889131640671679,0,55908808119081037,1.3212451031904715
2025-05-16 20:07:57+00:00,13490870,67726891759,51259919889131640671679,0,55908808119081037,1.3212445884715431
2025-05-16 20:08:21+00:00,13490894,67726891760,51259919888377049123162,0,55908808119081037,1.3212445885105013
2025-05-16 20:08:23+00:00,13490896,67726901760,51259927456998398235706,0,55908816374119274,1.3212445885105013
2025-05-16 20:08:37+00:00,13490910,67726911760,51259935025619747348250,0,55908824629157511,1.3212445885105013
2025-05-16 20:09:06+00:00,13490939,67726911761,51259935024865155799755,0,55908824629157511,1.3212445885494597
2025-05-16 20:09:06+00:00,13490939,67726911762,51259935024110564251282,0,55908824629157511,1.321244588588418
2025-05-16 20:09:11+00:00,13490944,67726921763,51259942591977321145870,0,55908832884195748,1.3212445886273763
2025-05-16 20:09:11+00:00,13490944,67726911763,51259935023355972702832,0,55908832884195748,1.3212445886273763
2025-05-16 20:09:17+00:00,13490950,67726921827,51259942640815350645918,0,55908832937027992,1.3212445886170956
2025-05-16 20:09:22+00:00,13490955,67726921760,51259942589942070563528,0,55908832881540889,1.3212445886213104
2025-05-16 20:09:27+00:00,13490960,67726921761,51259942589942070563527,0,55908832881540889,1.3212445886408188
2025-05-16 20:09:35+00:00,13490968,67726908589,51259952589942070563527,0,55908832881540889,1.3212440739223192
2025-05-16 20:09:44+00:00,13490977,67726895417,51259962589942070563527,0,55908832881540889,1.3212435592040204
2025-05-16 20:09:51+00:00,13490984,67726895418,51259962589187478427172,0,55908832881540889,1.3212435592429788
2025-05-16 20:09:58+00:00,13490991,67726905418,51259970157814723603384,0,55908841136582336,1.3212435592429788
2025-05-16 20:10:25+00:00,13491018,67726892246,51259980157814723603384,0,55908841136582336,1.3212430445249568
2025-05-16 20:10:30+00:00,13491023,67726892245,51259980158814723603384,0,55908841136582336,1.321243044479673
2025-05-16 20:10:32+00:00,13491025,67726879073,51259990158814723603384,0,55908841136582336,1.321242529761852
2025-05-16 20:10:35+00:00,13491028,67726879072,51259990159814723603384,0,55908841136582336,1.3212425297165682
2025-05-16 20:10:40+00:00,13491033,67726879085,51259990169814723603384,0,55908841147313894,1.3212425297124242
2025-05-16 20:10:41+00:00,13491034,67726839086,51259959895302762159382,0,55908808127157736,1.3212425297314014
2025-05-16 20:11:11+00:00,13491064,67726825914,51259969895302762159382,0,55908808127157736,1.3212420150134772
2025-05-16 20:11:24+00:00,13491077,67726825915,51259969894548169141104,0,55908808127157736,1.3212420150524355
2025-05-16 20:11:36+00:00,13491089,67726812743,51259979894548169141104,0,55908808127157736,1.321241500334712
2025-05-16 20:11:54+00:00,13491107,67726822743,51259987463187208610182,0,55908816382205605,1.321241500334712
2025-05-16 20:12:09+00:00,13491122,67726822744,51259987462432615297959,0,55908816382205605,1.3212415003736704
2025-05-16 20:12:12+00:00,13491125,67726812745,51259979893793576797398,0,55908808127157736,1.3212415003931788
2025-05-16 20:12:22+00:00,13491135,67726799573,51259989893793576797398,0,55908808127157736,1.3212409856756562
2025-05-16 20:12:31+00:00,13491144,67726786401,51259999893793576797398,0,55908808127157736,1.3212404709583345
2025-05-16 20:12:32+00:00,13491145,67726786402,51259999893038982897272,0,55908808127157736,1.3212404709972927
2025-05-16 20:12:37+00:00,13491150,67726786403,51259999892284388997168,0,55908808127157736,1.3212404710362509
2025-05-16 20:12:43+00:00,13491156,67726786467,51259999941122418497216,0,55908808179990062,1.3212404710259744
2025-05-16 20:12:48+00:00,13491161,67726786400,51259999890249059019469,0,55908808124502959,1.321240471030187
2025-05-16 20:12:51+00:00,13491164,67726773228,51260009890249059019469,0,55908808124502959,1.3212399563130661
2025-05-16 20:13:01+00:00,13491174,67726760056,51260019890249059019469,0,55908808124502959,1.321239441596146
2025-05-16 20:13:02+00:00,13491175,67726770056,51260012344305289523470,0,55908808124502959,1.321239831178544
2025-05-16 20:13:17+00:00,13491190,67726870056,51259936884989819322200,0,55908808124502959,1.3212437270056825
2025-05-16 20:13:40+00:00,13491213,67726870057,51259936884235227281681,0,55908808124502959,1.3212437270446407
2025-05-16 20:13:52+00:00,13491225,67726880057,51259944452861511220988,0,55908816379543842,1.3212437270446407
2025-05-16 20:14:01+00:00,13491234,67726880056,51259944453861511220988,0,55908816379543842,1.3212437269993569
2025-05-16 20:14:06+00:00,13491239,67726880069,51259944463861511220988,0,55908816390275395,1.3212437269952126
2025-05-16 20:14:08+00:00,13491241,67726866897,51259954463861511220988,0,55908816390275395,1.3212432122769
2025-05-16 20:14:11+00:00,13491244,67726866896,51259954463067583979549,0,55908816389409465,1.3212432122778552
2025-05-16 20:14:25+00:00,13491258,67726866897,51259954462312991645057,0,55908816389409465,1.3212432123168136
2025-05-16 20:14:41+00:00,13491274,67726856898,51259946893685231761594,0,55908808134368582,1.321243212336284
2025-05-16 20:15:10+00:00,13491303,67726856899,51259946892930639427135,0,55908808134368582,1.3212432123752422
2025-05-16 20:15:54+00:00,13491347,67726843727,51259956892930639427135,0,55908808134368582,1.3212426976570544
2025-05-16 20:15:55+00:00,13491348,67726843728,51259956892176046798731,0,55908808134368582,1.3212426976960128
2025-05-16 20:16:00+00:00,13491353,67726843729,51259956891421454170349,0,55908808134368582,1.321242697734971
2025-05-16 20:16:05+00:00,13491358,67726843730,51259956890666861541989,0,55908808134368582,1.3212426977739293
2025-05-16 20:16:12+00:00,13491365,67726843794,51259956939504891042037,0,55908808187200864,1.3212426977636504
2025-05-16 20:16:17+00:00,13491370,67726843727,51259956888631574248119,0,55908808131713761,1.3212426977678642
2025-05-16 20:16:40+00:00,13491393,67726843728,51259956887876981619778,0,55908808131713761,1.3212426978068226
2025-05-16 20:16:52+00:00,13491405,67726830556,51259966887876981619778,0,55908808131713761,1.3212421830888355
2025-05-16 20:17:02+00:00,13491415,67726817384,51259976887876981619778,0,55908808131713761,1.321241668371049
2025-05-16 20:17:26+00:00,13491439,67726817385,51259976887122388403524,0,55908808131713761,1.3212416684100075
2025-05-16 20:17:26+00:00,13491439,67726817384,51259976888122388403524,0,55908808131713761,1.3212416683647237
2025-05-16 20:17:30+00:00,13491443,67726827384,51259984456760465324618,0,55908816386761065,1.3212416683647237
2025-05-16 20:17:31+00:00,13491444,67726827383,51259984457760465324618,0,55908816386761065,1.32124166831944
2025-05-16 20:17:36+00:00,13491449,67726827396,51259984467760465324618,0,55908816397492626,1.321241668315296
2025-05-16 20:17:41+00:00,13491454,67726827395,51259984466966537618573,0,55908816396626696,1.3212416683162513
2025-05-16 20:17:45+00:00,13491458,67726814223,51259994466966537618573,0,55908816396626696,1.321241153598742
2025-05-16 20:18:00+00:00,13491473,67726801051,51260004466966537618573,0,55908816396626696,1.3212406388814335
2025-05-16 20:18:11+00:00,13491484,67726801052,51260004466211943814352,0,55908816396626696,1.3212406389203917
2025-05-16 20:18:24+00:00,13491497,67726787880,51260014466211943814352,0,55908816396626696,1.3212401242032838
2025-05-16 20:18:34+00:00,13491507,67726887880,51259939006913208956843,0,55908816396626696,1.321244020030261
2025-05-16 20:18:57+00:00,13491530,67726887881,51259939006158617083677,0,55908816396626696,1.3212440200692195
2025-05-16 20:19:02+00:00,13491535,67726874709,51259949006158617083677,0,55908816396626696,1.3212435053507947
2025-05-16 20:19:23+00:00,13491556,67726861537,51259959006158617083677,0,55908816396626696,1.321242990632571
2025-05-16 20:19:31+00:00,13491564,67726861538,51259959005404024622598,0,55908816396626696,1.3212429906715293
2025-05-16 20:19:32+00:00,13491565,67726848366,51259969005404024622598,0,55908816396626696,1.3212424759535062
2025-05-16 20:19:42+00:00,13491575,67726848431,51259969053487461367616,0,55908816449458982,1.321242475982186
2025-05-16 20:19:42+00:00,13491575,67726848430,51259969054242054122646,0,55908816449458982,1.3212424759432275
2025-05-16 20:19:47+00:00,13491580,67726858431,51259976622120911912865,0,55908824649016627,1.321242475982186
2025-05-16 20:19:47+00:00,13491580,67726858364,51259976571247590614446,0,55908824649016627,1.3212424759863997
2025-05-16 20:19:52+00:00,13491585,67726858365,51259976571247590614445,0,55908824649016627,1.321242476005908
2025-05-16 20:19:57+00:00,13491590,67726845193,51259986571247590614445,0,55908824649016627,1.3212419612881618
2025-05-16 20:20:07+00:00,13491600,67726825194,51259971433975394525323,0,55908808138924575,1.3212419613076547
2025-05-16 20:20:22+00:00,13491615,67726812022,51259981433975394525323,0,55908808138924575,1.3212414465899571
2025-05-16 20:20:28+00:00,13491621,67726812023,51259981433220801182405,0,55908808138924575,1.3212414466289155
2025-05-16 20:20:36+00:00,13491629,67726798851,51259991433220801182405,0,55908808138924575,1.321240931911419
2025-05-16 20:20:56+00:00,13491649,67726798850,51259991434220801182405,0,55908808138924575,1.3212409318661351
2025-05-16 20:21:00+00:00,13491653,67726798849,51259991435220801182405,0,55908808138924575,1.3212409318208516
2025-05-16 20:21:04+00:00,13491657,67726785677,51260001435220801182405,0,55908808138924575,1.3212404171035559
2025-05-16 20:21:05+00:00,13491658,67726785690,51260001445220801182405,0,55908808149656141,1.321240417099412
2025-05-16 20:21:10+00:00,13491663,67726785689,51260001444426873096286,0,55908808148790211,1.3212404171003675
2025-05-16 20:21:14+00:00,13491667,67726785690,51260001443672279165400,0,55908808148790211,1.3212404171393257
2025-05-16 20:21:29+00:00,13491682,67726795690,51260009012317523648178,0,55908816403841381,1.3212404171393257
2025-05-16 20:21:49+00:00,13491702,67726805690,51260016580962768130956,0,55908824658892551,1.3212404171393257
2025-05-16 20:21:59+00:00,13491712,67726805691,51260016580208174200093,0,55908824658892551,1.3212404171782839
2025-05-16 20:22:17+00:00,13491730,67726792519,51260026580208174200093,0,55908824658892551,1.321239902461341
2025-05-16 20:22:32+00:00,13491745,67726779347,51260036580208174200093,0,55908824658892551,1.3212393877445991
2025-05-16 20:22:44+00:00,13491757,67726779348,51260036579453579681316,0,55908824658892551,1.3212393877835573
2025-05-16 20:22:47+00:00,13491760,67726789348,51260044148104720770503,0,55908832913946932,1.3212393877835573
2025-05-16 20:22:56+00:00,13491769,67726776176,51260054148104720770503,0,55908832913946932,1.321238873067092
2025-05-16 20:22:58+00:00,13491771,67726776177,51260054147350125957780,0,55908832913946932,1.3212388731060503
2025-05-16 20:23:03+00:00,13491776,67726776178,51260054146595531145079,0,55908832913946932,1.3212388731450084
2025-05-16 20:23:05+00:00,13491778,67726763006,51260064146595531145079,0,55908832913946932,1.3212383584287442
2025-05-16 20:23:14+00:00,13491787,67726762939,51260064095722130452445,0,55908832858459829,1.3212383584329557
2025-05-16 20:23:15+00:00,13491788,67726749767,51260074095722130452445,0,55908832858459829,1.3212378437168917
2025-05-16 20:23:25+00:00,13491798,67726736595,51260084095722130452445,0,55908832858459829,1.3212373290010284
2025-05-16 20:23:30+00:00,13491803,67726736596,51260084094967534757863,0,55908832858459829,1.3212373290399866
2025-05-16 20:23:47+00:00,13491820,67726836596,51260008635509160941854,0,55908832858459829,1.3212412248616718
2025-05-16 20:23:57+00:00,13491830,67726823424,51260018635509160941854,0,55908832858459829,1.3212407101444916
2025-05-16 20:24:08+00:00,13491841,67726793424,51259995929572904973731,0,55908808093303108,1.3212407101446348
2025-05-16 20:24:15+00:00,13491848,67726793425,51259995928818311210210,0,55908808093303108,1.3212407101835932
2025-05-16 20:24:23+00:00,13491856,67726793424,51259995929818311210210,0,55908808093303108,1.3212407101383095
2025-05-16 20:24:28+00:00,13491861,67726793423,51259995930818311210210,0,55908808093303108,1.321240710093026
2025-05-16 20:24:33+00:00,13491866,67726793436,51259995940818311210210,0,55908808104034673,1.321240710088882
2025-05-16 20:24:33+00:00,13491866,67726780264,51260005940818311210210,0,55908808104034673,1.3212401953716748
2025-05-16 20:24:38+00:00,13491871,67726780263,51260005940024383053815,0,55908808103168743,1.3212401953726303
2025-05-16 20:24:43+00:00,13491876,67726880263,51259930480729712866367,0,55908808103168743,1.3212440912002554
2025-05-16 20:25:02+00:00,13491895,67726880264,51259930479975121033847,0,55908808103168743,1.3212440912392136
2025-05-16 20:25:48+00:00,13491941,67726880265,51259930479220529201350,0,55908808103168743,1.321244091278172
2025-05-16 20:26:27+00:00,13491980,67726880266,51259930478465937368875,0,55908808103168743,1.3212440913171304
2025-05-16 20:26:32+00:00,13491985,67726880267,51259930477711345536422,0,55908808103168743,1.3212440913560886
2025-05-16 20:26:34+00:00,13491987,67726880268,51259930476956753703991,0,55908808103168743,1.321244091395047
2025-05-16 20:26:43+00:00,13491996,67726880201,51259930426083463096558,0,55908808047681640,1.3212440913992614
2025-05-16 20:27:19+00:00,13492032,67726880202,51259930425328871264152,0,55908808047681640,1.3212440914382197
2025-05-16 20:27:32+00:00,13492045,67726867030,51259940425328871264152,0,55908808047681640,1.321243576719695
2025-05-16 20:27:51+00:00,13492064,67726867029,51259940426328871264152,0,55908808047681640,1.3212435766744113
2025-05-16 20:28:00+00:00,13492073,67726867042,51259940436328871264152,0,55908808058413193,1.3212435766702668
2025-05-16 20:28:05+00:00,13492078,67726867043,51259940435574279137773,0,55908808057547263,1.3212435767092252
2025-05-16 20:28:05+00:00,13492078,67726867042,51259940434780351995292,0,55908808057547263,1.3212435767101804
2025-05-16 20:28:11+00:00,13492084,67726877042,51259948003407497112180,0,55908816312588504,1.3212435767101804
2025-05-16 20:28:50+00:00,13492123,67726877043,51259948002652904985823,0,55908816312588504,1.3212435767491388
2025-05-16 20:29:33+00:00,13492166,67726863871,51259958002652904985823,0,55908816312588504,1.321243062030891
2025-05-16 20:29:36+00:00,13492169,67726863872,51259958001898312565521,0,55908816312588504,1.3212430620698492
2025-05-16 20:29:53+00:00,13492186,67726863873,51259958001143720145242,0,55908816312588504,1.3212430621088076
2025-05-16 20:29:54+00:00,13492187,67726850701,51259968001143720145242,0,55908816312588504,1.3212425473907605
2025-05-16 20:30:03+00:00,13492196,67726850765,51259968049981749645290,0,55908816365420788,1.3212425473804819
2025-05-16 20:30:09+00:00,13492202,67726850698,51259967999108429266338,0,55908808054892444,1.3212425473846956
2025-05-16 20:30:09+00:00,13492202,67726840699,51259960430478331658710,0,55908808054892444,1.321242547404128
2025-05-16 20:30:14+00:00,13492207,67726840700,51259960430478331658709,0,55908808054892444,1.3212425474236364
2025-05-16 20:30:18+00:00,13492211,67726827528,51259970430478331658709,0,55908808054892444,1.3212420327057144
2025-05-16 20:30:33+00:00,13492226,67726814356,51259980430478331658709,0,55908808054892444,1.3212415179879928
2025-05-16 20:30:54+00:00,13492247,67726801184,51259990430478331658709,0,55908808054892444,1.3212410032704722
2025-05-16 20:31:05+00:00,13492258,67726788012,51260000430478331658709,0,55908808054892444,1.3212404885531526
2025-05-16 20:31:08+00:00,13492261,67726788013,51260000429723737768632,0,55908808054892444,1.3212404885921107
2025-05-16 20:31:18+00:00,13492271,67726788012,51260000430723737768632,0,55908808054892444,1.3212404885468272
2025-05-16 20:31:23+00:00,13492276,67726788011,51260000431723737768632,0,55908808054892444,1.3212404885015434
2025-05-16 20:31:28+00:00,13492281,67726788024,51260000441723737768632,0,55908808065624010,1.3212404884973998
2025-05-16 20:31:29+00:00,13492282,67726774852,51260010441723737768632,0,55908808065624010,1.321239973780281
2025-05-16 20:31:38+00:00,13492291,67726761680,51260020441723737768632,0,55908808065624010,1.321239459063363
2025-05-16 20:31:52+00:00,13492305,67726771680,51260028010374470535180,0,55908816320678094,1.321239459063363
2025-05-16 20:31:53+00:00,13492306,67726771681,51260028009619876057135,0,55908816320678094,1.321239459102321
2025-05-16 20:32:31+00:00,13492344,67726781681,51260035578270608600513,0,55908824575732178,1.321239459102321
2025-05-16 20:32:39+00:00,13492352,67726781682,51260035577516014122490,0,55908824575732178,1.3212394591412795
2025-05-16 20:32:45+00:00,13492358,67726791682,51260043146166746442697,0,55908832830786262,1.3212394591412795
2025-05-16 20:32:58+00:00,13492371,67726778510,51260053146166746442697,0,55908832830786262,1.3212389444247903
2025-05-16 20:33:22+00:00,13492395,67726778511,51260053145412151670728,0,55908832830786262,1.3212389444637485
2025-05-16 20:33:23+00:00,13492396,67726748512,51260030439455526991500,0,55908808065624010,1.321238944483143
2025-05-16 20:33:25+00:00,13492398,67726748513,51260030438700932219564,0,55908808065624010,1.321238944522101
2025-05-16 20:33:33+00:00,13492406,67726748577,51260030487538961719612,0,55908808118456366,1.321238944511826
2025-05-16 20:33:38+00:00,13492411,67726748510,51260030436665571869860,0,55908808062969263,1.321238944516038
2025-05-16 20:33:43+00:00,13492416,67726748511,51260030436665571869859,0,55908808062969263,1.3212389445355464
2025-05-16 20:33:51+00:00,13492424,67726735339,51260040436665571869859,0,55908808062969263,1.3212384298190298
2025-05-16 20:34:09+00:00,13492442,67726835340,51259964976515473648574,0,55908808062969263,1.3212423256829915
2025-05-16 20:34:09+00:00,13492442,67726835339,51259964977270066489443,0,55908808062969263,1.3212423256440333
2025-05-16 20:34:21+00:00,13492454,67726822168,51259974976515473648574,0,55908808062969263,1.3212418109651582
2025-05-16 20:34:47+00:00,13492480,67726822167,51259974977515473648574,0,55908808062969263,1.3212418109198745
2025-05-16 20:34:54+00:00,13492487,67726822168,51259974976760880513733,0,55908808062969263,1.3212418109588329
2025-05-16 20:34:56+00:00,13492489,67726822181,51259974986760880513733,0,55908808073700823,1.3212418109546888
2025-05-16 20:35:01+00:00,13492494,67726822180,51259974985966952836331,0,55908808072834893,1.3212418109556443
2025-05-16 20:35:24+00:00,13492517,67726809008,51259984985966952836331,0,55908808072834893,1.3212412962380118
2025-05-16 20:35:36+00:00,13492529,67726795836,51259994985966952836331,0,55908808072834893,1.3212407815205802
2025-05-16 20:36:19+00:00,13492572,67726782664,51260004985966952836331,0,55908808072834893,1.3212402668033494
2025-05-16 20:36:25+00:00,13492578,67726782665,51260004985212358819607,0,55908808072834893,1.3212402668423078
2025-05-16 20:36:43+00:00,13492596,67726769493,51260014985212358819607,0,55908808072834893,1.3212397521252777
2025-05-16 20:36:51+00:00,13492604,67726769494,51260014984457764508937,0,55908808072834893,1.321239752164236
2025-05-16 20:37:01+00:00,13492614,67726769558,51260015033295794008985,0,55908808125667233,1.32123975215396
2025-05-16 20:37:06+00:00,13492619,67726769491,51260014982422419503471,0,55908808070180130,1.3212397521581725
2025-05-16 20:37:11+00:00,13492624,67726769493,51260014981667825192819,0,55908808070180130,1.321239752216639
2025-05-16 20:37:11+00:00,13492624,67726769492,51260014981667825192820,0,55908808070180130,1.3212397521971306
2025-05-16 20:37:19+00:00,13492632,67726779493,51260022550316878646620,0,55908816325233263,1.321239752216639
2025-05-16 20:37:37+00:00,13492650,67726766321,51260032550316878646620,0,55908816325233263,1.3212392374998858
2025-05-16 20:37:56+00:00,13492669,67726766322,51260032549562284042034,0,55908816325233263,1.321239237538844
2025-05-16 20:38:01+00:00,13492674,67726753150,51260042549562284042034,0,55908816325233263,1.3212387228222917
2025-05-16 20:38:10+00:00,13492683,67726739978,51260052549562284042034,0,55908816325233263,1.3212382081059402
2025-05-16 20:38:15+00:00,13492688,67726739977,51260052550562284042034,0,55908816325233263,1.3212382080606566
2025-05-16 20:38:20+00:00,13492693,67726739976,51260052551562284042034,0,55908816325233263,1.321238208015373
2025-05-16 20:38:25+00:00,13492698,67726739989,51260052561562284042034,0,55908816335964838,1.3212382080112297
2025-05-16 20:38:30+00:00,13492703,67726739988,51260052560768355280461,0,55908816335098908,1.3212382080121852
2025-05-16 20:38:41+00:00,13492714,67726739989,51260052560013760087907,0,55908816335098908,1.3212382080511433
2025-05-16 20:39:04+00:00,13492737,67726729990,51260044991360277119519,0,55908808080045775,1.3212382080705378
2025-05-16 20:39:26+00:00,13492759,67726729991,51260044990605681926998,0,55908808080045775,1.321238208109496
2025-05-16 20:39:31+00:00,13492764,67726739991,51260052559263580723746,0,55908816335103724,1.321238208109496
2025-05-16 20:39:51+00:00,13492784,67726749991,51260060127921479520494,0,55908824590161673,1.321238208109496
2025-05-16 20:40:11+00:00,13492804,67726749992,51260060127166884327996,0,55908824590161673,1.3212382081484542
2025-05-16 20:40:18+00:00,13492811,67726749993,51260060126412289135520,0,55908824590161673,1.3212382081874126
2025-05-16 20:40:29+00:00,13492822,67726750057,51260060175250318635568,0,55908824642994043,1.3212382081771379
2025-05-16 20:40:31+00:00,13492824,67726730058,51260045037934522141028,0,55908808132878145,1.3212382081966463
2025-05-16 20:40:33+00:00,13492826,67726729991,51260044987061117863753,0,55908808077391042,1.3212382082008578
2025-05-16 20:40:38+00:00,13492831,67726729992,51260044987061117863752,0,55908808077391042,1.3212382082203662
2025-05-16 20:40:45+00:00,13492838,67726739992,51260052555719016025385,0,55908816332448990,1.3212382082203662
2025-05-16 20:40:58+00:00,13492851,67726739993,51260052554964420832950,0,55908816332448990,1.3212382082593246
2025-05-16 20:41:12+00:00,13492865,67726726821,51260062554964420832950,0,55908816332448990,1.3212376935431738
2025-05-16 20:41:26+00:00,13492879,67726736821,51260070123625267302535,0,55908824587508544,1.3212376935431738
2025-05-16 20:41:40+00:00,13492893,67726736820,51260070124625267302535,0,55908824587508544,1.3212376934978902
2025-05-16 20:41:45+00:00,13492898,67726736819,51260070125625267302535,0,55908824587508544,1.3212376934526067
2025-05-16 20:41:50+00:00,13492903,67726736832,51260070135625267302535,0,55908824598240121,1.3212376934484635
2025-05-16 20:42:11+00:00,13492924,67726723660,51260080135625267302535,0,55908824598240121,1.3212371787325898
2025-05-16 20:42:23+00:00,13492936,67726710488,51260090135625267302535,0,55908824598240121,1.3212366640169169
2025-05-16 20:42:26+00:00,13492939,67726720488,51260097704292011379477,0,55908832853302886,1.3212366640169169
2025-05-16 20:42:47+00:00,13492960,67726730488,51260090158332378369854,0,55908832853302886,1.3212370535987237
2025-05-16 20:42:52+00:00,13492965,67726740488,51260097726996890739128,0,55908841108364432,1.3212370535987237
2025-05-16 20:42:58+00:00,13492971,67726727316,51260107726996890739128,0,55908841108364432,1.3212365388832517
2025-05-16 20:43:03+00:00,13492976,67726687317,51260077452336945182919,0,55908808088122619,1.321236538902505
2025-05-16 20:43:09+00:00,13492982,67726697317,51260069906376597609662,0,55908808088122619,1.3212369284844656
2025-05-16 20:43:15+00:00,13492988,67726697318,51260069905622001686334,0,55908808088122619,1.3212369285234238
2025-05-16 20:43:43+00:00,13493016,67726697319,51260069904867405763028,0,55908808088122619,1.321236928562382
2025-05-16 20:43:48+00:00,13493021,67726697320,51260069904112809839745,0,55908808088122619,1.3212369286013401
2025-05-16 20:43:54+00:00,13493027,67726697384,51260069952950839339793,0,55908808140955015,1.3212369285910668
2025-05-16 20:43:56+00:00,13493029,67726684212,51260079952950839339793,0,55908808140955015,1.3212364138753405
2025-05-16 20:43:59+00:00,13493032,67726684145,51260079902077400418206,0,55908808085467912,1.3212364138795512
2025-05-16 20:44:00+00:00,13493033,67726684146,51260079901322804200973,0,55908808085467912,1.3212364139185093
2025-05-16 20:44:05+00:00,13493038,67726670974,51260089901322804200973,0,55908808085467912,1.3212358992029833
2025-05-16 20:44:14+00:00,13493047,67726657802,51260099901322804200973,0,55908808085467912,1.321235384487658
2025-05-16 20:44:28+00:00,13493061,67726667802,51260107469996878032070,0,55908816340534661,1.321235384487658
2025-05-16 20:44:46+00:00,13493079,67726667803,51260107469242281226921,0,55908816340534661,1.3212353845266163
2025-05-16 20:44:59+00:00,13493092,67726654631,51260117469242281226921,0,55908816340534661,1.321234869811568
2025-05-16 20:45:09+00:00,13493102,67726654630,51260117470242281226921,0,55908816340534661,1.3212348697662843
2025-05-16 20:45:13+00:00,13493106,67726641458,51260127470242281226921,0,55908816340534661,1.3212343550514367
2025-05-16 20:45:15+00:00,13493108,67726641457,51260127471242281226921,0,55908816340534661,1.3212343550061534
2025-05-16 20:45:20+00:00,13493113,67726641470,51260127481242281226921,0,55908816351266251,1.321234355002011
2025-05-16 20:45:22+00:00,13493115,67726628298,51260137481242281226921,0,55908816351266251,1.3212338402873642
2025-05-16 20:45:25+00:00,13493118,67726628297,51260137480448351150308,0,55908816350400321,1.3212338402883195
2025-05-16 20:45:31+00:00,13493124,67726728297,51260062020790724886722,0,55908816350400321,1.3212377361059475
2025-05-16 20:45:32+00:00,13493125,67726728298,51260062020036129424649,0,55908816350400321,1.3212377361449057
2025-05-16 20:45:57+00:00,13493150,67726715126,51260072020036129424649,0,55908816350400321,1.3212372214289423
2025-05-16 20:46:06+00:00,13493159,67726701954,51260082020036129424649,0,55908816350400321,1.3212367067131794
2025-05-16 20:46:17+00:00,13493170,67726701955,51260082019281533374661,0,55908816350400321,1.3212367067521376
2025-05-16 20:46:46+00:00,13493199,67726691955,51260074450611218905486,0,55908808095333572,1.321236706752236
2025-05-16 20:47:02+00:00,13493215,67726691956,51260074449856622855521,0,55908808095333572,1.321236706791194
2025-05-16 20:47:07+00:00,13493220,67726678784,51260084449856622855521,0,55908808095333572,1.3212361920755562
2025-05-16 20:47:12+00:00,13493225,67726678785,51260084449102026511609,0,55908808095333572,1.3212361921145144
2025-05-16 20:47:16+00:00,13493229,67726665613,51260094449102026511609,0,55908808095333572,1.3212356773990774
2025-05-16 20:47:17+00:00,13493230,67726665614,51260094448347429873750,0,55908808095333572,1.3212356774380356
2025-05-16 20:47:23+00:00,13493236,67726665678,51260094497185459373798,0,55908808148165993,1.3212356774277634
2025-05-16 20:47:28+00:00,13493241,67726665611,51260094446312006024241,0,55908808092678890,1.3212356774319738
2025-05-16 20:47:30+00:00,13493243,67726675611,51260102014984401729259,0,55908816347744688,1.3212356774319738
2025-05-16 20:47:33+00:00,13493246,67726675612,51260102014984401729258,0,55908816347744688,1.3212356774514822
2025-05-16 20:47:39+00:00,13493252,67726662440,51260112014984401729258,0,55908816347744688,1.3212351627363217
2025-05-16 20:47:47+00:00,13493260,67726662441,51260112014229804797460,0,55908816347744688,1.3212351627752799
2025-05-16 20:47:48+00:00,13493261,67726649269,51260122014229804797460,0,55908816347744688,1.3212346480603205
2025-05-16 20:48:11+00:00,13493284,67726639270,51260114445554456548113,0,55908808092678890,1.321234648079753
2025-05-16 20:48:26+00:00,13493299,67726626098,51260124445554456548113,0,55908808092678890,1.3212341333649182
2025-05-16 20:48:33+00:00,13493306,67726626099,51260124444799859028410,0,55908808092678890,1.3212341334038764
2025-05-16 20:48:35+00:00,13493308,67726612927,51260134444799859028410,0,55908808092678890,1.3212336186892424
2025-05-16 20:48:35+00:00,13493308,67726612926,51260134445799859028410,0,55908808092678890,1.321233618643959
2025-05-16 20:48:40+00:00,13493313,67726612925,51260134446799859028410,0,55908808092678890,1.3212336185986757
2025-05-16 20:48:44+00:00,13493317,67726599753,51260144446799859028410,0,55908808092678890,1.3212331038842426
2025-05-16 20:48:45+00:00,13493318,67726599766,51260144456799859028410,0,55908808103410485,1.3212331038801004
2025-05-16 20:48:49+00:00,13493322,67726599765,51260144456005928726635,0,55908808102544555,1.3212331038810556
2025-05-16 20:48:54+00:00,13493327,67726699765,51260068996306244042007,0,55908808102544555,1.3212369996981534
2025-05-16 20:49:03+00:00,13493336,67726686593,51260078996306244042007,0,55908808102544555,1.3212364849824036
2025-05-16 20:49:19+00:00,13493352,67726686594,51260078995551647865382,0,55908808102544555,1.3212364850213618
2025-05-16 20:49:30+00:00,13493363,67726696594,51260086564219417313422,0,55908816357607797,1.3212364850213618
2025-05-16 20:49:50+00:00,13493383,67726683422,51260096564219417313422,0,55908816357607797,1.321235970305889
2025-05-16 20:50:04+00:00,13493397,67726683423,51260096563464820842851,0,55908816357607797,1.321235970344847
2025-05-16 20:50:05+00:00,13493398,67726670251,51260106563464820842851,0,55908816357607797,1.321235455629575
2025-05-16 20:50:35+00:00,13493428,67726670252,51260106562710224078333,0,55908816357607797,1.321235455668533
2025-05-16 20:50:40+00:00,13493433,67726670253,51260106561955627313837,0,55908816357607797,1.3212354557074912
2025-05-16 20:50:47+00:00,13493440,67726670317,51260106610793656813885,0,55908816410440222,1.3212354556972192
2025-05-16 20:50:51+00:00,13493444,67726670318,51260106610039060049406,0,55908824665506674,1.3212354557361774
2025-05-16 20:50:51+00:00,13493444,67726680318,51260114178712725734613,0,55908824665506674,1.3212354557361774
2025-05-16 20:50:56+00:00,13493449,67726680319,51260114178712725734612,0,55908824665506674,1.3212354557556858
2025-05-16 20:51:27+00:00,13493480,67726690319,51260121747386391308066,0,55908832920573126,1.3212354557556858
2025-05-16 20:51:36+00:00,13493489,67726677147,51260131747386391308066,0,55908832920573126,1.3212349410407669
2025-05-16 20:51:38+00:00,13493491,67726677148,51260131746631794249651,0,55908832920573126,1.321234941079725
2025-05-16 20:51:45+00:00,13493498,67726663976,51260141746631794249651,0,55908832920573126,1.3212344263650069
2025-05-16 20:52:00+00:00,13493513,67726663975,51260141747631794249651,0,55908832920573126,1.3212344263197235
2025-05-16 20:52:05+00:00,13493518,67726663974,51260141748631794249651,0,55908832920573126,1.32123442627444
2025-05-16 20:52:09+00:00,13493522,67726663987,51260141758631794249651,0,55908832931304716,1.3212344262702975
2025-05-16 20:52:14+00:00,13493527,67726663986,51260141757837864342233,0,55908832930438786,1.3212344262712528
2025-05-16 20:52:16+00:00,13493529,67726673986,51260149326517427303434,0,55908841185508449,1.3212344262712528
2025-05-16 20:52:24+00:00,13493537,67726673987,51260149325762829951018,0,55908841185508449,1.321234426310211
2025-05-16 20:52:30+00:00,13493543,67726683987,51260156894442392689048,0,55908849440578112,1.321234426310211
2025-05-16 20:52:39+00:00,13493552,67726633988,51260119051056357457025,0,55908808165242640,1.3212344263294158
2025-05-16 20:52:53+00:00,13493566,67726733988,51260043591432201747382,0,55908808165242640,1.3212383221484443
2025-05-16 20:53:02+00:00,13493575,67726720816,51260053591432201747382,0,55908808165242640,1.3212378074321813
2025-05-16 20:53:09+00:00,13493582,67726720817,51260053590677606326046,0,55908808165242640,1.3212378074711397
2025-05-16 20:53:11+00:00,13493584,67726707645,51260063590677606326046,0,55908808165242640,1.3212372927550775
2025-05-16 20:53:20+00:00,13493593,67726694473,51260073590677606326046,0,55908808165242640,1.3212367780392162
2025-05-16 20:53:45+00:00,13493618,67726681301,51260083590677606326046,0,55908808165242640,1.3212362633235557
2025-05-16 20:53:55+00:00,13493628,67726681302,51260083589923010022826,0,55908808165242640,1.321236263362514
2025-05-16 20:53:59+00:00,13493632,67726668130,51260093589923010022826,0,55908808165242640,1.3212357486470543
2025-05-16 20:54:08+00:00,13493641,67726668131,51260093589168413425659,0,55908808165242640,1.3212357486860125
2025-05-16 20:54:08+00:00,13493641,67726654959,51260103589168413425659,0,55908808165242640,1.3212352339707536
2025-05-16 20:54:14+00:00,13493647,67726655023,51260103638006442925707,0,55908808218075069,1.321235233960482
2025-05-16 20:54:18+00:00,13493651,67726654956,51260103587132980567889,0,55908808162587966,1.3212352339646922
2025-05-16 20:54:23+00:00,13493656,67726664956,51260111155807916667294,0,55908816417655073,1.3212352339646922
2025-05-16 20:54:24+00:00,13493657,67726664957,51260111155807916667293,0,55908816417655073,1.3212352339842006
2025-05-16 20:54:40+00:00,13493673,67726664958,51260111155053319776187,0,55908816417655073,1.3212352340231588
2025-05-16 20:54:47+00:00,13493680,67726654959,51260103586378384214165,0,55908808162587966,1.321235234042667
2025-05-16 20:55:05+00:00,13493698,67726641787,51260113586378384214165,0,55908808162587966,1.321234719327609
2025-05-16 20:55:20+00:00,13493713,67726628615,51260123586378384214165,0,55908808162587966,1.3212342046127517
2025-05-16 20:55:25+00:00,13493718,67726628616,51260123585623786735153,0,55908808162587966,1.3212342046517098
2025-05-16 20:55:26+00:00,13493719,67726628615,51260123586623786735153,0,55908808162587966,1.3212342046064265
2025-05-16 20:55:31+00:00,13493724,67726628614,51260123587623786735153,0,55908808162587966,1.3212342045611432
2025-05-16 20:55:37+00:00,13493730,67726628627,51260123597623786735153,0,55908808173319557,1.3212342045570007
2025-05-16 20:55:43+00:00,13493736,67726638627,51260131166304619784673,0,55908816428389875,1.3212342045570007
2025-05-16 20:56:05+00:00,13493758,67726648627,51260138734985452834193,0,55908824683460193,1.3212342045570007
2025-05-16 20:56:11+00:00,13493764,67726648628,51260138734230855355150,0,55908824683460193,1.3212342045959589
2025-05-16 20:56:27+00:00,13493780,67726635456,51260148734230855355150,0,55908824683460193,1.3212336898814545
2025-05-16 20:56:36+00:00,13493789,67726622284,51260158734230855355150,0,55908824683460193,1.3212331751671509
2025-05-16 20:56:57+00:00,13493810,67726622285,51260158733476257288190,0,55908824683460193,1.321233175206109
2025-05-16 20:57:05+00:00,13493818,67726609113,51260168733476257288190,0,55908824683460193,1.3212326604920064
2025-05-16 20:57:29+00:00,13493842,67726609114,51260168732721658927283,0,55908824683460193,1.3212326605309646
2025-05-16 20:57:34+00:00,13493847,67726609115,51260168731967060566398,0,55908824683460193,1.3212326605699227
2025-05-16 20:57:40+00:00,13493853,67726609179,51260168780805090066446,0,55908824736292673,1.3212326605596536
2025-05-16 20:57:43+00:00,13493856,67726609180,51260168780050491705577,0,55908824736292673,1.3212326605986116
2025-05-16 20:57:50+00:00,13493863,67726609181,51260168780050491705576,0,55908824736292673,1.32123266061812
2025-05-16 20:57:57+00:00,13493870,67726619181,51260176348740169208432,0,55908832991367807,1.32123266061812
2025-05-16 20:58:29+00:00,13493902,67726619182,51260176347985570847597,0,55908832991367807,1.3212326606570781
2025-05-16 20:58:30+00:00,13493903,67726589183,51260153641925369910898,0,55908808226152037,1.3212326606763587
2025-05-16 20:58:39+00:00,13493912,67726689183,51260078182200372447237,0,55908808226152037,1.3212365564927584
2025-05-16 20:58:48+00:00,13493921,67726676011,51260088182200372447237,0,55908808226152037,1.3212360417771873
2025-05-16 20:58:51+00:00,13493924,67726676010,51260088183200372447237,0,55908808226152037,1.3212360417319038
2025-05-16 20:58:56+00:00,13493929,67726676009,51260088184200372447237,0,55908808226152037,1.3212360416866205
2025-05-16 20:59:06+00:00,13493939,67726676008,51260088183406443018769,0,55908808225286107,1.3212360416875757
2025-05-16 20:59:14+00:00,13493947,67726676009,51260088182651846588966,0,55908808225286107,1.3212360417265339
2025-05-16 20:59:23+00:00,13493956,67726662837,51260098182651846588966,0,55908808225286107,1.3212355270111635
2025-05-16 20:59:58+00:00,13493991,67726649665,51260108182651846588966,0,55908808225286107,1.3212350122959942
2025-05-16 20:59:59+00:00,13493992,67726649666,51260108181897249571247,0,55908808225286107,1.3212350123349523
2025-05-16 21:00:07+00:00,13494000,67726636494,51260118181897249571247,0,55908808225286107,1.3212344976199837
2025-05-16 21:00:29+00:00,13494022,67726623322,51260128181897249571247,0,55908808225286107,1.3212339829052158
2025-05-16 21:00:38+00:00,13494031,67726610150,51260138181897249571247,0,55908808225286107,1.3212334681906488
2025-05-16 21:00:46+00:00,13494039,67726610151,51260138181142651671642,0,55908808225286107,1.321233468229607
2025-05-16 21:00:52+00:00,13494045,67726596979,51260148181142651671642,0,55908808225286107,1.3212329535152407
2025-05-16 21:00:55+00:00,13494048,67726596980,51260148180388053478089,0,55908808225286107,1.321232953554199
2025-05-16 21:01:00+00:00,13494053,67726596981,51260148179633455284559,0,55908808225286107,1.321232953593157
2025-05-16 21:01:06+00:00,13494059,67726597045,51260148228471484784607,0,55908808278118581,1.3212329535828875
2025-05-16 21:01:11+00:00,13494064,67726596978,51260148177597978227294,0,55908808222631478,1.3212329535870966
2025-05-16 21:01:15+00:00,13494068,67726596979,51260148177597978227293,0,55908808222631478,1.3212329536066048
2025-05-16 21:01:23+00:00,13494076,67726583807,51260158177597978227293,0,55908808222631478,1.3212324388924395
2025-05-16 21:01:33+00:00,13494086,67726583808,51260158176843379739823,0,55908808222631478,1.3212324389313976
2025-05-16 21:01:38+00:00,13494091,67726570636,51260168176843379739823,0,55908808222631478,1.3212319242174329
2025-05-16 21:02:04+00:00,13494117,67726670636,51260092717076320813064,0,55908808222631478,1.3212358200327279
2025-05-16 21:02:13+00:00,13494126,67726657464,51260102717076320813064,0,55908808222631478,1.3212353053174464
2025-05-16 21:02:18+00:00,13494131,67726657464,51260102717321723962672,0,55908808222631478,1.3212353053111212
2025-05-16 21:02:18+00:00,13494131,67726657463,51260102718076320813064,0,55908808222631478,1.321235305272163
2025-05-16 21:02:23+00:00,13494136,67726657463,51260102718321723962672,0,55908808222631478,1.3212353052658377
2025-05-16 21:02:28+00:00,13494141,67726657476,51260102728321723962672,0,55908808233363064,1.321235305261695
2025-05-16 21:02:33+00:00,13494146,67726657475,51260102727527794309043,0,55908816487563944,1.3212353052626504
2025-05-16 21:02:33+00:00,13494146,67726667475,51260110296202321979256,0,55908816487563944,1.3212353052626504
2025-05-16 21:02:43+00:00,13494156,67726654303,51260120296202321979256,0,55908816487563944,1.3212347905476458
2025-05-16 21:02:53+00:00,13494166,67726641131,51260130296202321979256,0,55908816487563944,1.321234275832842
2025-05-16 21:03:06+00:00,13494179,67726641132,51260130295447724540920,0,55908816487563944,1.3212342758718
2025-05-16 21:03:07+00:00,13494180,67726651132,51260137864128149064135,0,55908824742633965,1.3212342758718
2025-05-16 21:03:17+00:00,13494190,67726637960,51260147864128149064135,0,55908824742633965,1.3212337611572733
2025-05-16 21:03:39+00:00,13494212,67726624788,51260157864128149064135,0,55908824742633965,1.321233246442947
2025-05-16 21:03:52+00:00,13494225,67726624789,51260157863373551037883,0,55908824742633965,1.3212332464819052
2025-05-16 21:04:18+00:00,13494251,67726634789,51260165432059872417817,0,55908832997707197,1.3212332464819052
2025-05-16 21:04:23+00:00,13494256,67726634790,51260165431305274391587,0,55908832997707197,1.3212332465208634
2025-05-16 21:04:28+00:00,13494261,67726634791,51260165430550676365379,0,55908832997707197,1.3212332465598216
2025-05-16 21:04:32+00:00,13494265,67726644791,51260172999236997298970,0,55908841252780429,1.3212332465598216
2025-05-16 21:04:34+00:00,13494267,67726644855,51260173048075026799018,0,55908841305612897,1.3212332465495518
2025-05-16 21:04:37+00:00,13494270,67726644856,51260173047320428772827,0,55908841305612897,1.32123324658851
2025-05-16 21:04:39+00:00,13494272,67726644789,51260172996446927636810,0,55908841250125794,1.321233246592719
2025-05-16 21:04:44+00:00,13494277,67726644790,51260172996446927636809,0,55908841250125794,1.3212332466122274
2025-05-16 21:04:49+00:00,13494282,67726604791,51260142721710477262278,0,55908808229842499,1.321233246631508
2025-05-16 21:05:09+00:00,13494302,67726591619,51260152721710477262278,0,55908808229842499,1.3212327319172306
2025-05-16 21:05:24+00:00,13494317,67726591620,51260152720955878942164,0,55908808229842499,1.3212327319561887
2025-05-16 21:05:46+00:00,13494339,67726591619,51260152721955878942164,0,55908808229842499,1.3212327319109054
2025-05-16 21:05:53+00:00,13494346,67726601619,51260160290645148043869,0,55908816484917336,1.3212327319109054
2025-05-16 21:05:55+00:00,13494348,67726601632,51260160300645148043869,0,55908816495648933,1.3212327319067632
2025-05-16 21:06:00+00:00,13494353,67726601631,51260160299851217615874,0,55908816494783003,1.3212327319077186
2025-05-16 21:06:08+00:00,13494361,67726611631,51260167868540486735835,0,55908824749857840,1.3212327319077186
2025-05-16 21:06:10+00:00,13494363,67726611632,51260167867785888415715,0,55908824749857840,1.3212327319466766
2025-05-16 21:06:34+00:00,13494387,67726598460,51260177867785888415715,0,55908824749857840,1.3212322172327522
2025-05-16 21:06:52+00:00,13494405,67726585288,51260187867785888415715,0,55908824749857840,1.3212317025190286
2025-05-16 21:07:06+00:00,13494419,67726595288,51260195436481054399274,0,55908833004935888,1.3212317025190286
2025-05-16 21:07:21+00:00,13494434,67726605288,51260203005176220382833,0,55908841260013936,1.3212317025190286
2025-05-16 21:07:42+00:00,13494455,67726605289,51260203004421621474796,0,55908841260013936,1.3212317025579867
2025-05-16 21:07:49+00:00,13494462,67726605290,51260203003667022566781,0,55908841260013936,1.3212317025969447
2025-05-16 21:07:54+00:00,13494467,67726605291,51260203002912423658789,0,55908841260013936,1.3212317026359028
2025-05-16 21:07:59+00:00,13494472,67726605355,51260203051750453158837,0,55908841312846435,1.3212317026256346
2025-05-16 21:08:04+00:00,13494477,67726605288,51260203000876922251306,0,55908841257359332,1.321231702629843
2025-05-16 21:08:09+00:00,13494482,67726605289,51260203000876922251305,0,55908841257359332,1.3212317026493512
2025-05-16 21:08:10+00:00,13494483,67726615289,51260210569572087488309,0,55908849512437379,1.3212317026493512
2025-05-16 21:08:21+00:00,13494494,67726565290,51260172726102149358846,0,55908808237053562,1.3212317026687077
2025-05-16 21:08:29+00:00,13494502,67726565291,51260172725347550450895,0,55908808237053562,1.3212317027076659
2025-05-16 21:09:10+00:00,13494543,67726575291,51260180294042715353842,0,55908816492131609,1.3212317027076659
2025-05-16 21:09:11+00:00,13494544,67726575290,51260180295042715353842,0,55908816492131609,1.3212317026623825
2025-05-16 21:09:15+00:00,13494548,67726575289,51260180296042715353842,0,55908816492131609,1.3212317026170992
2025-05-16 21:09:21+00:00,13494554,67726575302,51260180306042715353842,0,55908816502863210,1.3212317026129574
2025-05-16 21:09:26+00:00,13494559,67726575301,51260180305248784616100,0,55908816501997280,1.3212317026139127
2025-05-16 21:09:46+00:00,13494579,67726585301,51260187873943950056115,0,55908824757075327,1.3212317026139127
2025-05-16 21:09:56+00:00,13494589,67726572129,51260197873943950056115,0,55908824757075327,1.3212311879003897
2025-05-16 21:10:01+00:00,13494594,67726572130,51260197873189350854162,0,55908824757075327,1.321231187939348
2025-05-16 21:10:10+00:00,13494603,67726582130,51260205441887464616109,0,55908833012154980,1.321231187939348
2025-05-16 21:10:11+00:00,13494604,67726568958,51260215441887464616109,0,55908833012154980,1.3212306732261019
2025-05-16 21:10:21+00:00,13494614,67726538959,51260192735791639214769,0,55908808246919233,1.3212306732454204
2025-05-16 21:10:37+00:00,13494630,67726548959,51260200304492701411866,0,55908816502000491,1.3212306732454204
2025-05-16 21:10:38+00:00,13494631,67726535787,51260210304492701411866,0,55908816502000491,1.3212301585322233
2025-05-16 21:10:48+00:00,13494641,67726535788,51260210303738101622006,0,55908816502000491,1.3212301585711814
2025-05-16 21:10:49+00:00,13494642,67726525789,51260202735035563545820,0,55908808246919233,1.3212301585906518
2025-05-16 21:11:04+00:00,13494657,67726535789,51260210303739573956042,0,55908816502002096,1.3212301585906518
2025-05-16 21:11:12+00:00,13494665,67726545789,51260217872443584366264,0,55908824757084959,1.3212301585906518
2025-05-16 21:11:12+00:00,13494665,67726545790,51260217871688984576438,0,55908824757084959,1.3212301586296098
2025-05-16 21:11:14+00:00,13494667,67726555790,51260210325692197263373,0,55908824757084959,1.3212305482105031
2025-05-16 21:11:17+00:00,13494670,67726555791,51260210324937597696072,0,55908824757084959,1.3212305482494613
2025-05-16 21:11:23+00:00,13494676,67726555855,51260210373775627196120,0,55908824809917481,1.3212305482391942
2025-05-16 21:11:28+00:00,13494681,67726555788,51260210322902074005161,0,55908824754430378,1.321230548243402
2025-05-16 21:11:28+00:00,13494681,67726542616,51260220322902074005161,0,55908824754430378,1.3212300335303298
2025-05-16 21:11:32+00:00,13494685,67726542617,51260220322902074005160,0,55908824754430378,1.3212300335498381
2025-05-16 21:11:37+00:00,13494690,67726642617,51260144863027032916361,0,55908824754430378,1.32123392936117
2025-05-16 21:11:59+00:00,13494712,67726632617,51260137294333802960034,0,55908816499347515,1.3212339293614488
2025-05-16 21:11:59+00:00,13494712,67726619445,51260147294333802960034,0,55908816499347515,1.3212334146469837
2025-05-16 21:12:08+00:00,13494721,67726606273,51260157294333802960034,0,55908816499347515,1.3212328999327196
2025-05-16 21:12:18+00:00,13494731,67726596273,51260149725637619951441,0,55908808244264652,1.3212328999329226
2025-05-16 21:12:21+00:00,13494734,67726596274,51260149724883021727286,0,55908808244264652,1.3212328999718808
2025-05-16 21:12:32+00:00,13494745,67726606274,51260157293571328090854,0,55908816499338924,1.3212328999718808
2025-05-16 21:12:33+00:00,13494746,67726606273,51260157294571328090854,0,55908816499338924,1.3212328999265974
2025-05-16 21:12:38+00:00,13494751,67726606272,51260157295571328090854,0,55908816499338924,1.321232899881314
2025-05-16 21:12:43+00:00,13494756,67726606285,51260157305571328090854,0,55908816510070520,1.3212328998771719
2025-05-16 21:12:48+00:00,13494761,67726606284,51260157304777397709452,0,55908816509204590,1.321232899878127
2025-05-16 21:12:58+00:00,13494771,67726616284,51260164873465704610088,0,55908824764278862,1.321232899878127
2025-05-16 21:13:07+00:00,13494780,67726616285,51260164872711106385902,0,55908824764278862,1.3212328999170853
2025-05-16 21:13:07+00:00,13494780,67726603113,51260174872711106385902,0,55908824764278862,1.3212323852030978
2025-05-16 21:13:43+00:00,13494816,67726589941,51260184872711106385902,0,55908824764278862,1.3212318704893113
2025-05-16 21:13:53+00:00,13494826,67726589942,51260184871956507573798,0,55908824764278862,1.3212318705282695
2025-05-16 21:14:03+00:00,13494836,67726569943,51260169734573988855070,0,55908808254130318,1.321231870547626
2025-05-16 21:14:33+00:00,13494866,67726579943,51260177303268192284469,0,55908816509207801,1.321231870547626
2025-05-16 21:14:36+00:00,13494869,67726579944,51260177302513593472399,0,55908816509207801,1.3212318705865842
2025-05-16 21:14:39+00:00,13494872,67726579945,51260177301758994660351,0,55908816509207801,1.3212318706255424
2025-05-16 21:14:46+00:00,13494879,67726580009,51260177350597024160399,0,55908816562040296,1.321231870615274
2025-05-16 21:14:51+00:00,13494884,67726579942,51260177299723496238473,0,55908816506553193,1.3212318706194823
2025-05-16 21:14:56+00:00,13494889,67726579943,51260177299723496238472,0,55908816506553193,1.3212318706389907
2025-05-16 21:14:57+00:00,13494890,67726569943,51260169731029293027498,0,55908808251475710,1.3212318706389907
2025-05-16 21:15:06+00:00,13494899,67726556771,51260179731029293027498,0,55908808251475710,1.3212313559252529
2025-05-16 21:15:25+00:00,13494918,67726556772,51260179730274693921510,0,55908808251475710,1.321231355964211
2025-05-16 21:15:35+00:00,13494928,67726566772,51260187298971845149940,0,55908816506554798,1.321231355964211
2025-05-16 21:15:50+00:00,13494943,67726553600,51260197298971845149940,0,55908816506554798,1.32123084125075
2025-05-16 21:15:59+00:00,13494952,67726553599,51260197299971845149940,0,55908816506554798,1.3212308412054667
2025-05-16 21:16:04+00:00,13494957,67726553598,51260197300971845149940,0,55908816506554798,1.3212308411601834
2025-05-16 21:16:09+00:00,13494962,67726553611,51260197310971845149940,0,55908816517286402,1.3212308411560418
2025-05-16 21:16:10+00:00,13494963,67726553612,51260197310217245749950,0,55908816517286402,1.3212308411949998
2025-05-16 21:16:14+00:00,13494967,67726540440,51260207310217245749950,0,55908816517286402,1.3212303264817398
2025-05-16 21:16:56+00:00,13495009,67726540441,51260207309462646056012,0,55908816517286402,1.321230326520698
2025-05-16 21:16:57+00:00,13495010,67726530442,51260199740762541734286,0,55908808262207314,1.3212303265401304
2025-05-16 21:17:42+00:00,13495055,67726530443,51260199740007942040381,0,55908808262207314,1.3212303265790886
2025-05-16 21:17:49+00:00,13495062,67726517271,51260209740007942040381,0,55908808262207314,1.3212298118659533
2025-05-16 21:18:03+00:00,13495076,67726517272,51260209739253342052528,0,55908808262207314,1.3212298119049113
2025-05-16 21:18:13+00:00,13495086,67726517336,51260209788091371552576,0,55908808315039850,1.3212298118946448
2025-05-16 21:18:18+00:00,13495091,67726517269,51260209737217803933567,0,55908808259552747,1.3212298118988524
2025-05-16 21:18:20+00:00,13495093,67726527269,51260217305923800378004,0,55908816514636651,1.3212298118988524
2025-05-16 21:18:23+00:00,13495096,67726527270,51260217305923800378003,0,55908816514636651,1.3212298119183608
2025-05-16 21:18:28+00:00,13495101,67726527271,51260217305169200390180,0,55908816514636651,1.3212298119573187
2025-05-16 21:18:40+00:00,13495113,67726514099,51260227305169200390180,0,55908816514636651,1.3212292972444604
2025-05-16 21:19:00+00:00,13495133,67726504100,51260219736461727723449,0,55908808259552747,1.3212292972639308
2025-05-16 21:19:13+00:00,13495146,67726504101,51260219735707127441689,0,55908808259552747,1.3212292973028887
2025-05-16 21:19:25+00:00,13495158,67726504100,51260219736707127441689,0,55908808259552747,1.3212292972576056
2025-05-16 21:19:30+00:00,13495163,67726504099,51260219737707127441689,0,55908808259552747,1.3212292972123223
2025-05-16 21:19:39+00:00,13495172,67726504098,51260219736913195976161,0,55908808258686817,1.3212292972132775
2025-05-16 21:19:57+00:00,13495190,67726490926,51260229736913195976161,0,55908808258686817,1.321228782500544
2025-05-16 21:19:59+00:00,13495192,67726490927,51260229736158595400402,0,55908808258686817,1.321228782539502
2025-05-16 21:20:23+00:00,13495216,67726500927,51260237304870488566429,0,55908816513773931,1.321228782539502
2025-05-16 21:20:32+00:00,13495225,67726487755,51260247304870488566429,0,55908816513773931,1.3212282678270453
2025-05-16 21:20:45+00:00,13495238,67726487756,51260247304115887696721,0,55908816513773931,1.3212282678660032
2025-05-16 21:21:11+00:00,13495264,67726497756,51260254872830729191606,0,55908824768862651,1.3212282678660032
2025-05-16 21:21:20+00:00,13495273,67726484584,51260264872830729191606,0,55908824768862651,1.3212277531538232
2025-05-16 21:21:25+00:00,13495278,67726484585,51260264872076128027950,0,55908824768862651,1.3212277531927814
2025-05-16 21:21:29+00:00,13495282,67726471413,51260274872076128027950,0,55908824768862651,1.3212272384808021
2025-05-16 21:21:29+00:00,13495282,67726471414,51260274871321526570345,0,55908824768862651,1.3212272385197603
2025-05-16 21:21:31+00:00,13495284,67726471415,51260274870566925112763,0,55908824768862651,1.3212272385587183
2025-05-16 21:21:40+00:00,13495293,67726471348,51260274819693307874157,0,55908824713375548,1.3212272385629245
2025-05-16 21:21:45+00:00,13495298,67726471349,51260274819693307874156,0,55908824713375548,1.3212272385824329
2025-05-16 21:21:57+00:00,13495310,67726451350,51260259682259192400295,0,55908808203199714,1.3212272386017514
2025-05-16 21:22:17+00:00,13495330,67726451351,51260259681504590942759,0,55908816458291644,1.3212272386407093
2025-05-16 21:22:17+00:00,13495330,67726461351,51260267250225328405067,0,55908816458291644,1.3212272386407093
2025-05-16 21:22:26+00:00,13495339,67726448179,51260277250225328405067,0,55908816458291644,1.3212267239288544
2025-05-16 21:22:40+00:00,13495353,67726458179,51260284818949014422850,0,55908824713385180,1.3212267239288544
2025-05-16 21:22:46+00:00,13495359,67726458178,51260284819949014422850,0,55908824713385180,1.3212267238835713
2025-05-16 21:22:51+00:00,13495364,67726458177,51260284820949014422850,0,55908824713385180,1.3212267238382882
2025-05-16 21:22:56+00:00,13495369,67726458190,51260284830949014422850,0,55908824724116801,1.3212267238341473
2025-05-16 21:23:02+00:00,13495375,67726458191,51260284830194412671312,0,55908824724116801,1.3212267238731052
2025-05-16 21:23:11+00:00,13495384,67726445019,51260294830194412671312,0,55908824724116801,1.3212262091615272
2025-05-16 21:23:26+00:00,13495399,67726431847,51260304830194412671312,0,55908824724116801,1.3212256944501501
2025-05-16 21:23:47+00:00,13495420,67726431848,51260304829439810331854,0,55908824724116801,1.321225694489108
2025-05-16 21:24:12+00:00,13495445,67726418676,51260314829439810331854,0,55908824724116801,1.321225179777932
2025-05-16 21:24:21+00:00,13495454,67726405504,51260324829439810331854,0,55908824724116801,1.3212246650669563
2025-05-16 21:24:30+00:00,13495463,67726505504,51260249369258156173382,0,55908824724116801,1.3212285608703458
2025-05-16 21:24:32+00:00,13495465,67726505505,51260249368503555471042,0,55908824724116801,1.3212285609093037
2025-05-16 21:24:39+00:00,13495472,67726492333,51260259368503555471042,0,55908824724116801,1.3212280461970114
2025-05-16 21:24:48+00:00,13495481,67726492334,51260259367748954474753,0,55908824724116801,1.3212280462359693
2025-05-16 21:24:48+00:00,13495481,67726479162,51260269367748954474753,0,55908824724116801,1.3212275315238777
2025-05-16 21:24:53+00:00,13495486,67726479163,51260269366994353184516,0,55908824724116801,1.321227531562836
2025-05-16 21:24:59+00:00,13495492,67726479227,51260269415832382684564,0,55908824776949383,1.3212275315525717
2025-05-16 21:25:04+00:00,13495497,67726479160,51260269364958770866905,0,55908824721462280,1.3212275315567779
2025-05-16 21:25:09+00:00,13495502,67726465989,51260279364958770866904,0,55908824721462280,1.3212270168643954
2025-05-16 21:25:09+00:00,13495502,67726479161,51260269364958770866904,0,55908824721462280,1.3212275315762863
2025-05-16 21:25:39+00:00,13495532,67726475989,51260286933680778786875,0,55908832976554865,1.3212270168643954
2025-05-16 21:26:03+00:00,13495556,67726475990,51260286932926177202697,0,55908832976554865,1.3212270169033533
2025-05-16 21:26:11+00:00,13495564,67726475989,51260286933926177202697,0,55908832976554865,1.3212270168580702
2025-05-16 21:26:12+00:00,13495565,67726445989,51260264227759882780613,0,55908808211276814,1.3212270168580773
2025-05-16 21:26:21+00:00,13495574,67726432830,51260274237759882780613,0,55908808222008434,1.3212265021420944
2025-05-16 21:26:21+00:00,13495574,67726446002,51260264237759882780613,0,55908808222008434,1.3212270168539362
2025-05-16 21:26:26+00:00,13495579,67726432829,51260274236965950470441,0,55908808221142504,1.3212265021430496
2025-05-16 21:26:54+00:00,13495607,67726442829,51260281805690907001245,0,55908816476236694,1.3212265021430496
2025-05-16 21:27:04+00:00,13495617,67726432830,51260274236965951219367,0,55908808221142504,1.3212265021625578
2025-05-16 21:27:29+00:00,13495642,67726442830,51260281805690907638417,0,55908816476236694,1.3212265021625578
2025-05-16 21:27:34+00:00,13495647,67726442831,51260281804936305760274,0,55908816476236694,1.321226502201516
2025-05-16 21:28:10+00:00,13495683,67726429659,51260291804936305760274,0,55908816476236694,1.3212259874899508
2025-05-16 21:28:12+00:00,13495685,67726429660,51260291804181703588182,0,55908816476236694,1.3212259875289087
2025-05-16 21:28:17+00:00,13495690,67726429661,51260291803427101416112,0,55908816476236694,1.321225987567867
2025-05-16 21:28:19+00:00,13495692,67726419663,51260284233946067379703,0,55908808221142504,1.321225987626295
2025-05-16 21:28:19+00:00,13495692,67726429662,51260291802672499244064,0,55908808221142504,1.3212259876068249
2025-05-16 21:28:28+00:00,13495701,67726419596,51260284183072425790923,0,55908808165655401,1.3212259876305008
2025-05-16 21:28:33+00:00,13495706,67726419597,51260284183072425790922,0,55908808165655401,1.321225987650009
2025-05-16 21:28:45+00:00,13495718,67726429597,51260291751800329626996,0,55908816420751196,1.321225987650009
2025-05-16 21:29:03+00:00,13495736,67726429598,51260291751045727454995,0,55908816420751196,1.321225987688967
2025-05-16 21:29:12+00:00,13495745,67726416426,51260301751045727454995,0,55908816420751196,1.321225472977602
2025-05-16 21:29:21+00:00,13495754,67726403254,51260311751045727454995,0,55908816420751196,1.3212249582664382
2025-05-16 21:29:36+00:00,13495769,67726403253,51260311752045727454995,0,55908816420751196,1.321224958221155
2025-05-16 21:29:40+00:00,13495773,67726413253,51260319320779528444951,0,55908824675850202,1.321224958221155
2025-05-16 21:29:45+00:00,13495778,67726413266,51260319330779528444951,0,55908824686581830,1.3212249582170144
2025-05-16 21:29:50+00:00,13495783,67726413265,51260319329985595670172,0,55908824685715900,1.3212249582179696
2025-05-16 21:30:12+00:00,13495805,67726423265,51260326898719396678376,0,55908832940814906,1.3212249582179696
2025-05-16 21:30:25+00:00,13495818,67726433265,51260334467453197686580,0,55908841195913912,1.3212249582179696
2025-05-16 21:30:34+00:00,13495827,67726393266,51260304192520939480989,0,55908808175521099,1.321224958237402
2025-05-16 21:30:35+00:00,13495828,67726393267,51260304191766336721051,0,55908808175521099,1.32122495827636
2025-05-16 21:30:43+00:00,13495836,67726380095,51260314191766336721051,0,55908808175521099,1.3212244435653209
2025-05-16 21:31:11+00:00,13495864,67726390095,51260321760503085955741,0,55908816430621710,1.3212244435653209
2025-05-16 21:31:21+00:00,13495874,67726390096,51260321759748482901854,0,55908816430621710,1.3212244436042788
2025-05-16 21:31:31+00:00,13495884,67726400096,51260329328485231913370,0,55908824685722321,1.3212244436042788
2025-05-16 21:31:38+00:00,13495891,67726400097,51260329327730628859505,0,55908824685722321,1.321224443643237
2025-05-16 21:31:45+00:00,13495898,67726410097,51260336896467377647847,0,55908832940822932,1.321224443643237
2025-05-16 21:31:53+00:00,13495906,67726410030,51260336845593706287196,0,55908832885335829,1.3212244436474416
2025-05-16 21:31:59+00:00,13495912,67726420031,51260344414330454939695,0,55908841140436440,1.32122444366695
2025-05-16 21:31:59+00:00,13495912,67726410031,51260336845593706287195,0,55908841140436440,1.32122444366695
2025-05-16 21:32:06+00:00,13495919,67726420032,51260344413575851885866,0,55908841140436440,1.321224443705908
2025-05-16 21:32:13+00:00,13495926,67726430032,51260351982312600315193,0,55908849395537051,1.321224443705908
2025-05-16 21:32:22+00:00,13495935,67726416860,51260361982312600315193,0,55908849395537051,1.321223928995449
2025-05-16 21:32:31+00:00,13495944,67726403688,51260371982312600315193,0,55908849395537051,1.321223414285191
2025-05-16 21:32:45+00:00,13495958,67726390516,51260381982312600315193,0,55908849395537051,1.3212228995751338
2025-05-16 21:32:51+00:00,13495964,67726390517,51260381981557996379472,0,55908849395537051,1.3212228996140918
2025-05-16 21:33:01+00:00,13495974,67726390516,51260381982557996379472,0,55908849395537051,1.321222899568809
2025-05-16 21:33:06+00:00,13495979,67726390515,51260381983557996379472,0,55908849395537051,1.3212228995235258
2025-05-16 21:33:11+00:00,13495984,67726390528,51260381993557996379472,0,55908849406268688,1.3212228995193855
2025-05-16 21:33:16+00:00,13495989,67726390527,51260381992764062985188,0,55908849405402758,1.3212228995203408
2025-05-16 21:33:37+00:00,13496010,67726390528,51260381992009459049435,0,55908849405402758,1.3212228995592987
2025-05-16 21:33:43+00:00,13496016,67726400528,51260389560755053252771,0,55908857660508185,1.3212228995592987
2025-05-16 21:33:53+00:00,13496026,67726340529,51260344148303570417725,0,55908808129899703,1.3212228995782378
2025-05-16 21:34:22+00:00,13496055,67726340530,51260344147548966482005,0,55908808129899703,1.3212228996171957
2025-05-16 21:35:02+00:00,13496095,67726350530,51260351716294560353672,0,55908816385005130,1.3212228996171957
2025-05-16 21:35:03+00:00,13496096,67726350531,51260351715539956417975,0,55908816385005130,1.321222899656154
2025-05-16 21:35:07+00:00,13496100,67726350532,51260351714785352482300,0,55908816385005130,1.3212228996951119
2025-05-16 21:35:08+00:00,13496101,67726350533,51260351714030748546647,0,55908816385005130,1.3212228997340698
2025-05-16 21:35:14+00:00,13496107,67726350597,51260351762868778046695,0,55908816437837804,1.32122289972381
2025-05-16 21:35:18+00:00,13496111,67726340598,51260344194123184977722,0,55908808182732377,1.3212228997433182
2025-05-16 21:35:19+00:00,13496112,67726340531,51260344143249483846078,0,55908808127245274,1.3212228997475222
2025-05-16 21:35:24+00:00,13496117,67726340532,51260344143249483846077,0,55908808127245274,1.3212228997670306
2025-05-16 21:35:52+00:00,13496145,67726340533,51260344142494879910465,0,55908808127245274,1.3212228998059885
2025-05-16 21:36:05+00:00,13496158,67726327361,51260354142494879910465,0,55908808127245274,1.321222385095752
2025-05-16 21:36:24+00:00,13496177,67726337361,51260361711243421266185,0,55908816382352306,1.321222385095752
2025-05-16 21:36:33+00:00,13496186,67726324188,51260371712243421266185,0,55908816382352306,1.3212218703405094
2025-05-16 21:36:33+00:00,13496186,67726337360,51260361712243421266185,0,55908816382352306,1.3212223850504692
2025-05-16 21:36:38+00:00,13496191,67726324201,51260371722243421266185,0,55908816393083947,1.3212218703363696
2025-05-16 21:36:38+00:00,13496191,67726324202,51260371721488816742623,0,55908816393083947,1.3212218703753276
2025-05-16 21:36:43+00:00,13496196,67726324201,51260371720694883038631,0,55908816392218017,1.3212218703762826
2025-05-16 21:36:48+00:00,13496201,67726311029,51260381720694883038631,0,55908816392218017,1.321221355666524
2025-05-16 21:37:23+00:00,13496236,67726311030,51260381719940278221120,0,55908816392218017,1.321221355705482
2025-05-16 21:37:28+00:00,13496241,67726411030,51260306259569613483758,0,55908816392218017,1.3212252515045477
2025-05-16 21:38:08+00:00,13496281,67726411031,51260306258815010891316,0,55908816392218017,1.3212252515435057
2025-05-16 21:38:13+00:00,13496286,67726397859,51260316258815010891316,0,55908816392218017,1.3212247368324301
2025-05-16 21:38:24+00:00,13496297,67726387859,51260308690073182373774,0,55908808137110985,1.3212247368326042
2025-05-16 21:38:31+00:00,13496304,67726387860,51260308689318579487383,0,55908808137110985,1.3212247368715624
2025-05-16 21:38:36+00:00,13496309,67726387861,51260308688563976601015,0,55908808137110985,1.3212247369105203
2025-05-16 21:38:42+00:00,13496315,67726387925,51260308737402006101063,0,55908808189943622,1.3212247369002588
2025-05-16 21:38:47+00:00,13496320,67726387858,51260308686528340165261,0,55908808134456519,1.3212247369044636
2025-05-16 21:38:50+00:00,13496323,67726374686,51260318686528340165261,0,55908808134456519,1.3212242221935129
2025-05-16 21:38:52+00:00,13496325,67726374687,51260318686528340165260,0,55908808134456519,1.321224222213021
2025-05-16 21:38:59+00:00,13496332,67726361515,51260328686528340165260,0,55908808134456519,1.3212237075022712
2025-05-16 21:39:36+00:00,13496369,67726348343,51260338686528340165260,0,55908808134456519,1.321223192791722
2025-05-16 21:39:38+00:00,13496371,67726348344,51260338685773736397006,0,55908808134456519,1.3212231928306801
2025-05-16 21:39:45+00:00,13496378,67726335172,51260348685773736397006,0,55908808134456519,1.3212226781203316
2025-05-16 21:39:54+00:00,13496387,67726322000,51260358685773736397006,0,55908808134456519,1.3212221634101842
2025-05-16 21:39:55+00:00,13496388,67726321999,51260358686773736397006,0,55908808134456519,1.321222163364901
2025-05-16 21:40:00+00:00,13496393,67726321998,51260358687773736397006,0,55908808134456519,1.3212221633196182
2025-05-16 21:40:05+00:00,13496398,67726322011,51260358697773736397006,0,55908808145188158,1.3212221633154781
2025-05-16 21:40:10+00:00,13496403,67726322010,51260358696979802777604,0,55908808144322228,1.3212221633164334
2025-05-16 21:40:16+00:00,13496409,67726308838,51260368696979802777604,0,55908808144322228,1.3212216486064867
2025-05-16 21:40:23+00:00,13496416,67726308839,51260368696225198127403,0,55908808144322228,1.3212216486454447
2025-05-16 21:40:25+00:00,13496418,67726295667,51260378696225198127403,0,55908808144322228,1.321221133935699
2025-05-16 21:41:09+00:00,13496462,67726295668,51260378695470593183252,0,55908808144322228,1.321221133974657
2025-05-16 21:41:23+00:00,13496476,67726395668,51260303235087264512103,0,55908808144322228,1.3212250297739525
2025-05-16 21:41:37+00:00,13496490,67726405668,51260310803820655606649,0,55908816399420936,1.3212250297739525
2025-05-16 21:41:55+00:00,13496508,67726405669,51260310803066052887568,0,55908816399420936,1.3212250298129105
2025-05-16 21:41:56+00:00,13496509,67726405670,51260310802311450168510,0,55908816399420936,1.3212250298518684
2025-05-16 21:42:01+00:00,13496514,67726405671,51260310801556847449474,0,55908816399420936,1.3212250298908264
2025-05-16 21:42:07+00:00,13496520,67726405735,51260310850394876949522,0,55908816452253567,1.3212250298805646
2025-05-16 21:42:16+00:00,13496529,67726405736,51260310850394876949521,0,55908816452253567,1.321225029900073
2025-05-16 21:42:33+00:00,13496546,67726392564,51260320850394876949521,0,55908816452253567,1.3212245151890867
2025-05-16 21:42:40+00:00,13496553,67726392565,51260320849640273936541,0,55908816452253567,1.3212245152280446
2025-05-16 21:42:47+00:00,13496560,67726402565,51260328418376612645780,0,55908824707353880,1.3212245152280446
2025-05-16 21:43:19+00:00,13496592,67726402564,51260328419376612645780,0,55908824707353880,1.3212245151827615
2025-05-16 21:43:21+00:00,13496594,67726389392,51260338419376612645780,0,55908824707353880,1.3212240004720521
2025-05-16 21:43:24+00:00,13496597,67726389391,51260338420376612645780,0,55908824707353880,1.3212240004267692
2025-05-16 21:43:26+00:00,13496599,67726389392,51260338419622009338799,0,55908824707353880,1.3212240004657272
2025-05-16 21:43:29+00:00,13496602,67726389405,51260338429622009338799,0,55908824718085512,1.3212240004615867
2025-05-16 21:43:34+00:00,13496607,67726389404,51260338428828076268659,0,55908824717219582,1.321224000462542
2025-05-16 21:43:40+00:00,13496613,67726399404,51260345997567363852854,0,55908832972321501,1.321224000462542
2025-05-16 21:43:49+00:00,13496622,67726386232,51260355997567363852854,0,55908832972321501,1.3212234857521095
2025-05-16 21:44:09+00:00,13496642,67726396232,51260363566309599998828,0,55908841227425026,1.3212234857521095
2025-05-16 21:44:11+00:00,13496644,67726396233,51260363565554996397896,0,55908841227425026,1.3212234857910674
2025-05-16 21:44:35+00:00,13496668,67726356234,51260333290594886380736,0,55908808207020561,1.321223485810348
2025-05-16 21:44:55+00:00,13496688,67726356235,51260333289840282779837,0,55908808207020561,1.321223485849306
2025-05-16 21:45:00+00:00,13496693,67726366235,51260340858582518369012,0,55908816462124085,1.321223485849306
2025-05-16 21:45:16+00:00,13496709,67726356236,51260333289840283415805,0,55908808207020561,1.321223485868814
2025-05-16 21:45:24+00:00,13496717,67726356237,51260333289085679814940,0,55908808207020561,1.3212234859077723
2025-05-16 21:45:29+00:00,13496722,67726356238,51260333288331076214097,0,55908808207020561,1.3212234859467302
2025-05-16 21:45:31+00:00,13496724,67726343066,51260343288331076214097,0,55908808207020561,1.3212229712362704
2025-05-16 21:45:40+00:00,13496733,67726342999,51260343237457376003514,0,55908808151533458,1.3212229712404746
2025-05-16 21:45:42+00:00,13496735,67726343000,51260343236702772108724,0,55908808151533458,1.3212229712794326
2025-05-16 21:45:45+00:00,13496738,67726343001,51260343236702772108723,0,55908808151533458,1.3212229712989407
2025-05-16 21:46:07+00:00,13496760,67726329829,51260353236702772108723,0,55908808151533458,1.3212224565886814
2025-05-16 21:46:27+00:00,13496780,67726339829,51260360805450903910396,0,55908816406640193,1.3212224565886814
2025-05-16 21:46:28+00:00,13496781,67726339830,51260360804696299721667,0,55908816406640193,1.3212224566276394
2025-05-16 21:46:48+00:00,13496801,67726339829,51260360805696299721667,0,55908816406640193,1.3212224565823563
2025-05-16 21:46:53+00:00,13496806,67726339828,51260360806696299721667,0,55908816406640193,1.3212224565370734
2025-05-16 21:46:55+00:00,13496808,67726326656,51260370806696299721667,0,55908816406640193,1.3212219418270907
2025-05-16 21:47:02+00:00,13496815,67726326655,51260370805902366032036,0,55908816405774263,1.321221941828046
2025-05-16 21:47:12+00:00,13496825,67726326656,51260370805147761549306,0,55908816405774263,1.321221941867004
2025-05-16 21:47:24+00:00,13496837,67726313484,51260380805147761549306,0,55908816405774263,1.321221427157222
2025-05-16 21:47:33+00:00,13496846,67726300312,51260390805147761549306,0,55908816405774263,1.321220912447641
2025-05-16 21:47:42+00:00,13496855,67726287140,51260400805147761549306,0,55908816405774263,1.321220397738261
2025-05-16 21:47:52+00:00,13496865,67726277141,51260393236393723650004,0,55908808150667528,1.3212203977576176
2025-05-16 21:47:57+00:00,13496870,67726277142,51260393235639118285391,0,55908808150667528,1.3212203977965755
2025-05-16 21:48:07+00:00,13496880,67726287142,51260400804399044091253,0,55908816405780684,1.3212203977965755
2025-05-16 21:48:17+00:00,13496890,67726277143,51260393235639119163297,0,55908808150667528,1.3212203978160837
2025-05-16 21:48:29+00:00,13496902,67726263971,51260403235639119163297,0,55908808150667528,1.3212198831068283
2025-05-16 21:48:43+00:00,13496916,67726263972,51260403234884513504744,0,55908808150667528,1.3212198831457862
2025-05-16 21:48:49+00:00,13496922,67726263973,51260403234129907846214,0,55908808150667528,1.3212198831847441
2025-05-16 21:48:53+00:00,13496926,67726263974,51260403233375302187706,0,55908808150667528,1.321219883223702
2025-05-16 21:49:00+00:00,13496933,67726264038,51260403282213331687754,0,55908808203500262,1.3212198832134452
2025-05-16 21:49:05+00:00,13496938,67726263971,51260403231339571932603,0,55908808148013159,1.3212198832176476
2025-05-16 21:49:08+00:00,13496941,67726363971,51260327770884807359018,0,55908808148013159,1.3212237790150785
2025-05-16 21:49:10+00:00,13496943,67726363972,51260327770884807359017,0,55908808148013159,1.3212237790345867
2025-05-16 21:49:28+00:00,13496961,67726363973,51260327770130203925590,0,55908808148013159,1.3212237790735448
2025-05-16 21:49:47+00:00,13496980,67726373973,51260335338870759754897,0,55908816403115731,1.3212237790735448
2025-05-16 21:49:58+00:00,13496991,67726363974,51260327770130204662189,0,55908808148013159,1.321223779093053
2025-05-16 21:50:11+00:00,13497004,67726363973,51260327771130204662189,0,55908808148013159,1.3212237790477699
2025-05-16 21:50:12+00:00,13497005,67726373973,51260335339870760639150,0,55908816403115731,1.3212237790477699
2025-05-16 21:50:14+00:00,13497007,67726373974,51260335339116157205731,0,55908816403115731,1.321223779086728
2025-05-16 21:50:21+00:00,13497014,67726373987,51260335349116157205731,0,55908816413847364,1.3212237790825876
2025-05-16 21:50:21+00:00,13497014,67726360815,51260345349116157205731,0,55908816413847364,1.3212232643720914
2025-05-16 21:50:26+00:00,13497019,67726360814,51260345348322223910496,0,55908816412981434,1.3212232643730466
2025-05-16 21:50:51+00:00,13497044,67726350815,51260337779580192228175,0,55908808157878862,1.3212232643925168
2025-05-16 21:50:59+00:00,13497052,67726350816,51260337778825588500816,0,55908808157878862,1.3212232644314748
2025-05-16 21:51:00+00:00,13497053,67726337644,51260347778825588500816,0,55908808157878862,1.3212227497211033
2025-05-16 21:51:44+00:00,13497097,67726337645,51260347778070984479507,0,55908808157878862,1.3212227497600615
2025-05-16 21:52:02+00:00,13497115,67726324473,51260357778070984479507,0,55908808157878862,1.3212222350498908
2025-05-16 21:52:12+00:00,13497125,67726324474,51260357777316380164248,0,55908808157878862,1.3212222350888487
2025-05-16 21:52:17+00:00,13497130,67726311303,51260367776561775849011,0,55908808157878862,1.321221720417837
2025-05-16 21:52:17+00:00,13497130,67726324475,51260357776561775849011,0,55908808157878862,1.3212222351278067
2025-05-16 21:52:23+00:00,13497136,67726311367,51260367825399805349059,0,55908808210711559,1.3212217204075782
2025-05-16 21:52:28+00:00,13497141,67726311300,51260367774526080789842,0,55908808155224456,1.3212217204117818
2025-05-16 21:52:29+00:00,13497142,67726311301,51260367773771476180652,0,55908808155224456,1.3212217204507397
2025-05-16 21:53:15+00:00,13497188,67726311302,51260367773016871571484,0,55908808155224456,1.3212217204896977
2025-05-16 21:53:37+00:00,13497210,67726311301,51260367774016871571484,0,55908808155224456,1.3212217204444145
2025-05-16 21:53:46+00:00,13497219,67726311314,51260367784016871571484,0,55908808165956097,1.3212217204402747
2025-05-16 21:53:51+00:00,13497224,67726311313,51260367783222937811647,0,55908808165090167,1.3212217204412298
2025-05-16 21:53:59+00:00,13497232,67726311314,51260367782468333202474,0,55908808165090167,1.3212217204801877
2025-05-16 21:54:09+00:00,13497242,67726298142,51260377782468333202474,0,55908808165090167,1.321221205770419
2025-05-16 21:54:35+00:00,13497268,67726308142,51260385351223630441961,0,55908816420200766,1.321221205770419
2025-05-16 21:54:44+00:00,13497277,67726308143,51260385350469025538838,0,55908816420200766,1.3212212058093769
2025-05-16 21:55:09+00:00,13497302,67726298144,51260377781713728787707,0,55908808165090167,1.321221205828885
2025-05-16 21:55:31+00:00,13497324,67726298145,51260377780959123884617,0,55908808165090167,1.321221205867843
2025-05-16 21:55:37+00:00,13497330,67726298146,51260377780204518981549,0,55908808165090167,1.321221205906801
2025-05-16 21:55:47+00:00,13497340,67726298210,51260377829042548481597,0,55908808217922874,1.3212212058965427
2025-05-16 21:55:49+00:00,13497342,67726285038,51260387829042548481597,0,55908808217922874,1.321220691186975
2025-05-16 21:55:52+00:00,13497345,67726284971,51260387778168804076181,0,55908808162435771,1.321220691191178
2025-05-16 21:55:57+00:00,13497350,67726284972,51260387778168804076180,0,55908808162435771,1.3212206912106863
2025-05-16 21:55:58+00:00,13497351,67726271800,51260397778168804076180,0,55908808162435771,1.321220176501319
2025-05-16 21:56:12+00:00,13497365,67726281800,51260405346929997597067,0,55908816417549580,1.321220176501319
2025-05-16 21:56:21+00:00,13497374,67726268628,51260415346929997597067,0,55908816417549580,1.3212196617922283
2025-05-16 21:56:35+00:00,13497388,67726278628,51260422915694139689114,0,55908824672664995,1.3212196617922283
2025-05-16 21:56:58+00:00,13497411,67726278627,51260422916694139689114,0,55908824672664995,1.3212196617469454
2025-05-16 21:57:00+00:00,13497413,67726278628,51260422915939533904133,0,55908832927780410,1.3212196617859033
2025-05-16 21:57:00+00:00,13497413,67726288628,51260430484703676032413,0,55908832927780410,1.3212196617859033
2025-05-16 21:57:02+00:00,13497415,67726288627,51260430485703676032413,0,55908832927780410,1.3212196617406204
2025-05-16 21:57:07+00:00,13497420,67726288640,51260430495703676032413,0,55908832938512060,1.3212196617364809
2025-05-16 21:57:12+00:00,13497425,67726288639,51260430494909741653065,0,55908832937646130,1.321219661737436
2025-05-16 21:57:14+00:00,13497427,67726298639,51260438063673884058996,0,55908841192761545,1.321219661737436
2025-05-16 21:57:33+00:00,13497446,67726258640,51260407788618788636464,0,55908808172301491,1.3212196617569063
2025-05-16 21:57:45+00:00,13497458,67726258641,51260407787864182851489,0,55908808172301491,1.3212196617958643
2025-05-16 21:58:20+00:00,13497493,67726245469,51260417787864182851489,0,55908808172301491,1.3212191470868986
2025-05-16 21:58:31+00:00,13497504,67726245470,51260417787109576772563,0,55908808172301491,1.3212191471258565
2025-05-16 21:58:48+00:00,13497521,67726255470,51260425355876667193347,0,55908816427418511,1.3212191471258565
2025-05-16 21:58:57+00:00,13497530,67726242298,51260435355876667193347,0,55908816427418511,1.3212186324171677
2025-05-16 21:59:00+00:00,13497533,67726242299,51260435355122060820471,0,55908816427418511,1.3212186324561257
2025-05-16 21:59:10+00:00,13497543,67726242363,51260435403960090320519,0,55908816480251270,1.32121863244587
2025-05-16 21:59:15+00:00,13497548,67726242296,51260435353086306217272,0,55908816424764167,1.3212186324500717
2025-05-16 21:59:16+00:00,13497549,67726242297,51260435352331699844415,0,55908816424764167,1.3212186324890296
2025-05-16 21:59:17+00:00,13497550,67726252297,51260442921101738426982,0,55908824679882792,1.3212186324890296
2025-05-16 21:59:42+00:00,13497575,67726239125,51260452921101738426982,0,55908824679882792,1.3212181177806177
2025-05-16 22:00:01+00:00,13497594,67726239126,51260452920347131760174,0,55908824679882792,1.3212181178195754
2025-05-16 22:00:03+00:00,13497596,67726225954,51260462920347131760174,0,55908824679882792,1.3212176031113643
2025-05-16 22:00:19+00:00,13497612,67726212782,51260472920347131760174,0,55908824679882792,1.3212170884033538
2025-05-16 22:00:24+00:00,13497617,67726212781,51260472921347131760174,0,55908824679882792,1.321217088358071
2025-05-16 22:00:30+00:00,13497623,67726212780,51260472922347131760174,0,55908824679882792,1.3212170883127883
2025-05-16 22:00:35+00:00,13497628,67726192794,51260457794799668179359,0,55908808180378807,1.3212170883278918
2025-05-16 22:00:35+00:00,13497628,67726212793,51260472932347131760174,0,55908808180378807,1.3212170883086491
2025-05-16 22:00:45+00:00,13497638,67726179622,51260467794799668179359,0,55908808180378807,1.3212165736199302
2025-05-16 22:00:48+00:00,13497641,67726179623,51260467794045060630611,0,55908808180378807,1.3212165736588881
2025-05-16 22:01:01+00:00,13497654,67726166451,51260477794045060630611,0,55908808180378807,1.3212160589511275
2025-05-16 22:01:16+00:00,13497669,67726176451,51260485362829842083154,0,55908816435505460,1.3212160589511275
2025-05-16 22:01:33+00:00,13497686,67726176452,51260485362075234240455,0,55908816435505460,1.3212160589900854
2025-05-16 22:01:34+00:00,13497687,67726276452,51260409901402051370065,0,55908816435505460,1.3212199547812742
2025-05-16 22:01:44+00:00,13497697,67726263280,51260419901402051370065,0,55908816435505460,1.3212194400722725
2025-05-16 22:01:54+00:00,13497707,67726250108,51260429901402051370065,0,55908816435505460,1.3212189253634719
2025-05-16 22:02:18+00:00,13497731,67726250109,51260429900647445164503,0,55908816435505460,1.3212189254024298
2025-05-16 22:02:22+00:00,13497735,67726260109,51260437469415805755539,0,55908824690623135,1.3212189254024298
2025-05-16 22:02:27+00:00,13497740,67726260110,51260437468661199550000,0,55908824690623135,1.3212189254413877
2025-05-16 22:02:32+00:00,13497745,67726260111,51260437467906593344483,0,55908824690623135,1.3212189254803457
2025-05-16 22:02:38+00:00,13497751,67726260175,51260437516744622844531,0,55908824743455888,1.3212189254700897
2025-05-16 22:02:43+00:00,13497756,67726260108,51260437465870844163473,0,55908824687968785,1.3212189254742916
2025-05-16 22:02:48+00:00,13497761,67726260109,51260437465870844163472,0,55908824687968785,1.3212189254937998
2025-05-16 22:02:51+00:00,13497764,67726240109,51260422328325892269396,0,55908808177724457,1.321218925494012
2025-05-16 22:03:03+00:00,13497776,67726240110,51260422327571286063909,0,55908808177724457,1.32121892553297
2025-05-16 22:03:24+00:00,13497797,67726226938,51260432327571286063909,0,55908808177724457,1.321218410824294
2025-05-16 22:03:48+00:00,13497821,67726226939,51260432326816679564471,0,55908808177724457,1.3212184108632519
2025-05-16 22:03:51+00:00,13497824,67726226938,51260432327816679564471,0,55908808177724457,1.321218410817969
2025-05-16 22:03:56+00:00,13497829,67726226937,51260432328816679564471,0,55908808177724457,1.3212184107726863
2025-05-16 22:04:01+00:00,13497834,67726226950,51260432338816679564471,0,55908808188456112,1.321218410768547
2025-05-16 22:04:06+00:00,13497839,67726226949,51260432338022744805112,0,55908808187590182,1.321218410769502
2025-05-16 22:04:32+00:00,13497865,67726226950,51260432337268138305643,0,55908808187590182,1.32121841080846
2025-05-16 22:05:18+00:00,13497911,67726226951,51260432336513531806196,0,55908808187590182,1.3212184108474179
2025-05-16 22:05:40+00:00,13497933,67726213779,51260442336513531806196,0,55908808187590182,1.3212178961389427
2025-05-16 22:05:49+00:00,13497942,67726200607,51260452336513531806196,0,55908808187590182,1.3212173814306685
2025-05-16 22:05:56+00:00,13497949,67726200608,51260452335758924718826,0,55908808187590182,1.3212173814696264
2025-05-16 22:06:03+00:00,13497956,67726200609,51260452335004317631478,0,55908808187590182,1.3212173815085844
2025-05-16 22:06:06+00:00,13497959,67726200673,51260452383842347131526,0,55908808240422965,1.3212173814983297
2025-05-16 22:06:07+00:00,13497960,67726187501,51260462383842347131526,0,55908808240422965,1.3212168667902566
2025-05-16 22:06:16+00:00,13497969,67726187502,51260462383842347131525,0,55908808240422965,1.321216866809765
2025-05-16 22:06:16+00:00,13497969,67726174330,51260472383842347131525,0,55908808240422965,1.3212163521018927
2025-05-16 22:06:48+00:00,13498001,67726174331,51260472383087739456258,0,55908808240422965,1.3212163521408506
2025-05-16 22:07:17+00:00,13498030,67726161159,51260482383087739456258,0,55908808240422965,1.3212158374331793
2025-05-16 22:07:18+00:00,13498031,67726161158,51260482384087739456258,0,55908808240422965,1.3212158373878966
2025-05-16 22:07:23+00:00,13498036,67726161157,51260482385087739456258,0,55908808240422965,1.3212158373426137
2025-05-16 22:07:28+00:00,13498041,67726161170,51260482395087739456258,0,55908808251154630,1.321215837338475
2025-05-16 22:07:32+00:00,13498045,67726161171,51260482394333131486985,0,55908808251154630,1.3212158373774328
2025-05-16 22:07:33+00:00,13498046,67726161170,51260482393539195953244,0,55908808250288700,1.321215837378388
2025-05-16 22:07:49+00:00,13498062,67726171170,51260489962325246718742,0,55908816505416007,1.321215837378388
2025-05-16 22:07:58+00:00,13498071,67726157998,51260499962325246718742,0,55908816505416007,1.3212153226709935
2025-05-16 22:08:18+00:00,13498091,67726167999,51260507530359637578652,0,55908824760544919,1.3212153227099515
2025-05-16 22:08:18+00:00,13498091,67726157999,51260499961570638455519,0,55908824760544919,1.3212153227099515
2025-05-16 22:08:37+00:00,13498110,67726154827,51260517530359637578652,0,55908824760544919,1.3212148080028336
2025-05-16 22:09:03+00:00,13498136,67726154828,51260517529605029021477,0,55908824760544919,1.3212148080417916
2025-05-16 22:09:08+00:00,13498141,67726164828,51260525098396976502955,0,55908833015675437,1.3212148080417916
2025-05-16 22:09:19+00:00,13498152,67726164829,51260525097642367945803,0,55908833015675437,1.3212148080807493
2025-05-16 22:09:24+00:00,13498157,67726164830,51260525096887759388673,0,55908833015675437,1.3212148081197073
2025-05-16 22:09:30+00:00,13498163,67726164894,51260525145725788888721,0,55908833068508272,1.3212148081094552
2025-05-16 22:09:34+00:00,13498167,67726164827,51260525094851930814995,0,55908833013021169,1.3212148081136552
2025-05-16 22:09:39+00:00,13498172,67726164828,51260525094851930814994,0,55908833013021169,1.3212148081331634
2025-05-16 22:09:44+00:00,13498177,67726134829,51260502388480506105805,0,55908808247634432,1.3212148081525577
2025-05-16 22:09:48+00:00,13498181,67726134830,51260502387725897548716,0,55908808247634432,1.3212148081915156
2025-05-16 22:10:02+00:00,13498195,67726121658,51260512387725897548716,0,55908808247634432,1.3212142934844466
2025-05-16 22:10:12+00:00,13498205,67726108486,51260522387725897548716,0,55908808247634432,1.3212137787775786
2025-05-16 22:10:21+00:00,13498214,67726095314,51260532387725897548716,0,55908808247634432,1.3212132640709113
2025-05-16 22:10:34+00:00,13498227,67726095315,51260532386971288109728,0,55908808247634432,1.3212132641098693
2025-05-16 22:10:42+00:00,13498235,67726095314,51260532387971288109728,0,55908808247634432,1.3212132640645866
2025-05-16 22:10:51+00:00,13498244,67726095327,51260532397971288109728,0,55908808258366107,1.3212132640604481
2025-05-16 22:10:54+00:00,13498247,67726082155,51260542397971288109728,0,55908808258366107,1.3212127493539818
2025-05-16 22:10:56+00:00,13498249,67726082154,51260542397177351646738,0,55908808257500177,1.321212749354937
2025-05-16 22:11:10+00:00,13498263,67726182154,51260466936315140103973,0,55908808257500177,1.3212166451417913
2025-05-16 22:11:20+00:00,13498273,67726182155,51260466935560532596074,0,55908808257500177,1.321216645180749
2025-05-16 22:11:24+00:00,13498277,67726168983,51260476935560532596074,0,55908808257500177,1.321216130472966
2025-05-16 22:11:33+00:00,13498286,67726155811,51260486935560532596074,0,55908808257500177,1.3212156157653834
2025-05-16 22:12:05+00:00,13498318,67726155812,51260486934805924500251,0,55908808257500177,1.3212156158043413
2025-05-16 22:12:23+00:00,13498336,67726165812,51260494503593244586618,0,55908816512628138,1.3212156158043413
2025-05-16 22:12:42+00:00,13498355,67726165813,51260494502838636490817,0,55908816512628138,1.321215615843299
2025-05-16 22:12:44+00:00,13498357,67726175813,51260502071625956354008,0,55908824767756099,1.321215615843299
2025-05-16 22:12:47+00:00,13498360,67726175814,51260502070871348258229,0,55908824767756099,1.321215615882257
2025-05-16 22:12:50+00:00,13498363,67726175815,51260502070116740162472,0,55908824767756099,1.321215615921215
2025-05-16 22:12:53+00:00,13498366,67726175879,51260502118954769662520,0,55908824820588917,1.321215615910962
2025-05-16 22:13:02+00:00,13498375,67726175880,51260502118954769662519,0,55908824820588917,1.3212156159304702
2025-05-16 22:13:33+00:00,13498406,67726155881,51260486981380131132463,0,55908808310332995,1.3212156159499784
2025-05-16 22:13:35+00:00,13498408,67726155882,51260486980625523036745,0,55908808310332995,1.3212156159889363
2025-05-16 22:14:04+00:00,13498437,67726155881,51260486981625523036745,0,55908808310332995,1.3212156159436537
2025-05-16 22:14:09+00:00,13498442,67726155880,51260486982625523036745,0,55908808310332995,1.3212156158983708
2025-05-16 22:14:14+00:00,13498447,67726155893,51260486992625523036745,0,55908808321064661,1.321215615894232
2025-05-16 22:14:19+00:00,13498452,67726155892,51260486991831587432777,0,55908808320198731,1.321215615895187
2025-05-16 22:14:20+00:00,13498453,67726155893,51260486991076979337028,0,55908808320198731,1.321215615934145
2025-05-16 22:15:05+00:00,13498498,67726155894,51260486990322371241301,0,55908808320198731,1.321215615973103
2025-05-16 22:15:51+00:00,13498544,67726155895,51260486989567763145596,0,55908808320198731,1.3212156160120607
2025-05-16 22:15:56+00:00,13498549,67726142723,51260496989567763145596,0,55908808320198731,1.3212151013046798
2025-05-16 22:16:08+00:00,13498561,67726142724,51260496988813154755940,0,55908808320198731,1.3212151013436375
2025-05-16 22:16:13+00:00,13498566,67726142725,51260496988058546366306,0,55908808320198731,1.3212151013825955
2025-05-16 22:16:18+00:00,13498571,67726129553,51260506988058546366306,0,55908808320198731,1.321214586675415
2025-05-16 22:16:19+00:00,13498572,67726129617,51260507036896575866354,0,55908808373031570,1.3212145866651632
2025-05-16 22:16:24+00:00,13498577,67726129550,51260506986022713293378,0,55908808317544467,1.3212145866693632
2025-05-16 22:16:29+00:00,13498582,67726129551,51260506986022713293377,0,55908808317544467,1.3212145866888714
2025-05-16 22:16:37+00:00,13498590,67726129552,51260506985268104609800,0,55908808317544467,1.321214586727829
2025-05-16 22:17:00+00:00,13498613,67726116380,51260516985268104609800,0,55908808317544467,1.3212140720208496
2025-05-16 22:17:21+00:00,13498634,67726116381,51260516984513495632271,0,55908808317544467,1.3212140720598076
2025-05-16 22:17:32+00:00,13498645,67726116380,51260516985513495632271,0,55908808317544467,1.321214072014525
2025-05-16 22:17:33+00:00,13498646,67726103208,51260526985513495632271,0,55908808317544467,1.3212135573077461
2025-05-16 22:17:42+00:00,13498655,67726103221,51260526995513495632271,0,55908808328276141,1.3212135573036077
2025-05-16 22:17:47+00:00,13498660,67726103220,51260526994719559408831,0,55908808327410211,1.321213557304563
2025-05-16 22:17:48+00:00,13498661,67726113220,51260534563518671946869,0,55908816582544593,1.321213557304563
2025-05-16 22:17:58+00:00,13498671,67726103221,51260526994719559731019,0,55908808327410211,1.321213557324071
2025-05-16 22:18:07+00:00,13498680,67726103222,51260526993964950459522,0,55908808327410211,1.3212135573630288
2025-05-16 22:18:13+00:00,13498686,67726113222,51260534562764062662627,0,55908816582544593,1.3212135573630288
2025-05-16 22:18:42+00:00,13498715,67726100050,51260544562764062662627,0,55908816582544593,1.321213042656527
2025-05-16 22:18:50+00:00,13498723,67726100051,51260544562009453097178,0,55908816582544593,1.321213042695485
2025-05-16 22:19:07+00:00,13498740,67726090052,51260536993208864568824,0,55908808327410211,1.321213042714955
2025-05-16 22:19:17+00:00,13498750,67726076880,51260546993208864568824,0,55908808327410211,1.321212528008578
2025-05-16 22:19:35+00:00,13498768,67726076881,51260546992454254709434,0,55908808327410211,1.321212528047536
2025-05-16 22:19:38+00:00,13498771,67726076882,51260546991699644850066,0,55908808327410211,1.3212125280864937
2025-05-16 22:19:43+00:00,13498776,67726076883,51260546990945034990721,0,55908808327410211,1.3212125281254516
2025-05-16 22:19:49+00:00,13498782,67726076947,51260547039783064490769,0,55908808380243091,1.3212125281152016
2025-05-16 22:19:54+00:00,13498787,67726076880,51260546988909162223199,0,55908808324755988,1.3212125281194005
2025-05-16 22:19:58+00:00,13498791,67726076881,51260546988909162223198,0,55908808324755988,1.3212125281389087
2025-05-16 22:20:20+00:00,13498813,67726076882,51260546988154552363883,0,55908808324755988,1.3212125281778666
2025-05-16 22:20:48+00:00,13498841,67726063710,51260556988154552363883,0,55908808324755988,1.3212120134716903
2025-05-16 22:21:03+00:00,13498856,67726063709,51260556989154552363883,0,55908808324755988,1.3212120134264076
2025-05-16 22:21:05+00:00,13498858,67726063710,51260556988399942210590,0,55908808324755988,1.3212120134653655
2025-05-16 22:21:08+00:00,13498861,67726063709,51260556989399942210590,0,55908808324755988,1.3212120134200829
2025-05-16 22:21:10+00:00,13498863,67726050537,51260566989399942210590,0,55908808324755988,1.3212114987141075
2025-05-16 22:21:13+00:00,13498866,67726050550,51260566999399942210590,0,55908808335487671,1.3212114987099695
2025-05-16 22:21:18+00:00,13498871,67726050549,51260566998606005367662,0,55908808334621741,1.3212114987109245
2025-05-16 22:21:45+00:00,13498898,67726037377,51260576998606005367662,0,55908808334621741,1.32121098400515
2025-05-16 22:21:50+00:00,13498903,67726037378,51260576997851394626414,0,55908808334621741,1.3212109840441078
2025-05-16 22:22:20+00:00,13498933,67726024206,51260586997851394626414,0,55908808334621741,1.321210469338534
2025-05-16 22:22:29+00:00,13498942,67726011034,51260596997851394626414,0,55908808334621741,1.3212099546331613
2025-05-16 22:22:36+00:00,13498949,67726011035,51260596997096783297239,0,55908808334621741,1.321209954672119
2025-05-16 22:22:44+00:00,13498957,67725997863,51260606997096783297239,0,55908808334621741,1.321209439966947
2025-05-16 22:22:53+00:00,13498966,67726097863,51260531536045556235130,0,55908808334621741,1.3212133357488915
2025-05-16 22:23:03+00:00,13498976,67726084691,51260541536045556235130,0,55908808334621741,1.3212128210424026
2025-05-16 22:23:08+00:00,13498981,67726084692,51260541535290946543106,0,55908808334621741,1.3212128210813603
2025-05-16 22:23:13+00:00,13498986,67726084693,51260541534536336851104,0,55908808334621741,1.3212128211203182
2025-05-16 22:23:19+00:00,13498992,67726084757,51260541583374366351152,0,55908808387454615,1.321212821110068
2025-05-16 22:23:22+00:00,13498995,67726084758,51260541582619756659167,0,55908808387454615,1.321212821149026
2025-05-16 22:23:24+00:00,13498997,67726084691,51260541531745859814161,0,55908808331967512,1.3212128211532248
2025-05-16 22:23:29+00:00,13499002,67726084692,51260541531745859814160,0,55908808331967512,1.321212821172733
2025-05-16 22:23:58+00:00,13499031,67726094692,51260549100549189412349,0,55908816587104153,1.321212821172733
2025-05-16 22:24:07+00:00,13499040,67726081520,51260559100549189412349,0,55908816587104153,1.3212123064665209
2025-05-16 22:24:08+00:00,13499041,67726081521,51260559099794579426425,0,55908816587104153,1.3212123065054786
2025-05-16 22:24:33+00:00,13499066,67726081520,51260559100794579426425,0,55908816587104153,1.3212123064601962
2025-05-16 22:24:42+00:00,13499075,67726081533,51260559110794579426425,0,55908816597835832,1.321212306456058
2025-05-16 22:24:47+00:00,13499080,67726081532,51260559110000642823007,0,55908816596969902,1.321212306457013
2025-05-16 22:24:53+00:00,13499086,67726081533,51260559109246032837078,0,55908816596969902,1.3212123064959709
2025-05-16 22:25:00+00:00,13499093,67726071534,51260551540441227123887,0,55908808341833261,1.321212306515441
2025-05-16 22:25:09+00:00,13499102,67726058362,51260561540441227123887,0,55908808341833261,1.3212117918093538
2025-05-16 22:25:27+00:00,13499120,67726045190,51260571540441227123887,0,55908808341833261,1.3212112771034672
2025-05-16 22:25:39+00:00,13499132,67726045191,51260571539686616550043,0,55908808341833261,1.3212112771424251
2025-05-16 22:26:24+00:00,13499177,67726045192,51260571538932005976221,0,55908808341833261,1.3212112771813829
2025-05-16 22:26:38+00:00,13499191,67726032020,51260581538932005976221,0,55908808341833261,1.3212107624756972
2025-05-16 22:26:46+00:00,13499199,67726032021,51260581538177395108447,0,55908808341833261,1.321210762514655
2025-05-16 22:26:52+00:00,13499205,67726032085,51260581587015424608495,0,55908808394666176,1.3212107625044067
2025-05-16 22:26:57+00:00,13499210,67726032018,51260581536141488067398,0,55908808339179073,1.3212107625086047
2025-05-16 22:27:02+00:00,13499215,67726032019,51260581536141488067397,0,55908808339179073,1.3212107625281129
2025-05-16 22:27:08+00:00,13499221,67726032020,51260581535386877199653,0,55908808339179073,1.3212107625670706
2025-05-16 22:27:21+00:00,13499234,67726018848,51260591535386877199653,0,55908808339179073,1.3212102478615857
2025-05-16 22:27:36+00:00,13499249,67726005676,51260601535386877199653,0,55908808339179073,1.3212097331563015
2025-05-16 22:27:54+00:00,13499267,67726005677,51260601534632265743981,0,55908808339179073,1.3212097331952595
2025-05-16 22:28:08+00:00,13499281,67726005676,51260601535632265743981,0,55908808339179073,1.3212097331499768
2025-05-16 22:28:10+00:00,13499283,67726015676,51260609104453285672731,0,55908816594325346,1.3212097331499768
2025-05-16 22:28:13+00:00,13499286,67726015675,51260609105453285672731,0,55908816594325346,1.3212097331046944
2025-05-16 22:28:19+00:00,13499292,67726002516,51260619115453285672731,0,55908816605057036,1.3212092183955495
2025-05-16 22:28:19+00:00,13499292,67726015688,51260609115453285672731,0,55908816605057036,1.3212097331005568
2025-05-16 22:28:24+00:00,13499297,67726002515,51260619114659348140049,0,55908816604191106,1.3212092183965045
2025-05-16 22:28:39+00:00,13499312,67726002516,51260619113904736390371,0,55908816604191106,1.3212092184354625
2025-05-16 22:29:00+00:00,13499333,67725989344,51260629113904736390371,0,55908816604191106,1.321208703730656
2025-05-16 22:29:09+00:00,13499342,67725979345,51260621545080764008809,0,55908808349044833,1.3212087037500881
2025-05-16 22:29:23+00:00,13499356,67725966173,51260631545080764008809,0,55908808349044833,1.3212081890454066
2025-05-16 22:29:24+00:00,13499357,67725966174,51260631544326151671214,0,55908808349044833,1.3212081890843643
2025-05-16 22:29:50+00:00,13499383,67725976174,51260639113156017106948,0,55908816604195923,1.3212081890843643
2025-05-16 22:30:09+00:00,13499402,67725976175,51260639112401404769376,0,55908816604195923,1.321208189123322
2025-05-16 22:30:10+00:00,13499403,67725963003,51260649112401404769376,0,55908816604195923,1.3212076744189174
2025-05-16 22:30:17+00:00,13499410,67725963004,51260649111646792137851,0,55908816604195923,1.3212076744578751
2025-05-16 22:30:27+00:00,13499420,67725963068,51260649160484821637899,0,55908816657028900,1.3212076744476298
2025-05-16 22:30:32+00:00,13499425,67725963001,51260649109610825551325,0,55908816601541797,1.3212076744518264
2025-05-16 22:30:36+00:00,13499429,67725953002,51260641540779483847668,0,55908808346390707,1.3212076744712966
2025-05-16 22:30:37+00:00,13499430,67725953003,51260641540779483847667,0,55908808346390707,1.3212076744908046
2025-05-16 22:30:54+00:00,13499447,67725953004,51260641540024871216183,0,55908808346390707,1.3212076745297625
2025-05-16 22:31:23+00:00,13499476,67725963004,51260649108857684391560,0,55908816601543402,1.3212076745297625
2025-05-16 22:31:38+00:00,13499491,67725963003,51260649109857684391560,0,55908816601543402,1.32120767448448
2025-05-16 22:31:40+00:00,13499493,67725963004,51260649109103071760072,0,55908816601543402,1.3212076745234378
2025-05-16 22:31:43+00:00,13499496,67725963003,51260649110103071760072,0,55908816601543402,1.3212076744781553
2025-05-16 22:31:47+00:00,13499500,67725963016,51260649120103071760072,0,55908816612275100,1.321207674474018
2025-05-16 22:31:52+00:00,13499505,67725963015,51260649119309133762772,0,55908816611409170,1.3212076744749732
2025-05-16 22:32:04+00:00,13499517,67725973015,51260656688141947252021,0,55908824866561865,1.3212076744749732
2025-05-16 22:32:13+00:00,13499526,67725959843,51260666688141947252021,0,55908824866561865,1.3212071597708452
2025-05-16 22:32:26+00:00,13499539,67725959844,51260666687387334326552,0,55908824866561865,1.321207159809803
2025-05-16 22:32:28+00:00,13499541,67725946672,51260676687387334326552,0,55908824866561865,1.3212066451058757
2025-05-16 22:32:44+00:00,13499557,67725926673,51260661549715801670284,0,55908808356256475,1.3212066451252322
2025-05-16 22:33:11+00:00,13499584,67725926674,51260661548961188450873,0,55908808356256475,1.32120664516419
2025-05-16 22:33:26+00:00,13499599,67725936674,51260669117799898581090,0,55908816611412380,1.32120664516419
2025-05-16 22:33:40+00:00,13499613,67725936675,51260669117045285361702,0,55908816611412380,1.3212066452031477
2025-05-16 22:33:46+00:00,13499619,67725936676,51260669116290672142336,0,55908816611412380,1.3212066452421054
2025-05-16 22:33:52+00:00,13499625,67725936740,51260669165128701642384,0,55908816664245377,1.3212066452318612
2025-05-16 22:33:56+00:00,13499629,67725936673,51260669114254685708626,0,55908816608758274,1.3212066452360571
2025-05-16 22:33:57+00:00,13499630,67725936674,51260669113500072489279,0,55908816608758274,1.3212066452750149
2025-05-16 22:34:04+00:00,13499637,67725923502,51260679113500072489279,0,55908816608758274,1.3212061305712124
2025-05-16 22:34:13+00:00,13499646,67725910330,51260689113500072489279,0,55908816608758274,1.3212056158676109
2025-05-16 22:34:34+00:00,13499667,67725900331,51260681544658410342752,0,55908808353602369,1.321205615887043
2025-05-16 22:34:42+00:00,13499675,67725900332,51260681543903796535487,0,55908808353602369,1.3212056159260008
2025-05-16 22:34:54+00:00,13499687,67725910332,51260689112748402899987,0,55908816608761485,1.3212056159260008
2025-05-16 22:35:06+00:00,13499699,67725910331,51260689113748402899987,0,55908816608761485,1.3212056158807184
2025-05-16 22:35:11+00:00,13499704,67725910330,51260689114748402899987,0,55908816608761485,1.3212056158354362
2025-05-16 22:35:12+00:00,13499705,67725897158,51260699114748402899987,0,55908816608761485,1.3212051011320354
2025-05-16 22:35:21+00:00,13499714,67725897157,51260699113954464128308,0,55908816607895555,1.3212051011329904
2025-05-16 22:35:26+00:00,13499719,67725907157,51260706682802019609715,0,55908824863056277,1.3212051011329904
2025-05-16 22:35:27+00:00,13499720,67725907158,51260706682047405508445,0,55908824863056277,1.3212051011719481
2025-05-16 22:35:36+00:00,13499729,67725893986,51260716682047405508445,0,55908824863056277,1.3212045864688242
2025-05-16 22:35:45+00:00,13499738,67725880814,51260726682047405508445,0,55908824863056277,1.321204071765901
2025-05-16 22:35:54+00:00,13499747,67725867642,51260736682047405508445,0,55908824863056277,1.3212035570631788
2025-05-16 22:36:05+00:00,13499758,67725847643,51260721544344908181504,0,55908808352736439,1.3212035570824212
2025-05-16 22:36:12+00:00,13499765,67725847644,51260721543590293198339,0,55908808352736439,1.321203557121379
2025-05-16 22:36:14+00:00,13499767,67725834472,51260731543590293198339,0,55908808352736439,1.3212030424187056
2025-05-16 22:36:34+00:00,13499787,67725934472,51260656082173667824246,0,55908808352736439,1.3212069381911846
2025-05-16 22:36:44+00:00,13499797,67725921300,51260666082173667824246,0,55908808352736439,1.3212064234871943
2025-05-16 22:36:57+00:00,13499810,67725921301,51260666081419054478246,0,55908808352736439,1.321206423526152
2025-05-16 22:37:09+00:00,13499822,67725921302,51260666080664441132268,0,55908808352736439,1.3212064235651098
2025-05-16 22:37:14+00:00,13499827,67725921303,51260666079909827786312,0,55908808352736439,1.3212064236040675
2025-05-16 22:37:20+00:00,13499833,67725921367,51260666128747857286360,0,55908808405569440,1.3212064235938235
2025-05-16 22:37:25+00:00,13499838,67725921300,51260666077873836851128,0,55908808350082337,1.3212064235980192
2025-05-16 22:37:29+00:00,13499842,67725921301,51260666077873836851127,0,55908808350082337,1.3212064236175274
2025-05-16 22:37:42+00:00,13499855,67725921302,51260666077119223505201,0,55908808350082337,1.321206423656485
2025-05-16 22:38:10+00:00,13499883,67725908130,51260676077119223505201,0,55908808350082337,1.3212059089526955
2025-05-16 22:38:19+00:00,13499892,67725894958,51260686077119223505201,0,55908808350082337,1.3212053942491067
2025-05-16 22:38:26+00:00,13499899,67725894959,51260686076364609571346,0,55908808350082337,1.3212053942880644
2025-05-16 22:38:32+00:00,13499905,67725894958,51260686077364609571346,0,55908808350082337,1.3212053942427822
2025-05-16 22:38:37+00:00,13499910,67725894957,51260686078364609571346,0,55908808350082337,1.3212053941974997
2025-05-16 22:38:42+00:00,13499915,67725904957,51260693647210486161186,0,55908816605242107,1.3212053941974997
2025-05-16 22:38:52+00:00,13499925,67725894958,51260686078364610445229,0,55908808350082337,1.321205394217008
2025-05-16 22:39:09+00:00,13499942,67725881786,51260696078364610445229,0,55908808350082337,1.3212048795136198
2025-05-16 22:39:11+00:00,13499944,67725881787,51260696077609996217380,0,55908808350082337,1.3212048795525775
2025-05-16 22:39:55+00:00,13499988,67725881788,51260696076855381989553,0,55908808350082337,1.3212048795915352
2025-05-16 22:40:15+00:00,13500008,67725868616,51260706076855381989553,0,55908808350082337,1.321204364888348
2025-05-16 22:40:32+00:00,13500025,67725868617,51260706076100767467772,0,55908808350082337,1.3212043649273058
2025-05-16 22:40:33+00:00,13500026,67725855445,51260716076100767467772,0,55908808350082337,1.3212038502243193
2025-05-16 22:40:41+00:00,13500034,67725855446,51260716075346152652038,0,55908808350082337,1.321203850263277
2025-05-16 22:40:42+00:00,13500035,67725855510,51260716124184182152086,0,55908808402915390,1.3212038502530354
2025-05-16 22:40:47+00:00,13500040,67725855443,51260716073310112096105,0,55908808347428287,1.32120385025723
2025-05-16 22:40:52+00:00,13500045,67725855444,51260716073310112096104,0,55908808347428287,1.3212038502767383
2025-05-16 22:41:13+00:00,13500066,67725842272,51260726073310112096104,0,55908808347428287,1.3212033355739525
2025-05-16 22:41:26+00:00,13500079,67725842273,51260726072555496986423,0,55908808347428287,1.3212033356129103
2025-05-16 22:41:43+00:00,13500096,67725829101,51260736072555496986423,0,55908808347428287,1.3212028209103255
2025-05-16 22:41:49+00:00,13500102,67725839101,51260728526402571400645,0,55908808347428287,1.3212032104872804
2025-05-16 22:41:54+00:00,13500107,67725839100,51260728527402571400645,0,55908808347428287,1.3212032104419982
2025-05-16 22:41:58+00:00,13500111,67725839099,51260728528402571400645,0,55908808347428287,1.321203210396716
2025-05-16 22:42:03+00:00,13500116,67725839112,51260728538402571400645,0,55908808358160003,1.3212032103925795
2025-05-16 22:42:08+00:00,13500121,67725839111,51260728537608632056081,0,55908808357294073,1.3212032103935345
2025-05-16 22:42:10+00:00,13500123,67725839112,51260728536854016874903,0,55908808357294073,1.3212032104324922
2025-05-16 22:42:27+00:00,13500140,67725825940,51260738536854016874903,0,55908808357294073,1.3212026957299565
2025-05-16 22:42:39+00:00,13500152,67725812768,51260748536854016874903,0,55908808357294073,1.3212021810276218
2025-05-16 22:42:54+00:00,13500167,67725799597,51260758536099401105794,0,55908808357294073,1.3212016663644455
2025-05-16 22:42:54+00:00,13500167,67725812769,51260748536099401105794,0,55908808357294073,1.3212021810665795
2025-05-16 22:43:12+00:00,13500185,67725786425,51260768536099401105794,0,55908808357294073,1.3212011516625122
2025-05-16 22:43:39+00:00,13500212,67725786426,51260768535344784748754,0,55908808357294073,1.32120115170147
2025-05-16 22:43:50+00:00,13500223,67725796426,51260760989182325335104,0,55908808357294073,1.3212015412781781
2025-05-16 22:43:58+00:00,13500231,67725796427,51260760988427709200597,0,55908808357294073,1.3212015413171359
2025-05-16 22:44:04+00:00,13500237,67725796491,51260761037265738700645,0,55908808410127172,1.3212015413068965
2025-05-16 22:44:09+00:00,13500242,67725796424,51260760986391624076912,0,55908808354640069,1.32120154131109
2025-05-16 22:44:14+00:00,13500247,67725796425,51260760986391624076911,0,55908808354640069,1.321201541330598
2025-05-16 22:44:22+00:00,13500255,67725806425,51260768555259572814602,0,55908816609811850,1.321201541330598
2025-05-16 22:44:23+00:00,13500256,67725806426,51260768554504956680124,0,55908816609811850,1.3212015413695557
2025-05-16 22:44:33+00:00,13500266,67725796427,51260760985637008771227,0,55908808354640069,1.3212015413890639
2025-05-16 22:44:45+00:00,13500278,67725783255,51260770985637008771227,0,55908808354640069,1.3212010266871794
2025-05-16 22:44:54+00:00,13500287,67725770083,51260780985637008771227,0,55908808354640069,1.3212005119854962
2025-05-16 22:45:08+00:00,13500301,67725770084,51260780984882392048829,0,55908808354640069,1.3212005120244539
2025-05-16 22:45:09+00:00,13500302,67725756912,51260790984882392048829,0,55908808354640069,1.321199997322971
2025-05-16 22:45:17+00:00,13500310,67725756911,51260790985882392048829,0,55908808354640069,1.3211999972776889
2025-05-16 22:45:18+00:00,13500311,67725743739,51260800985882392048829,0,55908808354640069,1.3211994825764073
2025-05-16 22:45:27+00:00,13500320,67725743752,51260800995882392048829,0,55908808365371800,1.3211994825722715
2025-05-16 22:45:28+00:00,13500321,67725730580,51260810995882392048829,0,55908808365371800,1.3211989678711906
2025-05-16 22:45:52+00:00,13500345,67725730581,51260810995127774444494,0,55908808365371800,1.3211989679101483
2025-05-16 22:46:37+00:00,13500390,67725730582,51260810994373156840181,0,55908808365371800,1.321198967949106
2025-05-16 22:47:14+00:00,13500427,67725830582,51260735532723814797144,0,55908808365371800,1.321202863715547
2025-05-16 22:47:19+00:00,13500432,67725830583,51260735531969199417958,0,55908808365371800,1.3212028637545048
2025-05-16 22:47:22+00:00,13500435,67725830584,51260735531214584038794,0,55908808365371800,1.3212028637934623
2025-05-16 22:47:23+00:00,13500436,67725817412,51260745531214584038794,0,55908808365371800,1.3212023490910645
2025-05-16 22:47:24+00:00,13500437,67725817413,51260745530459968365676,0,55908808365371800,1.3212023491300222
2025-05-16 22:47:30+00:00,13500443,67725817477,51260745579297997865724,0,55908808418204883,1.3212023491197822
2025-05-16 22:47:35+00:00,13500448,67725817410,51260745528423898590714,0,55908808362717780,1.321202349123976
2025-05-16 22:47:46+00:00,13500459,67725804238,51260755528423898590714,0,55908808362717780,1.3212018344217789
2025-05-16 22:48:06+00:00,13500479,67725814238,51260763097290168274995,0,55908816617888610,1.3212018344217789
2025-05-16 22:48:07+00:00,13500480,67725814239,51260763096535552307919,0,55908816617888610,1.3212018344607366
2025-05-16 22:48:21+00:00,13500494,67725804240,51260755527669283321924,0,55908808362717780,1.3212018344802448
2025-05-16 22:48:30+00:00,13500503,67725791068,51260765527669283321924,0,55908808362717780,1.3212013197782484
2025-05-16 22:48:52+00:00,13500525,67725791069,51260765526914667060905,0,55908808362717780,1.3212013198172061
2025-05-16 22:49:10+00:00,13500543,67725777897,51260775526914667060905,0,55908808362717780,1.3212008051154107
2025-05-16 22:49:19+00:00,13500552,67725877897,51260700065370256453269,0,55908808362717780,1.3212047008845473
2025-05-16 22:49:37+00:00,13500570,67725877898,51260700064615642123395,0,55908808362717780,1.3212047009235048
2025-05-16 22:49:52+00:00,13500585,67725864726,51260710064615642123395,0,55908808362717780,1.3212041862203927
2025-05-16 22:50:02+00:00,13500595,67725851554,51260720064615642123395,0,55908808362717780,1.321203671517481
2025-05-16 22:50:22+00:00,13500615,67725861554,51260727633471387516839,0,55908816617882843,1.321203671517481
2025-05-16 22:50:24+00:00,13500617,67725861555,51260727632716772599035,0,55908816617882843,1.3212036715564388
2025-05-16 22:50:32+00:00,13500625,67725851556,51260720063861027542726,0,55908808362717780,1.321203671575947
2025-05-16 22:50:41+00:00,13500634,67725838384,51260730063861027542726,0,55908808362717780,1.3212031568732363
2025-05-16 22:51:10+00:00,13500663,67725838385,51260730063106412330979,0,55908808362717780,1.321203156912194
2025-05-16 22:51:16+00:00,13500669,67725825213,51260740063106412330979,0,55908808362717780,1.321202642209684
2025-05-16 22:51:41+00:00,13500694,67725835213,51260747631968054384015,0,55908816617886053,1.321202642209684
2025-05-16 22:51:55+00:00,13500708,67725835214,51260747631213438878314,0,55908816617886053,1.3212026422486418
2025-05-16 22:52:13+00:00,13500726,67725845214,51260755200075080708171,0,55908824873054326,1.3212026422486418
2025-05-16 22:52:22+00:00,13500735,67725832042,51260765200075080708171,0,55908824873054326,1.3212021275464847
2025-05-16 22:52:28+00:00,13500741,67725832043,51260765199320464908516,0,55908824873054326,1.3212021275854424
2025-05-16 22:52:33+00:00,13500746,67725832044,51260765198565849108883,0,55908824873054326,1.3212021276244
2025-05-16 22:52:39+00:00,13500752,67725832108,51260765247403878608931,0,55908824925887413,1.3212021276141601
2025-05-16 22:52:40+00:00,13500753,67725832109,51260765246649262809314,0,55908824925887413,1.3212021276531176
2025-05-16 22:52:49+00:00,13500762,67725832110,51260765246649262809313,0,55908824925887413,1.3212021276726258
2025-05-16 22:52:53+00:00,13500766,67725812111,51260750108923028183991,0,55908808415550867,1.321202127692058
2025-05-16 22:53:23+00:00,13500796,67725798939,51260760108923028183991,0,55908808415550867,1.3212016129899502
2025-05-16 22:53:40+00:00,13500813,67725785767,51260770108923028183991,0,55908808415550867,1.321201098288043
2025-05-16 22:53:52+00:00,13500825,67725785766,51260770109923028183991,0,55908808415550867,1.3212010982427609
2025-05-16 22:53:57+00:00,13500830,67725785765,51260770110923028183991,0,55908808415550867,1.3212010981974787
2025-05-16 22:54:06+00:00,13500839,67725785764,51260770110129088196356,0,55908808414684937,1.3212010981984337
2025-05-16 22:54:32+00:00,13500865,67725772592,51260780110129088196356,0,55908808414684937,1.3212005834967275
2025-05-16 22:55:02+00:00,13500895,67725772593,51260780109374471514803,0,55908808414684937,1.3212005835356853
2025-05-16 22:55:25+00:00,13500918,67725782593,51260787678247907249175,0,55908816669859632,1.3212005835356853
2025-05-16 22:55:45+00:00,13500938,67725792593,51260795247121342983547,0,55908824925034327,1.3212005835356853
2025-05-16 22:55:49+00:00,13500942,67725792595,51260795245612109620507,0,55908824925034327,1.3212005836136005
2025-05-16 22:55:49+00:00,13500942,67725792594,51260795246366726302016,0,55908824925034327,1.321200583574643
2025-05-16 22:55:54+00:00,13500947,67725772597,51260780107110623162036,0,55908808414684937,1.3212005836720664
2025-05-16 22:55:54+00:00,13500947,67725792596,51260795244857492939020,0,55908808414684937,1.3212005836525582
2025-05-16 22:56:00+00:00,13500953,67725772661,51260780155948652662084,0,55908808467518055,1.3212005836618277
2025-05-16 22:56:09+00:00,13500962,67725772662,51260780155948652662083,0,55908808467518055,1.3212005836813359
2025-05-16 22:56:36+00:00,13500989,67725772663,51260780155194035980635,0,55908808467518055,1.3212005837202936
2025-05-16 22:56:55+00:00,13501008,67725782663,51260787724067470657426,0,55908816722692749,1.3212005837202936
2025-05-16 22:57:05+00:00,13501018,67725772664,51260780155194036738567,0,55908808467518055,1.3212005837398015
2025-05-16 22:57:13+00:00,13501026,67725772663,51260780156194036738567,0,55908808467518055,1.3212005836945193
2025-05-16 22:57:20+00:00,13501033,67725759491,51260790156194036738567,0,55908808467518055,1.3212000689930146
2025-05-16 22:57:22+00:00,13501035,67725759504,51260790166194036738567,0,55908808478249784,1.3212000689888788
2025-05-16 22:57:22+00:00,13501035,67725759505,51260790165439419763147,0,55908808478249784,1.3212000690278365
2025-05-16 22:57:27+00:00,13501040,67725759504,51260790164645479465793,0,55908808477383854,1.3212000690287915
2025-05-16 22:57:44+00:00,13501057,67725746332,51260800164645479465793,0,55908808477383854,1.3211995543274875
2025-05-16 22:58:09+00:00,13501082,67725746333,51260800163890862196419,0,55908808477383854,1.321199554366445
2025-05-16 22:58:17+00:00,13501090,67725733161,51260810163890862196419,0,55908808477383854,1.321199039665342
2025-05-16 22:58:55+00:00,13501128,67725733162,51260810163136244633090,0,55908808477383854,1.3211990397042994
2025-05-16 22:59:07+00:00,13501140,67725733163,51260810162381627069783,0,55908808477383854,1.3211990397432571
2025-05-16 22:59:12+00:00,13501145,67725733164,51260810161627009506499,0,55908808477383854,1.3211990397822146
2025-05-16 22:59:18+00:00,13501151,67725733228,51260810210465039006547,0,55908808530217002,1.3211990397719777
2025-05-16 22:59:23+00:00,13501156,67725733161,51260810159590875689791,0,55908808474729899,1.32119903977617
2025-05-16 22:59:24+00:00,13501157,67725719989,51260820159590875689791,0,55908808474729899,1.3211985250752674
2025-05-16 22:59:33+00:00,13501166,67725706817,51260830159590875689791,0,55908808474729899,1.3211980103745657
2025-05-16 22:59:42+00:00,13501175,67725693645,51260840159590875689791,0,55908808474729899,1.3211974956740649
2025-05-16 22:59:43+00:00,13501176,67725693646,51260840158836257244593,0,55908808474729899,1.3211974957130226
2025-05-16 22:59:52+00:00,13501185,67725680474,51260850158836257244593,0,55908808474729899,1.3211969810127224
2025-05-16 23:00:01+00:00,13501194,67725780474,51260774697073429180773,0,55908808474729899,1.3212008767761871
2025-05-16 23:00:17+00:00,13501210,67725790474,51260782265945185003874,0,55908816729903642,1.3212008767761871
2025-05-16 23:00:30+00:00,13501223,67725790473,51260782266945185003874,0,55908816729903642,1.321200876730905
2025-05-16 23:00:31+00:00,13501224,67725790474,51260782266190568489804,0,55908816729903642,1.3212008767698626
2025-05-16 23:00:37+00:00,13501230,67725780475,51260774697318813363576,0,55908808474729899,1.3212008767893706
2025-05-16 23:00:40+00:00,13501233,67725780488,51260774707318813363576,0,55908808485461624,1.3212008767852348
2025-05-16 23:00:45+00:00,13501238,67725780487,51260774706524873305744,0,55908808484595694,1.3212008767861898
2025-05-16 23:00:56+00:00,13501249,67725767315,51260784706524873305744,0,55908808484595694,1.321200362084573
2025-05-16 23:01:14+00:00,13501267,67725754143,51260794706524873305744,0,55908808484595694,1.321199847383157
2025-05-16 23:01:18+00:00,13501271,67725754144,51260794705770256203752,0,55908808484595694,1.3211998474221145
2025-05-16 23:01:33+00:00,13501286,67725764144,51260802274647908976494,0,55908816739772648,1.3211998474221145
2025-05-16 23:01:42+00:00,13501295,67725750972,51260812274647908976494,0,55908816739772648,1.3211993327209755
2025-05-16 23:02:05+00:00,13501318,67725750973,51260812273893291580547,0,55908816739772648,1.321199332759933
2025-05-16 23:02:14+00:00,13501327,67725740974,51260804705014162973809,0,55908808484595694,1.3211993327794032
2025-05-16 23:02:27+00:00,13501340,67725740975,51260804704259545577895,0,55908808484595694,1.3211993328183607
2025-05-16 23:02:32+00:00,13501345,67725740976,51260804703504928182004,0,55908808484595694,1.3211993328573184
2025-05-16 23:02:38+00:00,13501351,67725741040,51260804752342957682052,0,55908808537428836,1.321199332847081
2025-05-16 23:02:43+00:00,13501356,67725740973,51260804701468799788811,0,55908808481941733,1.3211993328512734
2025-05-16 23:02:50+00:00,13501363,67725740974,51260804700714182392939,0,55908808481941733,1.3211993328902312
2025-05-16 23:03:20+00:00,13501393,67725750974,51260812269594782812397,0,55908816737120292,1.3211993328902312
2025-05-16 23:03:35+00:00,13501408,67725750975,51260812268840165416547,0,55908816737120292,1.3211993329291887
2025-05-16 23:03:53+00:00,13501426,67725750974,51260812269840165416547,0,55908816737120292,1.3211993328839067
2025-05-16 23:03:55+00:00,13501428,67725740975,51260804700959565481590,0,55908808481941733,1.3211993329034146
2025-05-16 23:03:58+00:00,13501431,67725740974,51260804701959565481590,0,55908808481941733,1.3211993328581324
2025-05-16 23:04:02+00:00,13501435,67725740987,51260804711959565481590,0,55908808492673465,1.3211993328539968
2025-05-16 23:04:07+00:00,13501440,67725740986,51260804711165624959141,0,55908808491807535,1.3211993328549518
2025-05-16 23:04:15+00:00,13501448,67725750986,51260812280046225580706,0,55908816746986094,1.3211993328549518
2025-05-16 23:04:20+00:00,13501453,67725750987,51260812279291608184836,0,55908816746986094,1.3211993328939096
2025-05-16 23:04:24+00:00,13501457,67725737815,51260822279291608184836,0,55908816746986094,1.3211988181929712
2025-05-16 23:04:39+00:00,13501472,67725724643,51260832279291608184836,0,55908816746986094,1.3211983034922337
2025-05-16 23:05:04+00:00,13501497,67725724644,51260832278536990201033,0,55908816746986094,1.3211983035311912
2025-05-16 23:05:13+00:00,13501506,67725711472,51260842278536990201033,0,55908816746986094,1.3211977888306545
2025-05-16 23:05:38+00:00,13501531,67725698300,51260852278536990201033,0,55908816746986094,1.3211972741303186
2025-05-16 23:05:48+00:00,13501541,67725685128,51260862278536990201033,0,55908816746986094,1.3211967594301834
2025-05-16 23:05:49+00:00,13501542,67725685129,51260862277782371335320,0,55908816746986094,1.321196759469141
2025-05-16 23:05:51+00:00,13501544,67725685130,51260862277027752469629,0,55908816746986094,1.3211967595080987
2025-05-16 23:05:56+00:00,13501549,67725685131,51260862276273133603961,0,55908816746986094,1.3211967595470562
2025-05-16 23:06:02+00:00,13501555,67725685195,51260862325111163104009,0,55908816799819288,1.3211967595368215
2025-05-16 23:06:07+00:00,13501560,67725685128,51260862274236955590617,0,55908816744332185,1.3211967595410126
2025-05-16 23:06:12+00:00,13501565,67725685129,51260862274236955590616,0,55908816744332185,1.3211967595605205
2025-05-16 23:06:17+00:00,13501570,67725695129,51260869843132298118078,0,55908824999518771,1.3211967595605205
2025-05-16 23:06:33+00:00,13501586,67725675130,51260854705348973791054,0,55908808489153626,1.3211967595798388
2025-05-16 23:06:34+00:00,13501587,67725675131,51260854704594354925427,0,55908808489153626,1.3211967596187966
2025-05-16 23:07:07+00:00,13501620,67725661959,51260864704594354925427,0,55908808489153626,1.3211962449187862
2025-05-16 23:07:16+00:00,13501629,67725661958,51260864705594354925427,0,55908808489153626,1.321196244873504
2025-05-16 23:07:18+00:00,13501631,67725661959,51260864704839735765818,0,55908808489153626,1.3211962449124617
2025-05-16 23:07:27+00:00,13501640,67725661972,51260864714839735765818,0,55908808499885370,1.3211962449083268
2025-05-16 23:07:27+00:00,13501640,67725648800,51260874714839735765818,0,55908808499885370,1.321195730208517
2025-05-16 23:07:32+00:00,13501645,67725648799,51260874714045794159248,0,55908808499019440,1.3211957302094721
2025-05-16 23:08:03+00:00,13501676,67725658800,51260882282192413979033,0,55908816754209237,1.3211957302484298
2025-05-16 23:08:03+00:00,13501676,67725648800,51260874713291174705682,0,55908816754209237,1.3211957302484298
2025-05-16 23:08:24+00:00,13501697,67725645628,51260892282192413979033,0,55908816754209237,1.321195215548897
2025-05-16 23:08:34+00:00,13501707,67725635629,51260884713289698447828,0,55908808499019440,1.321195215568367
2025-05-16 23:08:47+00:00,13501720,67725635630,51260884712535078700317,0,55908808499019440,1.3211952156073248
2025-05-16 23:08:48+00:00,13501721,67725645630,51260892281439266264466,0,55908816754210842,1.3211952156073248
2025-05-16 23:09:14+00:00,13501747,67725645631,51260892280684646516977,0,55908816754210842,1.3211952156462823
2025-05-16 23:09:19+00:00,13501752,67725645632,51260892279930026769511,0,55908816754210842,1.3211952156852398
2025-05-16 23:09:25+00:00,13501758,67725645696,51260892328768056269559,0,55908816807044066,1.3211952156750066
2025-05-16 23:09:29+00:00,13501762,67725635697,51260884759863869444093,0,55908808551852664,1.3211952156945146
2025-05-16 23:09:30+00:00,13501763,67725635630,51260884708989632159932,0,55908808496365561,1.3211952156987048
2025-05-16 23:09:32+00:00,13501765,67725635631,51260884708235012412496,0,55908808496365561,1.3211952157376625
2025-05-16 23:09:35+00:00,13501768,67725635632,51260884708235012412495,0,55908808496365561,1.3211952157571705
2025-05-16 23:09:57+00:00,13501790,67725622460,51260894708235012412495,0,55908808496365561,1.3211947010577625
2025-05-16 23:10:19+00:00,13501812,67725622461,51260894707480392371114,0,55908808496365561,1.3211947010967202
2025-05-16 23:10:39+00:00,13501832,67725622460,51260894708480392371114,0,55908808496365561,1.3211947010514382
2025-05-16 23:10:43+00:00,13501836,67725622459,51260894709480392371114,0,55908808496365561,1.3211947010061562
2025-05-16 23:10:48+00:00,13501841,67725622472,51260894719480392371114,0,55908808507097311,1.3211947010020215
2025-05-16 23:10:53+00:00,13501846,67725622471,51260894718686450454810,0,55908808506231381,1.3211947010029765
2025-05-16 23:11:03+00:00,13501856,67725622472,51260894717931830413398,0,55908808506231381,1.321194701041934
2025-05-16 23:11:14+00:00,13501867,67725632472,51260902286838965836888,0,55908816761424388,1.321194701041934
2025-05-16 23:11:28+00:00,13501881,67725619300,51260912286838965836888,0,55908816761424388,1.321194186342803
2025-05-16 23:11:48+00:00,13501901,67725619301,51260912286084345501520,0,55908825016619000,1.3211941863817604
2025-05-16 23:11:48+00:00,13501901,67725629301,51260919854994429329642,0,55908825016619000,1.3211941863817604
2025-05-16 23:12:03+00:00,13501916,67725609302,51260904717175735038072,0,55908808506231381,1.3211941864012307
2025-05-16 23:12:26+00:00,13501939,67725596130,51260914717175735038072,0,55908808506231381,1.3211936717022243
2025-05-16 23:12:32+00:00,13501945,67725596131,51260914716421114408759,0,55908808506231381,1.3211936717411819
2025-05-16 23:12:34+00:00,13501947,67725596132,51260914715666493779468,0,55908808506231381,1.3211936717801396
2025-05-16 23:12:39+00:00,13501952,67725596133,51260914714911873150199,0,55908808506231381,1.321193671819097
2025-05-16 23:12:45+00:00,13501958,67725596197,51260914763749902650247,0,55908808559064636,1.3211936718088653
2025-05-16 23:12:50+00:00,13501963,67725596130,51260914712875635595074,0,55908808503577533,1.3211936718130548
2025-05-16 23:12:51+00:00,13501964,67725582958,51260924712875635595074,0,55908808503577533,1.3211931571142492
2025-05-16 23:13:17+00:00,13501990,67725582959,51260924712121014671846,0,55908808503577533,1.3211931571532067
2025-05-16 23:13:18+00:00,13501991,67725569787,51260934712121014671846,0,55908808503577533,1.321192642454602
2025-05-16 23:13:27+00:00,13502000,67725669787,51260859250110383983710,0,55908808503577533,1.3211965382116406
2025-05-16 23:13:42+00:00,13502015,67725679787,51260866819006994578759,0,55908816758764772,1.3211965382116406
2025-05-16 23:13:52+00:00,13502025,67725669788,51260859250110384760856,0,55908808503577533,1.3211965382311488
2025-05-16 23:13:58+00:00,13502031,67725669787,51260859251110384760856,0,55908808503577533,1.3211965381858668
2025-05-16 23:14:01+00:00,13502034,67725669788,51260859250355765768777,0,55908808503577533,1.3211965382248243
2025-05-16 23:14:01+00:00,13502034,67725656616,51260869250355765768777,0,55908808503577533,1.3211960235249027
2025-05-16 23:14:03+00:00,13502036,67725656615,51260869251355765768777,0,55908808503577533,1.3211960234796207
2025-05-16 23:14:08+00:00,13502041,67725656628,51260869261355765768777,0,55908808514309278,1.3211960234754858
2025-05-16 23:14:13+00:00,13502046,67725656627,51260869260561824246877,0,55908808513443348,1.3211960234764408
2025-05-16 23:14:21+00:00,13502054,67725643455,51260879260561824246877,0,55908808513443348,1.3211955087767202
2025-05-16 23:14:35+00:00,13502068,67725653455,51260886829464332293461,0,55908816768633798,1.3211955087767202
2025-05-16 23:14:45+00:00,13502078,67725653456,51260886828709712713420,0,55908816768633798,1.3211955088156777
2025-05-16 23:14:50+00:00,13502083,67725640284,51260896828709712713420,0,55908816768633798,1.3211949941162338
2025-05-16 23:15:00+00:00,13502093,67725630285,51260889259805729107610,0,55908808513443348,1.321194994135704
2025-05-16 23:15:21+00:00,13502114,67725617113,51260899259805729107610,0,55908808513443348,1.321194479436385
2025-05-16 23:15:30+00:00,13502123,67725617114,51260899259051108939647,0,55908808513443348,1.3211944794753425
2025-05-16 23:15:36+00:00,13502129,67725603942,51260909259051108939647,0,55908808513443348,1.3211939647762243
2025-05-16 23:15:58+00:00,13502151,67725603943,51260909258296488477728,0,55908808513443348,1.3211939648151818
2025-05-16 23:16:03+00:00,13502156,67725590771,51260919258296488477728,0,55908808513443348,1.3211934501162643
2025-05-16 23:16:09+00:00,13502162,67725590835,51260919307134517977776,0,55908808566276607,1.3211934501060327
2025-05-16 23:16:13+00:00,13502166,67725590768,51260919256260246420051,0,55908808510789504,1.3211934501102223
2025-05-16 23:16:15+00:00,13502168,67725590769,51260919255505625664172,0,55908808510789504,1.3211934501491798
2025-05-16 23:17:01+00:00,13502214,67725590770,51260919254751004908315,0,55908808510789504,1.3211934501881373
2025-05-16 23:17:07+00:00,13502220,67725600770,51260926823665306274254,0,55908816765986376,1.3211934501881373
2025-05-16 23:17:16+00:00,13502229,67725587598,51260936823665306274254,0,55908816765986376,1.3211929354894967
2025-05-16 23:17:23+00:00,13502236,67725587597,51260936824665306274254,0,55908816765986376,1.3211929354442147
2025-05-16 23:17:28+00:00,13502241,67725587596,51260936825665306274254,0,55908816765986376,1.321192935398933
2025-05-16 23:17:33+00:00,13502246,67725587609,51260936835665306274254,0,55908816776718134,1.3211929353947984
2025-05-16 23:17:38+00:00,13502251,67725587608,51260936834871363823078,0,55908816775852204,1.3211929353957534
2025-05-16 23:17:45+00:00,13502258,67725587609,51260936834116742773211,0,55908816775852204,1.321192935434711
2025-05-16 23:18:00+00:00,13502273,67725577610,51260929265200965046312,0,55908808520655332,1.3211929354541811
2025-05-16 23:18:15+00:00,13502288,67725564438,51260939265200965046312,0,55908808520655332,1.3211924207556653
2025-05-16 23:18:30+00:00,13502303,67725564439,51260939264446343702500,0,55908808520655332,1.3211924207946228
2025-05-16 23:19:07+00:00,13502340,67725551267,51260949264446343702500,0,55908808520655332,1.321191906096308
2025-05-16 23:19:14+00:00,13502347,67725551268,51260949263691722064732,0,55908808520655332,1.3211919061352655
2025-05-16 23:19:16+00:00,13502349,67725538096,51260959263691722064732,0,55908808520655332,1.3211913914371514
2025-05-16 23:19:19+00:00,13502352,67725538097,51260959262937100133007,0,55908808520655332,1.3211913914761089
2025-05-16 23:19:24+00:00,13502357,67725538098,51260959262182478201304,0,55908808520655332,1.3211913915150664
2025-05-16 23:19:30+00:00,13502363,67725538162,51260959311020507701352,0,55908808573488633,1.3211913915048368
2025-05-16 23:19:35+00:00,13502368,67725538095,51260959260146196448042,0,55908808518001530,1.3211913915090252
2025-05-16 23:19:41+00:00,13502374,67725548095,51260966829072291688717,0,55908816773204824,1.3211913915090252
2025-05-16 23:19:59+00:00,13502392,67725548096,51260966828317669757033,0,55908816773204824,1.3211913915479827
2025-05-16 23:20:17+00:00,13502410,67725534924,51260976828317669757033,0,55908816773204824,1.3211908768501452
2025-05-16 23:20:27+00:00,13502420,67725524925,51260969259390098218863,0,55908808518001530,1.3211908768696152
2025-05-16 23:20:39+00:00,13502432,67725524924,51260969260390098218863,0,55908808518001530,1.3211908768243334
2025-05-16 23:20:44+00:00,13502437,67725524923,51260969261390098218863,0,55908808518001530,1.3211908767790517
2025-05-16 23:20:45+00:00,13502438,67725524924,51260969260635475993182,0,55908808518001530,1.3211908768180092
2025-05-16 23:20:53+00:00,13502446,67725524923,51260969259841532922520,0,55908808517135600,1.3211908768189642
2025-05-16 23:21:06+00:00,13502459,67725511751,51260979259841532922520,0,55908808517135600,1.3211903621212515
2025-05-16 23:21:20+00:00,13502473,67725521751,51260986828773525390578,0,55908816772342105,1.3211903621212515
2025-05-16 23:21:29+00:00,13502482,67725521752,51260986828018902870941,0,55908816772342105,1.321190362160209
2025-05-16 23:21:29+00:00,13502482,67725621752,51260911365878029410410,0,55908816772342105,1.321194257913287
2025-05-16 23:22:15+00:00,13502528,67725621753,51260911365123409115920,0,55908816772342105,1.3211942579522444
2025-05-16 23:22:22+00:00,13502535,67725608581,51260921365123409115920,0,55908816772342105,1.321193743253291
2025-05-16 23:22:35+00:00,13502548,67725608582,51260921364368788527474,0,55908816772342105,1.3211937432922487
2025-05-16 23:22:38+00:00,13502551,67725595410,51260931364368788527474,0,55908816772342105,1.321193228593496
2025-05-16 23:22:40+00:00,13502553,67725595411,51260931363614167645072,0,55908816772342105,1.3211932286324535
2025-05-16 23:22:46+00:00,13502559,67725595475,51260931412452197145120,0,55908816825175369,1.321193228622222
2025-05-16 23:22:53+00:00,13502566,67725582303,51260941412452197145120,0,55908816825175369,1.3211927139236708
2025-05-16 23:22:55+00:00,13502568,67725582304,51260941412452197145119,0,55908816825175369,1.3211927139431787
2025-05-16 23:23:02+00:00,13502575,67725582305,51260941411697575968766,0,55908816825175369,1.3211927139821362
2025-05-16 23:23:14+00:00,13502587,67725569133,51260951411697575968766,0,55908816825175369,1.3211921992837856
2025-05-16 23:23:33+00:00,13502606,67725555961,51260961411697575968766,0,55908816825175369,1.321191684585636
2025-05-16 23:23:46+00:00,13502619,67725555962,51260961410942954204478,0,55908816825175369,1.3211916846245935
2025-05-16 23:23:57+00:00,13502630,67725555961,51260961411942954204478,0,55908816825175369,1.3211916845793117
2025-05-16 23:23:59+00:00,13502632,67725545961,51260953843014721942641,0,55908808569968864,1.32119168457941
2025-05-16 23:24:02+00:00,13502635,67725545960,51260953844014721942641,0,55908808569968864,1.321191684534128
2025-05-16 23:24:07+00:00,13502640,67725545973,51260953854014721942641,0,55908808580700627,1.321191684529994
2025-05-16 23:24:12+00:00,13502645,67725545972,51260953853220779111491,0,55908808579834697,1.321191684530949
2025-05-16 23:24:17+00:00,13502650,67725532800,51260963853220779111491,0,55908808579834697,1.3211911698329242
2025-05-16 23:24:32+00:00,13502665,67725532801,51260963852466157053193,0,55908808579834697,1.3211911698718817
2025-05-16 23:24:36+00:00,13502669,67725519629,51260973852466157053193,0,55908808579834697,1.3211906551740578
2025-05-16 23:24:51+00:00,13502684,67725506457,51260983852466157053193,0,55908808579834697,1.3211901404764343
2025-05-16 23:25:11+00:00,13502704,67725516457,51260991421399419296506,0,55908816835041856,1.3211901404764343
2025-05-16 23:25:18+00:00,13502711,67725516458,51260991420644796650272,0,55908816835041856,1.3211901405153919
2025-05-16 23:25:30+00:00,13502723,67725503286,51261001420644796650272,0,55908816835041856,1.3211896258180456
2025-05-16 23:25:54+00:00,13502747,67725503287,51261001419890173710081,0,55908816835041856,1.321189625857003
2025-05-16 23:25:56+00:00,13502749,67725490115,51261011419890173710081,0,55908816835041856,1.3211891111598575
2025-05-16 23:25:58+00:00,13502751,67725490116,51261011419135550475933,0,55908816835041856,1.321189111198815
2025-05-16 23:26:02+00:00,13502755,67725490117,51261011418380927241807,0,55908816835041856,1.3211891112377725
2025-05-16 23:26:04+00:00,13502757,67725490181,51261011467218956741855,0,55908816887875202,1.321189111227545
2025-05-16 23:26:09+00:00,13502762,67725490114,51261011416344601291444,0,55908816832388099,1.3211891112317322
2025-05-16 23:26:10+00:00,13502763,67725590114,51260935954132278807015,0,55908816832388099,1.3211930069829414
2025-05-16 23:26:19+00:00,13502772,67725576942,51260945954132278807015,0,55908816832388099,1.3211924922844789
2025-05-16 23:26:42+00:00,13502795,67725563770,51260955954132278807015,0,55908816832388099,1.321191977586217
2025-05-16 23:26:47+00:00,13502800,67725563771,51260955953377657210079,0,55908816832388099,1.3211919776251748
2025-05-16 23:27:12+00:00,13502825,67725553771,51260948384449632277101,0,55908808577180940,1.321191977625311
2025-05-16 23:27:18+00:00,13502831,67725553770,51260948385449632277101,0,55908808577180940,1.3211919775800292
2025-05-16 23:27:27+00:00,13502840,67725553783,51260948395449632277101,0,55908808587912701,1.321191977575895
2025-05-16 23:27:31+00:00,13502844,67725553784,51260948394695010680159,0,55908808587912701,1.3211919776148524
2025-05-16 23:27:33+00:00,13502846,67725553783,51260948393901067933667,0,55908808587046771,1.3211919776158074
2025-05-16 23:28:07+00:00,13502880,67725563783,51260955962823805449655,0,55908816842248163,1.3211919776158074
2025-05-16 23:28:16+00:00,13502889,67725563784,51260955962069183852736,0,55908816842248163,1.321191977654765
2025-05-16 23:28:16+00:00,13502889,67725550612,51260965962069183852736,0,55908816842248163,1.321191462956704
2025-05-16 23:28:37+00:00,13502910,67725537440,51260975962069183852736,0,55908816842248163,1.3211909482588442
2025-05-16 23:28:46+00:00,13502919,67725524268,51260985962069183852736,0,55908816842248163,1.321190433561185
2025-05-16 23:29:00+00:00,13502933,67725511097,51260995961314561079924,0,55908816842248163,1.3211899189026841
2025-05-16 23:29:00+00:00,13502933,67725511096,51260995962069183852736,0,55908816842248163,1.3211899188637266
2025-05-16 23:29:13+00:00,13502946,67725511098,51260995960559938307134,0,55908816842248163,1.3211899189416416
2025-05-16 23:29:15+00:00,13502948,67725497926,51261005960559938307134,0,55908816842248163,1.321189404244384
2025-05-16 23:29:18+00:00,13502951,67725497927,51261005959805315240387,0,55908816842248163,1.3211894042833414
2025-05-16 23:29:24+00:00,13502957,67725497991,51261006008643344740435,0,55908816895081503,1.3211894042731136
2025-05-16 23:29:25+00:00,13502958,67725484819,51261016008643344740435,0,55908816895081503,1.3211888895760573
2025-05-16 23:29:34+00:00,13502967,67725484820,51261016008643344740434,0,55908808639880111,1.3211888895955652
2025-05-16 23:29:34+00:00,13502967,67725474821,51261008439711748423386,0,55908808639880111,1.3211888896148458
2025-05-16 23:29:45+00:00,13502978,67725474822,51261008438957125062698,0,55908808639880111,1.321188889653803
2025-05-16 23:29:59+00:00,13502992,67725484822,51261016007897553119387,0,55908816895091135,1.321188889653803
2025-05-16 23:30:09+00:00,13503002,67725474823,51261008438957125639312,0,55908808639880111,1.3211888896733113
2025-05-16 23:30:23+00:00,13503016,67725484823,51261016007897553584242,0,55908816895091135,1.3211888896733113
2025-05-16 23:30:30+00:00,13503023,67725484824,51261016007142930223587,0,55908816895091135,1.3211888897122688
2025-05-16 23:30:39+00:00,13503032,67725484823,51261016008142930223587,0,55908816895091135,1.321188889666987
2025-05-16 23:30:44+00:00,13503037,67725494823,51261023577083358204748,0,55908825150302159,1.321188889666987
2025-05-16 23:30:44+00:00,13503037,67725494822,51261023578083358204748,0,55908825150302159,1.3211888896217052
2025-05-16 23:30:49+00:00,13503042,67725494835,51261023588083358204748,0,55908825161033933,1.3211888896175716
2025-05-16 23:30:54+00:00,13503047,67725494834,51261023587289414528991,0,55908825160168003,1.3211888896185267
2025-05-16 23:31:04+00:00,13503057,67725481662,51261033587289414528991,0,55908825160168003,1.3211883749217472
2025-05-16 23:31:13+00:00,13503066,67725468490,51261043587289414528991,0,55908825160168003,1.3211878602251685
2025-05-16 23:31:15+00:00,13503068,67725468491,51261043586534790580346,0,55908825160168003,1.321187860264126
2025-05-16 23:31:59+00:00,13503112,67725468492,51261043585780166631723,0,55908825160168003,1.3211878603030835
2025-05-16 23:32:37+00:00,13503150,67725468493,51261043585025542683123,0,55908825160168003,1.3211878603420408
2025-05-16 23:32:42+00:00,13503155,67725468494,51261043584270918734545,0,55908825160168003,1.3211878603809983
2025-05-16 23:32:43+00:00,13503156,67725468495,51261043583516294785989,0,55908825160168003,1.3211878604199558
2025-05-16 23:32:48+00:00,13503161,67725468559,51261043632354324286037,0,55908825213001374,1.3211878604097296
2025-05-16 23:32:53+00:00,13503166,67725468492,51261043581479944488579,0,55908825157514271,1.3211878604139162
2025-05-16 23:32:57+00:00,13503170,67725468493,51261043581479944488578,0,55908825157514271,1.3211878604334242
2025-05-16 23:33:24+00:00,13503197,67725478493,51261051150426268835999,0,55908833412728505,1.3211878604334242
2025-05-16 23:33:48+00:00,13503221,67725448494,51261028443593184827657,0,55908808647092223,1.3211878604527805
2025-05-16 23:34:02+00:00,13503235,67725448493,51261028444593184827657,0,55908808647092223,1.3211878604074987
2025-05-16 23:34:07+00:00,13503240,67725448492,51261028445593184827657,0,55908808647092223,1.321187860362217
2025-05-16 23:34:12+00:00,13503245,67725448493,51261028444838560879090,0,55908808657824001,1.3211878604011744
2025-05-16 23:34:12+00:00,13503245,67725448506,51261028454838560879090,0,55908808657824001,1.321187860397041
2025-05-16 23:34:17+00:00,13503250,67725448505,51261028454044616893599,0,55908808656958071,1.321187860397996
2025-05-16 23:34:18+00:00,13503251,67725458505,51261036022990941443984,0,55908816912172305,1.321187860397996
2025-05-16 23:34:37+00:00,13503270,67725468505,51261043591937265994369,0,55908825167386539,1.321187860397996
2025-05-16 23:34:52+00:00,13503285,67725455333,51261053591937265994369,0,55908825167386539,1.3211873457016183
2025-05-16 23:35:07+00:00,13503300,67725435334,51261038454041665610803,0,55908808656958071,1.3211873457210503
2025-05-16 23:35:40+00:00,13503333,67725435335,51261038453287041368288,0,55908808656958071,1.3211873457600078
2025-05-16 23:36:00+00:00,13503353,67725435336,51261038452532417125796,0,55908808656958071,1.3211873457989651
2025-05-16 23:36:05+00:00,13503358,67725435337,51261038451777792883326,0,55908808656958071,1.3211873458379226
2025-05-16 23:36:11+00:00,13503364,67725435401,51261038500615822383374,0,55908808709791452,1.3211873458276968
2025-05-16 23:36:12+00:00,13503365,67725422229,51261048500615822383374,0,55908808709791452,1.3211868311313684
2025-05-16 23:36:21+00:00,13503374,67725422230,51261048500615822383373,0,55908808709791452,1.3211868311508763
2025-05-16 23:36:25+00:00,13503378,67725422231,51261048499861197846951,0,55908808709791452,1.3211868311898338
2025-05-16 23:36:32+00:00,13503385,67725432231,51261056068813418627266,0,55908816965008897,1.3211868311898338
2025-05-16 23:36:41+00:00,13503394,67725419059,51261066068813418627266,0,55908816965008897,1.321186316493782
2025-05-16 23:37:00+00:00,13503413,67725405887,51261076068813418627266,0,55908816965008897,1.3211858017979312
2025-05-16 23:37:11+00:00,13503424,67725405888,51261076068058793502906,0,55908816965008897,1.3211858018368887
2025-05-16 23:37:25+00:00,13503438,67725405887,51261076069058793502906,0,55908816965008897,1.321185801791607
2025-05-16 23:37:29+00:00,13503442,67725395888,51261068500103619945715,0,55908808709791452,1.3211858018110392
2025-05-16 23:37:34+00:00,13503447,67725395901,51261068510103619945715,0,55908808720523238,1.3211858018069063
2025-05-16 23:37:38+00:00,13503451,67725495901,51260993047702273090625,0,55908808720523238,1.3211896975537765
2025-05-16 23:37:39+00:00,13503452,67725495900,51260993046908329654419,0,55908808719657308,1.3211896975547313
2025-05-16 23:37:53+00:00,13503466,67725482728,51261003046908329654419,0,55908808719657308,1.3211891828574875
2025-05-16 23:38:42+00:00,13503515,67725482729,51261003046153706461222,0,55908808719657308,1.321189182896445
2025-05-16 23:39:10+00:00,13503543,67725469557,51261013046153706461222,0,55908808719657308,1.3211886681994023
2025-05-16 23:39:19+00:00,13503552,67725469558,51261013045399082974068,0,55908808719657308,1.3211886682383598
2025-05-16 23:39:24+00:00,13503557,67725469559,51261013044644459486936,0,55908808719657308,1.3211886682773173
2025-05-16 23:39:29+00:00,13503562,67725469624,51261013092727865499875,0,55908808772490662,1.3211886683060476
2025-05-16 23:39:29+00:00,13503562,67725469560,51261013043889835999827,0,55908808772490662,1.3211886683162748
2025-05-16 23:39:34+00:00,13503567,67725469557,51261013041853501051602,0,55908808717003559,1.3211886683102347
2025-05-16 23:39:39+00:00,13503572,67725469558,51261013041853501051601,0,55908808717003559,1.3211886683297427
2025-05-16 23:39:43+00:00,13503576,67725456386,51261023041853501051601,0,55908808717003559,1.3211881536329007
2025-05-16 23:39:57+00:00,13503590,67725466386,51261030610798145690425,0,55908816972216842,1.3211881536329007
2025-05-16 23:40:13+00:00,13503606,67725453215,51261040610043521615386,0,55908816972216842,1.3211876389752928
2025-05-16 23:40:13+00:00,13503606,67725453214,51261040610798145690425,0,55908816972216842,1.3211876389363353
2025-05-16 23:40:40+00:00,13503633,67725453214,51261040611043521615386,0,55908816972216842,1.321187638930011
2025-05-16 23:40:44+00:00,13503637,67725453213,51261040612043521615386,0,55908816972216842,1.3211876388847292
2025-05-16 23:40:49+00:00,13503642,67725453226,51261040622043521615386,0,55908816982948621,1.321187638880596
2025-05-16 23:40:53+00:00,13503646,67725453225,51261040621249577559668,0,55908816982082691,1.3211876388815509
2025-05-16 23:40:57+00:00,13503650,67725453226,51261040620494953484598,0,55908816982082691,1.3211876389205084
2025-05-16 23:41:20+00:00,13503673,67725443227,51261033051548832404490,0,55908808726869408,1.3211876389399784
2025-05-16 23:41:42+00:00,13503695,67725453228,51261040619741801366564,0,55908816982084296,1.3211876389789359
2025-05-16 23:41:42+00:00,13503695,67725443228,51261033050794208329454,0,55908816982084296,1.3211876389789359
2025-05-16 23:41:56+00:00,13503709,67725463228,51261048188689394403674,0,55908825237299184,1.3211876389789359
2025-05-16 23:42:12+00:00,13503725,67725450056,51261058188689394403674,0,55908825237299184,1.3211871242826474
2025-05-16 23:42:25+00:00,13503738,67725450057,51261058187934770034680,0,55908825237299184,1.321187124321605
2025-05-16 23:42:34+00:00,13503747,67725450058,51261058187180145665708,0,55908825237299184,1.3211871243605624
2025-05-16 23:42:39+00:00,13503752,67725450059,51261058186425521296759,0,55908825237299184,1.32118712439952
2025-05-16 23:42:45+00:00,13503758,67725450123,51261058235263550796807,0,55908825290132569,1.3211871243892943
2025-05-16 23:42:49+00:00,13503762,67725450056,51261058184389156576776,0,55908825234645466,1.3211871243934805
2025-05-16 23:42:54+00:00,13503767,67725450057,51261058184389156576775,0,55908825234645466,1.3211871244129885
2025-05-16 23:43:09+00:00,13503782,67725450058,51261058183634532207856,0,55908825234645466,1.321187124451946
2025-05-16 23:43:18+00:00,13503791,67725436886,51261068183634532207856,0,55908825234645466,1.3211866097558582
2025-05-16 23:43:28+00:00,13503801,67725423714,51261078183634532207856,0,55908825234645466,1.3211860950599714
2025-05-16 23:43:51+00:00,13503824,67725433714,51261085752590970207666,0,55908833489865170,1.3211860950599714
2025-05-16 23:43:58+00:00,13503831,67725433713,51261085753590970207666,0,55908833489865170,1.3211860950146899
2025-05-16 23:44:04+00:00,13503837,67725433712,51261085754590970207666,0,55908833489865170,1.321186094969408
2025-05-16 23:44:09+00:00,13503842,67725433725,51261085764590970207666,0,55908833500596955,1.3211860949652752
2025-05-16 23:44:13+00:00,13503846,67725403726,51261063057730488195950,0,55908808734947475,1.3211860949845555
2025-05-16 23:44:15+00:00,13503848,67725403725,51261063056936543675615,0,55908808734081545,1.3211860949855103
2025-05-16 23:44:39+00:00,13503872,67725403726,51261063056181918718715,0,55908808734081545,1.3211860950244678
2025-05-16 23:45:24+00:00,13503917,67725403727,51261063055427293761838,0,55908808734081545,1.3211860950634253
2025-05-16 23:45:26+00:00,13503919,67725390555,51261073055427293761838,0,55908808734081545,1.3211855803675874
2025-05-16 23:45:46+00:00,13503939,67725400555,51261080624386680389223,0,55908816989302855,1.3211855803675874
2025-05-16 23:45:56+00:00,13503949,67725390556,51261073055427293803897,0,55908808734081545,1.3211855803870953
2025-05-16 23:46:04+00:00,13503957,67725390557,51261073054672668553073,0,55908808734081545,1.3211855804260526
2025-05-16 23:46:05+00:00,13503958,67725377385,51261083054672668553073,0,55908808734081545,1.3211850657304156
2025-05-16 23:46:10+00:00,13503963,67725377450,51261083102756072508339,0,55908808786914971,1.3211850657591493
2025-05-16 23:46:10+00:00,13503963,67725377386,51261083053918043008291,0,55908808786914971,1.321185065769373
2025-05-16 23:46:15+00:00,13503968,67725364278,51261093102756072508339,0,55908808731427868,1.3211845510637135
2025-05-16 23:46:15+00:00,13503968,67725364211,51261093051881628666658,0,55908808731427868,1.3211845510678986
2025-05-16 23:46:20+00:00,13503973,67725364212,51261093051881628666657,0,55908808731427868,1.3211845510874065
2025-05-16 23:46:24+00:00,13503977,67725351040,51261103051881628666657,0,55908808731427868,1.321184036392171
2025-05-16 23:46:39+00:00,13503992,67725337868,51261113051881628666657,0,55908808731427868,1.3211835216971362
2025-05-16 23:46:53+00:00,13504006,67725337869,51261113051127002239963,0,55908808731427868,1.3211835217360934
2025-05-16 23:47:20+00:00,13504033,67725324697,51261123051127002239963,0,55908808731427868,1.3211830070412596
2025-05-16 23:47:21+00:00,13504034,67725324696,51261123052127002239963,0,55908808731427868,1.321183006995978
2025-05-16 23:47:26+00:00,13504039,67725324695,51261123053127002239963,0,55908808731427868,1.3211830069506965
2025-05-16 23:47:31+00:00,13504044,67725324708,51261123063127002239963,0,55908808742159666,1.3211830069465642
2025-05-16 23:47:36+00:00,13504049,67725324707,51261123062333056790352,0,55908808741293736,1.321183006947519
2025-05-16 23:47:37+00:00,13504050,67725324708,51261123061578430069646,0,55908808741293736,1.3211830069864763
2025-05-16 23:48:23+00:00,13504096,67725324709,51261123060823803348963,0,55908808741293736,1.3211830070254338
2025-05-16 23:48:23+00:00,13504096,67725311537,51261133060823803348963,0,55908808741293736,1.3211824923308007
2025-05-16 23:48:38+00:00,13504111,67725411537,51261057598233428231133,0,55908808741293736,1.3211863880727652
2025-05-16 23:49:00+00:00,13504133,67725398365,51261067598233428231133,0,55908808741293736,1.3211858733768154
2025-05-16 23:49:07+00:00,13504140,67725398366,51261067597478803147657,0,55908808741293736,1.3211858734157726
2025-05-16 23:49:16+00:00,13504149,67725398367,51261067596724178064203,0,55908808741293736,1.3211858734547302
2025-05-16 23:49:21+00:00,13504154,67725398368,51261067595969552980771,0,55908808741293736,1.3211858734936877
2025-05-16 23:49:27+00:00,13504160,67725398432,51261067644807582480819,0,55908808794127146,1.3211858734834632
2025-05-16 23:49:32+00:00,13504165,67725398365,51261067593933163911626,0,55908808738640043,1.321185873487649
2025-05-16 23:49:52+00:00,13504185,67725398366,51261067593178538828213,0,55908808738640043,1.3211858735266064
2025-05-16 23:50:37+00:00,13504230,67725398367,51261067592423913744822,0,55908808738640043,1.3211858735655637
2025-05-16 23:50:39+00:00,13504232,67725398366,51261067593423913744822,0,55908808738640043,1.3211858735202822
2025-05-16 23:50:47+00:00,13504240,67725398379,51261067603423913744822,0,55908808749371829,1.3211858735161492
2025-05-16 23:50:51+00:00,13504244,67725398378,51261067602629969154287,0,55908808748505899,1.321185873517104
2025-05-16 23:50:53+00:00,13504246,67725385206,51261077602629969154287,0,55908808748505899,1.321185358821355
2025-05-16 23:51:22+00:00,13504275,67725385207,51261077601875343776911,0,55908808748505899,1.3211853588603124
2025-05-16 23:52:00+00:00,13504313,67725372035,51261087601875343776911,0,55908808748505899,1.3211848441647642
2025-05-16 23:52:07+00:00,13504320,67725372036,51261087601120718105577,0,55908808748505899,1.3211848442037215
2025-05-16 23:52:30+00:00,13504343,67725372037,51261087600366092434265,0,55908808748505899,1.321184844242679
2025-05-16 23:52:35+00:00,13504348,67725372038,51261087599611466762975,0,55908808748505899,1.3211848442816365
2025-05-16 23:52:40+00:00,13504353,67725372102,51261087648449496263023,0,55908808801339329,1.321184844271413
2025-05-16 23:52:45+00:00,13504358,67725372035,51261087597575057847634,0,55908808745852226,1.3211848442755982
2025-05-16 23:52:51+00:00,13504364,67725372036,51261087596820432176363,0,55908808745852226,1.3211848443145555
2025-05-16 23:53:12+00:00,13504385,67725358864,51261097596820432176363,0,55908808745852226,1.321184329619208
2025-05-16 23:53:36+00:00,13504409,67725358865,51261097596065806211134,0,55908808745852226,1.3211843296581656
2025-05-16 23:53:51+00:00,13504424,67725358864,51261097597065806211134,0,55908808745852226,1.3211843296128838
2025-05-16 23:53:55+00:00,13504428,67725358863,51261097598065806211134,0,55908808745852226,1.3211843295676022
2025-05-16 23:54:01+00:00,13504434,67725358876,51261097608065806211134,0,55908808756584018,1.3211843295634698
2025-05-16 23:54:06+00:00,13504439,67725358875,51261097607271861155982,0,55908808755718088,1.3211843295644246
2025-05-16 23:54:07+00:00,13504440,67725345703,51261107607271861155982,0,55908808755718088,1.3211838148692778
2025-05-16 23:54:18+00:00,13504451,67725332531,51261117607271861155982,0,55908808755718088,1.321183300174332
2025-05-16 23:54:20+00:00,13504453,67725332532,51261117606517234602760,0,55908808755718088,1.3211833002132896
2025-05-16 23:54:28+00:00,13504461,67725319360,51261127606517234602760,0,55908808755718088,1.3211827855185445
2025-05-16 23:54:37+00:00,13504470,67725306188,51261137606517234602760,0,55908808755718088,1.3211822708240004
2025-05-16 23:54:46+00:00,13504479,67725293016,51261147606517234602760,0,55908808755718088,1.3211817561296568
2025-05-16 23:55:01+00:00,13504494,67725303016,51261155175498530026149,0,55908817010951290,1.3211817561296568
2025-05-16 23:55:04+00:00,13504497,67725303017,51261155174743902591007,0,55908817010951290,1.3211817561686143
2025-05-16 23:55:15+00:00,13504508,67725313017,51261162743725197791212,0,55908825266184492,1.3211817561686143
2025-05-16 23:55:41+00:00,13504534,67725299845,51261172743725197791212,0,55908825266184492,1.3211812414746238
2025-05-16 23:55:47+00:00,13504540,67725299846,51261172742970570062111,0,55908825266184492,1.321181241513581
2025-05-16 23:55:48+00:00,13504541,67725299847,51261172742215942333032,0,55908825266184492,1.3211812415525384
2025-05-16 23:55:57+00:00,13504550,67725299911,51261172791053971833080,0,55908825319017994,1.3211812415423185
2025-05-16 23:56:02+00:00,13504555,67725299844,51261172740179463947642,0,55908825263530891,1.3211812415465018
2025-05-16 23:56:07+00:00,13504560,67725299845,51261172740179463947641,0,55908825263530891,1.3211812415660098
2025-05-16 23:56:15+00:00,13504568,67725286673,51261182740179463947641,0,55908825263530891,1.32118072687222
2025-05-16 23:56:33+00:00,13504586,67725286674,51261182739424835924611,0,55908825263530891,1.3211807269111773
2025-05-16 23:56:58+00:00,13504611,67725273502,51261192739424835924611,0,55908825263530891,1.3211802122175882
2025-05-16 23:57:08+00:00,13504621,67725273501,51261192740424835924611,0,55908825263530891,1.3211802121723069
2025-05-16 23:57:13+00:00,13504626,67725273500,51261192741424835924611,0,55908825263530891,1.3211802121270255
2025-05-16 23:57:18+00:00,13504631,67725273513,51261192751424835924611,0,55908825274262700,1.3211802121228935
2025-05-16 23:57:23+00:00,13504636,67725273512,51261192750630889630417,0,55908825273396770,1.3211802121238485
2025-05-16 23:57:24+00:00,13504637,67725283512,51261200319621030592801,0,55908833528634788,1.3211802121238485
2025-05-16 23:57:40+00:00,13504653,67725253513,51261177612659441375288,0,55908808762930366,1.3211802121431286
2025-05-16 23:57:49+00:00,13504662,67725353513,51261102149938827595884,0,55908808762930366,1.3211841078817073
2025-05-16 23:58:01+00:00,13504674,67725353514,51261102149184201504004,0,55908808762930366,1.3211841079206648
2025-05-16 23:58:46+00:00,13504719,67725353515,51261102148429575412146,0,55908808762930366,1.3211841079596223
2025-05-16 23:58:50+00:00,13504723,67725340343,51261112148429575412146,0,55908808762930366,1.3211835932645644
2025-05-16 23:59:03+00:00,13504736,67725340344,51261112147674949026330,0,55908808762930366,1.3211835933035219
2025-05-16 23:59:08+00:00,13504741,67725340345,51261112146920322640536,0,55908808762930366,1.3211835933424791
2025-05-16 23:59:13+00:00,13504746,67725340409,51261112195758352140584,0,55908808815763821,1.3211835933322569
2025-05-16 23:59:13+00:00,13504746,67725327237,51261122195758352140584,0,55908808815763821,1.3211830786374004
2025-05-16 23:59:18+00:00,13504751,67725327170,51261122144883879451593,0,55908808760276718,1.3211830786415848
2025-05-16 23:59:22+00:00,13504755,67725327171,51261122144883879451592,0,55908808760276718,1.3211830786610927
2025-05-16 23:59:30+00:00,13504763,67725327172,51261122144129252771847,0,55908808760276718,1.32118307870005
2025-05-16 23:59:35+00:00,13504768,67725314000,51261132144129252771847,0,55908808760276718,1.3211825640053938
